{
"type": "FeatureCollection",
"name": "kawasan_lapang_2024",
"crs": { "type": "name", "properties": { "name": "urn:ogc:def:crs:OGC:1.3:CRS84" } },
"features": [
{ "type": "Feature", "properties": { "upi": null, "sts_warta": "Warta", "no_lot": "40402", "no_pt": null, "seksyen_id": "101002000", "mukim_id": "101002", "daerah_id": "1010", "negeri_id": "10", "nama": "Kampung Giching", "gtn1": "Tanah Lapang dan Rekreasi", "gtn2": "Tanah Lapang", "gtn3": "Lot Permainan", "kod_gtn": "TLR106", "no_warta": "WKNS 3036", "trkh_warta": "20/6/2024", "serah_PTD": null, "Luas_h": 0.0462, "pemilik": null, "selenggara": null, "catatan": "Kawasan Lapang", "tahun_data": 2024, "PBT": "MPSp" }, "geometry": { "type": "Polygon", "coordinates": [ [ [ 101.719026648133891, 2.798094674552044 ], [ 101.719024436684975, 2.797905307885436 ], [ 101.718850945028748, 2.797901016108657 ], [ 101.718811329578728, 2.798070047105521 ], [ 101.718811066206996, 2.798093107667185 ], [ 101.719026648133891, 2.798094674552044 ] ] ] } },
{ "type": "Feature", "properties": { "upi": null, "sts_warta": "Warta", "no_lot": "39812", "no_pt": null, "seksyen_id": "101002000", "mukim_id": "101002", "daerah_id": "1010", "negeri_id": "10", "nama": "Taman Salak Baiduri", "gtn1": "Tanah Lapang dan Rekreasi", "gtn2": "Tanah Lapang", "gtn3": "Lot Permainan", "kod_gtn": "TLR106", "no_warta": "WKNS 4536", "trkh_warta": "5/9/2024", "serah_PTD": null, "Luas_h": 0.068, "pemilik": null, "selenggara": null, "catatan": "Kawasan Lapang", "tahun_data": 2024, "PBT": "MPSp" }, "geometry": { "type": "Polygon", "coordinates": [ [ [ 101.747555488558874, 2.789340394726478 ], [ 101.747624515381986, 2.789191520836639 ], [ 101.747377871188604, 2.789072767331242 ], [ 101.747290238249775, 2.789257820112273 ], [ 101.747502071510709, 2.789359402013149 ], [ 101.747555488558874, 2.789340394726478 ] ] ] } },
{ "type": "Feature", "properties": { "upi": null, "sts_warta": "Warta", "no_lot": "39730", "no_pt": null, "seksyen_id": "101002000", "mukim_id": "101002", "daerah_id": "1010", "negeri_id": "10", "nama": "Desa Salak Akasia", "gtn1": "Tanah Lapang dan Rekreasi", "gtn2": "Tanah Lapang", "gtn3": "Lot Permainan", "kod_gtn": "TLR106", "no_warta": "WKNS 4561", "trkh_warta": "5/9/2024", "serah_PTD": null, "Luas_h": 0.0523, "pemilik": null, "selenggara": null, "catatan": "Kawasan Lapang", "tahun_data": 2024, "PBT": "MPSp" }, "geometry": { "type": "Polygon", "coordinates": [ [ [ 101.750499243669978, 2.789683496953356 ], [ 101.750254981895196, 2.789415619358712 ], [ 101.750172985901784, 2.789503816820073 ], [ 101.750413467906398, 2.789763827927449 ], [ 101.750499243669978, 2.789683496953356 ] ] ] } },
{ "type": "Feature", "properties": { "upi": null, "sts_warta": "Warta", "no_lot": "107632", "no_pt": null, "seksyen_id": "101001000", "mukim_id": "101001", "daerah_id": "1010", "negeri_id": "10", "nama": "D'Island", "gtn1": "Tanah Lapang dan Rekreasi", "gtn2": "Tanah Lapang", "gtn3": "Tanah Lapang Lain", "kod_gtn": "TLR107", "no_warta": "WKNS 3042", "trkh_warta": "20/6/2024", "serah_PTD": "13/03/2023", "Luas_h": 0.1542, "pemilik": null, "selenggara": null, "catatan": "Kawasan Lapang", "tahun_data": 2024, "PBT": "MPSp" }, "geometry": { "type": "Polygon", "coordinates": [ [ [ 101.598814796452089, 2.959273497384755 ], [ 101.598858772642686, 2.959221941694894 ], [ 101.599030374910129, 2.959096386795009 ], [ 101.599060852036956, 2.959010559209376 ], [ 101.599015483599587, 2.958833498220875 ], [ 101.59899223554946, 2.958616642099049 ], [ 101.598999488640786, 2.958441651083337 ], [ 101.598898543472444, 2.958332154787867 ], [ 101.598457602661611, 2.958316412536677 ], [ 101.598430891268464, 2.958337398270999 ], [ 101.598424962042003, 2.958377461623512 ], [ 101.598443047354451, 2.958405402277692 ], [ 101.598737197148935, 2.958465575465876 ], [ 101.598882100546348, 2.958428108302761 ], [ 101.598958748003369, 2.958478827168474 ], [ 101.598966336606097, 2.95865300145812 ], [ 101.598879255707132, 2.959085292148745 ], [ 101.598814796452089, 2.959273497384755 ] ] ] } },
{ "type": "Feature", "properties": { "upi": null, "sts_warta": "Warta", "no_lot": "108110", "no_pt": null, "seksyen_id": "101001000", "mukim_id": "101001", "daerah_id": "1010", "negeri_id": "10", "nama": "D'Island", "gtn1": "Tanah Lapang dan Rekreasi", "gtn2": "Tanah Lapang", "gtn3": "Taman Kejiranan", "kod_gtn": "TLR104", "no_warta": "WKNS 3044", "trkh_warta": "20/6/2024", "serah_PTD": "13/03/2023", "Luas_h": 0.3208, "pemilik": null, "selenggara": null, "catatan": "Kawasan Lapang", "tahun_data": 2024, "PBT": "MPSp" }, "geometry": { "type": "Polygon", "coordinates": [ [ [ 101.597545617060135, 2.956033309159193 ], [ 101.59758340423484, 2.956076167715538 ], [ 101.598785331165601, 2.956126221576653 ], [ 101.598844957954427, 2.95607113600039 ], [ 101.598848181022717, 2.955990468326804 ], [ 101.598809044240909, 2.955945982262317 ], [ 101.597601441884905, 2.955849084706374 ], [ 101.597557193341828, 2.955886894437457 ], [ 101.597545617060135, 2.956033309159193 ] ] ] } },
{ "type": "Feature", "properties": { "upi": null, "sts_warta": "Warta", "no_lot": "107501", "no_pt": null, "seksyen_id": "101001000", "mukim_id": "101001", "daerah_id": "1010", "negeri_id": "10", "nama": "D'Island", "gtn1": "Tanah Lapang dan Rekreasi", "gtn2": "Tanah Lapang", "gtn3": "Tanah Lapang Lain", "kod_gtn": "TLR107", "no_warta": "WKNS 4540", "trkh_warta": "5/9/2024", "serah_PTD": "13/03/2023", "Luas_h": 0.2914, "pemilik": null, "selenggara": null, "catatan": "Kawasan Lapang", "tahun_data": 2024, "PBT": "MPSp" }, "geometry": { "type": "Polygon", "coordinates": [ [ [ 101.599743811154795, 2.957388587244193 ], [ 101.599743808442099, 2.957374208251677 ], [ 101.59970359335999, 2.957336052805946 ], [ 101.599338219898968, 2.957365603863416 ], [ 101.599296941002436, 2.957410195642103 ], [ 101.599297058878804, 2.958036269651217 ], [ 101.599432816280071, 2.958152903559764 ], [ 101.601146054239436, 2.957884891554966 ], [ 101.601354105200301, 2.957860163133712 ], [ 101.601593731742142, 2.957850892797408 ], [ 101.601831742978362, 2.957861608613638 ], [ 101.60211725346592, 2.957900349728088 ], [ 101.602354463783229, 2.957956192102245 ], [ 101.602590598609012, 2.958032382259247 ], [ 101.602789225546161, 2.958116266503068 ], [ 101.603000540295071, 2.958224927139437 ], [ 101.603077181180851, 2.958240466922106 ], [ 101.602917669764366, 2.958089021038425 ], [ 101.602992943064976, 2.958008972461994 ], [ 101.602833701529633, 2.957857436076144 ], [ 101.602814815737702, 2.957877425622614 ], [ 101.602864227707116, 2.958029435444675 ], [ 101.60270799342085, 2.958081012997337 ], [ 101.602665331810897, 2.95795016339443 ], [ 101.602648062391438, 2.957955864069497 ], [ 101.601993649247831, 2.957836708092581 ], [ 101.601162506053612, 2.95783677755638 ], [ 101.601085604042979, 2.957866906811379 ], [ 101.600570742251392, 2.957947401261833 ], [ 101.599732067869212, 2.958078600277432 ], [ 101.599375862397764, 2.958072428217507 ], [ 101.599387336052132, 2.957382415223535 ], [ 101.599743811154795, 2.957388587244193 ] ] ] } },
{ "type": "Feature", "properties": { "upi": null, "sts_warta": "Warta", "no_lot": "56903", "no_pt": null, "seksyen_id": "101001000", "mukim_id": "101001", "daerah_id": "1010", "negeri_id": "10", "nama": "Taman Baiduri 2", "gtn1": "Tanah Lapang dan Rekreasi", "gtn2": "Tanah Lapang", "gtn3": "Lot Permainan", "kod_gtn": "TLR106", "no_warta": "WKNS 3034", "trkh_warta": "20/6/2024", "serah_PTD": null, "Luas_h": 0.0798, "pemilik": null, "selenggara": null, "catatan": "Kawasan Lapang", "tahun_data": 2024, "PBT": "MPSp" }, "geometry": { "type": "Polygon", "coordinates": [ [ [ 101.679152715237663, 2.863241943167581 ], [ 101.679292172347544, 2.863064748435782 ], [ 101.679283265847289, 2.863056249950309 ], [ 101.679273008381386, 2.863040517126733 ], [ 101.679266255077053, 2.86301040448206 ], [ 101.679270836029346, 2.862985986266444 ], [ 101.679276228880482, 2.862971153797491 ], [ 101.679292954531419, 2.86295622801254 ], [ 101.679314807822394, 2.862944827830365 ], [ 101.679347996370353, 2.862943101150834 ], [ 101.679503097698927, 2.862742841872011 ], [ 101.679419972071386, 2.862670244909564 ], [ 101.679053668081067, 2.863163019881865 ], [ 101.679076878072678, 2.863181643288041 ], [ 101.679098996924068, 2.863153241539839 ], [ 101.679148655382178, 2.863192567497308 ], [ 101.679125996872997, 2.863220969383602 ], [ 101.679152715237663, 2.863241943167581 ] ] ] } },
{ "type": "Feature", "properties": { "upi": null, "sts_warta": "Warta", "no_lot": "110703", "no_pt": null, "seksyen_id": "101001000", "mukim_id": "101001", "daerah_id": "1010", "negeri_id": "10", "nama": "Taman Intan", "gtn1": "Tanah Lapang dan Rekreasi", "gtn2": "Tanah Lapang", "gtn3": "Tanah Lapang Lain", "kod_gtn": "TLR107", "no_warta": "WKNS3035", "trkh_warta": "20/6/2024", "serah_PTD": null, "Luas_h": 0.0536, "pemilik": null, "selenggara": null, "catatan": "Kawasan Lapang", "tahun_data": 2024, "PBT": "MPSp" }, "geometry": { "type": "Polygon", "coordinates": [ [ [ 101.672627797326214, 2.859221731078647 ], [ 101.673069013747906, 2.859413792837095 ], [ 101.672899762813159, 2.859134666447102 ], [ 101.672826392242698, 2.859227107787436 ], [ 101.672791314127252, 2.859225307827375 ], [ 101.672695771747627, 2.859130918893462 ], [ 101.672627797326214, 2.859221731078647 ] ] ] } },
{ "type": "Feature", "properties": { "upi": null, "sts_warta": "Warta", "no_lot": "106631", "no_pt": null, "seksyen_id": "101001000", "mukim_id": "101001", "daerah_id": "1010", "negeri_id": "10", "nama": "Desa Pinggiran Putra", "gtn1": "Tanah Lapang dan Rekreasi", "gtn2": "Tanah Lapang", "gtn3": "Tanah Lapang Lain", "kod_gtn": "TLR107", "no_warta": "WKNS 1870", "trkh_warta": "11/4/2024", "serah_PTD": null, "Luas_h": 0.0623, "pemilik": null, "selenggara": null, "catatan": "Kawasan Lapang", "tahun_data": 2024, "PBT": "MPSp" }, "geometry": { "type": "Polygon", "coordinates": [ [ [ 101.710309145454204, 2.907687041590674 ], [ 101.71038629695353, 2.907606986158199 ], [ 101.710304762414324, 2.907455081717045 ], [ 101.710060325101139, 2.907587364897917 ], [ 101.710062513465999, 2.907692266772983 ], [ 101.710309145454204, 2.907687041590674 ] ] ] } },
{ "type": "Feature", "properties": { "upi": null, "sts_warta": "Warta", "no_lot": "36188", "no_pt": null, "seksyen_id": "101002000", "mukim_id": "101002", "daerah_id": "1010", "negeri_id": "10", "nama": "Desa Salak Mentari", "gtn1": "Tanah Lapang dan Rekreasi", "gtn2": "Tanah Lapang", "gtn3": "Tanah Lapang Lain", "kod_gtn": "TLR107", "no_warta": "WKNS 3039", "trkh_warta": "20/6/2024", "serah_PTD": null, "Luas_h": 0.0349, "pemilik": null, "selenggara": null, "catatan": "Kawasan Lapang", "tahun_data": 2024, "PBT": "MPSp" }, "geometry": { "type": "Polygon", "coordinates": [ [ [ 101.747379448434899, 2.793390129785748 ], [ 101.747427971225619, 2.793246416848853 ], [ 101.74721722546893, 2.79317449672842 ], [ 101.747235623158403, 2.793340887852395 ], [ 101.747379448434899, 2.793390129785748 ] ] ] } },
{ "type": "Feature", "properties": { "upi": null, "sts_warta": "Warta", "no_lot": "118497", "no_pt": null, "seksyen_id": "101001000", "mukim_id": "101001", "daerah_id": "1010", "negeri_id": "10", "nama": "Taman Desiran Bayu", "gtn1": "Tanah Lapang dan Rekreasi", "gtn2": "Tanah Lapang", "gtn3": "Tanah Lapang Lain", "kod_gtn": "TLR107", "no_warta": "WKNS 3041", "trkh_warta": "20/6/2024", "serah_PTD": null, "Luas_h": 0.0292, "pemilik": null, "selenggara": null, "catatan": "Kawasan Lapang", "tahun_data": 2024, "PBT": "MPSp" }, "geometry": { "type": "Polygon", "coordinates": [ [ [ 101.592913800207299, 2.962927410806541 ], [ 101.592912964468397, 2.962784254020455 ], [ 101.592912391704417, 2.962603476662615 ], [ 101.592910986449695, 2.962297267570237 ], [ 101.592872404002037, 2.962332815242298 ], [ 101.592874941404389, 2.962927508423015 ], [ 101.592913800207299, 2.962927410806541 ] ] ] } },
{ "type": "Feature", "properties": { "upi": null, "sts_warta": "Warta", "no_lot": "118496", "no_pt": null, "seksyen_id": "101001000", "mukim_id": "101001", "daerah_id": "1010", "negeri_id": "10", "nama": "Taman Desiran Bayu", "gtn1": "Tanah Lapang dan Rekreasi", "gtn2": "Tanah Lapang", "gtn3": "Tanah Lapang Lain", "kod_gtn": "TLR107", "no_warta": "WKNS 3041", "trkh_warta": "20/6/2024", "serah_PTD": null, "Luas_h": 0.0216, "pemilik": null, "selenggara": null, "catatan": "Kawasan Lapang", "tahun_data": 2024, "PBT": "MPSp" }, "geometry": { "type": "Polygon", "coordinates": [ [ [ 101.592788278737288, 2.962709307316784 ], [ 101.592786597068084, 2.962367015127469 ], [ 101.592758802265081, 2.962367201128828 ], [ 101.592760214056355, 2.962709402934673 ], [ 101.592755370189224, 2.962783197932228 ], [ 101.592756206221878, 2.96292807296482 ], [ 101.59279425546606, 2.962927975502093 ], [ 101.592793689248296, 2.962782919552127 ], [ 101.592788278737288, 2.962709307316784 ] ] ] } },
{ "type": "Feature", "properties": { "upi": null, "sts_warta": "Warta", "no_lot": "118503", "no_pt": null, "seksyen_id": "101001000", "mukim_id": "101001", "daerah_id": "1010", "negeri_id": "10", "nama": "Taman Desiran Bayu", "gtn1": "Tanah Lapang dan Rekreasi", "gtn2": "Tanah Lapang", "gtn3": "Tanah Lapang Lain", "kod_gtn": "TLR107", "no_warta": "WKNS 3041", "trkh_warta": "20/6/2024", "serah_PTD": null, "Luas_h": 0.0041, "pemilik": null, "selenggara": null, "catatan": "Kawasan Lapang", "tahun_data": 2024, "PBT": "MPSp" }, "geometry": { "type": "Polygon", "coordinates": [ [ [ 101.592806531996928, 2.962179994036397 ], [ 101.59280895835785, 2.962167332835184 ], [ 101.592806527386216, 2.962154762965119 ], [ 101.592799509248835, 2.962144002621316 ], [ 101.592788983687228, 2.962136860283272 ], [ 101.59277630013014, 2.962134240041183 ], [ 101.592763887384137, 2.962136864918067 ], [ 101.592753094580459, 2.962144011193211 ], [ 101.592746080375633, 2.962154774128557 ], [ 101.59274338414474, 2.962167344945565 ], [ 101.592746084984981, 2.962180005199931 ], [ 101.592753103105551, 2.962190675110139 ], [ 101.592763898503691, 2.962197726964718 ], [ 101.592776312208741, 2.962200347256736 ], [ 101.59278899480816, 2.962197722329827 ], [ 101.592799517775887, 2.962190666538108 ], [ 101.592806531996928, 2.962179994036397 ] ] ] } },
{ "type": "Feature", "properties": { "upi": null, "sts_warta": "Warta", "no_lot": "911", "no_pt": null, "seksyen_id": "101001000", "mukim_id": "101001", "daerah_id": "1010", "negeri_id": "10", "nama": "Cyberjaya", "gtn1": "Tanah Lapang dan Rekreasi", "gtn2": "Tanah Lapang", "gtn3": "Tanah Lapang Lain", "kod_gtn": "TLR107", "no_warta": "WKNS 3030", "trkh_warta": "20/6/2024", "serah_PTD": null, "Luas_h": 0.5848, "pemilik": null, "selenggara": null, "catatan": "Taman Tasik", "tahun_data": 2024, "PBT": "MPSp" }, "geometry": { "type": "Polygon", "coordinates": [ [ [ 101.650750165131143, 2.938121384877502 ], [ 101.651102886501434, 2.938256138334199 ], [ 101.651197482871396, 2.93774191050572 ], [ 101.651402641743445, 2.936907973774564 ], [ 101.651580559320948, 2.936131649660087 ], [ 101.651579971781175, 2.93592663679379 ], [ 101.650750165131143, 2.938121384877502 ] ] ] } },
{ "type": "Feature", "properties": { "upi": null, "sts_warta": "Warta", "no_lot": "108106", "no_pt": null, "seksyen_id": "101001000", "mukim_id": "101001", "daerah_id": "1010", "negeri_id": "10", "nama": "D'Island", "gtn1": "Tanah Lapang dan Rekreasi", "gtn2": "Tanah Lapang", "gtn3": "Tanah Lapang Lain", "kod_gtn": "TLR107", "no_warta": "WKNS 3043", "trkh_warta": "20/6/2024", "serah_PTD": "13/03/2023", "Luas_h": 0.9787, "pemilik": null, "selenggara": null, "catatan": "Kawasan Lapang", "tahun_data": 2024, "PBT": "MPSp" }, "geometry": { "type": "Polygon", "coordinates": [ [ [ 101.599358935837799, 2.957032983959089 ], [ 101.599358808671681, 2.956357533021312 ], [ 101.599352049876572, 2.956291065374344 ], [ 101.599352101638175, 2.955132245069406 ], [ 101.599201252618244, 2.955120065169762 ], [ 101.599137987441893, 2.95591698093907 ], [ 101.599262660592686, 2.955926995403372 ], [ 101.599248690853727, 2.956259342728421 ], [ 101.598938685637023, 2.95654643891648 ], [ 101.598185524574049, 2.956515110685654 ], [ 101.598197076613957, 2.956239646751768 ], [ 101.598142296394869, 2.956237486701593 ], [ 101.598130744324507, 2.956512860201955 ], [ 101.597509271796824, 2.956487023056776 ], [ 101.597504964434961, 2.956542007700339 ], [ 101.597779135553992, 2.956553350629552 ], [ 101.597691638857029, 2.957650782900789 ], [ 101.59774641916168, 2.9576530334023 ], [ 101.597833915804813, 2.956555601130594 ], [ 101.598702034574075, 2.956592243400098 ], [ 101.599068573104489, 2.957019564528814 ], [ 101.599045420491109, 2.957310042689136 ], [ 101.598771786804193, 2.957287667047734 ], [ 101.598767479504204, 2.957342651691206 ], [ 101.599040573467434, 2.95736484656743 ], [ 101.599016343768938, 2.957667714378435 ], [ 101.598504785822556, 2.958098367398857 ], [ 101.598087052071719, 2.958081083215228 ], [ 101.598098334273161, 2.957805619338328 ], [ 101.59804355394337, 2.957803278420939 ], [ 101.598032271745311, 2.958078832732177 ], [ 101.597436164611182, 2.958054076016483 ], [ 101.597447177121765, 2.957778612185581 ], [ 101.597402928805352, 2.957818049725689 ], [ 101.59738246779466, 2.958073800741837 ], [ 101.597420255003897, 2.958116478429862 ], [ 101.598060347668536, 2.958139418151297 ], [ 101.598484552794034, 2.958129570939165 ], [ 101.598907953609057, 2.958147667799334 ], [ 101.599026128763086, 2.958041747219478 ], [ 101.599098550701072, 2.957147613265437 ], [ 101.599116082936362, 2.957104472951494 ], [ 101.599116306339411, 2.956857497866 ], [ 101.599148413048084, 2.956827648567815 ], [ 101.599038560919752, 2.956707482762855 ], [ 101.599141895963456, 2.956611512730783 ], [ 101.599090073836408, 2.956554820510811 ], [ 101.59921094617188, 2.956442749902081 ], [ 101.599303794130932, 2.95654419910412 ], [ 101.599227979099695, 2.956614390248681 ], [ 101.599297061054401, 2.956614377108751 ], [ 101.599297132050964, 2.956991576983864 ], [ 101.599338157239274, 2.957032807045676 ], [ 101.599358935837799, 2.957032983959089 ] ] ] } },
{ "type": "Feature", "properties": { "upi": null, "sts_warta": "Warta", "no_lot": "108112", "no_pt": null, "seksyen_id": "101001000", "mukim_id": "101001", "daerah_id": "1010", "negeri_id": "10", "nama": "D'Island", "gtn1": "Tanah Lapang dan Rekreasi", "gtn2": "Tanah Lapang", "gtn3": "Tanah Lapang Lain", "kod_gtn": "TLR107", "no_warta": "WKNS 4541", "trkh_warta": "5/9/2024", "serah_PTD": "13/03/2023", "Luas_h": 0.3368, "pemilik": null, "selenggara": null, "catatan": "Kawasan Lapang", "tahun_data": 2024, "PBT": "MPSp" }, "geometry": { "type": "Polygon", "coordinates": [ [ [ 101.603851675670867, 2.956940781522413 ], [ 101.600444143695825, 2.956320338500664 ], [ 101.599352049876572, 2.956291065374344 ], [ 101.599358808671681, 2.956357533021312 ], [ 101.599785713465394, 2.95635745170803 ], [ 101.599785755055493, 2.956577929596329 ], [ 101.599834328303302, 2.956577920333359 ], [ 101.599834287044857, 2.95635925112408 ], [ 101.600441455603587, 2.956375413269673 ], [ 101.600852723240394, 2.956450304248649 ], [ 101.600852739597357, 2.956536578198937 ], [ 101.600962569103586, 2.956536557145518 ], [ 101.600962556632183, 2.956470811693318 ], [ 101.603906468251793, 2.957006968481231 ], [ 101.603851675670867, 2.956940781522413 ] ] ] } },
{ "type": "Feature", "properties": { "upi": null, "sts_warta": "Warta", "no_lot": "107634", "no_pt": null, "seksyen_id": "101001000", "mukim_id": "101001", "daerah_id": "1010", "negeri_id": "10", "nama": "D'Island", "gtn1": "Tanah Lapang dan Rekreasi", "gtn2": "Tanah Lapang", "gtn3": "Tanah Lapang Lain", "kod_gtn": "TLR107", "no_warta": "WKNS 3031", "trkh_warta": "20/6/2024", "serah_PTD": "13/03/2023", "Luas_h": 0.01, "pemilik": null, "selenggara": null, "catatan": "Zon Penampan", "tahun_data": 2024, "PBT": "MPSp" }, "geometry": { "type": "Polygon", "coordinates": [ [ [ 101.598837543099307, 2.958258372295012 ], [ 101.598838884592595, 2.958217043737732 ], [ 101.598651336337113, 2.958210296798015 ], [ 101.598637036688743, 2.958223593298131 ], [ 101.598636229696808, 2.958237248973699 ], [ 101.598649724985108, 2.958251625406775 ], [ 101.598837543099307, 2.958258372295012 ] ] ] } },
{ "type": "Feature", "properties": { "upi": null, "sts_warta": "Warta", "no_lot": "107636", "no_pt": null, "seksyen_id": "101001000", "mukim_id": "101001", "daerah_id": "1010", "negeri_id": "10", "nama": "D'Island", "gtn1": "Tanah Lapang dan Rekreasi", "gtn2": "Tanah Lapang", "gtn3": "Tanah Lapang Lain", "kod_gtn": "TLR107", "no_warta": "WKNS 3031", "trkh_warta": "20/6/2024", "serah_PTD": "13/03/2023", "Luas_h": 0.0026, "pemilik": null, "selenggara": null, "catatan": "Zon Penampan", "tahun_data": 2024, "PBT": "MPSp" }, "geometry": { "type": "Polygon", "coordinates": [ [ [ 101.598928208708401, 2.95823393791244 ], [ 101.598914713450739, 2.958219742350841 ], [ 101.598871806729818, 2.958218213125427 ], [ 101.59887046522077, 2.958259451248741 ], [ 101.598913641812047, 2.95826107085674 ], [ 101.598927401754025, 2.958247774455801 ], [ 101.598928208708401, 2.95823393791244 ] ] ] } },
{ "type": "Feature", "properties": { "upi": null, "sts_warta": "Warta", "no_lot": "119881", "no_pt": null, "seksyen_id": "101001000", "mukim_id": "101001", "daerah_id": "1010", "negeri_id": "10", "nama": "Taman Lestari Mewah", "gtn1": "Tanah Lapang dan Rekreasi", "gtn2": "Tanah Lapang", "gtn3": "Lot Permaian", "kod_gtn": "TLR106", "no_warta": "WKNS 4546", "trkh_warta": "5/9/2024", "serah_PTD": "11/09/2023", "Luas_h": 0.0405, "pemilik": null, "selenggara": null, "catatan": "Kawasan Lapang", "tahun_data": 2024, "PBT": "MPSp" }, "geometry": { "type": "Polygon", "coordinates": [ [ [ 101.688719174867714, 2.868181929499331 ], [ 101.688725078186792, 2.868055321136616 ], [ 101.688499496430737, 2.868041453712225 ], [ 101.68849734717125, 2.868077537218753 ], [ 101.688434475721621, 2.868073755540754 ], [ 101.688429639583504, 2.868153790404349 ], [ 101.688719174867714, 2.868181929499331 ] ] ] } },
{ "type": "Feature", "properties": { "upi": null, "sts_warta": "Belum Warta", "no_lot": "44002", "no_pt": null, "seksyen_id": "101001000", "mukim_id": "101001", "daerah_id": "1010", "negeri_id": "10", "nama": null, "gtn1": "Tanah Lapang dan Rekreasi", "gtn2": "Tanah Lapang", "gtn3": "Tanah Lapang Lain", "kod_gtn": "TLR107", "no_warta": null, "trkh_warta": null, "serah_PTD": null, "Luas_h": 3.7368, "pemilik": null, "selenggara": null, "catatan": "Tindakan untuk proses pewartaan - Heda", "tahun_data": 2024, "PBT": "MPSp" }, "geometry": { "type": "Polygon", "coordinates": [ [ [ 101.664458627404784, 2.920313701724575 ], [ 101.664307228963878, 2.920245099922399 ], [ 101.664281432335116, 2.920689948880452 ], [ 101.663873695932395, 2.920673590220092 ], [ 101.663889012263525, 2.920407350089952 ], [ 101.663582196715311, 2.920389248278304 ], [ 101.66355738119826, 2.92043049206694 ], [ 101.663508279243715, 2.920469300107758 ], [ 101.663448108731671, 2.920487492011802 ], [ 101.663386043746428, 2.920482714255017 ], [ 101.663168266610157, 2.920424709295929 ], [ 101.663255440447131, 2.920485097546699 ], [ 101.66228164875902, 2.921894200232539 ], [ 101.661685196067296, 2.921481516601403 ], [ 101.66265224105436, 2.920067984793467 ], [ 101.662904316222765, 2.920242098154803 ], [ 101.663403827301252, 2.920375274833579 ], [ 101.663436478857918, 2.920377708531881 ], [ 101.663457794849762, 2.920371192087979 ], [ 101.663475331266397, 2.920357351453085 ], [ 101.663486929827116, 2.920338086261412 ], [ 101.663490972068615, 2.920315838616049 ], [ 101.663486649231416, 2.920293773889738 ], [ 101.663470992454322, 2.920269451104641 ], [ 101.663191372115392, 2.920008166682535 ], [ 101.663148188227652, 2.919970737770321 ], [ 101.663103926046247, 2.91993774036447 ], [ 101.663057505937545, 2.919908089526612 ], [ 101.663008118307914, 2.919881514154052 ], [ 101.662954413484456, 2.91985611547211 ], [ 101.662899899245275, 2.919831169153229 ], [ 101.662847544733964, 2.919810291813098 ], [ 101.662794381616195, 2.919793212877583 ], [ 101.662740949642171, 2.919780203515278 ], [ 101.662432238282392, 2.91973271092657 ], [ 101.662253055200139, 2.919701102941185 ], [ 101.662171905819136, 2.920004346486251 ], [ 101.662052971138024, 2.920277394438753 ], [ 101.661894903887074, 2.92052838613808 ], [ 101.661711463870589, 2.920748365292759 ], [ 101.661534224178368, 2.920943473682188 ], [ 101.661398539575359, 2.921135858923697 ], [ 101.661321144808568, 2.921344055837638 ], [ 101.661302578635457, 2.921564085225131 ], [ 101.661343377181979, 2.921781025416886 ], [ 101.661441108036755, 2.921978870254853 ], [ 101.661588212084098, 2.922142971327284 ], [ 101.661773622838339, 2.922261213216412 ], [ 101.661983846011736, 2.922324827143469 ], [ 101.662205388283169, 2.922329113848861 ], [ 101.662441487604156, 2.922273529936038 ], [ 101.662714549584862, 2.922193881603249 ], [ 101.662848659399813, 2.922184714980832 ], [ 101.663049790431643, 2.921475395353329 ], [ 101.663815212836809, 2.920973120499831 ], [ 101.664318210469816, 2.921016585795035 ], [ 101.664326557433498, 2.920941976066499 ], [ 101.6643545238786, 2.920542705083323 ], [ 101.664458627404784, 2.920313701724575 ] ] ] } },
{ "type": "Feature", "properties": { "upi": null, "sts_warta": "Belum Warta", "no_lot": "44004", "no_pt": null, "seksyen_id": "101001000", "mukim_id": "101001", "daerah_id": "1010", "negeri_id": "10", "nama": null, "gtn1": "Tanah Lapang dan Rekreasi", "gtn2": "Tanah Lapang", "gtn3": "Tanah Lapang Lain", "kod_gtn": "TLR107", "no_warta": null, "trkh_warta": null, "serah_PTD": null, "Luas_h": 0.8843, "pemilik": null, "selenggara": null, "catatan": "Tindakan untuk proses pewartaan - Heda", "tahun_data": 2024, "PBT": "MPSp" }, "geometry": { "type": "Polygon", "coordinates": [ [ [ 101.66387410199215, 2.915678311977765 ], [ 101.664267494881571, 2.916640066694265 ], [ 101.664413838839536, 2.917008909182729 ], [ 101.664411952981567, 2.917021389476312 ], [ 101.664220636319172, 2.918136572611062 ], [ 101.664612648458657, 2.918963310111025 ], [ 101.664742784658856, 2.919259538356628 ], [ 101.664687868752566, 2.919801067945558 ], [ 101.66451122615166, 2.920229223844806 ], [ 101.664478323716921, 2.920304653521354 ], [ 101.664373950352655, 2.920533656947923 ], [ 101.664370716687557, 2.920551925319844 ], [ 101.6643440959174, 2.920936636170972 ], [ 101.664336017850928, 2.921007357190938 ], [ 101.664273552415878, 2.921574662187698 ], [ 101.664388608699468, 2.921998224580183 ], [ 101.664110349090365, 2.9228957555556 ], [ 101.664134402593021, 2.923049577092837 ], [ 101.664176235111796, 2.923077510761367 ], [ 101.66420132747983, 2.923064934322307 ], [ 101.664226150026025, 2.923052448382702 ], [ 101.664202366706419, 2.92290007371881 ], [ 101.664482244684507, 2.922000010189563 ], [ 101.664364757620476, 2.921567585921261 ], [ 101.664435843575347, 2.920941135263692 ], [ 101.664462464314241, 2.920556424413372 ], [ 101.664774230159892, 2.919849428614405 ], [ 101.664859359822358, 2.919272803365109 ], [ 101.664314268420483, 2.918123708030983 ], [ 101.66450774198654, 2.917001380108081 ], [ 101.663966918160682, 2.915639854948894 ], [ 101.663946945343028, 2.915621140102659 ], [ 101.66387410199215, 2.915678311977765 ] ] ] } },
{ "type": "Feature", "properties": { "upi": null, "sts_warta": "Belum Warta", "no_lot": "131178", "no_pt": null, "seksyen_id": "101001000", "mukim_id": "101001", "daerah_id": "1010", "negeri_id": "10", "nama": "Taman Putra Prima", "gtn1": "Tanah Lapang dan Rekreasi", "gtn2": "Tanah Lapang", "gtn3": "Tanah Lapang Lain", "kod_gtn": "TLR107", "no_warta": null, "trkh_warta": null, "serah_PTD": null, "Luas_h": 0.042, "pemilik": null, "selenggara": null, "catatan": "Tindakan untuk proses pewartaan - Heda", "tahun_data": 2024, "PBT": "MPSp" }, "geometry": { "type": "Polygon", "coordinates": [ [ [ 101.594844469763842, 2.979726419641557 ], [ 101.594844446644089, 2.979601892151678 ], [ 101.594805042139271, 2.979572870260032 ], [ 101.594449660940484, 2.97968308538217 ], [ 101.594507145657218, 2.979711018692769 ], [ 101.594731396495746, 2.979709258411964 ], [ 101.594844469763842, 2.979726419641557 ] ] ] } },
{ "type": "Feature", "properties": { "upi": null, "sts_warta": "Belum Warta", "no_lot": "112986", "no_pt": null, "seksyen_id": "101001000", "mukim_id": "101001", "daerah_id": "1010", "negeri_id": "10", "nama": "Taman Putra Impiana", "gtn1": "Tanah Lapang dan Rekreasi", "gtn2": "Tanah Lapang", "gtn3": "Tanah Lapang Lain", "kod_gtn": "TLR107", "no_warta": null, "trkh_warta": null, "serah_PTD": null, "Luas_h": 0.0582, "pemilik": null, "selenggara": null, "catatan": "Tindakan untuk proses pewartaan - Heda", "tahun_data": 2024, "PBT": "MPSp" }, "geometry": { "type": "Polygon", "coordinates": [ [ [ 101.603608205390088, 2.974814995147294 ], [ 101.603630908182538, 2.974995587144865 ], [ 101.603674421796981, 2.975341216880007 ], [ 101.60372084488607, 2.975381903046288 ], [ 101.603764291691533, 2.975381894552814 ], [ 101.603736184016924, 2.975161331849207 ], [ 101.603724291733641, 2.975065022106345 ], [ 101.603708616225674, 2.974941582942474 ], [ 101.603692399332161, 2.974809462232432 ], [ 101.603608205390088, 2.974814995147294 ] ] ] } },
{ "type": "Feature", "properties": { "upi": null, "sts_warta": "Belum Warta", "no_lot": "107798", "no_pt": null, "seksyen_id": "101001000", "mukim_id": "101001", "daerah_id": "1010", "negeri_id": "10", "nama": "D'Island", "gtn1": "Tanah Lapang dan Rekreasi", "gtn2": "Tanah Lapang", "gtn3": "Lot Permainan", "kod_gtn": "TLR106", "no_warta": null, "trkh_warta": null, "serah_PTD": null, "Luas_h": 0.1292, "pemilik": null, "selenggara": null, "catatan": "Tindakan untuk proses pewartaan - Heda", "tahun_data": 2024, "PBT": "MPSp" }, "geometry": { "type": "Polygon", "coordinates": [ [ [ 101.605856835671148, 2.957783233718427 ], [ 101.605856789230742, 2.957544036109763 ], [ 101.60581493858686, 2.957422229881915 ], [ 101.605769061185782, 2.957408673799299 ], [ 101.605478475098323, 2.957636081544857 ], [ 101.605446105835583, 2.957702828092251 ], [ 101.605446111198191, 2.957730500859804 ], [ 101.605571052514449, 2.957730476379453 ], [ 101.605700597363239, 2.95781319798487 ], [ 101.605827157798799, 2.957813173157331 ], [ 101.605856835671148, 2.957783233718427 ] ] ] } },
{ "type": "Feature", "properties": { "upi": null, "sts_warta": "Belum Warta", "no_lot": null, "no_pt": null, "seksyen_id": "101001000", "mukim_id": "101001", "daerah_id": "1010", "negeri_id": "10", "nama": "Dengkil", "gtn1": "Tanah Lapang dan Rekreasi", "gtn2": "Tanah Lapang", "gtn3": "Tanah Lapang Lain", "kod_gtn": "TLR107", "no_warta": null, "trkh_warta": null, "serah_PTD": null, "Luas_h": 0.0755, "pemilik": null, "selenggara": null, "catatan": null, "tahun_data": 2024, "PBT": "MPSp" }, "geometry": { "type": "Polygon", "coordinates": [ [ [ 101.690047262873264, 2.866051600831998 ], [ 101.690238844112471, 2.866059417934529 ], [ 101.690251712296586, 2.865739370638714 ], [ 101.690060131157992, 2.86573173439951 ], [ 101.690047262873264, 2.866051600831998 ] ] ] } },
{ "type": "Feature", "properties": { "upi": null, "sts_warta": "Belum Warta", "no_lot": "121785", "no_pt": null, "seksyen_id": "101001000", "mukim_id": "101001", "daerah_id": "1010", "negeri_id": "10", "nama": "Bandar Serenia", "gtn1": "Tanah Lapang dan Rekreasi", "gtn2": "Tanah Lapang", "gtn3": "Taman Kejiranan", "kod_gtn": "TLR104", "no_warta": null, "trkh_warta": null, "serah_PTD": null, "Luas_h": 0.6169, "pemilik": null, "selenggara": null, "catatan": "Tindakan untuk proses pewartaan - Heda", "tahun_data": 2024, "PBT": "MPSp" }, "geometry": { "type": "Polygon", "coordinates": [ [ [ 101.703536954002587, 2.856468085906444 ], [ 101.703783279345274, 2.856367908453219 ], [ 101.703990205538574, 2.856252006402515 ], [ 101.704197935185206, 2.856114128799858 ], [ 101.704330930117067, 2.856003944362577 ], [ 101.704273954957088, 2.855851489483071 ], [ 101.704009203100782, 2.855663822825514 ], [ 101.704093356612034, 2.855543975498244 ], [ 101.703536702731441, 2.855544128652936 ], [ 101.703536954002587, 2.856468085906444 ] ] ] } },
{ "type": "Feature", "properties": { "upi": null, "sts_warta": "Belum Warta", "no_lot": "121783", "no_pt": null, "seksyen_id": "101001000", "mukim_id": "101001", "daerah_id": "1010", "negeri_id": "10", "nama": "Bandar Serenia", "gtn1": "Tanah Lapang dan Rekreasi", "gtn2": "Tanah Lapang", "gtn3": "Tanah Lapang Lain", "kod_gtn": "TLR107", "no_warta": null, "trkh_warta": null, "serah_PTD": null, "Luas_h": 0.0487, "pemilik": null, "selenggara": null, "catatan": "Tindakan untuk proses pewartaan - Heda", "tahun_data": 2024, "PBT": "MPSp" }, "geometry": { "type": "Polygon", "coordinates": [ [ [ 101.705100990115426, 2.854915095590559 ], [ 101.705141165364481, 2.854808915779528 ], [ 101.705161652736095, 2.854737558233287 ], [ 101.705007011749615, 2.854627724458191 ], [ 101.7049293318221, 2.854738707584474 ], [ 101.704994102942962, 2.85478481069613 ], [ 101.705010839367205, 2.854810941304144 ], [ 101.705004101985551, 2.854841328759263 ], [ 101.704951775804815, 2.854915679393454 ], [ 101.705100990115426, 2.854915095590559 ] ] ] } },
{ "type": "Feature", "properties": { "upi": null, "sts_warta": "Belum Warta", "no_lot": "121784", "no_pt": null, "seksyen_id": "101001000", "mukim_id": "101001", "daerah_id": "1010", "negeri_id": "10", "nama": "Bandar Serenia", "gtn1": "Tanah Lapang dan Rekreasi", "gtn2": "Tanah Lapang", "gtn3": "Tanah Lapang Lain", "kod_gtn": "TLR107", "no_warta": null, "trkh_warta": null, "serah_PTD": null, "Luas_h": 0.0767, "pemilik": null, "selenggara": null, "catatan": "Tindakan untuk proses pewartaan - Heda", "tahun_data": 2024, "PBT": "MPSp" }, "geometry": { "type": "Polygon", "coordinates": [ [ [ 101.704951555689476, 2.855097721723935 ], [ 101.704922160790105, 2.855157325395847 ], [ 101.704456080272493, 2.855821324985161 ], [ 101.704475252080229, 2.855872866691953 ], [ 101.704612286080945, 2.85573229551826 ], [ 101.704704535219534, 2.855615611085632 ], [ 101.705020091742881, 2.855097431500144 ], [ 101.704951555689476, 2.855097721723935 ] ] ] } },
{ "type": "Feature", "properties": { "upi": null, "sts_warta": "Belum Warta", "no_lot": "121778", "no_pt": null, "seksyen_id": "101001000", "mukim_id": "101001", "daerah_id": "1010", "negeri_id": "10", "nama": "Bandar Serenia", "gtn1": "Tanah Lapang dan Rekreasi", "gtn2": "Kawasan Hijau", "gtn3": "Zon Penampan", "kod_gtn": "TLR301", "no_warta": null, "trkh_warta": null, "serah_PTD": null, "Luas_h": 0.2159, "pemilik": null, "selenggara": null, "catatan": "Tindakan untuk proses pewartaan - Heda", "tahun_data": 2024, "PBT": "MPSp" }, "geometry": { "type": "Polygon", "coordinates": [ [ [ 101.702295212415152, 2.854494266861155 ], [ 101.70257284238285, 2.854412439099448 ], [ 101.702535842207979, 2.854287470358401 ], [ 101.702222597977212, 2.854379978988435 ], [ 101.702222381315238, 2.85457640026829 ], [ 101.702189390352359, 2.856303595686543 ], [ 101.702184882317994, 2.856595425309038 ], [ 101.70218273885807, 2.856651404133256 ], [ 101.702242894448617, 2.856592425123083 ], [ 101.702272829578561, 2.855538145048423 ], [ 101.702272863377459, 2.854666458061551 ], [ 101.702272827608539, 2.854534334958424 ], [ 101.702295223261345, 2.854534328828744 ], [ 101.702295212415152, 2.854494266861155 ] ] ] } },
{ "type": "Feature", "properties": { "upi": null, "sts_warta": "Belum Warta", "no_lot": "121776", "no_pt": null, "seksyen_id": "101001000", "mukim_id": "101001", "daerah_id": "1010", "negeri_id": "10", "nama": "Bandar Serenia", "gtn1": "Tanah Lapang dan Rekreasi", "gtn2": "Kawasan Hijau", "gtn3": "Zon Penampan", "kod_gtn": "TLR301", "no_warta": null, "trkh_warta": null, "serah_PTD": null, "Luas_h": 0.0174, "pemilik": null, "selenggara": null, "catatan": "Tindakan untuk proses pewartaan - Heda", "tahun_data": 2024, "PBT": "MPSp" }, "geometry": { "type": "Polygon", "coordinates": [ [ [ 101.702612233906507, 2.854400491107026 ], [ 101.702784099971268, 2.85434953003801 ], [ 101.702612197170922, 2.854264931540938 ], [ 101.702575773504591, 2.854275974386495 ], [ 101.702612233906507, 2.854400491107026 ] ] ] } },
{ "type": "Feature", "properties": { "upi": null, "sts_warta": "Belum Warta", "no_lot": "121854", "no_pt": null, "seksyen_id": "101001000", "mukim_id": "101001", "daerah_id": "1010", "negeri_id": "10", "nama": "Bandar Serenia", "gtn1": "Tanah Lapang dan Rekreasi", "gtn2": "Tanah Lapang", "gtn3": "Tanah Lapang Lain", "kod_gtn": "TLR107", "no_warta": null, "trkh_warta": null, "serah_PTD": null, "Luas_h": 0.1692, "pemilik": null, "selenggara": null, "catatan": "Tindakan untuk proses pewartaan - Heda", "tahun_data": 2024, "PBT": "MPSp" }, "geometry": { "type": "Polygon", "coordinates": [ [ [ 101.704854315516286, 2.850766082856951 ], [ 101.704854282385924, 2.850644540476081 ], [ 101.703890193196699, 2.850644624878885 ], [ 101.703848921036496, 2.85068605468412 ], [ 101.703848942807525, 2.850766178612602 ], [ 101.703890237432574, 2.850807404868378 ], [ 101.704191903206436, 2.850807321947412 ], [ 101.704228868298799, 2.850803242281195 ], [ 101.704262862546145, 2.850789034897946 ], [ 101.704294427667278, 2.850772296048762 ], [ 101.704333820603907, 2.850766045311504 ], [ 101.704854315516286, 2.850766082856951 ] ] ] } },
{ "type": "Feature", "properties": { "upi": null, "sts_warta": "Belum Warta", "no_lot": "121855", "no_pt": null, "seksyen_id": "101001000", "mukim_id": "101001", "daerah_id": "1010", "negeri_id": "10", "nama": "Bandar Serenia", "gtn1": "Tanah Lapang dan Rekreasi", "gtn2": "Tanah Lapang", "gtn3": "Tanah Lapang Lain", "kod_gtn": "TLR107", "no_warta": null, "trkh_warta": null, "serah_PTD": null, "Luas_h": 0.1698, "pemilik": null, "selenggara": null, "catatan": "Tindakan untuk proses pewartaan - Heda", "tahun_data": 2024, "PBT": "MPSp" }, "geometry": { "type": "Polygon", "coordinates": [ [ [ 101.703890319275615, 2.851108547847721 ], [ 101.704854408850977, 2.851108463401677 ], [ 101.70485437564264, 2.850986649721576 ], [ 101.70433388063114, 2.850986612187236 ], [ 101.704294484217243, 2.85098011182669 ], [ 101.704262910010897, 2.850963480779949 ], [ 101.704228908082214, 2.850949472966589 ], [ 101.704191940697356, 2.850945142334139 ], [ 101.703890274887584, 2.85094522525912 ], [ 101.703849002742444, 2.850986745498663 ], [ 101.703849024564931, 2.851067050293379 ], [ 101.703890319275615, 2.851108547847721 ] ] ] } },
{ "type": "Feature", "properties": { "upi": null, "sts_warta": "Belum Warta", "no_lot": "121856", "no_pt": null, "seksyen_id": "101001000", "mukim_id": "101001", "daerah_id": "1010", "negeri_id": "10", "nama": "Bandar Serenia", "gtn1": "Tanah Lapang dan Rekreasi", "gtn2": "Tanah Lapang", "gtn3": "Lot Permainan", "kod_gtn": "TLR106", "no_warta": null, "trkh_warta": null, "serah_PTD": null, "Luas_h": 0.5257, "pemilik": null, "selenggara": null, "catatan": "Tindakan untuk proses pewartaan - Heda", "tahun_data": 2024, "PBT": "MPSp" }, "geometry": { "type": "Polygon", "coordinates": [ [ [ 101.703670950458132, 2.85110860810363 ], [ 101.703712222613532, 2.851067087869393 ], [ 101.703712119130103, 2.850686092255106 ], [ 101.703670824467068, 2.850644685124972 ], [ 101.702824379540957, 2.850644826760419 ], [ 101.702783107318126, 2.850686166098169 ], [ 101.702783210520479, 2.851067252179889 ], [ 101.702824505193007, 2.851108749776903 ], [ 101.703670950458132, 2.85110860810363 ] ] ] } },
{ "type": "Feature", "properties": { "upi": null, "sts_warta": "Belum Warta", "no_lot": "121853", "no_pt": null, "seksyen_id": "101001000", "mukim_id": "101001", "daerah_id": "1010", "negeri_id": "10", "nama": "Bandar Serenia", "gtn1": "Tanah Lapang dan Rekreasi", "gtn2": "Tanah Lapang", "gtn3": "Tanah Lapang Lain", "kod_gtn": "TLR107", "no_warta": null, "trkh_warta": null, "serah_PTD": null, "Luas_h": 0.1786, "pemilik": null, "selenggara": null, "catatan": "Tindakan untuk proses pewartaan - Heda", "tahun_data": 2024, "PBT": "MPSp" }, "geometry": { "type": "Polygon", "coordinates": [ [ [ 101.704854315442333, 2.850765811556993 ], [ 101.704886964420268, 2.850765802559032 ], [ 101.704928244904465, 2.850755029615229 ], [ 101.704930672305224, 2.850751230746465 ], [ 101.704932282435621, 2.850718855172226 ], [ 101.704954049596651, 2.850393289201055 ], [ 101.704986340121465, 2.850068262928438 ], [ 101.70502915414913, 2.849744318954394 ], [ 101.705071985866411, 2.849485306102768 ], [ 101.705045003269831, 2.849485313540185 ], [ 101.705045039340774, 2.849617617486241 ], [ 101.704854272361288, 2.849617670053097 ], [ 101.704854282385924, 2.850644540476081 ], [ 101.704854315442333, 2.850765811556993 ] ] ] } },
{ "type": "Feature", "properties": { "upi": null, "sts_warta": "Belum Warta", "no_lot": "121857", "no_pt": null, "seksyen_id": "101001000", "mukim_id": "101001", "daerah_id": "1010", "negeri_id": "10", "nama": "Bandar Serenia", "gtn1": "Tanah Lapang dan Rekreasi", "gtn2": "Tanah Lapang", "gtn3": "Lot Permainan", "kod_gtn": "TLR106", "no_warta": null, "trkh_warta": null, "serah_PTD": null, "Luas_h": 0.1551, "pemilik": null, "selenggara": null, "catatan": "Tindakan untuk proses pewartaan - Heda", "tahun_data": 2024, "PBT": "MPSp" }, "geometry": { "type": "Polygon", "coordinates": [ [ [ 101.70498644542505, 2.852432913452351 ], [ 101.705041759888772, 2.852432898192034 ], [ 101.704998515472781, 2.852168483088747 ], [ 101.70496011444213, 2.851854509183615 ], [ 101.704934934518207, 2.851538994261302 ], [ 101.704922436234995, 2.85122266193917 ], [ 101.704921835772282, 2.850999653526081 ], [ 101.704876501400506, 2.850986643623413 ], [ 101.70485437564264, 2.850986649721576 ], [ 101.704854408850977, 2.851108463401677 ], [ 101.704854717778801, 2.852241412004195 ], [ 101.704986393163338, 2.852241375690392 ], [ 101.70498644542505, 2.852432913452351 ] ] ] } },
{ "type": "Feature", "properties": { "upi": null, "sts_warta": "Belum Warta", "no_lot": "121844", "no_pt": null, "seksyen_id": "101001000", "mukim_id": "101001", "daerah_id": "1010", "negeri_id": "10", "nama": "Bandar Serenia", "gtn1": "Tanah Lapang dan Rekreasi", "gtn2": "Tanah Lapang", "gtn3": "Tanah Lapang Lain", "kod_gtn": "TLR107", "no_warta": null, "trkh_warta": null, "serah_PTD": null, "Luas_h": 0.532, "pemilik": null, "selenggara": null, "catatan": "Tindakan untuk proses pewartaan - Heda", "tahun_data": 2024, "PBT": "MPSp" }, "geometry": { "type": "Polygon", "coordinates": [ [ [ 101.705149542207536, 2.848922246836141 ], [ 101.705187856292312, 2.848917895474101 ], [ 101.705218849564702, 2.848783322140441 ], [ 101.705301869846949, 2.848467777376129 ], [ 101.705377351849123, 2.848214091082615 ], [ 101.705466865052301, 2.847961486116239 ], [ 101.705569331255845, 2.847714032271813 ], [ 101.705683131869819, 2.847473086493277 ], [ 101.705813929740899, 2.847225896115999 ], [ 101.705958220461667, 2.84698467060188 ], [ 101.706098742420821, 2.846775821245568 ], [ 101.706310440767581, 2.846356875600687 ], [ 101.706305505857131, 2.84607137897275 ], [ 101.705898730742831, 2.845527263584603 ], [ 101.705616991367876, 2.845373242916673 ], [ 101.70530747355042, 2.845268606420969 ], [ 101.704985288809112, 2.845218323754204 ], [ 101.704780762561924, 2.845222359080657 ], [ 101.704930809093909, 2.845309947710777 ], [ 101.70497910749711, 2.845308939655058 ], [ 101.705286181398208, 2.84535678478297 ], [ 101.705580587655447, 2.845456361181902 ], [ 101.705838578862299, 2.845597275578057 ], [ 101.706215932353416, 2.846102331922789 ], [ 101.706220043454522, 2.846335467888349 ], [ 101.706021020098902, 2.846729631288795 ], [ 101.705882116317028, 2.846935676756895 ], [ 101.705735398316889, 2.847181153298898 ], [ 101.705602712765298, 2.847432413689163 ], [ 101.705487024321116, 2.847676886881727 ], [ 101.705382940357509, 2.847928772399646 ], [ 101.705292079193313, 2.848185718532683 ], [ 101.7052147099471, 2.848445102642408 ], [ 101.705101505319618, 2.848893321412612 ], [ 101.705114190461984, 2.84890552641536 ], [ 101.705149542207536, 2.848922246836141 ] ] ] } },
{ "type": "Feature", "properties": { "upi": null, "sts_warta": "Belum Warta", "no_lot": "121861", "no_pt": null, "seksyen_id": "101001000", "mukim_id": "101001", "daerah_id": "1010", "negeri_id": "10", "nama": "Bandar Serenia", "gtn1": "Tanah Lapang dan Rekreasi", "gtn2": "Kawasan Hijau", "gtn3": "Zon Penampan", "kod_gtn": "TLR301", "no_warta": null, "trkh_warta": null, "serah_PTD": null, "Luas_h": 0.5955, "pemilik": null, "selenggara": null, "catatan": "Tindakan untuk proses pewartaan - Heda", "tahun_data": 2024, "PBT": "MPSp" }, "geometry": { "type": "Polygon", "coordinates": [ [ [ 101.70252328763776, 2.853761332619532 ], [ 101.705142557002304, 2.852988763996416 ], [ 101.70511039949524, 2.852812518331909 ], [ 101.702523237155503, 2.853574949516575 ], [ 101.70252328763776, 2.853761332619532 ] ] ] } },
{ "type": "Feature", "properties": { "upi": null, "sts_warta": "Belum Warta", "no_lot": "115547", "no_pt": null, "seksyen_id": "101001000", "mukim_id": "101001", "daerah_id": "1010", "negeri_id": "10", "nama": "Taman Jenderam Damai", "gtn1": "Tanah Lapang dan Rekreasi", "gtn2": "Tanah Lapang", "gtn3": "Lot Permainan", "kod_gtn": "TLR106", "no_warta": null, "trkh_warta": null, "serah_PTD": null, "Luas_h": 0.4975, "pemilik": null, "selenggara": null, "catatan": "Tindakan untuk proses pewartaan - Heda", "tahun_data": 2024, "PBT": "MPSp" }, "geometry": { "type": "Polygon", "coordinates": [ [ [ 101.700071449109018, 2.878049865271695 ], [ 101.70095218290345, 2.878049714044855 ], [ 101.701656715952609, 2.87804952023949 ], [ 101.701625354992274, 2.877827876830588 ], [ 101.701597237654198, 2.877626851320732 ], [ 101.701181425693747, 2.877626965718064 ], [ 101.701181330740937, 2.877277802712928 ], [ 101.701236106732054, 2.877277787653608 ], [ 101.701329738598616, 2.877277761905692 ], [ 101.701329681989179, 2.877069674864164 ], [ 101.701144037284493, 2.877069725903564 ], [ 101.701144254611037, 2.877868975489024 ], [ 101.701144265899501, 2.877910484377574 ], [ 101.70007572871026, 2.877910687213157 ], [ 101.700071449109018, 2.878049865271695 ] ] ] } },
{ "type": "Feature", "properties": { "upi": null, "sts_warta": "Belum Warta", "no_lot": "125188", "no_pt": null, "seksyen_id": "101001000", "mukim_id": "101001", "daerah_id": "1010", "negeri_id": "10", "nama": "Taman Jenderam Budiman", "gtn1": "Tanah Lapang dan Rekreasi", "gtn2": "Tanah Lapang", "gtn3": "Tanah Lapang Lain", "kod_gtn": "TLR107", "no_warta": null, "trkh_warta": null, "serah_PTD": null, "Luas_h": 0.0524, "pemilik": null, "selenggara": null, "catatan": "Tindakan untuk proses pewartaan - Heda", "tahun_data": 2024, "PBT": "MPSp" }, "geometry": { "type": "Polygon", "coordinates": [ [ [ 101.732032552259653, 2.859812429794955 ], [ 101.732263527846129, 2.85982077069574 ], [ 101.732252450128343, 2.859771126272711 ], [ 101.732224080798048, 2.859645432838153 ], [ 101.732173880422749, 2.859604029574209 ], [ 101.732037885953787, 2.859600724389057 ], [ 101.732032552259653, 2.859812429794955 ] ] ] } },
{ "type": "Feature", "properties": { "upi": null, "sts_warta": "Belum Warta", "no_lot": "115752", "no_pt": null, "seksyen_id": "101003000", "mukim_id": "101003", "daerah_id": "1010", "negeri_id": "10", "nama": "Taman Bayu Harmoni", "gtn1": "Tanah Lapang dan Rekreasi", "gtn2": "Tanah Lapang", "gtn3": "Tanah Lapang Lain", "kod_gtn": "TLR107", "no_warta": null, "trkh_warta": null, "serah_PTD": null, "Luas_h": 0.0671, "pemilik": null, "selenggara": null, "catatan": "Tindakan untuk proses pewartaan - Heda", "tahun_data": 2024, "PBT": "MPSp" }, "geometry": { "type": "Polygon", "coordinates": [ [ [ 101.697545074717453, 2.608763581150297 ], [ 101.697740376432421, 2.608708458854997 ], [ 101.697683134519053, 2.608502555315167 ], [ 101.69763078889811, 2.608462325197652 ], [ 101.697534479837174, 2.608460811556218 ], [ 101.697533949126793, 2.608497075621977 ], [ 101.69747109193095, 2.608496005902315 ], [ 101.697496743092557, 2.60858959851804 ], [ 101.697545074717453, 2.608763581150297 ] ] ] } },
{ "type": "Feature", "properties": { "upi": null, "sts_warta": "Belum Warta", "no_lot": "9308", "no_pt": null, "seksyen_id": "101003000", "mukim_id": "101003", "daerah_id": "1010", "negeri_id": "10", "nama": "Pantai Sepang Putra", "gtn1": "Tanah Lapang dan Rekreasi", "gtn2": "Tanah Lapang", "gtn3": "Tanah Lapang Lain", "kod_gtn": "TLR107", "no_warta": null, "trkh_warta": null, "serah_PTD": null, "Luas_h": 2.2313, "pemilik": null, "selenggara": null, "catatan": "Tindakan untuk proses pewartaan - Heda", "tahun_data": 2024, "PBT": "MPSp" }, "geometry": { "type": "Polygon", "coordinates": [ [ [ 101.705828684097582, 2.612996521659883 ], [ 101.707512830607357, 2.614948285080394 ], [ 101.707671234048945, 2.615131915435438 ], [ 101.708140507750073, 2.615675301866936 ], [ 101.709269301998049, 2.616978342505916 ], [ 101.710005461955845, 2.61782886257465 ], [ 101.710175112179044, 2.61768041733214 ], [ 101.708310427753588, 2.615527037679853 ], [ 101.705917918549915, 2.612755221997365 ], [ 101.704260491666489, 2.612993572079593 ], [ 101.704326370955329, 2.613212585856064 ], [ 101.704417011516142, 2.61319954053655 ], [ 101.705828684097582, 2.612996521659883 ] ] ] } },
{ "type": "Feature", "properties": { "upi": null, "sts_warta": "Belum Warta", "no_lot": "9334", "no_pt": null, "seksyen_id": "101003000", "mukim_id": "101003", "daerah_id": "1010", "negeri_id": "10", "nama": "Pantai Sepang Putra", "gtn1": "Tanah Lapang dan Rekreasi", "gtn2": "Tanah Lapang", "gtn3": "Tanah Lapang Lain", "kod_gtn": "TLR107", "no_warta": null, "trkh_warta": null, "serah_PTD": null, "Luas_h": 0.7005, "pemilik": null, "selenggara": null, "catatan": "Tindakan untuk proses pewartaan - Heda", "tahun_data": 2024, "PBT": "MPSp" }, "geometry": { "type": "Polygon", "coordinates": [ [ [ 101.710175112179044, 2.61768041733214 ], [ 101.710005461955845, 2.61782886257465 ], [ 101.710924313861952, 2.618889412242044 ], [ 101.711659666167961, 2.619737127798628 ], [ 101.711829046581514, 2.619588411096896 ], [ 101.711097741916063, 2.618744764109296 ], [ 101.710175112179044, 2.61768041733214 ] ] ] } },
{ "type": "Feature", "properties": { "upi": null, "sts_warta": "Belum Warta", "no_lot": "119974", "no_pt": null, "seksyen_id": "101001000", "mukim_id": "101001", "daerah_id": "1010", "negeri_id": "10", "nama": "Jasper, Bandar Sunsuria", "gtn1": "Tanah Lapang dan Rekreasi", "gtn2": "Tanah Lapang", "gtn3": "Tanah Lapang Lain", "kod_gtn": "TLR107", "no_warta": null, "trkh_warta": null, "serah_PTD": null, "Luas_h": 0.0991, "pemilik": null, "selenggara": null, "catatan": "Tindakan untuk proses pewartaan - Heda", "tahun_data": 2024, "PBT": "MPSp" }, "geometry": { "type": "Polygon", "coordinates": [ [ [ 101.699992854091079, 2.838671586329617 ], [ 101.699867810108699, 2.839248404253579 ], [ 101.699565978719605, 2.840638085197121 ], [ 101.699860100270399, 2.840688467573177 ], [ 101.700212981216239, 2.840506239315443 ], [ 101.700503851163617, 2.840505437114494 ], [ 101.700503574072641, 2.84047830717567 ], [ 101.700206498182993, 2.840479111054831 ], [ 101.699855775545117, 2.84066025352594 ], [ 101.699610494350452, 2.840618177831562 ], [ 101.699598081895303, 2.840616101215505 ], [ 101.699606974707223, 2.8405735046888 ], [ 101.699701029162256, 2.840146452835043 ], [ 101.700019298360559, 2.838677457354402 ], [ 101.699992854091079, 2.838671586329617 ] ] ] } },
{ "type": "Feature", "properties": { "upi": null, "sts_warta": "Belum Warta", "no_lot": "119975", "no_pt": null, "seksyen_id": "101001000", "mukim_id": "101001", "daerah_id": "1010", "negeri_id": "10", "nama": "Jasper, Bandar Sunsuria", "gtn1": "Tanah Lapang dan Rekreasi", "gtn2": "Tanah Lapang", "gtn3": "Tanah Lapang Lain", "kod_gtn": "TLR107", "no_warta": null, "trkh_warta": null, "serah_PTD": null, "Luas_h": 0.0662, "pemilik": null, "selenggara": null, "catatan": "Tindakan untuk proses pewartaan - Heda", "tahun_data": 2024, "PBT": "MPSp" }, "geometry": { "type": "Polygon", "coordinates": [ [ [ 101.700602606993897, 2.840506495566667 ], [ 101.700611241358018, 2.840506493227614 ], [ 101.700808206509379, 2.840483017607444 ], [ 101.700945785319789, 2.840366049950311 ], [ 101.701403795790441, 2.83880106656483 ], [ 101.701377890696804, 2.838793477192509 ], [ 101.700922306497546, 2.840350592209776 ], [ 101.700796866923767, 2.840456975868653 ], [ 101.700766108021156, 2.840460782407625 ], [ 101.700763951830325, 2.840469735896383 ], [ 101.700737777387701, 2.840464045687448 ], [ 101.700609615145169, 2.84047936365457 ], [ 101.70060259972449, 2.840479365555028 ], [ 101.700602606993897, 2.840506495566667 ] ] ] } },
{ "type": "Feature", "properties": { "upi": null, "sts_warta": "Belum Warta", "no_lot": "119972", "no_pt": null, "seksyen_id": "101001000", "mukim_id": "101001", "daerah_id": "1010", "negeri_id": "10", "nama": "Jasper, Bandar Sunsuria", "gtn1": "Tanah Lapang dan Rekreasi", "gtn2": "Tanah Lapang", "gtn3": "Tanah Lapang Lain", "kod_gtn": "TLR107", "no_warta": null, "trkh_warta": null, "serah_PTD": null, "Luas_h": 0.0112, "pemilik": null, "selenggara": null, "catatan": "Tindakan untuk proses pewartaan - Heda", "tahun_data": 2024, "PBT": "MPSp" }, "geometry": { "type": "Polygon", "coordinates": [ [ [ 101.700754802088767, 2.838546582140012 ], [ 101.700752366482746, 2.838519724085674 ], [ 101.700593983695981, 2.838533060677975 ], [ 101.700419409830332, 2.83854016172605 ], [ 101.700420496384226, 2.838567291447069 ], [ 101.700595610021836, 2.838560642419173 ], [ 101.700754802088767, 2.838546582140012 ] ] ] } },
{ "type": "Feature", "properties": { "upi": null, "sts_warta": "Belum Warta", "no_lot": "119973", "no_pt": null, "seksyen_id": "101001000", "mukim_id": "101001", "daerah_id": "1010", "negeri_id": "10", "nama": "Jasper, Bandar Sunsuria", "gtn1": "Tanah Lapang dan Rekreasi", "gtn2": "Tanah Lapang", "gtn3": "Tanah Lapang Lain", "kod_gtn": "TLR107", "no_warta": null, "trkh_warta": null, "serah_PTD": null, "Luas_h": 0.0124, "pemilik": null, "selenggara": null, "catatan": "Tindakan untuk proses pewartaan - Heda", "tahun_data": 2024, "PBT": "MPSp" }, "geometry": { "type": "Polygon", "coordinates": [ [ [ 101.700236471508973, 2.838547536309743 ], [ 101.700030044456071, 2.83850219454738 ], [ 101.700024115519327, 2.838529054865279 ], [ 101.700011988329322, 2.838584674674933 ], [ 101.700038432572697, 2.838590455266115 ], [ 101.700050559664788, 2.838534473722802 ], [ 101.700234050499134, 2.838575209580136 ], [ 101.70033523317268, 2.838571022280961 ], [ 101.700334416371618, 2.83854362118653 ], [ 101.700236471508973, 2.838547536309743 ] ] ] } },
{ "type": "Feature", "properties": { "upi": null, "sts_warta": "Belum Warta", "no_lot": "119971", "no_pt": null, "seksyen_id": "101001000", "mukim_id": "101001", "daerah_id": "1010", "negeri_id": "10", "nama": "Jasper, Bandar Sunsuria", "gtn1": "Tanah Lapang dan Rekreasi", "gtn2": "Tanah Lapang", "gtn3": "Tanah Lapang Lain", "kod_gtn": "TLR107", "no_warta": null, "trkh_warta": null, "serah_PTD": null, "Luas_h": 0.0217, "pemilik": null, "selenggara": null, "catatan": "Tindakan untuk proses pewartaan - Heda", "tahun_data": 2024, "PBT": "MPSp" }, "geometry": { "type": "Polygon", "coordinates": [ [ [ 101.701357581695092, 2.838524352980158 ], [ 101.700975505188367, 2.838500039586457 ], [ 101.700837898543298, 2.838512375813407 ], [ 101.700840334223969, 2.838539505167469 ], [ 101.700975782430277, 2.838527712125162 ], [ 101.701343288262748, 2.838551215571285 ], [ 101.701405909365675, 2.838633402514712 ], [ 101.701450433754758, 2.838646503268458 ], [ 101.701357581695092, 2.838524352980158 ] ] ] } },
{ "type": "Feature", "properties": { "upi": null, "sts_warta": "Belum Warta", "no_lot": "121643", "no_pt": null, "seksyen_id": "101001000", "mukim_id": "101001", "daerah_id": "1010", "negeri_id": "10", "nama": "Bandar Bayu Serenia", "gtn1": "Tanah Lapang dan Rekreasi", "gtn2": "Tanah Lapang", "gtn3": "Tanah Lapang Lain", "kod_gtn": "TLR107", "no_warta": null, "trkh_warta": null, "serah_PTD": null, "Luas_h": 0.1525, "pemilik": null, "selenggara": null, "catatan": "Tindakan untuk proses pewartaan - Heda", "tahun_data": 2024, "PBT": "MPSp" }, "geometry": { "type": "Polygon", "coordinates": [ [ [ 101.706458104545163, 2.841674649507217 ], [ 101.706592890250533, 2.8412120458262 ], [ 101.70656023857731, 2.841201202844196 ], [ 101.70652785665466, 2.841190088486734 ], [ 101.706495744556662, 2.841178974053792 ], [ 101.70638602860879, 2.841554212214036 ], [ 101.706311550264246, 2.84152900187134 ], [ 101.706207121915639, 2.841505518019301 ], [ 101.706247288221135, 2.841368138712406 ], [ 101.706186033196019, 2.841349978511257 ], [ 101.706167946101274, 2.841317427501673 ], [ 101.706185737909678, 2.841256651397179 ], [ 101.706089402953566, 2.84122819146578 ], [ 101.706001801944993, 2.841564898906708 ], [ 101.706392261403167, 2.841652511519744 ], [ 101.706458104545163, 2.841674649507217 ] ] ] } },
{ "type": "Feature", "properties": { "upi": null, "sts_warta": "Belum Warta", "no_lot": "56823", "no_pt": null, "seksyen_id": "101001000", "mukim_id": "101001", "daerah_id": "1010", "negeri_id": "10", "nama": "Taman Emas", "gtn1": "Tanah Lapang dan Rekreasi", "gtn2": "Tanah Lapang", "gtn3": "Lot Permainan", "kod_gtn": "TLR106", "no_warta": null, "trkh_warta": null, "serah_PTD": null, "Luas_h": 0.2077, "pemilik": null, "selenggara": null, "catatan": "Tindakan untuk proses pewartaan - Heda", "tahun_data": 2024, "PBT": "MPSp" }, "geometry": { "type": "Polygon", "coordinates": [ [ [ 101.678917768324922, 2.869972336557168 ], [ 101.679461867033993, 2.869378049726023 ], [ 101.679253784013582, 2.869205103476663 ], [ 101.679083842841877, 2.869411877785367 ], [ 101.679092229126283, 2.869497335317543 ], [ 101.678814658434263, 2.86983517516926 ], [ 101.678820609328753, 2.869893231969971 ], [ 101.678917768324922, 2.869972336557168 ] ] ] } },
{ "type": "Feature", "properties": { "upi": null, "sts_warta": "Belum Warta", "no_lot": "124034", "no_pt": null, "seksyen_id": "101001000", "mukim_id": "101001", "daerah_id": "1010", "negeri_id": "10", "nama": "Jenderam Hulu", "gtn1": "Tanah Lapang dan Rekreasi", "gtn2": "Tanah Lapang", "gtn3": "Tanah Lapang Lain", "kod_gtn": "TLR107", "no_warta": null, "trkh_warta": null, "serah_PTD": null, "Luas_h": 0.0781, "pemilik": null, "selenggara": null, "catatan": "Tindakan untuk proses pewartaan - Heda", "tahun_data": 2024, "PBT": "MPSp" }, "geometry": { "type": "Polygon", "coordinates": [ [ [ 101.740783092418425, 2.850067875242687 ], [ 101.74079311941135, 2.850210937165057 ], [ 101.741300921360576, 2.850175150614185 ], [ 101.741293333983663, 2.850069075047577 ], [ 101.740783092418425, 2.850067875242687 ] ] ] } },
{ "type": "Feature", "properties": { "upi": null, "sts_warta": "Belum Warta", "no_lot": "116157", "no_pt": null, "seksyen_id": "101001000", "mukim_id": "101001", "daerah_id": "1010", "negeri_id": "10", "nama": "Desa Seri Vista", "gtn1": "Tanah Lapang dan Rekreasi", "gtn2": "Kawasan Hijau", "gtn3": "Kawasan Hijau", "kod_gtn": "TLR302", "no_warta": null, "trkh_warta": null, "serah_PTD": null, "Luas_h": 0.1195, "pemilik": null, "selenggara": null, "catatan": "Tindakan untuk proses pewartaan - Heda", "tahun_data": 2024, "PBT": "MPSp" }, "geometry": { "type": "Polygon", "coordinates": [ [ [ 101.747274042276274, 2.835231787456205 ], [ 101.747293252713845, 2.834526766158317 ], [ 101.747253306446979, 2.834485993311298 ], [ 101.747148885397465, 2.834486839658321 ], [ 101.747155858870258, 2.835228297309198 ], [ 101.747274042276274, 2.835231787456205 ] ] ] } },
{ "type": "Feature", "properties": { "upi": null, "sts_warta": "Belum Warta", "no_lot": "116116", "no_pt": null, "seksyen_id": "101001000", "mukim_id": "101001", "daerah_id": "1010", "negeri_id": "10", "nama": "Desa Seri Vista", "gtn1": "Tanah Lapang dan Rekreasi", "gtn2": "Kawasan Hijau", "gtn3": "Kawasan Hijau", "kod_gtn": "TLR302", "no_warta": null, "trkh_warta": null, "serah_PTD": null, "Luas_h": 0.0189, "pemilik": null, "selenggara": null, "catatan": "Tindakan untuk proses pewartaan - Heda", "tahun_data": 2024, "PBT": "MPSp" }, "geometry": { "type": "Polygon", "coordinates": [ [ [ 101.74554290650633, 2.834502078123212 ], [ 101.745588040499939, 2.834742706302881 ], [ 101.745651718453132, 2.834742144001777 ], [ 101.745627124581205, 2.834611385533442 ], [ 101.745606584418724, 2.834501425393304 ], [ 101.74554290650633, 2.834502078123212 ] ] ] } },
{ "type": "Feature", "properties": { "upi": null, "sts_warta": "Belum Warta", "no_lot": "125099", "no_pt": null, "seksyen_id": "101001000", "mukim_id": "101001", "daerah_id": "1010", "negeri_id": "10", "nama": "Bandar Bayu Serenia", "gtn1": "Tanah Lapang dan Rekreasi", "gtn2": "Tanah Lapang", "gtn3": "Tanah Lapang Lain", "kod_gtn": "TLR107", "no_warta": null, "trkh_warta": null, "serah_PTD": null, "Luas_h": 0.4495, "pemilik": null, "selenggara": null, "catatan": "Tindakan untuk proses pewartaan - Heda", "tahun_data": 2024, "PBT": "MPSp" }, "geometry": { "type": "Polygon", "coordinates": [ [ [ 101.684678254071642, 2.842015241474722 ], [ 101.684623657741156, 2.84165415450755 ], [ 101.683926432101686, 2.841654152688215 ], [ 101.683926470211901, 2.841804362748975 ], [ 101.683793177066491, 2.841804396932331 ], [ 101.683793017840287, 2.842240467391661 ], [ 101.684144832328286, 2.842097130434891 ], [ 101.684678254071642, 2.842015241474722 ] ] ] } },
{ "type": "Feature", "properties": { "upi": null, "sts_warta": "Belum Warta", "no_lot": "119334", "no_pt": null, "seksyen_id": "101001000", "mukim_id": "101001", "daerah_id": "1010", "negeri_id": "10", "nama": "Pusat Perindustrian Cipta Selatan", "gtn1": "Tanah Lapang dan Rekreasi", "gtn2": "Tanah Lapang", "gtn3": "Tanah Lapang Lain", "kod_gtn": "TLR107", "no_warta": null, "trkh_warta": null, "serah_PTD": null, "Luas_h": 0.1831, "pemilik": null, "selenggara": null, "catatan": "Tindakan untuk proses pewartaan - Heda", "tahun_data": 2024, "PBT": "MPSp" }, "geometry": { "type": "Polygon", "coordinates": [ [ [ 101.68570761455598, 2.841940730374512 ], [ 101.68571083663366, 2.841878782594497 ], [ 101.686204827051696, 2.841653023427827 ], [ 101.685262640454738, 2.841807546137368 ], [ 101.685310749270968, 2.842121790168553 ], [ 101.68570761455598, 2.841940730374512 ] ] ] } },
{ "type": "Feature", "properties": { "upi": null, "sts_warta": "Belum Warta", "no_lot": "119330", "no_pt": null, "seksyen_id": "101001000", "mukim_id": "101001", "daerah_id": "1010", "negeri_id": "10", "nama": "Pusat Perindustrian Cipta Selatan", "gtn1": "Tanah Lapang dan Rekreasi", "gtn2": "Tanah Lapang", "gtn3": "Tanah Lapang Lain", "kod_gtn": "TLR107", "no_warta": null, "trkh_warta": null, "serah_PTD": null, "Luas_h": 0.2426, "pemilik": null, "selenggara": null, "catatan": "Tindakan untuk proses pewartaan - Heda", "tahun_data": 2024, "PBT": "MPSp" }, "geometry": { "type": "Polygon", "coordinates": [ [ [ 101.685334029317502, 2.839240210918915 ], [ 101.685853420476775, 2.839164655513944 ], [ 101.685833958180893, 2.839027472907219 ], [ 101.685454228891302, 2.838683833018741 ], [ 101.685282406864587, 2.838901912452129 ], [ 101.685334029317502, 2.839240210918915 ] ] ] } },
{ "type": "Feature", "properties": { "upi": null, "sts_warta": "Belum Warta", "no_lot": "119331", "no_pt": null, "seksyen_id": "101001000", "mukim_id": "101001", "daerah_id": "1010", "negeri_id": "10", "nama": "Pusat Perindustrian Cipta Selatan", "gtn1": "Tanah Lapang dan Rekreasi", "gtn2": "Tanah Lapang", "gtn3": "Tanah Lapang Lain", "kod_gtn": "TLR107", "no_warta": null, "trkh_warta": null, "serah_PTD": null, "Luas_h": 0.0336, "pemilik": null, "selenggara": null, "catatan": "Tindakan untuk proses pewartaan - Heda", "tahun_data": 2024, "PBT": "MPSp" }, "geometry": { "type": "Polygon", "coordinates": [ [ [ 101.686320197871609, 2.839096529022351 ], [ 101.685997684215479, 2.838804692947788 ], [ 101.685989326727167, 2.838832277323048 ], [ 101.686007708587397, 2.838964938529664 ], [ 101.686139647463008, 2.838946003871387 ], [ 101.686164245678754, 2.839119358544186 ], [ 101.686320197871609, 2.839096529022351 ] ] ] } },
{ "type": "Feature", "properties": { "upi": null, "sts_warta": "Belum Warta", "no_lot": "119333", "no_pt": null, "seksyen_id": "101001000", "mukim_id": "101001", "daerah_id": "1010", "negeri_id": "10", "nama": "Pusat Perindustrian Cipta Selatan", "gtn1": "Tanah Lapang dan Rekreasi", "gtn2": "Tanah Lapang", "gtn3": "Tanah Lapang Lain", "kod_gtn": "TLR107", "no_warta": null, "trkh_warta": null, "serah_PTD": null, "Luas_h": 0.2334, "pemilik": null, "selenggara": null, "catatan": "Tindakan untuk proses pewartaan - Heda", "tahun_data": 2024, "PBT": "MPSp" }, "geometry": { "type": "Polygon", "coordinates": [ [ [ 101.685879982759275, 2.838575745678673 ], [ 101.685149942326703, 2.83791549780117 ], [ 101.684960779722147, 2.837850705613283 ], [ 101.684271933134212, 2.837898993109904 ], [ 101.684046364842089, 2.837914695936063 ], [ 101.68405933921467, 2.838004854831644 ], [ 101.684948661081748, 2.837942770045549 ], [ 101.685103283282018, 2.837995633894186 ], [ 101.685624972002174, 2.838467472080315 ], [ 101.685818749978338, 2.838642953564811 ], [ 101.685824416778189, 2.838644941640619 ], [ 101.68583035324005, 2.838646296612318 ], [ 101.685836019740051, 2.83864710905257 ], [ 101.685841686170903, 2.838647650192295 ], [ 101.685847622286758, 2.83864764866141 ], [ 101.685853558241135, 2.838647014095998 ], [ 101.685859494103227, 2.838646017796556 ], [ 101.685864890156935, 2.838644388601772 ], [ 101.68587055594179, 2.838642397603377 ], [ 101.685876221611267, 2.838639954437457 ], [ 101.685882425750989, 2.838632899023866 ], [ 101.685884583646398, 2.838630185462134 ], [ 101.685886741495665, 2.838627291033401 ], [ 101.685888089828453, 2.838624215946453 ], [ 101.685889707961607, 2.838621050356409 ], [ 101.685891056248238, 2.83861779440246 ], [ 101.685891864818757, 2.838614267287206 ], [ 101.685892673389276, 2.83861074017195 ], [ 101.685892942312918, 2.838607213195888 ], [ 101.685892941413115, 2.838603686289419 ], [ 101.685892131043019, 2.83860015959174 ], [ 101.685891860365913, 2.838596813621866 ], [ 101.685891050018895, 2.838593377357683 ], [ 101.685889700071158, 2.838590122099688 ], [ 101.685888080299975, 2.838586866911284 ], [ 101.685886460598027, 2.838583883023374 ], [ 101.685884571072648, 2.838580899205054 ], [ 101.685882411793074, 2.838578186756822 ], [ 101.685879982759275, 2.838575745678673 ] ] ] } },
{ "type": "Feature", "properties": { "upi": null, "sts_warta": "Belum Warta", "no_lot": "119332", "no_pt": null, "seksyen_id": "101001000", "mukim_id": "101001", "daerah_id": "1010", "negeri_id": "10", "nama": "Pusat Perindustrian Cipta Selatan", "gtn1": "Tanah Lapang dan Rekreasi", "gtn2": "Tanah Lapang", "gtn3": "Tanah Lapang Lain", "kod_gtn": "TLR107", "no_warta": null, "trkh_warta": null, "serah_PTD": null, "Luas_h": 0.0797, "pemilik": null, "selenggara": null, "catatan": "Tindakan untuk proses pewartaan - Heda", "tahun_data": 2024, "PBT": "MPSp" }, "geometry": { "type": "Polygon", "coordinates": [ [ [ 101.686351203452261, 2.839002108437028 ], [ 101.686074300579108, 2.838751769575627 ], [ 101.686071601767196, 2.838749509434608 ], [ 101.686068633178024, 2.838747430230217 ], [ 101.686065664681195, 2.838745712759809 ], [ 101.68606269623055, 2.838744176156387 ], [ 101.686059188225315, 2.838743001426222 ], [ 101.686055680266264, 2.838742007563043 ], [ 101.686052172422634, 2.838741465867339 ], [ 101.68604866462519, 2.83874110503862 ], [ 101.686044887096614, 2.838741106013517 ], [ 101.686041379483839, 2.838741468652756 ], [ 101.686038141786867, 2.838742192956344 ], [ 101.686034634312605, 2.838743098196551 ], [ 101.686031396754117, 2.838744365101108 ], [ 101.6860281592418, 2.83874581287265 ], [ 101.6860251916453, 2.838747622308547 ], [ 101.686021954317624, 2.838749793548057 ], [ 101.686019526483449, 2.83875205501217 ], [ 101.686017098741587, 2.838754678210271 ], [ 101.686010624778646, 2.838761733694184 ], [ 101.685997684215479, 2.838804692947788 ], [ 101.686320197871609, 2.839096529022351 ], [ 101.686628328642072, 2.8390662445878 ], [ 101.686615623850372, 2.838975995241812 ], [ 101.686351203452261, 2.839002108437028 ] ] ] } },
{ "type": "Feature", "properties": { "upi": null, "sts_warta": "Belum Warta", "no_lot": "125097", "no_pt": null, "seksyen_id": "101001000", "mukim_id": "101001", "daerah_id": "1010", "negeri_id": "10", "nama": "Pusat Perindustrian Cipta Selatan", "gtn1": "Tanah Lapang dan Rekreasi", "gtn2": "Tanah Lapang", "gtn3": "Tanah Lapang Lain", "kod_gtn": "TLR107", "no_warta": null, "trkh_warta": null, "serah_PTD": null, "Luas_h": 0.3671, "pemilik": null, "selenggara": null, "catatan": "Tindakan untuk proses pewartaan - Heda", "tahun_data": 2024, "PBT": "MPSp" }, "geometry": { "type": "Polygon", "coordinates": [ [ [ 101.683451742145209, 2.83818289313401 ], [ 101.683446336504318, 2.838146630672781 ], [ 101.683385616350563, 2.838107488484328 ], [ 101.682620993244129, 2.8383304215407 ], [ 101.682581332105144, 2.838341916714751 ], [ 101.681921951851436, 2.838612571398603 ], [ 101.680400573714437, 2.839236858610705 ], [ 101.680332601948109, 2.839331831046753 ], [ 101.680335307589303, 2.839361402132317 ], [ 101.682007771598961, 2.838675672164484 ], [ 101.682611034373608, 2.838427911428508 ], [ 101.683451742145209, 2.83818289313401 ] ] ] } },
{ "type": "Feature", "properties": { "upi": null, "sts_warta": "Belum Warta", "no_lot": "125090", "no_pt": null, "seksyen_id": "101001000", "mukim_id": "101001", "daerah_id": "1010", "negeri_id": "10", "nama": "Pusat Perindustrian Cipta Selatan", "gtn1": "Tanah Lapang dan Rekreasi", "gtn2": "Tanah Lapang", "gtn3": "Tanah Lapang Lain", "kod_gtn": "TLR107", "no_warta": null, "trkh_warta": null, "serah_PTD": null, "Luas_h": 0.1919, "pemilik": null, "selenggara": null, "catatan": "Tindakan untuk proses pewartaan - Heda", "tahun_data": 2024, "PBT": "MPSp" }, "geometry": { "type": "Polygon", "coordinates": [ [ [ 101.680421378014913, 2.841501761521004 ], [ 101.680421151219704, 2.840596883520297 ], [ 101.680398755835924, 2.840596889194022 ], [ 101.6802181308705, 2.841224001156875 ], [ 101.680202837587899, 2.841570094213517 ], [ 101.68042146949243, 2.841866660850663 ], [ 101.680421415624679, 2.8416517907624 ], [ 101.680288122496663, 2.841651824537444 ], [ 101.680288084904092, 2.841501795294262 ], [ 101.680421378014913, 2.841501761521004 ] ] ] } },
{ "type": "Feature", "properties": { "upi": null, "sts_warta": "Belum Warta", "no_lot": "125092", "no_pt": null, "seksyen_id": "101001000", "mukim_id": "101001", "daerah_id": "1010", "negeri_id": "10", "nama": "Pusat Perindustrian Cipta Selatan", "gtn1": "Tanah Lapang dan Rekreasi", "gtn2": "Tanah Lapang", "gtn3": "Tanah Lapang Lain", "kod_gtn": "TLR107", "no_warta": null, "trkh_warta": null, "serah_PTD": null, "Luas_h": 0.1064, "pemilik": null, "selenggara": null, "catatan": "Tindakan untuk proses pewartaan - Heda", "tahun_data": 2024, "PBT": "MPSp" }, "geometry": { "type": "Polygon", "coordinates": [ [ [ 101.682667991994592, 2.842800357989624 ], [ 101.682667958147405, 2.842666425947864 ], [ 101.682245952815038, 2.842666533689638 ], [ 101.682234633107257, 2.842717721954656 ], [ 101.682255680710796, 2.842722871295907 ], [ 101.682341784850109, 2.842842312013974 ], [ 101.682658567977796, 2.842878856697021 ], [ 101.682844208123683, 2.842882517024764 ], [ 101.68281263009024, 2.842848612526413 ], [ 101.682817474741924, 2.84280041021988 ], [ 101.682667991994592, 2.842800357989624 ] ] ] } },
{ "type": "Feature", "properties": { "upi": null, "sts_warta": "Belum Warta", "no_lot": "125091", "no_pt": null, "seksyen_id": "101001000", "mukim_id": "101001", "daerah_id": "1010", "negeri_id": "10", "nama": "Pusat Perindustrian Cipta Selatan", "gtn1": "Tanah Lapang dan Rekreasi", "gtn2": "Tanah Lapang", "gtn3": "Tanah Lapang Lain", "kod_gtn": "TLR107", "no_warta": null, "trkh_warta": null, "serah_PTD": null, "Luas_h": 0.0359, "pemilik": null, "selenggara": null, "catatan": "Tindakan untuk proses pewartaan - Heda", "tahun_data": 2024, "PBT": "MPSp" }, "geometry": { "type": "Polygon", "coordinates": [ [ [ 101.681479381724785, 2.842666638572143 ], [ 101.681750854305591, 2.842782686117183 ], [ 101.681967765907004, 2.842674653212739 ], [ 101.681968843175397, 2.842666604353929 ], [ 101.681479381724785, 2.842666638572143 ] ] ] } },
{ "type": "Feature", "properties": { "upi": null, "sts_warta": "Belum Warta", "no_lot": "115601", "no_pt": null, "seksyen_id": "101001000", "mukim_id": "101001", "daerah_id": "1010", "negeri_id": "10", "nama": "Bandar Sunsuria", "gtn1": "Tanah Lapang dan Rekreasi", "gtn2": "Tanah Lapang", "gtn3": "Tanah Lapang Lain", "kod_gtn": "TLR107", "no_warta": null, "trkh_warta": null, "serah_PTD": null, "Luas_h": 0.9339, "pemilik": null, "selenggara": null, "catatan": "Tindakan untuk proses pewartaan - Heda", "tahun_data": 2024, "PBT": "MPSp" }, "geometry": { "type": "Polygon", "coordinates": [ [ [ 101.6967841214868, 2.836661300097719 ], [ 101.697430588382119, 2.836551702742354 ], [ 101.698313670248638, 2.836368157433391 ], [ 101.698506238643631, 2.836047609728207 ], [ 101.696812019519044, 2.83604245676629 ], [ 101.696800696542795, 2.836078723592178 ], [ 101.696784251328751, 2.836131631535433 ], [ 101.696783981529791, 2.836131722040933 ], [ 101.6967841214868, 2.836661300097719 ] ] ] } },
{ "type": "Feature", "properties": { "upi": null, "sts_warta": "Belum Warta", "no_lot": "115604", "no_pt": null, "seksyen_id": "101001000", "mukim_id": "101001", "daerah_id": "1010", "negeri_id": "10", "nama": "Bandar Sunsuria", "gtn1": "Tanah Lapang dan Rekreasi", "gtn2": "Tanah Lapang", "gtn3": "Tanah Lapang Lain", "kod_gtn": "TLR107", "no_warta": null, "trkh_warta": null, "serah_PTD": null, "Luas_h": 1.8685, "pemilik": null, "selenggara": null, "catatan": "Tindakan untuk proses pewartaan - Heda", "tahun_data": 2024, "PBT": "MPSp" }, "geometry": { "type": "Polygon", "coordinates": [ [ [ 101.70647579043542, 2.83628120081694 ], [ 101.707676471847805, 2.836169455433901 ], [ 101.707761980230487, 2.836076375887148 ], [ 101.703521710096055, 2.836062619826589 ], [ 101.69917539982832, 2.836049419296744 ], [ 101.699314653570312, 2.83614379426259 ], [ 101.700180809835715, 2.836236616583266 ], [ 101.703519602211045, 2.836250360057997 ], [ 101.70647579043542, 2.83628120081694 ] ] ] } },
{ "type": "Feature", "properties": { "upi": null, "sts_warta": "Belum Warta", "no_lot": "122951", "no_pt": null, "seksyen_id": "101001000", "mukim_id": "101001", "daerah_id": "1010", "negeri_id": "10", "nama": "Selangor Cyber Valley", "gtn1": "Tanah Lapang dan Rekreasi", "gtn2": "Tanah Lapang", "gtn3": "Tanah Lapang Lain", "kod_gtn": "TLR107", "no_warta": null, "trkh_warta": null, "serah_PTD": null, "Luas_h": 0.0649, "pemilik": null, "selenggara": null, "catatan": "Tindakan untuk proses pewartaan - Heda", "tahun_data": 2024, "PBT": "MPSp" }, "geometry": { "type": "Polygon", "coordinates": [ [ [ 101.626136812779265, 2.909488235415814 ], [ 101.626554766469013, 2.909351411146456 ], [ 101.626565556892601, 2.909336215980874 ], [ 101.626555830561145, 2.909278430820216 ], [ 101.626455974712528, 2.909206557037665 ], [ 101.626353708916994, 2.909223670645014 ], [ 101.626136812779265, 2.909488235415814 ] ] ] } },
{ "type": "Feature", "properties": { "upi": null, "sts_warta": "Belum Warta", "no_lot": "122952", "no_pt": null, "seksyen_id": "101001000", "mukim_id": "101001", "daerah_id": "1010", "negeri_id": "10", "nama": "Selangor Cyber Valley", "gtn1": "Tanah Lapang dan Rekreasi", "gtn2": "Tanah Lapang", "gtn3": "Tanah Lapang Lain", "kod_gtn": "TLR107", "no_warta": null, "trkh_warta": null, "serah_PTD": null, "Luas_h": 0.0501, "pemilik": null, "selenggara": null, "catatan": "Tindakan untuk proses pewartaan - Heda", "tahun_data": 2024, "PBT": "MPSp" }, "geometry": { "type": "Polygon", "coordinates": [ [ [ 101.626543620357054, 2.908956217662973 ], [ 101.626560641614091, 2.909058223425038 ], [ 101.626661307032336, 2.909130368329212 ], [ 101.626718511068461, 2.909120589371752 ], [ 101.626759244866392, 2.909063064835538 ], [ 101.626648555117555, 2.908798569303138 ], [ 101.626606474601331, 2.908867940951957 ], [ 101.626543620357054, 2.908956217662973 ] ] ] } },
{ "type": "Feature", "properties": { "upi": null, "sts_warta": "Belum Warta", "no_lot": "122950", "no_pt": null, "seksyen_id": "101001000", "mukim_id": "101001", "daerah_id": "1010", "negeri_id": "10", "nama": "Selangor Cyber Valley", "gtn1": "Tanah Lapang dan Rekreasi", "gtn2": "Tanah Lapang", "gtn3": "Lot Permainan", "kod_gtn": "TLR106", "no_warta": null, "trkh_warta": null, "serah_PTD": null, "Luas_h": 1.0862, "pemilik": null, "selenggara": null, "catatan": "Tindakan untuk proses pewartaan - Heda", "tahun_data": 2024, "PBT": "MPSp" }, "geometry": { "type": "Polygon", "coordinates": [ [ [ 101.627637833410418, 2.910296938486335 ], [ 101.627797004095143, 2.910130144682381 ], [ 101.627950558269021, 2.910201735604036 ], [ 101.628064378789531, 2.909954465316124 ], [ 101.628252900295891, 2.909495111803765 ], [ 101.628228065709322, 2.909450985389708 ], [ 101.626840235843574, 2.909249160510877 ], [ 101.626775749908532, 2.909277027782219 ], [ 101.626719909454152, 2.909355536164947 ], [ 101.626725858980635, 2.909417843814164 ], [ 101.627637833410418, 2.910296938486335 ] ] ] } },
{ "type": "Feature", "properties": { "upi": null, "sts_warta": "Belum Warta", "no_lot": "121476", "no_pt": null, "seksyen_id": "101001000", "mukim_id": "101001", "daerah_id": "1010", "negeri_id": "10", "nama": "Selangor Cyber Valley", "gtn1": "Tanah Lapang dan Rekreasi", "gtn2": "Tanah Lapang", "gtn3": "Tanah Lapang Lain", "kod_gtn": "TLR107", "no_warta": null, "trkh_warta": null, "serah_PTD": null, "Luas_h": 0.1377, "pemilik": null, "selenggara": null, "catatan": "Tindakan untuk proses pewartaan - Heda", "tahun_data": 2024, "PBT": "MPSp" }, "geometry": { "type": "Polygon", "coordinates": [ [ [ 101.629297700805566, 2.908123550421439 ], [ 101.629404174413224, 2.907589063807097 ], [ 101.629480424882871, 2.907049700225802 ], [ 101.629492267831822, 2.906907987904353 ], [ 101.629443156205468, 2.906904019321547 ], [ 101.629425915981898, 2.907043471951969 ], [ 101.629350204534489, 2.907579851100587 ], [ 101.629244000034049, 2.908110991603266 ], [ 101.62910865135126, 2.908635536659451 ], [ 101.629016689616762, 2.90888949446169 ], [ 101.62903558437668, 2.908917705774971 ], [ 101.629073356980413, 2.908894094478076 ], [ 101.629161003712042, 2.908651713122847 ], [ 101.629297700805566, 2.908123550421439 ] ] ] } },
{ "type": "Feature", "properties": { "upi": null, "sts_warta": "Belum Warta", "no_lot": "123913", "no_pt": null, "seksyen_id": "101001000", "mukim_id": "101001", "daerah_id": "1010", "negeri_id": "10", "nama": "Cybersouth", "gtn1": "Tanah Lapang dan Rekreasi", "gtn2": "Tanah Lapang", "gtn3": "Tanah Lapang Lain", "kod_gtn": "TLR107", "no_warta": null, "trkh_warta": null, "serah_PTD": null, "Luas_h": 0.4506, "pemilik": null, "selenggara": null, "catatan": "Tindakan untuk proses pewartaan - Heda", "tahun_data": 2024, "PBT": "MPSp" }, "geometry": { "type": "Polygon", "coordinates": [ [ [ 101.660508168945341, 2.867152451571446 ], [ 101.661881209700638, 2.867765263775672 ], [ 101.661449982109588, 2.868741688659039 ], [ 101.661459697033479, 2.868746027150439 ], [ 101.661573307733846, 2.868797004546775 ], [ 101.661577352943297, 2.868787508045619 ], [ 101.662059551152979, 2.867696310611904 ], [ 101.66056291523202, 2.867028453981301 ], [ 101.660508168945341, 2.867152451571446 ] ] ] } },
{ "type": "Feature", "properties": { "upi": null, "sts_warta": "Dalam Proses", "no_lot": "115337", "no_pt": null, "seksyen_id": "101003000", "mukim_id": "101003", "daerah_id": "1010", "negeri_id": "10", "nama": "Taman Lestari Indah", "gtn1": "Tanah Lapang dan Rekreasi", "gtn2": "Tanah Lapang", "gtn3": "Lot Permainan", "kod_gtn": "TLR106", "no_warta": null, "trkh_warta": null, "serah_PTD": "26/2/2025", "Luas_h": 0.0533, "pemilik": null, "selenggara": null, "catatan": null, "tahun_data": 2024, "PBT": "MPSp" }, "geometry": { "type": "Polygon", "coordinates": [ [ [ 101.710919293071555, 2.650820160671631 ], [ 101.710979974735451, 2.65074607972016 ], [ 101.710627566970373, 2.650461848576017 ], [ 101.710566885297311, 2.650535929511342 ], [ 101.710919293071555, 2.650820160671631 ] ] ] } },
{ "type": "Feature", "properties": { "upi": null, "sts_warta": "Belum Warta", "no_lot": "116414", "no_pt": null, "seksyen_id": "101003000", "mukim_id": "101003", "daerah_id": "1010", "negeri_id": "10", "nama": "Taman Sentosa", "gtn1": "Tanah Lapang dan Rekreasi", "gtn2": "Tanah Lapang", "gtn3": "Tanah Lapang Lain", "kod_gtn": "TLR107", "no_warta": null, "trkh_warta": null, "serah_PTD": null, "Luas_h": 0.0147, "pemilik": null, "selenggara": null, "catatan": "Tindakan untuk proses pewartaan - Heda", "tahun_data": 2024, "PBT": "MPSp" }, "geometry": { "type": "Polygon", "coordinates": [ [ [ 101.711914024281654, 2.651003028382838 ], [ 101.711924003052076, 2.650990907669895 ], [ 101.71135869317591, 2.650535180055852 ], [ 101.711348444785557, 2.650547933870058 ], [ 101.711913484882956, 2.651003661559157 ], [ 101.711914024281654, 2.651003028382838 ] ] ] } },
{ "type": "Feature", "properties": { "upi": null, "sts_warta": "Belum Warta", "no_lot": "115057", "no_pt": null, "seksyen_id": "101003000", "mukim_id": "101003", "daerah_id": "1010", "negeri_id": "10", "nama": "Taman Sentosa", "gtn1": "Tanah Lapang dan Rekreasi", "gtn2": "Tanah Lapang", "gtn3": "Tanah Lapang Lain", "kod_gtn": "TLR107", "no_warta": null, "trkh_warta": null, "serah_PTD": null, "Luas_h": 0.0153, "pemilik": null, "selenggara": null, "catatan": "Tindakan untuk proses pewartaan - Heda", "tahun_data": 2024, "PBT": "MPSp" }, "geometry": { "type": "Polygon", "coordinates": [ [ [ 101.710660089482303, 2.649992851550433 ], [ 101.711235382960055, 2.650457168129726 ], [ 101.711246170843296, 2.650444142874615 ], [ 101.710670877414799, 2.649980007167161 ], [ 101.710660089482303, 2.649992851550433 ] ] ] } },
{ "type": "Feature", "properties": { "upi": null, "sts_warta": "Belum Warta", "no_lot": "115355", "no_pt": null, "seksyen_id": "101003000", "mukim_id": "101003", "daerah_id": "1010", "negeri_id": "10", "nama": "Taman Harmoni", "gtn1": "Tanah Lapang dan Rekreasi", "gtn2": "Tanah Lapang", "gtn3": "Lot Permainan", "kod_gtn": "TLR106", "no_warta": null, "trkh_warta": null, "serah_PTD": null, "Luas_h": 0.0505, "pemilik": null, "selenggara": null, "catatan": "Tindakan untuk proses pewartaan - Heda", "tahun_data": 2024, "PBT": "MPSp" }, "geometry": { "type": "Polygon", "coordinates": [ [ [ 101.719091618347917, 2.649192999049356 ], [ 101.719177159222554, 2.649269663757416 ], [ 101.719414763530722, 2.648995043998318 ], [ 101.719332190875292, 2.648920729781835 ], [ 101.719091618347917, 2.649192999049356 ] ] ] } },
{ "type": "Feature", "properties": { "upi": null, "sts_warta": "Belum Warta", "no_lot": "115712", "no_pt": null, "seksyen_id": "101003000", "mukim_id": "101003", "daerah_id": "1010", "negeri_id": "10", "nama": "Pusat Perdagangan Harmoni", "gtn1": "Tanah Lapang dan Rekreasi", "gtn2": "Tanah Lapang", "gtn3": "Tanah Lapang Lain", "kod_gtn": "TLR107", "no_warta": null, "trkh_warta": null, "serah_PTD": null, "Luas_h": 0.0293, "pemilik": null, "selenggara": null, "catatan": "Tindakan untuk proses pewartaan - Heda", "tahun_data": 2024, "PBT": "MPSp" }, "geometry": { "type": "Polygon", "coordinates": [ [ [ 101.721269567953811, 2.647195914012697 ], [ 101.721366658940113, 2.647083207741229 ], [ 101.721424660619647, 2.647078941744016 ], [ 101.721927918229127, 2.64751713715402 ], [ 101.721928187864975, 2.647516594480379 ], [ 101.721928727281423, 2.647516051733941 ], [ 101.721929266697884, 2.647515508987503 ], [ 101.721929806066086, 2.647514785374116 ], [ 101.721930345482534, 2.647514242627677 ], [ 101.721930615118367, 2.647513699954037 ], [ 101.721931154510699, 2.647513066774123 ], [ 101.721931693927147, 2.647512524027683 ], [ 101.721931963562966, 2.647511981354042 ], [ 101.721932502931182, 2.647511257740655 ], [ 101.721932772567001, 2.647510715067012 ], [ 101.721933311959333, 2.647510081887099 ], [ 101.721933581595167, 2.647509539213457 ], [ 101.7219341210116, 2.647508996467017 ], [ 101.721934390575072, 2.647508182492953 ], [ 101.721934929943245, 2.647507458879565 ], [ 101.721935199579079, 2.647506916205922 ], [ 101.721935469190797, 2.647506283098807 ], [ 101.72193600860723, 2.647505740352365 ], [ 101.721936278170688, 2.647504926378302 ], [ 101.721936547758276, 2.647504202837711 ], [ 101.721936817369965, 2.647503569730594 ], [ 101.721937356786412, 2.647503026984153 ], [ 101.72193762634987, 2.647502213010088 ], [ 101.72193789593743, 2.647501489469498 ], [ 101.721938165549133, 2.647500856362381 ], [ 101.721938435136707, 2.647500132821791 ], [ 101.72193870474841, 2.647499499714673 ], [ 101.721938974384258, 2.647498957041031 ], [ 101.721921167657641, 2.647494440171896 ], [ 101.721923323562052, 2.647485667542541 ], [ 101.721923860686331, 2.647476533616057 ], [ 101.721941934876881, 2.64747236879888 ], [ 101.721941664734331, 2.647471012369568 ], [ 101.721941394591795, 2.647469655940256 ], [ 101.721941124449245, 2.647468299510943 ], [ 101.721940854306709, 2.64746694308163 ], [ 101.721940584164159, 2.647465586652317 ], [ 101.721940044241009, 2.647464230295802 ], [ 101.721939774098473, 2.647462873866488 ], [ 101.721939234175352, 2.647461517509972 ], [ 101.721938964056932, 2.647460251514134 ], [ 101.721938424182071, 2.647459076024564 ], [ 101.721937884258921, 2.647457719668048 ], [ 101.721937344335785, 2.64745636331153 ], [ 101.721936804485026, 2.647455278255434 ], [ 101.721935994781305, 2.647453921971712 ], [ 101.721935454882299, 2.647452656048669 ], [ 101.721934645226838, 2.647451480631894 ], [ 101.721934105327833, 2.647450214708848 ], [ 101.721933295696502, 2.647449129725545 ], [ 101.721932486041027, 2.647447954308769 ], [ 101.72193167640971, 2.647446869325466 ], [ 101.721930866778351, 2.647445784342162 ], [ 101.72193005714702, 2.647444699358856 ], [ 101.721929247515703, 2.647443614375552 ], [ 101.721928168103759, 2.647442529465039 ], [ 101.721927358544832, 2.647441715782156 ], [ 101.721926279084641, 2.647440450004693 ], [ 101.721925469501585, 2.647439545888334 ], [ 101.721924390162044, 2.64743873227824 ], [ 101.721923310750114, 2.647437647367723 ], [ 101.721922771044163, 2.647437104912465 ], [ 101.721894452839251, 2.647469939906681 ], [ 101.721887706731891, 2.647463973117043 ], [ 101.721867198653769, 2.647446163254106 ], [ 101.721851008103016, 2.647432240865743 ], [ 101.721834547651468, 2.647417866382516 ], [ 101.72181835700502, 2.647403582259724 ], [ 101.721802166407201, 2.647389479003619 ], [ 101.721785706005065, 2.647375285386539 ], [ 101.721769515359796, 2.647361001262954 ], [ 101.721753055030803, 2.647347078945765 ], [ 101.721736864362185, 2.647332704388175 ], [ 101.721720403937525, 2.647318420336545 ], [ 101.721704213342036, 2.647304317078853 ], [ 101.72168802272283, 2.647290123387425 ], [ 101.721671562347552, 2.647276020201942 ], [ 101.721655371753229, 2.647261916943461 ], [ 101.721638911306428, 2.647247542457013 ], [ 101.721622720664669, 2.647233258331048 ], [ 101.721606260290969, 2.647219155144493 ], [ 101.721590069674107, 2.647204961451477 ], [ 101.721573879081717, 2.647190858191676 ], [ 101.721557418709196, 2.647176755004319 ], [ 101.721541228045297, 2.647162380443555 ], [ 101.721524767673557, 2.647148277255661 ], [ 101.721508577034541, 2.647133993127845 ], [ 101.721492116639482, 2.647119799505937 ], [ 101.721475926049436, 2.647105696244549 ], [ 101.721459735411599, 2.647091412115941 ], [ 101.72144327501772, 2.64707721849323 ], [ 101.721427084380664, 2.647062934364094 ], [ 101.721410624011654, 2.647048831174323 ], [ 101.721394433351293, 2.647034456611178 ], [ 101.721394433351293, 2.647034456611178 ], [ 101.721373925336209, 2.647016827605086 ], [ 101.721367179234065, 2.64701086081193 ], [ 101.721394958027489, 2.646978568575345 ], [ 101.721392529713995, 2.646977484027572 ], [ 101.72139037110874, 2.646976128106689 ], [ 101.721387942771173, 2.646974953125427 ], [ 101.721385514481781, 2.646973959011119 ], [ 101.721382816460064, 2.646973145836427 ], [ 101.721380388218847, 2.646972332589067 ], [ 101.721377690269392, 2.646971790714803 ], [ 101.721375262100423, 2.646971248767873 ], [ 101.72137256422323, 2.646970978194037 ], [ 101.721369866346024, 2.646970707620195 ], [ 101.721367438321579, 2.646970708274128 ], [ 101.72136474051662, 2.646970709000716 ], [ 101.721362042711675, 2.646970709727297 ], [ 101.721359344978964, 2.646970981754314 ], [ 101.721356917074914, 2.646971434575627 ], [ 101.721354219414451, 2.646971977903073 ], [ 101.721351521778075, 2.646972611663994 ], [ 101.721349093970346, 2.646973426219214 ], [ 101.721346666162617, 2.646974240774429 ], [ 101.721344238403063, 2.646975236196601 ], [ 101.721341810691655, 2.646976412485729 ], [ 101.721339383028408, 2.646977769641814 ], [ 101.721337225121573, 2.646979036291762 ], [ 101.721335067262885, 2.646980483808667 ], [ 101.721332909452357, 2.646982112192529 ], [ 101.721330751641844, 2.64698374057639 ], [ 101.721328863659963, 2.646985549754556 ], [ 101.721326975726242, 2.64698753979968 ], [ 101.721325087744347, 2.646989348977842 ], [ 101.721357738794907, 2.647017917166444 ], [ 101.72134371454338, 2.64703419897103 ], [ 101.721329690291512, 2.647050480775497 ], [ 101.721315396306949, 2.64706694351946 ], [ 101.721301372078486, 2.647083315757171 ], [ 101.721287347897828, 2.647099868861727 ], [ 101.721273053864067, 2.647116150738366 ], [ 101.721259029682727, 2.647132703842686 ], [ 101.721245005404739, 2.647148895212964 ], [ 101.721230711394014, 2.647165267522722 ], [ 101.721267949776191, 2.647197813551651 ], [ 101.721269567953811, 2.647195914012697 ] ] ] } },
{ "type": "Feature", "properties": { "upi": null, "sts_warta": "Belum Warta", "no_lot": "115710", "no_pt": null, "seksyen_id": "101003000", "mukim_id": "101003", "daerah_id": "1010", "negeri_id": "10", "nama": "Pusat Perdagangan Harmoni", "gtn1": "Tanah Lapang dan Rekreasi", "gtn2": "Tanah Lapang", "gtn3": "Tanah Lapang Lain", "kod_gtn": "TLR107", "no_warta": null, "trkh_warta": null, "serah_PTD": null, "Luas_h": 0.023, "pemilik": null, "selenggara": null, "catatan": "Tindakan untuk proses pewartaan - Heda", "tahun_data": 2024, "PBT": "MPSp" }, "geometry": { "type": "Polygon", "coordinates": [ [ [ 101.721283789249455, 2.646906432590675 ], [ 101.721283518794834, 2.646903900525847 ], [ 101.721283518144773, 2.646901458821862 ], [ 101.721283247738313, 2.646899107623996 ], [ 101.721282977307766, 2.646896665992649 ], [ 101.721282437096747, 2.64689422443394 ], [ 101.721281896957962, 2.646892054175673 ], [ 101.721281086966471, 2.6468896126896 ], [ 101.721280546803612, 2.64688735199785 ], [ 101.721279467055723, 2.646885001017895 ], [ 101.72127865713648, 2.646882830832262 ], [ 101.721277577412678, 2.646880570285785 ], [ 101.721276227956551, 2.646878490678903 ], [ 101.721275148256836, 2.646876320565905 ], [ 101.72124844827124, 2.646907436874168 ], [ 101.72122092433122, 2.646883660276607 ], [ 101.721204733723567, 2.646869466577347 ], [ 101.721188273311768, 2.646855182516961 ], [ 101.72117208272897, 2.646841079250654 ], [ 101.721155622342025, 2.646826885623212 ], [ 101.721139431711876, 2.646812601489412 ], [ 101.721123241130243, 2.646798498222315 ], [ 101.721106780768523, 2.646784395027553 ], [ 101.72109059011548, 2.646770020459479 ], [ 101.72107412975457, 2.646755917264179 ], [ 101.721057939150427, 2.646741723562543 ], [ 101.721041478742166, 2.646727439499741 ], [ 101.721025288162863, 2.646713336231059 ], [ 101.721009097583945, 2.646699232962115 ], [ 101.720992637152818, 2.646684858465026 ], [ 101.720976446574682, 2.646670755195553 ], [ 101.720959986192454, 2.646656561564895 ], [ 101.720943795566996, 2.646642277427925 ], [ 101.720927335209595, 2.646628174230214 ], [ 101.720911144633007, 2.646614070959684 ], [ 101.720894953984669, 2.646599696388438 ], [ 101.720878493628462, 2.646585593189925 ], [ 101.720862303028994, 2.64657139948512 ], [ 101.720845842697599, 2.646557386719556 ], [ 101.720829652050838, 2.646543012147251 ], [ 101.720813191672136, 2.646528818514181 ], [ 101.720797001098276, 2.646514715241804 ], [ 101.720780810476725, 2.646500431102192 ], [ 101.720764350099202, 2.64648623746832 ], [ 101.720748159550539, 2.646472224628637 ], [ 101.720731699125736, 2.646457850127254 ], [ 101.720715508529793, 2.646443656420072 ], [ 101.720700397320059, 2.646430457190992 ], [ 101.720672063820757, 2.646405776460966 ], [ 101.720700112328927, 2.646373212866187 ], [ 101.720695794833858, 2.646369415819667 ], [ 101.720686896262748, 2.646385153638766 ], [ 101.720679071478727, 2.646380814933683 ], [ 101.720670707566512, 2.646378104176297 ], [ 101.720661534817793, 2.646377292739551 ], [ 101.720652902326577, 2.646379103728901 ], [ 101.720644809948638, 2.646382994543437 ], [ 101.720637797172643, 2.646388693737748 ], [ 101.720626462697425, 2.646374770024888 ], [ 101.720623495978259, 2.646378026427733 ], [ 101.720656146922906, 2.646406323338786 ], [ 101.720641852935785, 2.646422786075306 ], [ 101.720631065108222, 2.646435540096432 ], [ 101.720627828680634, 2.646439067872245 ], [ 101.720613804449158, 2.646455440102557 ], [ 101.720599510485016, 2.646471993272203 ], [ 101.720585486228842, 2.646488275068788 ], [ 101.720571462020359, 2.646504737732233 ], [ 101.720557168007133, 2.646521110034541 ], [ 101.720543143797968, 2.64653757269775 ], [ 101.720510492828041, 2.646509185350389 ], [ 101.720509953531447, 2.646510180263681 ], [ 101.720509414282873, 2.646511356043951 ], [ 101.720509144790682, 2.646512441318274 ], [ 101.720508605566124, 2.646513707532033 ], [ 101.720508336073934, 2.646514792806354 ], [ 101.720508066605746, 2.646515968514166 ], [ 101.720507797161588, 2.646517234655466 ], [ 101.7205075276934, 2.646518410363278 ], [ 101.720507528053659, 2.646519766865606 ], [ 101.720507258561454, 2.646520852139929 ], [ 101.720507258897683, 2.64652211820877 ], [ 101.72050725920991, 2.646523293844122 ], [ 101.720507259570155, 2.646524650346452 ], [ 101.720507529710815, 2.646526006776324 ], [ 101.720507799779412, 2.646527091905728 ], [ 101.720507800115641, 2.646528357974569 ], [ 101.720508070208268, 2.646529533537462 ], [ 101.720508610057266, 2.646530618594408 ], [ 101.720508880173909, 2.646531884590789 ], [ 101.720509420046923, 2.646533060081222 ], [ 101.720509690115534, 2.646534145210626 ], [ 101.720510229964532, 2.646535230267572 ], [ 101.720511039593944, 2.646536315252054 ], [ 101.720511579442956, 2.646537400308998 ], [ 101.720512119267951, 2.646538394932451 ], [ 101.72051292892138, 2.646539570350423 ], [ 101.720513738478743, 2.646540384034438 ], [ 101.72051454808414, 2.646541378585431 ], [ 101.720515357641503, 2.646542192269445 ], [ 101.720526954596068, 2.646528624130303 ], [ 101.720533970423659, 2.646534409989498 ], [ 101.720540716518954, 2.646540376788087 ], [ 101.720528849832078, 2.646554125866793 ], [ 101.720539103961471, 2.646563437762405 ], [ 101.720637543393096, 2.646448922512973 ], [ 101.720695545021869, 2.64644456611993 ], [ 101.72122173865553, 2.64690237978941 ], [ 101.721225800889542, 2.646960708295553 ], [ 101.721233082699953, 2.646952205587335 ], [ 101.721249273309127, 2.646966399286027 ], [ 101.721270309735303, 2.64694215744756 ], [ 101.721271927936726, 2.646940348342118 ], [ 101.721273276261329, 2.646938177575386 ], [ 101.721274624658179, 2.646936278109098 ], [ 101.721275972982781, 2.646934107342364 ], [ 101.721277051575058, 2.64693211751523 ], [ 101.721278399923733, 2.646930037181978 ], [ 101.72127920861513, 2.646927595260075 ], [ 101.721280287159232, 2.646925424565978 ], [ 101.721281095922862, 2.646923253944519 ], [ 101.721281634833758, 2.646920812095256 ], [ 101.721282173744669, 2.646918370245994 ], [ 101.721282712727785, 2.646916199697173 ], [ 101.721283251614608, 2.646913667414429 ], [ 101.721283520745033, 2.646911225637804 ], [ 101.721283520119044, 2.6469088743673 ], [ 101.721283789249455, 2.646906432590675 ] ] ] } },
{ "type": "Feature", "properties": { "upi": null, "sts_warta": "Belum Warta", "no_lot": "115707", "no_pt": null, "seksyen_id": "101003000", "mukim_id": "101003", "daerah_id": "1010", "negeri_id": "10", "nama": "Pusat Perdagangan Harmoni", "gtn1": "Tanah Lapang dan Rekreasi", "gtn2": "Tanah Lapang", "gtn3": "Tanah Lapang Lain", "kod_gtn": "TLR107", "no_warta": null, "trkh_warta": null, "serah_PTD": null, "Luas_h": 0.0216, "pemilik": null, "selenggara": null, "catatan": "Tindakan untuk proses pewartaan - Heda", "tahun_data": 2024, "PBT": "MPSp" }, "geometry": { "type": "Polygon", "coordinates": [ [ [ 101.720992782570718, 2.647231528873065 ], [ 101.720934780834568, 2.647235613984078 ], [ 101.720408856930817, 2.646777800126686 ], [ 101.720404524956223, 2.64671947168521 ], [ 101.720503234191142, 2.646604956371225 ], [ 101.720492980157701, 2.646596006209284 ], [ 101.720481113469845, 2.646609755287653 ], [ 101.720474367398424, 2.646603878922244 ], [ 101.720474367398424, 2.646603878922244 ], [ 101.720467621303072, 2.6465979121233 ], [ 101.720479218258603, 2.646584343984486 ], [ 101.720478138920811, 2.646583530372903 ], [ 101.720477329411466, 2.646582897555843 ], [ 101.720476250097704, 2.646582174377748 ], [ 101.720475170831975, 2.646581632066627 ], [ 101.720474091566231, 2.646581089755507 ], [ 101.72047274259215, 2.646580818817304 ], [ 101.720471663326407, 2.646580276506182 ], [ 101.720470584132713, 2.646580005495524 ], [ 101.720469235086583, 2.646579463256851 ], [ 101.720468155892888, 2.646579192246191 ], [ 101.720466806966826, 2.64657910217496 ], [ 101.720465727797162, 2.646578921597787 ], [ 101.7204643788711, 2.646578831526552 ], [ 101.720463299701422, 2.646578650949378 ], [ 101.720461950799361, 2.646578651311631 ], [ 101.720460871725763, 2.646578832468408 ], [ 101.720459522847705, 2.646578923264148 ], [ 101.720458443774106, 2.646579104420923 ], [ 101.720457094896062, 2.64657919521666 ], [ 101.720456015846452, 2.646579466806922 ], [ 101.720454667088489, 2.646580009770102 ], [ 101.720453588038879, 2.646580281360363 ], [ 101.720452508989283, 2.646580552950624 ], [ 101.720451160231306, 2.6465810959138 ], [ 101.720450081253745, 2.646581638804526 ], [ 101.720449002276169, 2.646582181695251 ], [ 101.720447923298607, 2.646582724585976 ], [ 101.720446844393081, 2.646583538777167 ], [ 101.72044603519592, 2.646584081595441 ], [ 101.72047868619056, 2.6466125593779 ], [ 101.720464392199062, 2.646629022112906 ], [ 101.72045036796365, 2.64664539434185 ], [ 101.720436343703852, 2.646661676137187 ], [ 101.720422049711317, 2.646678138871831 ], [ 101.720408025474867, 2.64669451110042 ], [ 101.720394001262065, 2.646710973762382 ], [ 101.720379707244476, 2.646727346063174 ], [ 101.720365682982987, 2.64674362785792 ], [ 101.720346524178026, 2.646727083671932 ], [ 101.720341670122608, 2.646734590955304 ], [ 101.720338704866364, 2.64674336380053 ], [ 101.720337897877656, 2.646752226499822 ], [ 101.72033951893701, 2.646761178980748 ], [ 101.720343028267507, 2.646769407486744 ], [ 101.720348695601601, 2.646776731078381 ], [ 101.720364877434989, 2.646757916566581 ], [ 101.720371623482805, 2.646763702499046 ], [ 101.720392131527134, 2.64678151239117 ], [ 101.720408322124285, 2.646795706102431 ], [ 101.720424782478247, 2.64680980930749 ], [ 101.720440973124198, 2.646824183885198 ], [ 101.72045743347897, 2.646838287089721 ], [ 101.720473624053639, 2.646852390366435 ], [ 101.720489814676753, 2.646866674509863 ], [ 101.720506275056707, 2.646880868147073 ], [ 101.720522465632556, 2.646894971422996 ], [ 101.720538926061323, 2.646909345926645 ], [ 101.720555116637968, 2.646923449202038 ], [ 101.720571576995454, 2.646937552404689 ], [ 101.720587767620913, 2.64695183654653 ], [ 101.720603958222739, 2.646966030254621 ], [ 101.720620418581404, 2.646980133456468 ], [ 101.720636609232074, 2.646994508031005 ], [ 101.720653069591521, 2.647008611232315 ], [ 101.720669260170865, 2.647022714505861 ], [ 101.720685720579183, 2.647036998573609 ], [ 101.72070191115931, 2.647051101846628 ], [ 101.72071810176385, 2.647065295552872 ], [ 101.720734562197393, 2.6470796700533 ], [ 101.72075075275464, 2.647093682892043 ], [ 101.720767213140874, 2.647107876524964 ], [ 101.720783403771023, 2.647122160663635 ], [ 101.720799864158053, 2.64713635429602 ], [ 101.720816054740894, 2.647150457567191 ], [ 101.720832245372208, 2.64716474170507 ], [ 101.720848705736373, 2.647178844903166 ], [ 101.720864896344438, 2.647193038607031 ], [ 101.720881356781533, 2.647207413105046 ], [ 101.720897547366306, 2.647221516374898 ], [ 101.720914007732034, 2.647235619571922 ], [ 101.720934246012149, 2.647253429525503 ], [ 101.720940992065579, 2.647259215454133 ], [ 101.720914022380285, 2.647290693563571 ], [ 101.720914831842251, 2.647291145513283 ], [ 101.720915371499586, 2.647291507102081 ], [ 101.720916180913434, 2.647291778184825 ], [ 101.720916720618902, 2.647292320640589 ], [ 101.72091753003275, 2.647292591723333 ], [ 101.720918339446612, 2.647292862806074 ], [ 101.72091914886046, 2.647293133888817 ], [ 101.720919688493751, 2.647293405044128 ], [ 101.720920497907613, 2.647293676126869 ], [ 101.720921307321461, 2.64729394720961 ], [ 101.720922116735309, 2.64729421829235 ], [ 101.720922926149186, 2.647294489375089 ], [ 101.720923465782462, 2.647294760530399 ], [ 101.720924275196325, 2.647295031613137 ], [ 101.720925084586128, 2.647295212262391 ], [ 101.720925894024035, 2.647295573778612 ], [ 101.720926703365748, 2.647295573560897 ], [ 101.720927512779596, 2.647295844643634 ], [ 101.720928322193458, 2.64729611572637 ], [ 101.720928861754587, 2.647296115581225 ], [ 101.720929671168449, 2.647296386663961 ], [ 101.720930480510148, 2.647296386446243 ], [ 101.72093128992401, 2.647296657528977 ], [ 101.720932099265696, 2.647296657311259 ], [ 101.720932908655513, 2.647296837960507 ], [ 101.720933717997198, 2.647296837742787 ], [ 101.720934527362957, 2.647296927958552 ], [ 101.720935336704656, 2.647296927740832 ], [ 101.720936146094459, 2.647297108390078 ], [ 101.720934792525014, 2.647279564657128 ], [ 101.720943964847635, 2.647278748288265 ], [ 101.720952867221271, 2.647277298957528 ], [ 101.720960419874174, 2.647272775251186 ], [ 101.720967432580991, 2.64726680475423 ], [ 101.720967162776375, 2.647266714393327 ], [ 101.720973096144377, 2.647259930285315 ], [ 101.720979029512321, 2.647253146177283 ], [ 101.720992521667753, 2.647264898900922 ], [ 101.721001691319643, 2.647254044415032 ], [ 101.720985500709148, 2.647239850713273 ], [ 101.720992782570718, 2.647231528873065 ] ] ] } },
{ "type": "Feature", "properties": { "upi": null, "sts_warta": "Belum Warta", "no_lot": "115706", "no_pt": null, "seksyen_id": "101003000", "mukim_id": "101003", "daerah_id": "1010", "negeri_id": "10", "nama": "Pusat Perdagangan Harmoni", "gtn1": "Tanah Lapang dan Rekreasi", "gtn2": "Tanah Lapang", "gtn3": "Tanah Lapang Lain", "kod_gtn": "TLR107", "no_warta": null, "trkh_warta": null, "serah_PTD": null, "Luas_h": 0.027, "pemilik": null, "selenggara": null, "catatan": "Tindakan untuk proses pewartaan - Heda", "tahun_data": 2024, "PBT": "MPSp" }, "geometry": { "type": "Polygon", "coordinates": [ [ [ 101.721591044323276, 2.647825154020116 ], [ 101.721562725909251, 2.647857265540922 ], [ 101.721566503489726, 2.647859706226629 ], [ 101.721576211375847, 2.647843877749968 ], [ 101.721583766536781, 2.64784875912129 ], [ 101.72159240031425, 2.647851741098618 ], [ 101.721601303076866, 2.647851738698416 ], [ 101.721610205429641, 2.647850198929049 ], [ 101.721618297741173, 2.647846036807017 ], [ 101.721625040739369, 2.647840337679535 ], [ 101.721636645021789, 2.647854261307045 ], [ 101.721639881714921, 2.647851728296801 ], [ 101.721640690839976, 2.647850914177286 ], [ 101.721640960475995, 2.647850371503685 ], [ 101.721137702818183, 2.64741217598322 ], [ 101.72113364065639, 2.64735411877732 ], [ 101.721232080062677, 2.647239513047439 ], [ 101.72119484168006, 2.647206967017487 ], [ 101.721067814315674, 2.647354588661866 ], [ 101.721049195196542, 2.647338586945008 ], [ 101.721043801534151, 2.647345913509071 ], [ 101.721041375819013, 2.647354595776777 ], [ 101.721041108444737, 2.647363639197627 ], [ 101.721041650388159, 2.647372591967196 ], [ 101.721023575305708, 2.647373410732528 ], [ 101.721023845375043, 2.647374495861726 ], [ 101.72103059429304, 2.647391043374145 ], [ 101.721031943460659, 2.647392037779468 ], [ 101.721058373752129, 2.647361192847183 ], [ 101.721591044323276, 2.647825154020116 ] ] ] } },
{ "type": "Feature", "properties": { "upi": null, "sts_warta": "Belum Warta", "no_lot": "115708", "no_pt": null, "seksyen_id": "101003000", "mukim_id": "101003", "daerah_id": "1010", "negeri_id": "10", "nama": "Pusat Perdagangan Harmoni", "gtn1": "Tanah Lapang dan Rekreasi", "gtn2": "Tanah Lapang", "gtn3": "Tanah Lapang Lain", "kod_gtn": "TLR107", "no_warta": null, "trkh_warta": null, "serah_PTD": null, "Luas_h": 0.0101, "pemilik": null, "selenggara": null, "catatan": "Tindakan untuk proses pewartaan - Heda", "tahun_data": 2024, "PBT": "MPSp" }, "geometry": { "type": "Polygon", "coordinates": [ [ [ 101.720677138470066, 2.646213151755458 ], [ 101.720660138321051, 2.646198144363084 ], [ 101.720656092048571, 2.646199773253105 ], [ 101.720643416361071, 2.646214788618696 ], [ 101.720573561990022, 2.646285345510019 ], [ 101.720211077982029, 2.646665263515986 ], [ 101.720216474862454, 2.646670055043046 ], [ 101.720228071773278, 2.646656306039198 ], [ 101.720255325860379, 2.646679901867454 ], [ 101.720263959674242, 2.646683064722544 ], [ 101.720257759212316, 2.646699977450715 ], [ 101.720260996649543, 2.646700247882276 ], [ 101.720272866268729, 2.646697531691476 ], [ 101.720281497490546, 2.646690927729453 ], [ 101.720249116302554, 2.646662540302585 ], [ 101.720573561990022, 2.646285345510019 ], [ 101.720606212954891, 2.646313732856374 ], [ 101.720606210744876, 2.646305412975473 ], [ 101.72060189228948, 2.646297998589031 ], [ 101.720584622383754, 2.646283081701629 ], [ 101.720643416361071, 2.646214788618696 ], [ 101.720657178305245, 2.646226631709029 ], [ 101.720651238597284, 2.646209541374459 ], [ 101.720659600994708, 2.646206554822407 ], [ 101.720665540702768, 2.646223645156924 ], [ 101.72066823845806, 2.646223463565097 ], [ 101.720677138470066, 2.646213151755458 ] ] ] } },
{ "type": "Feature", "properties": { "upi": null, "sts_warta": "Belum Warta", "no_lot": "115709", "no_pt": null, "seksyen_id": "101003000", "mukim_id": "101003", "daerah_id": "1010", "negeri_id": "10", "nama": "Pusat Perdagangan Harmoni", "gtn1": "Tanah Lapang dan Rekreasi", "gtn2": "Tanah Lapang", "gtn3": "Tanah Lapang Lain", "kod_gtn": "TLR107", "no_warta": null, "trkh_warta": null, "serah_PTD": null, "Luas_h": 0.0015, "pemilik": null, "selenggara": null, "catatan": "Tindakan untuk proses pewartaan - Heda", "tahun_data": 2024, "PBT": "MPSp" }, "geometry": { "type": "Polygon", "coordinates": [ [ [ 101.720707376718607, 2.646299145882832 ], [ 101.720707646354782, 2.646298603209415 ], [ 101.720708185771301, 2.646298060463498 ], [ 101.720708455407475, 2.64629751779008 ], [ 101.72070872501962, 2.646296884683172 ], [ 101.720709264436138, 2.646296341937257 ], [ 101.720709534024252, 2.646295618396865 ], [ 101.720709803660426, 2.646295075723444 ], [ 101.720709803492213, 2.646294442689034 ], [ 101.72071007308034, 2.646293719148641 ], [ 101.720710342692485, 2.646293086041734 ], [ 101.720710342500254, 2.646292362573837 ], [ 101.720710342356071, 2.646291819972915 ], [ 101.720710611920154, 2.646291005999033 ], [ 101.720710611751954, 2.646290372964623 ], [ 101.720710611559724, 2.646289649496727 ], [ 101.720710341635183, 2.646289106968301 ], [ 101.720710341418922, 2.646288293066916 ], [ 101.720710341250722, 2.646287660032507 ], [ 101.720710071278148, 2.646286936637106 ], [ 101.720710071109934, 2.646286303602696 ], [ 101.720709801137346, 2.646285580207296 ], [ 101.720709531212833, 2.64628503767887 ], [ 101.720709261264275, 2.646284404716956 ], [ 101.720708991339762, 2.64628386218853 ], [ 101.72070845158683, 2.646283138865625 ], [ 101.720708181662317, 2.646282596337198 ], [ 101.720707641957432, 2.646282053881267 ], [ 101.720707372032919, 2.646281511352839 ], [ 101.720706832328062, 2.646280968896908 ], [ 101.72069523537742, 2.646294537037257 ], [ 101.720688489354927, 2.646288841539876 ], [ 101.720681473456068, 2.646282784380989 ], [ 101.720674727385671, 2.64627690801654 ], [ 101.720667981291314, 2.646270941218557 ], [ 101.720661235197028, 2.64626497442053 ], [ 101.720672832147812, 2.646251406280482 ], [ 101.720672022590563, 2.646250592596556 ], [ 101.720671752714125, 2.646250230935093 ], [ 101.720671213081346, 2.646249959779605 ], [ 101.720670943228939, 2.64624968855163 ], [ 101.720670403620218, 2.646249507829629 ], [ 101.720670133767797, 2.646249236601653 ], [ 101.720669594135046, 2.646248965446163 ], [ 101.720669054550328, 2.646248875157649 ], [ 101.720668514941607, 2.646248694435647 ], [ 101.720668245161249, 2.646248694508133 ], [ 101.720667705528498, 2.646248423352643 ], [ 101.720667165967825, 2.646248423497615 ], [ 101.720666626407152, 2.646248423642588 ], [ 101.720666356626808, 2.646248423715074 ], [ 101.720665817066134, 2.646248423860046 ], [ 101.720665277505447, 2.646248424005017 ], [ 101.720664737944773, 2.646248424149989 ], [ 101.720664198456177, 2.646248695595421 ], [ 101.720663928675833, 2.646248695667907 ], [ 101.720663389163207, 2.646248876679853 ], [ 101.720662849626549, 2.646248967258312 ], [ 101.720662579894267, 2.646249148197772 ], [ 101.720662040405671, 2.646249419643204 ], [ 101.72066150091706, 2.646249691088638 ], [ 101.720661231208794, 2.646249962461585 ], [ 101.720660691720198, 2.646250233907018 ], [ 101.720660422011932, 2.646250505279966 ], [ 101.720660152303665, 2.646250776652913 ], [ 101.720659612839086, 2.646251138531833 ], [ 101.720659343130833, 2.646251409904781 ], [ 101.720652600760545, 2.64625946029728 ], [ 101.720666092973062, 2.646271484326891 ], [ 101.720660159607419, 2.64627826843315 ], [ 101.720654226241706, 2.646285052539389 ], [ 101.720640734053163, 2.646273118943142 ], [ 101.720631834088536, 2.646283611619575 ], [ 101.720631294696005, 2.646284244798948 ], [ 101.720630755351522, 2.646285058845299 ], [ 101.720630216007052, 2.646285872891647 ], [ 101.720629676710601, 2.646286867804971 ], [ 101.720629407146475, 2.646287681778841 ], [ 101.720629137606352, 2.646288586186198 ], [ 101.720628868090259, 2.646289581027045 ], [ 101.720628598550164, 2.646290485434402 ], [ 101.720628598814415, 2.646291480202768 ], [ 101.720628599054649, 2.646292384537647 ], [ 101.7206285993189, 2.646293379306014 ], [ 101.720628599559134, 2.646294283640892 ], [ 101.720628869627774, 2.646295368770268 ], [ 101.720629139624336, 2.646296182599181 ], [ 101.720629409668945, 2.646297177295067 ], [ 101.720629679689523, 2.646298081557466 ], [ 101.720630219466429, 2.646298895313899 ], [ 101.720630489462991, 2.64629970914281 ], [ 101.720631029239911, 2.64630052289924 ], [ 101.720631838797175, 2.646301336583192 ], [ 101.720632378574095, 2.646302150339622 ], [ 101.720633188059296, 2.646302692723109 ], [ 101.720633727812185, 2.646303416046051 ], [ 101.720634537297386, 2.646303958429537 ], [ 101.720635346782586, 2.646304500813022 ], [ 101.720636156219726, 2.64630486232953 ], [ 101.720636965704927, 2.646305404713013 ], [ 101.720638044898408, 2.646305675723553 ], [ 101.720638854311531, 2.646305946806572 ], [ 101.720637500628968, 2.64628795090491 ], [ 101.72064640316421, 2.646287134611625 ], [ 101.720655305723483, 2.646286408751765 ], [ 101.720656929210676, 2.646304495014377 ], [ 101.720656384820842, 2.646286318028339 ], [ 101.720665287524241, 2.646286134769333 ], [ 101.720665831890173, 2.646304221321865 ], [ 101.720667175986677, 2.646286134261925 ], [ 101.720676078930353, 2.646286855337715 ], [ 101.720674734809947, 2.646304851964162 ], [ 101.720674734809947, 2.646304851964162 ], [ 101.720677158075773, 2.646286945481247 ], [ 101.720686061187635, 2.646288299591376 ], [ 101.720683637921951, 2.646306206074292 ], [ 101.720684447335103, 2.64630647715728 ], [ 101.720685256724209, 2.64630665780678 ], [ 101.720685796356989, 2.646306928962258 ], [ 101.720686605722065, 2.646307019178271 ], [ 101.720687415111172, 2.646307199827769 ], [ 101.720688224476262, 2.646307290043779 ], [ 101.720689033865369, 2.646307470693277 ], [ 101.72068984323046, 2.646307560909286 ], [ 101.72069065257152, 2.646307560691808 ], [ 101.720691192132207, 2.646307560546822 ], [ 101.720692001473267, 2.646307560329343 ], [ 101.720692810790297, 2.646307469678375 ], [ 101.720693620131357, 2.646307469460896 ], [ 101.720694429424356, 2.64630728837644 ], [ 101.720695238741371, 2.646307197725472 ], [ 101.720696048010339, 2.646306926207527 ], [ 101.720696857303352, 2.646306745123072 ], [ 101.720697396791962, 2.64630647367762 ], [ 101.720698206060931, 2.646306202159677 ], [ 101.720699015329899, 2.646305930641731 ], [ 101.720699554818509, 2.646305659196281 ], [ 101.720700364087492, 2.646305387678333 ], [ 101.720701173284368, 2.646304844859925 ], [ 101.720701712748948, 2.646304482980986 ], [ 101.720702252189511, 2.64630403066856 ], [ 101.720703061386388, 2.646303487850151 ], [ 101.720703600850982, 2.646303125971211 ], [ 101.720704140291531, 2.646302673658784 ], [ 101.720704679708064, 2.646302130912869 ], [ 101.720707376718607, 2.646299145882832 ] ] ] } },
{ "type": "Feature", "properties": { "upi": null, "sts_warta": "Belum Warta", "no_lot": "115705", "no_pt": null, "seksyen_id": "101003000", "mukim_id": "101003", "daerah_id": "1010", "negeri_id": "10", "nama": "Pusat Perdagangan Harmoni", "gtn1": "Tanah Lapang dan Rekreasi", "gtn2": "Tanah Lapang", "gtn3": "Tanah Lapang Lain", "kod_gtn": "TLR107", "no_warta": null, "trkh_warta": null, "serah_PTD": null, "Luas_h": 0.0069, "pemilik": null, "selenggara": null, "catatan": "Tindakan untuk proses pewartaan - Heda", "tahun_data": 2024, "PBT": "MPSp" }, "geometry": { "type": "Polygon", "coordinates": [ [ [ 101.721512569815474, 2.647944004771754 ], [ 101.72160026882068, 2.648020035689156 ], [ 101.721618877735125, 2.647997693601411 ], [ 101.721677671049676, 2.647926868330683 ], [ 101.721698167823519, 2.647902264895899 ], [ 101.721681437513809, 2.647887619183631 ], [ 101.721666873118039, 2.647901730734451 ], [ 101.721656623380596, 2.647908968176993 ], [ 101.721665530411698, 2.647924972501519 ], [ 101.721656359242289, 2.647930129683132 ], [ 101.721629383993005, 2.647940717674414 ], [ 101.721623983822013, 2.647923627202239 ], [ 101.721630739768216, 2.647966490851418 ], [ 101.721609427984163, 2.647969842636632 ], [ 101.721602672086874, 2.6479271598542 ], [ 101.721599715999105, 2.647970297422593 ], [ 101.721578133132368, 2.647968765872282 ], [ 101.721581089196789, 2.647925537870368 ], [ 101.721571388373519, 2.647967863355808 ], [ 101.721550344176393, 2.64796298562089 ], [ 101.721560045000345, 2.647920660135527 ], [ 101.72154090093558, 2.647959551694147 ], [ 101.721521474169577, 2.647949970981544 ], [ 101.721540618258942, 2.647911169856639 ], [ 101.721512569815474, 2.647944004771754 ] ], [ [ 101.721512569815474, 2.647944004771754 ], [ 101.721512569815474, 2.647944004771754 ], [ 101.721540618258942, 2.647911169856639 ], [ 101.721512569815474, 2.647944004771754 ] ] ] } },
{ "type": "Feature", "properties": { "upi": null, "sts_warta": "Belum Warta", "no_lot": "115717", "no_pt": null, "seksyen_id": "101003000", "mukim_id": "101003", "daerah_id": "1010", "negeri_id": "10", "nama": "Pusat Perdagangan Harmoni", "gtn1": "Tanah Lapang dan Rekreasi", "gtn2": "Tanah Lapang", "gtn3": "Tanah Lapang Lain", "kod_gtn": "TLR107", "no_warta": null, "trkh_warta": null, "serah_PTD": null, "Luas_h": 0.0119, "pemilik": null, "selenggara": null, "catatan": "Tindakan untuk proses pewartaan - Heda", "tahun_data": 2024, "PBT": "MPSp" }, "geometry": { "type": "Polygon", "coordinates": [ [ [ 101.722068997220376, 2.647456146912623 ], [ 101.722007473052912, 2.647402988632948 ], [ 101.7218401707119, 2.647259154105319 ], [ 101.7218264161002, 2.647274893241252 ], [ 101.721825337918602, 2.647278420437862 ], [ 101.721826957349677, 2.647281223438992 ], [ 101.721840981645514, 2.647265122496377 ], [ 101.722003966918834, 2.647406787785375 ], [ 101.721989942720285, 2.647423250463637 ], [ 101.721992643132552, 2.647433016550712 ], [ 101.721995074729577, 2.647446400049526 ], [ 101.72203850887486, 2.647444398790046 ], [ 101.722039600403363, 2.647490881303969 ], [ 101.721995895727744, 2.647490079198824 ], [ 101.721987809911425, 2.647518567927296 ], [ 101.72197783415838, 2.647541540723518 ], [ 101.721804149350348, 2.647743706416537 ], [ 101.721818451006172, 2.64775600151191 ], [ 101.722068997220376, 2.647456146912623 ] ] ] } },
{ "type": "Feature", "properties": { "upi": null, "sts_warta": "Belum Warta", "no_lot": "115714", "no_pt": null, "seksyen_id": "101003000", "mukim_id": "101003", "daerah_id": "1010", "negeri_id": "10", "nama": "Pusat Perdagangan Harmoni", "gtn1": "Tanah Lapang dan Rekreasi", "gtn2": "Tanah Lapang", "gtn3": "Tanah Lapang Lain", "kod_gtn": "TLR107", "no_warta": null, "trkh_warta": null, "serah_PTD": null, "Luas_h": 0.0031, "pemilik": null, "selenggara": null, "catatan": "Tindakan untuk proses pewartaan - Heda", "tahun_data": 2024, "PBT": "MPSp" }, "geometry": { "type": "Polygon", "coordinates": [ [ [ 101.721511765296754, 2.646949688826034 ], [ 101.721513114512419, 2.646950864097807 ], [ 101.721586511844038, 2.647014780792828 ], [ 101.721782148093197, 2.647184923865874 ], [ 101.721754099718254, 2.647217939650941 ], [ 101.72176165386297, 2.647219022815621 ], [ 101.721790241485337, 2.647184831249703 ], [ 101.72161349423277, 2.64703105154771 ], [ 101.721588940230063, 2.647016136640622 ], [ 101.721598108646091, 2.647000670043771 ], [ 101.721511765296754, 2.646949688826034 ] ] ] } },
{ "type": "Feature", "properties": { "upi": null, "sts_warta": "Belum Warta", "no_lot": "115715", "no_pt": null, "seksyen_id": "101003000", "mukim_id": "101003", "daerah_id": "1010", "negeri_id": "10", "nama": "Pusat Perdagangan Harmoni", "gtn1": "Tanah Lapang dan Rekreasi", "gtn2": "Tanah Lapang", "gtn3": "Tanah Lapang Lain", "kod_gtn": "TLR107", "no_warta": null, "trkh_warta": null, "serah_PTD": null, "Luas_h": 0.0011, "pemilik": null, "selenggara": null, "catatan": "Tindakan untuk proses pewartaan - Heda", "tahun_data": 2024, "PBT": "MPSp" }, "geometry": { "type": "Polygon", "coordinates": [ [ [ 101.721783752524445, 2.647131477245043 ], [ 101.721795619226313, 2.647117818588928 ], [ 101.721802365282912, 2.647123604512446 ], [ 101.721809111436031, 2.647129752169822 ], [ 101.721815857492786, 2.64713553809325 ], [ 101.721822873354228, 2.647141414377344 ], [ 101.721811006652487, 2.647155073033707 ], [ 101.721813705084884, 2.647157423576461 ], [ 101.721819908156021, 2.647150368091826 ], [ 101.721820447572384, 2.647149825345446 ], [ 101.721820986916384, 2.64714901129864 ], [ 101.721821256503986, 2.647148287758071 ], [ 101.721821795847987, 2.647147473711264 ], [ 101.721822065459691, 2.647146840604171 ], [ 101.721822335023163, 2.647146026630128 ], [ 101.721822604586634, 2.647145212656084 ], [ 101.721822874174237, 2.647144489115516 ], [ 101.72182314378594, 2.647143856008422 ], [ 101.721823143568884, 2.647143042107142 ], [ 101.721823143303581, 2.64714204733891 ], [ 101.721823143086525, 2.64714123343763 ], [ 101.7218231429177, 2.6471406004033 ], [ 101.721823142700643, 2.64713978650202 ], [ 101.721822872654812, 2.647138791806551 ], [ 101.721822872437755, 2.64713797790527 ], [ 101.721822602440156, 2.647137164076752 ], [ 101.721822332490802, 2.647136531115186 ], [ 101.721822062493217, 2.647135717286668 ], [ 101.721821522715103, 2.647134903530913 ], [ 101.721821252741634, 2.647134180135871 ], [ 101.721820713011738, 2.647133547247067 ], [ 101.721820173305986, 2.647133004791737 ], [ 101.721819633551974, 2.647132281469458 ], [ 101.721819093822106, 2.647131648580652 ], [ 101.721818554116339, 2.647131106125324 ], [ 101.721818014410573, 2.647130563669992 ], [ 101.721817204996626, 2.647130292587851 ], [ 101.721816665290874, 2.647129750132519 ], [ 101.721750828449302, 2.6470907910563 ], [ 101.721750288815926, 2.647090519901364 ], [ 101.721750019011296, 2.647090429540634 ], [ 101.721749479402021, 2.647090248819172 ], [ 101.721748939816877, 2.647090158531187 ], [ 101.721748670036348, 2.647090158603933 ], [ 101.721748130475305, 2.647090158749424 ], [ 101.721747590938378, 2.647090249328391 ], [ 101.721747051425552, 2.647090430340836 ], [ 101.721746781669154, 2.647090520847057 ], [ 101.721746242156328, 2.6470907018595 ], [ 101.721745972448147, 2.647090973232674 ], [ 101.721745702739952, 2.64709124460585 ], [ 101.721745163251256, 2.647091516051768 ], [ 101.721744893615394, 2.647092058725372 ], [ 101.721744623907213, 2.647092330098546 ], [ 101.721744354271365, 2.647092872772149 ], [ 101.721744354343699, 2.647093144072577 ], [ 101.721744084659619, 2.647093505879229 ], [ 101.72174408478017, 2.647093958046611 ], [ 101.72174408492485, 2.647094500647469 ], [ 101.721744085021299, 2.647094862381374 ], [ 101.72174408514185, 2.647095314548757 ], [ 101.721744085286517, 2.647095857149616 ], [ 101.721744355211712, 2.647096399677729 ], [ 101.721744355284045, 2.647096670978159 ], [ 101.721744625161023, 2.647097032639319 ], [ 101.721744895062102, 2.647097484733956 ], [ 101.72174516491495, 2.64709775596164 ], [ 101.721745434791927, 2.647098117622801 ], [ 101.721783752524445, 2.647131477245043 ] ] ] } },
{ "type": "Feature", "properties": { "upi": null, "sts_warta": "Belum Warta", "no_lot": "115716", "no_pt": null, "seksyen_id": "101003000", "mukim_id": "101003", "daerah_id": "1010", "negeri_id": "10", "nama": "Pusat Perdagangan Harmoni", "gtn1": "Tanah Lapang dan Rekreasi", "gtn2": "Tanah Lapang", "gtn3": "Tanah Lapang Lain", "kod_gtn": "TLR107", "no_warta": null, "trkh_warta": null, "serah_PTD": null, "Luas_h": 0.0016, "pemilik": null, "selenggara": null, "catatan": "Tindakan untuk proses pewartaan - Heda", "tahun_data": 2024, "PBT": "MPSp" }, "geometry": { "type": "Polygon", "coordinates": [ [ [ 101.721796733365181, 2.647249127704774 ], [ 101.721810218124105, 2.647233117341492 ], [ 101.721804821283087, 2.647228506689483 ], [ 101.721886269752986, 2.647133800864432 ], [ 101.721863604594461, 2.647120332389673 ], [ 101.721856593532834, 2.647132452367413 ], [ 101.721858212505452, 2.647133537132492 ], [ 101.721853088194933, 2.647139235824074 ], [ 101.721866850137772, 2.647150988464513 ], [ 101.721860916823303, 2.647157953443105 ], [ 101.721854983460545, 2.647164737554724 ], [ 101.721849050097717, 2.647171521666321 ], [ 101.721843116758961, 2.647178396211375 ], [ 101.721837453176548, 2.647185180250162 ], [ 101.721831519813549, 2.647191964361698 ], [ 101.721825586498724, 2.647198929340165 ], [ 101.721819653135597, 2.647205713451658 ], [ 101.721813719796529, 2.647212587996608 ], [ 101.721808056213845, 2.647219372035298 ], [ 101.721802122850534, 2.647226156146729 ], [ 101.721796189535411, 2.647233121125092 ], [ 101.721790256171985, 2.647239905236481 ], [ 101.72177676403345, 2.647228242955958 ], [ 101.721776764105797, 2.647228514256386 ], [ 101.721776494421718, 2.647228876063045 ], [ 101.72177622476174, 2.64722932830318 ], [ 101.721776224858203, 2.647229690037085 ], [ 101.721775955198225, 2.647230142277219 ], [ 101.721775955294675, 2.647230504011123 ], [ 101.721775955415254, 2.647230956178503 ], [ 101.721775685779392, 2.647231498852114 ], [ 101.721775685851739, 2.647231770152542 ], [ 101.72177568599642, 2.647232312753398 ], [ 101.721775686092897, 2.647232674487301 ], [ 101.721775686213462, 2.64723312665468 ], [ 101.721775686309925, 2.647233488388585 ], [ 101.721775686430504, 2.647233940555964 ], [ 101.721775956355756, 2.647234483084064 ], [ 101.72177595642809, 2.647234754384491 ], [ 101.721775956572785, 2.647235296985348 ], [ 101.721776226425675, 2.64723556821302 ], [ 101.721776496302695, 2.647235929874168 ], [ 101.721776496423274, 2.647236382041547 ], [ 101.72177676630028, 2.647236743702695 ], [ 101.721777036201416, 2.647237195797319 ], [ 101.721777036273764, 2.647237467097745 ], [ 101.721777306199002, 2.647238009625845 ], [ 101.721777576051906, 2.647238280853517 ], [ 101.721777845904796, 2.647238552081188 ], [ 101.721778115757701, 2.647238823308861 ], [ 101.721778385634721, 2.647239184970008 ], [ 101.721778925268168, 2.647239456124923 ], [ 101.721788369806234, 2.647247773458186 ], [ 101.721790258704203, 2.647249400751439 ], [ 101.721790528508876, 2.647249491112154 ], [ 101.721790798361781, 2.647249762339823 ], [ 101.721790798410012, 2.647249943206774 ], [ 101.721791068190555, 2.647249943134014 ], [ 101.721791337995228, 2.647250033494732 ], [ 101.721791607824031, 2.647250214288923 ], [ 101.721791877628704, 2.647250304649639 ], [ 101.721791877628704, 2.647250304649639 ], [ 101.721792147457478, 2.647250485443832 ], [ 101.721792417238049, 2.647250485371072 ], [ 101.721792687018592, 2.647250485298312 ], [ 101.721792956799149, 2.647250485225553 ], [ 101.721793226579706, 2.647250485152792 ], [ 101.721793496360263, 2.647250485080032 ], [ 101.72179376614082, 2.647250485007273 ], [ 101.721794035921377, 2.647250484934514 ], [ 101.721794035921377, 2.647250484934514 ], [ 101.721794305653702, 2.647250303994801 ], [ 101.721794575434245, 2.647250303922041 ], [ 101.721794845190686, 2.647250213415806 ], [ 101.721795114971243, 2.647250213343045 ], [ 101.721795384703569, 2.647250032403334 ], [ 101.721795384679453, 2.647249941969857 ], [ 101.721795654411778, 2.647249761030147 ], [ 101.721795924168205, 2.647249670523911 ], [ 101.721796193900531, 2.647249489584198 ], [ 101.721796193876415, 2.647249399150723 ], [ 101.721796463584624, 2.647249127777535 ], [ 101.721796733365181, 2.647249127704774 ] ] ] } },
{ "type": "Feature", "properties": { "upi": null, "sts_warta": "Belum Warta", "no_lot": "115713", "no_pt": null, "seksyen_id": "101003000", "mukim_id": "101003", "daerah_id": "1010", "negeri_id": "10", "nama": "Pusat Perdagangan Harmoni", "gtn1": "Tanah Lapang dan Rekreasi", "gtn2": "Tanah Lapang", "gtn3": "Tanah Lapang Lain", "kod_gtn": "TLR107", "no_warta": null, "trkh_warta": null, "serah_PTD": null, "Luas_h": 0.0036, "pemilik": null, "selenggara": null, "catatan": "Tindakan untuk proses pewartaan - Heda", "tahun_data": 2024, "PBT": "MPSp" }, "geometry": { "type": "Polygon", "coordinates": [ [ [ 101.721444049960027, 2.64694807926674 ], [ 101.721472368190774, 2.646915334716065 ], [ 101.721511765296754, 2.646949688826034 ], [ 101.721520933665161, 2.646934041362724 ], [ 101.721523631903736, 2.646935668438422 ], [ 101.721530643015925, 2.646923729329225 ], [ 101.721463726952607, 2.646884318358411 ], [ 101.72144134198993, 2.646909917065157 ], [ 101.721435949054012, 2.646919956634843 ], [ 101.721434872461273, 2.646929452440883 ], [ 101.721438382690863, 2.646941026981507 ], [ 101.721444049960027, 2.64694807926674 ] ] ] } },
{ "type": "Feature", "properties": { "upi": null, "sts_warta": "Belum Warta", "no_lot": "115711", "no_pt": null, "seksyen_id": "101003000", "mukim_id": "101003", "daerah_id": "1010", "negeri_id": "10", "nama": "Pusat Perdagangan Harmoni", "gtn1": "Tanah Lapang dan Rekreasi", "gtn2": "Tanah Lapang", "gtn3": "Tanah Lapang Lain", "kod_gtn": "TLR107", "no_warta": null, "trkh_warta": null, "serah_PTD": null, "Luas_h": 0.0095, "pemilik": null, "selenggara": null, "catatan": "Tindakan untuk proses pewartaan - Heda", "tahun_data": 2024, "PBT": "MPSp" }, "geometry": { "type": "Polygon", "coordinates": [ [ [ 101.72137333397238, 2.646822305334721 ], [ 101.720750534052513, 2.646270828601316 ], [ 101.720738937102425, 2.646284396742006 ], [ 101.720745683197194, 2.646290363539546 ], [ 101.720749728676779, 2.646285750344148 ], [ 101.721353367256185, 2.646811187393027 ], [ 101.721325318828889, 2.646844022301957 ], [ 101.721341507077682, 2.64684935351842 ], [ 101.721356882493424, 2.646841572097962 ], [ 101.72137333397238, 2.646822305334721 ] ] ] } },
{ "type": "Feature", "properties": { "upi": null, "sts_warta": "Warta", "no_lot": "118501", "no_pt": null, "seksyen_id": "101001000", "mukim_id": "101001", "daerah_id": "1010", "negeri_id": "10", "nama": "Taman Desiran Bayu", "gtn1": "Tanah Lapang dan Rekreasi", "gtn2": "Tanah Lapang", "gtn3": "Kawasan Hijau", "kod_gtn": "TLR302", "no_warta": "WKNS 3040", "trkh_warta": "20/6/2024", "serah_PTD": null, "Luas_h": 0.6116, "pemilik": null, "selenggara": null, "catatan": "Kawasan Hijau", "tahun_data": 2024, "PBT": "MPSp" }, "geometry": { "type": "Polygon", "coordinates": [ [ [ 101.591947042274612, 2.96213195116006 ], [ 101.592618435347362, 2.962129114449142 ], [ 101.592633001334519, 2.962095922500942 ], [ 101.592685613909609, 2.962048254097911 ], [ 101.592753073070043, 2.962026266193345 ], [ 101.592823505995057, 2.962033759203374 ], [ 101.592885038906772, 2.962069288377867 ], [ 101.592932814939715, 2.962135477200198 ], [ 101.593025644226159, 2.962135188737536 ], [ 101.593066654244851, 2.962093671971215 ], [ 101.593066366042351, 2.961993380775045 ], [ 101.592901756035715, 2.96199413467641 ], [ 101.592599521240984, 2.96199536612488 ], [ 101.592598961412676, 2.961885127240903 ], [ 101.592595008363389, 2.960925623731902 ], [ 101.591992648041412, 2.960652533682833 ], [ 101.592049294081903, 2.960526367895258 ], [ 101.592116729709005, 2.960375511650137 ], [ 101.592184704957944, 2.960224293566612 ], [ 101.592240811369095, 2.960098760908232 ], [ 101.592075648164354, 2.960023821546169 ], [ 101.592041390852089, 2.960100334974523 ], [ 101.591804556490743, 2.960628060649941 ], [ 101.59223635593824, 2.960823861189715 ], [ 101.592461161542445, 2.960925557976633 ], [ 101.59247654931545, 2.960959467873063 ], [ 101.592460448168282, 2.961452968926839 ], [ 101.592458595190678, 2.961650296154418 ], [ 101.592416523103452, 2.961786949613408 ], [ 101.592147764914785, 2.961869565321984 ], [ 101.592057912310636, 2.961915341440827 ], [ 101.591946200480407, 2.961954791196433 ], [ 101.591947042274612, 2.96213195116006 ] ] ] } },
{ "type": "Feature", "properties": { "upi": null, "sts_warta": "Warta", "no_lot": "56977", "no_pt": null, "seksyen_id": "101001000", "mukim_id": "101001", "daerah_id": "1010", "negeri_id": "10", "nama": "Taman Emas Jaya", "gtn1": "Tanah Lapang dan Rekreasi", "gtn2": "Tanah Lapang", "gtn3": "Kawasan Hijau", "kod_gtn": "TLR302", "no_warta": "WKNS 3032", "trkh_warta": "20/6/2024", "serah_PTD": null, "Luas_h": 0.195, "pemilik": null, "selenggara": null, "catatan": "Kawasan Hijau", "tahun_data": 2024, "PBT": "MPSp" }, "geometry": { "type": "Polygon", "coordinates": [ [ [ 101.679905933857185, 2.864808692902174 ], [ 101.67959907553859, 2.8645622493639 ], [ 101.678662578315866, 2.863810351949419 ], [ 101.67862722354613, 2.863781964797917 ], [ 101.678605374592763, 2.863810728204664 ], [ 101.679571016690034, 2.864575821539232 ], [ 101.679581542136646, 2.864584138741362 ], [ 101.679409444853022, 2.864798329137436 ], [ 101.679717112140551, 2.865042602112913 ], [ 101.679905933857185, 2.864808692902174 ] ] ] } },
{ "type": "Feature", "properties": { "upi": null, "sts_warta": "Belum Warta", "no_lot": "38285", "no_pt": null, "seksyen_id": "101001000", "mukim_id": "101001", "daerah_id": "1010", "negeri_id": "10", "nama": "Desa Vista", "gtn1": "Tanah Lapang dan Rekreasi", "gtn2": "Kawasan Hijau", "gtn3": "Zon Penampan", "kod_gtn": "TLR301", "no_warta": null, "trkh_warta": null, "serah_PTD": null, "Luas_h": 0.0629, "pemilik": null, "selenggara": null, "catatan": "Tindakan untuk proses pewartaan - Heda", "tahun_data": 2024, "PBT": "MPSp" }, "geometry": { "type": "Polygon", "coordinates": [ [ [ 101.752995067251817, 2.839465780913037 ], [ 101.752957813425922, 2.839407734780583 ], [ 101.752828834624339, 2.839397827951982 ], [ 101.752830032461645, 2.839776831829898 ], [ 101.752980566583574, 2.839688883444754 ], [ 101.752995067251817, 2.839465780913037 ] ] ] } },
{ "type": "Feature", "properties": { "upi": null, "sts_warta": "Belum Warta", "no_lot": "38288", "no_pt": null, "seksyen_id": "101001000", "mukim_id": "101001", "daerah_id": "1010", "negeri_id": "10", "nama": "Desa Vista", "gtn1": "Tanah Lapang dan Rekreasi", "gtn2": "Kawasan Hijau", "gtn3": "Zon Penampan", "kod_gtn": "TLR301", "no_warta": null, "trkh_warta": null, "serah_PTD": null, "Luas_h": 0.8533, "pemilik": null, "selenggara": null, "catatan": "Tindakan untuk proses pewartaan - Heda", "tahun_data": 2024, "PBT": "MPSp" }, "geometry": { "type": "Polygon", "coordinates": [ [ [ 101.753236279661365, 2.829938779743317 ], [ 101.753628877747857, 2.829963977025043 ], [ 101.753636664345805, 2.829841618851322 ], [ 101.753788894455056, 2.827413085639777 ], [ 101.753846349361169, 2.826494721370393 ], [ 101.753530384364524, 2.828208162887508 ], [ 101.75344018431008, 2.828816985661509 ], [ 101.753236279661365, 2.829938779743317 ] ] ] } },
{ "type": "Feature", "properties": { "upi": null, "sts_warta": "Belum Warta", "no_lot": "38284", "no_pt": null, "seksyen_id": "101001000", "mukim_id": "101001", "daerah_id": "1010", "negeri_id": "10", "nama": "Desa Vista", "gtn1": "Tanah Lapang dan Rekreasi", "gtn2": "Kawasan Hijau", "gtn3": "Zon Penampan", "kod_gtn": "TLR301", "no_warta": null, "trkh_warta": null, "serah_PTD": null, "Luas_h": 0.1015, "pemilik": null, "selenggara": null, "catatan": "Tindakan untuk proses pewartaan - Heda", "tahun_data": 2024, "PBT": "MPSp" }, "geometry": { "type": "Polygon", "coordinates": [ [ [ 101.752924981683137, 2.840547290036362 ], [ 101.752973585379806, 2.839798219019501 ], [ 101.752830335127186, 2.839881824323098 ], [ 101.75283216286104, 2.84054921849172 ], [ 101.752924981683137, 2.840547290036362 ] ] ] } },
{ "type": "Feature", "properties": { "upi": null, "sts_warta": "Belum Warta", "no_lot": "38286", "no_pt": null, "seksyen_id": "101001000", "mukim_id": "101001", "daerah_id": "1010", "negeri_id": "10", "nama": "Desa Vista", "gtn1": "Tanah Lapang dan Rekreasi", "gtn2": "Kawasan Hijau", "gtn3": "Zon Penampan", "kod_gtn": "TLR301", "no_warta": null, "trkh_warta": null, "serah_PTD": null, "Luas_h": 0.781, "pemilik": null, "selenggara": null, "catatan": "Tindakan untuk proses pewartaan - Heda", "tahun_data": 2024, "PBT": "MPSp" }, "geometry": { "type": "Polygon", "coordinates": [ [ [ 101.752828521528642, 2.839259465723283 ], [ 101.752967214218529, 2.839270183377494 ], [ 101.753011988720672, 2.839218351167196 ], [ 101.753153811034991, 2.837158425871425 ], [ 101.753172072110914, 2.836880610246018 ], [ 101.752830469000429, 2.836857838691523 ], [ 101.752822504556946, 2.837274646432214 ], [ 101.752828521528642, 2.839259465723283 ] ] ] } },
{ "type": "Feature", "properties": { "upi": null, "sts_warta": "Belum Warta", "no_lot": "129412", "no_pt": null, "seksyen_id": "101001000", "mukim_id": "101001", "daerah_id": "1010", "negeri_id": "10", "nama": "Kampung Pulau Meranti", "gtn1": "Tanah Lapang dan Rekreasi", "gtn2": "Tanah Lapang", "gtn3": "Tanah Lapang Lain", "kod_gtn": "TLR107", "no_warta": null, "trkh_warta": null, "serah_PTD": null, "Luas_h": 0.0587, "pemilik": null, "selenggara": null, "catatan": "Tindakan untuk proses pewartaan - Heda", "tahun_data": 2024, "PBT": "MPSp" }, "geometry": { "type": "Polygon", "coordinates": [ [ [ 101.630832054342179, 2.963575212982959 ], [ 101.63098641524445, 2.96359796841741 ], [ 101.630972316277834, 2.963291129920724 ], [ 101.630831179510352, 2.963274340206248 ], [ 101.630803974811812, 2.963506941685754 ], [ 101.630839596336742, 2.963511184259238 ], [ 101.630832054342179, 2.963575212982959 ] ] ] } },
{ "type": "Feature", "properties": { "upi": null, "sts_warta": "Belum Warta", "no_lot": "126750", "no_pt": null, "seksyen_id": "101001000", "mukim_id": "101001", "daerah_id": "1010", "negeri_id": "10", "nama": "Kampung Pulau Meranti", "gtn1": "Tanah Lapang dan Rekreasi", "gtn2": "Tanah Lapang", "gtn3": "Tanah Lapang Lain", "kod_gtn": "TLR107", "no_warta": null, "trkh_warta": null, "serah_PTD": null, "Luas_h": 0.0676, "pemilik": null, "selenggara": null, "catatan": "Tindakan untuk proses pewartaan - Heda", "tahun_data": 2024, "PBT": "MPSp" }, "geometry": { "type": "Polygon", "coordinates": [ [ [ 101.630778309168861, 2.962126024470126 ], [ 101.630921064473455, 2.962140824307088 ], [ 101.630920713643519, 2.961767514002591 ], [ 101.630857298236208, 2.96176734703663 ], [ 101.630857559734935, 2.961728822215793 ], [ 101.630779572249097, 2.96172847757158 ], [ 101.630778309168861, 2.962126024470126 ] ] ] } },
{ "type": "Feature", "properties": { "upi": null, "sts_warta": "Belum Warta", "no_lot": "129706", "no_pt": null, "seksyen_id": "101001000", "mukim_id": "101001", "daerah_id": "1010", "negeri_id": "10", "nama": "Meranti Residensi", "gtn1": "Tanah Lapang dan Rekreasi", "gtn2": "Tanah Lapang", "gtn3": "Tanah Lapang Lain", "kod_gtn": "TLR107", "no_warta": null, "trkh_warta": null, "serah_PTD": null, "Luas_h": 0.0288, "pemilik": null, "selenggara": null, "catatan": "Tindakan untuk proses pewartaan - Heda", "tahun_data": 2024, "PBT": "MPSp" }, "geometry": { "type": "Polygon", "coordinates": [ [ [ 101.630086433731137, 2.964746131159448 ], [ 101.630076929990693, 2.964474018181326 ], [ 101.630032135205965, 2.96447800705954 ], [ 101.630040554024802, 2.964724708401469 ], [ 101.630040554024802, 2.964724708401469 ], [ 101.629563183435494, 2.964724722246635 ], [ 101.629517308366601, 2.96472473225689 ], [ 101.629517312993087, 2.964746165047809 ], [ 101.630086433731137, 2.964746131159448 ] ] ] } },
{ "type": "Feature", "properties": { "upi": null, "sts_warta": "Belum Warta", "no_lot": "109703", "no_pt": null, "seksyen_id": "101001000", "mukim_id": "101001", "daerah_id": "1010", "negeri_id": "10", "nama": null, "gtn1": "Tanah Lapang dan Rekreasi", "gtn2": "Tanah Lapang", "gtn3": "Tanah Lapang Lain", "kod_gtn": "TLR107", "no_warta": null, "trkh_warta": null, "serah_PTD": null, "Luas_h": 0.014, "pemilik": null, "selenggara": null, "catatan": "Tindakan untuk proses pewartaan - Heda", "tahun_data": 2024, "PBT": "MPSp" }, "geometry": { "type": "Polygon", "coordinates": [ [ [ 101.645770621616421, 2.963750623060897 ], [ 101.645904999543461, 2.963711886176065 ], [ 101.645906333926078, 2.963647316267244 ], [ 101.645772486233639, 2.963644905734889 ], [ 101.645770621616421, 2.963750623060897 ] ] ] } },
{ "type": "Feature", "properties": { "upi": null, "sts_warta": "Belum Warta", "no_lot": "110982", "no_pt": null, "seksyen_id": "101001000", "mukim_id": "101001", "daerah_id": "1010", "negeri_id": "10", "nama": null, "gtn1": "Tanah Lapang dan Rekreasi", "gtn2": "Tanah Lapang", "gtn3": "Tanah Lapang Lain", "kod_gtn": "TLR107", "no_warta": null, "trkh_warta": null, "serah_PTD": null, "Luas_h": 0.0363, "pemilik": null, "selenggara": null, "catatan": "Tindakan untuk proses pewartaan - Heda", "tahun_data": 2024, "PBT": "MPSp" }, "geometry": { "type": "Polygon", "coordinates": [ [ [ 101.644455515931128, 2.963264486065158 ], [ 101.645299784049229, 2.963994722491966 ], [ 101.64529113868231, 2.963950954632188 ], [ 101.644505170436219, 2.963271257084162 ], [ 101.644455515931128, 2.963264486065158 ] ] ] } },
{ "type": "Feature", "properties": { "upi": null, "sts_warta": "Belum Warta", "no_lot": "127648", "no_pt": null, "seksyen_id": "101001000", "mukim_id": "101001", "daerah_id": "1010", "negeri_id": "10", "nama": "Bandar Serenia", "gtn1": "Tanah Lapang dan Rekreasi", "gtn2": "Tanah Lapang", "gtn3": "Taman Kejiranan", "kod_gtn": "TLR104", "no_warta": null, "trkh_warta": "0", "serah_PTD": null, "Luas_h": 1.4275, "pemilik": null, "selenggara": null, "catatan": "Tindakan untuk proses pewartaan - Heda", "tahun_data": 2024, "PBT": "MPSp" }, "geometry": { "type": "Polygon", "coordinates": [ [ [ 101.70568973415466, 2.859770568444731 ], [ 101.705018401133785, 2.859770573462106 ], [ 101.705018451064632, 2.859953067868008 ], [ 101.704864109067231, 2.859952567950503 ], [ 101.704268597772369, 2.859952732440091 ], [ 101.704268609201506, 2.859994603062438 ], [ 101.704309904256689, 2.860036010124672 ], [ 101.70433445864353, 2.860036003347417 ], [ 101.704334446273592, 2.859990696259624 ], [ 101.704469630310101, 2.859990658938623 ], [ 101.704469642685325, 2.860035966025822 ], [ 101.704492038444755, 2.860035959841258 ], [ 101.704492026068635, 2.859990652754157 ], [ 101.704686302528273, 2.859990599087352 ], [ 101.70468631491201, 2.860035906173603 ], [ 101.705183069070316, 2.860035859231401 ], [ 101.705183106801115, 2.860173679582727 ], [ 101.705183146811606, 2.860319819797418 ], [ 101.705183161890361, 2.860374893677735 ], [ 101.704984568060496, 2.860374767763932 ], [ 101.70498460804869, 2.860520907980922 ], [ 101.704984375933606, 2.860658728408377 ], [ 101.704785782104409, 2.860658783332053 ], [ 101.704785822021933, 2.860804742684522 ], [ 101.704785837109014, 2.860859906999795 ], [ 101.704268575645713, 2.860860049902987 ], [ 101.704268734633146, 2.861442259538253 ], [ 101.703833500850465, 2.861442379622621 ], [ 101.702485976020256, 2.861442659929548 ], [ 101.702485923590743, 2.861249584784996 ], [ 101.702375833476836, 2.861249615001415 ], [ 101.702375646347875, 2.86056015133444 ], [ 101.702831116963807, 2.860560116716022 ], [ 101.702869702446378, 2.860560106113836 ], [ 101.702869829893316, 2.860036225809449 ], [ 101.703833387254932, 2.860036141543569 ], [ 101.704090533745713, 2.860036070649688 ], [ 101.704131806194027, 2.859994640806273 ], [ 101.70413179476985, 2.859952770183373 ], [ 101.703833364551301, 2.859952852461951 ], [ 101.702803969127771, 2.859952954805923 ], [ 101.702803860299142, 2.860545474005417 ], [ 101.702317629234742, 2.860545517050431 ], [ 101.702267431391533, 2.861504124139148 ], [ 101.702371345590876, 2.861615057321818 ], [ 101.703420171820397, 2.861621008885978 ], [ 101.703833545764155, 2.861607058681871 ], [ 101.704283616092354, 2.861591922563842 ], [ 101.704568175928841, 2.861191133950453 ], [ 101.704950689379089, 2.860812293486417 ], [ 101.705256823140729, 2.860367819488219 ], [ 101.705582935910058, 2.859966838314398 ], [ 101.70568973415466, 2.859770568444731 ] ] ] } },
{ "type": "Feature", "properties": { "upi": null, "sts_warta": "Belum Warta", "no_lot": "127649", "no_pt": null, "seksyen_id": "101001000", "mukim_id": "101001", "daerah_id": "1010", "negeri_id": "10", "nama": "Bandar Serenia", "gtn1": "Tanah Lapang dan Rekreasi", "gtn2": "Tanah Lapang", "gtn3": "Tanah Lapang Lain", "kod_gtn": "TLR107", "no_warta": null, "trkh_warta": null, "serah_PTD": null, "Luas_h": 0.0324, "pemilik": null, "selenggara": null, "catatan": "Tindakan untuk proses pewartaan - Heda", "tahun_data": 2024, "PBT": "MPSp" }, "geometry": { "type": "Polygon", "coordinates": [ [ [ 101.702666903959326, 2.859981207644804 ], [ 101.702666896296776, 2.859952992447847 ], [ 101.702458858594596, 2.859953049546183 ], [ 101.702343401894638, 2.860063138584578 ], [ 101.702325147039531, 2.860407694589553 ], [ 101.702369668744296, 2.860407682376525 ], [ 101.702380191860001, 2.860406956022953 ], [ 101.702387746518482, 2.860404964417041 ], [ 101.702395570514597, 2.860401164070547 ], [ 101.70240204509814, 2.860396369327584 ], [ 101.702406630832982, 2.860391394236165 ], [ 101.702411216003284, 2.860384339178251 ], [ 101.70241472149138, 2.860375927916582 ], [ 101.702369660130813, 2.860375940279277 ], [ 101.702369586515218, 2.860104640302079 ], [ 101.702414647865197, 2.860104627940559 ], [ 101.702414646981723, 2.860101372340839 ], [ 101.70238117863596, 2.860065931655867 ], [ 101.702459408682302, 2.859991483561402 ], [ 101.702492607076891, 2.860026472151518 ], [ 101.702496384674845, 2.860026471114911 ], [ 101.702496372401626, 2.85998125445241 ], [ 101.702631016780259, 2.859981217497254 ], [ 101.702631029058736, 2.860026434159171 ], [ 101.702641011998267, 2.860023808851946 ], [ 101.702650724274335, 2.860018108885714 ], [ 101.702658277333526, 2.8600102391123 ], [ 101.70266286242736, 2.860002912753697 ], [ 101.702665289114833, 2.859996400887657 ], [ 101.702666636316721, 2.859989256284682 ], [ 101.702666903959326, 2.859981207644804 ] ] ] } },
{ "type": "Feature", "properties": { "upi": null, "sts_warta": "Belum Warta", "no_lot": "127488", "no_pt": null, "seksyen_id": "101001000", "mukim_id": "101001", "daerah_id": "1010", "negeri_id": "10", "nama": "Bandar Serenia", "gtn1": "Tanah Lapang dan Rekreasi", "gtn2": "Tanah Lapang", "gtn3": "Tanah Lapang Lain", "kod_gtn": "TLR107", "no_warta": null, "trkh_warta": "0", "serah_PTD": null, "Luas_h": 0.0116, "pemilik": null, "selenggara": null, "catatan": "Tindakan untuk proses pewartaan - Heda", "tahun_data": 2024, "PBT": "MPSp" }, "geometry": { "type": "Polygon", "coordinates": [ [ [ 101.702749338470525, 2.860484898652592 ], [ 101.702557220555875, 2.860484951406545 ], [ 101.702557198088087, 2.860402204915286 ], [ 101.702557183159016, 2.860347221454361 ], [ 101.702557180482614, 2.86033736422205 ], [ 101.702557168132032, 2.860291876260086 ], [ 101.702557165480243, 2.860282109461091 ], [ 101.702557153154444, 2.860236711932407 ], [ 101.702557150502699, 2.860226945133401 ], [ 101.702557138152585, 2.86018145717135 ], [ 101.702557135500896, 2.860171690372336 ], [ 101.702557115687185, 2.86009871067965 ], [ 101.70274923353756, 2.860098657932832 ], [ 101.702749232063539, 2.860093231933472 ], [ 101.702546051248007, 2.860093287716587 ], [ 101.702505048519001, 2.860134536568628 ], [ 101.702505056472674, 2.86016383696583 ], [ 101.702550657481865, 2.860163824450588 ], [ 101.702550726991845, 2.860419841191053 ], [ 101.702505125972536, 2.860419853707416 ], [ 101.702505133927005, 2.860449154104473 ], [ 101.702546159083909, 2.860490470876111 ], [ 101.702749339969316, 2.860490415085238 ], [ 101.702749338470525, 2.860484898652592 ] ] ] } },
{ "type": "Feature", "properties": { "upi": null, "sts_warta": "Belum Warta", "no_lot": "127346", "no_pt": null, "seksyen_id": "101001000", "mukim_id": "101001", "daerah_id": "1010", "negeri_id": "10", "nama": "Bandar Serenia", "gtn1": "Tanah Lapang dan Rekreasi", "gtn2": "Tanah Lapang", "gtn3": "Tanah Lapang Lain", "kod_gtn": "TLR107", "no_warta": null, "trkh_warta": "0", "serah_PTD": null, "Luas_h": 0.2069, "pemilik": null, "selenggara": null, "catatan": "Tindakan untuk proses pewartaan - Heda", "tahun_data": 2024, "PBT": "MPSp" }, "geometry": { "type": "Polygon", "coordinates": [ [ [ 101.702364340190925, 2.859663869675784 ], [ 101.702465285071767, 2.859771005485146 ], [ 101.703047304904103, 2.859771026521344 ], [ 101.704127158044983, 2.859770819626872 ], [ 101.704127108948981, 2.859590857337375 ], [ 101.704086083795673, 2.859549631057925 ], [ 101.704075021056823, 2.859550448008362 ], [ 101.704075077223692, 2.859756364659339 ], [ 101.702786376919903, 2.859756538446284 ], [ 101.702786320761746, 2.859549807869821 ], [ 101.7026592316262, 2.859549842763785 ], [ 101.702659215861871, 2.859491784569549 ], [ 101.702453606672933, 2.859491750557787 ], [ 101.702453465416696, 2.858971125896566 ], [ 101.702400579093805, 2.85897114040057 ], [ 101.702364340190925, 2.859663869675784 ] ] ] } },
{ "type": "Feature", "properties": { "upi": null, "sts_warta": "Belum Warta", "no_lot": "127648", "no_pt": null, "seksyen_id": "101001000", "mukim_id": "101001", "daerah_id": "1010", "negeri_id": "10", "nama": "Bandar Serenia", "gtn1": "Tanah Lapang dan Rekreasi", "gtn2": "Tanah Lapang", "gtn3": "Tanah Lapang Lain", "kod_gtn": "TLR107", "no_warta": null, "trkh_warta": "0", "serah_PTD": null, "Luas_h": 0.1775, "pemilik": null, "selenggara": null, "catatan": "Tindakan untuk proses pewartaan - Heda", "tahun_data": 2024, "PBT": "MPSp" }, "geometry": { "type": "Polygon", "coordinates": [ [ [ 101.704086046204054, 2.859411810690468 ], [ 101.704127048804423, 2.859370380923641 ], [ 101.704126973741268, 2.859095192355182 ], [ 101.704085948558202, 2.859053785206787 ], [ 101.703808295318524, 2.859053771291134 ], [ 101.703808307614466, 2.859098897515343 ], [ 101.703688773718383, 2.85909893043709 ], [ 101.703688846657201, 2.859366703485291 ], [ 101.703808380580995, 2.859366670560455 ], [ 101.703808392853645, 2.8594117063511 ], [ 101.704086046204054, 2.859411810690468 ] ] ] } },
{ "type": "Feature", "properties": { "upi": null, "sts_warta": "Belum Warta", "no_lot": "127615", "no_pt": null, "seksyen_id": "101001000", "mukim_id": "101001", "daerah_id": "1010", "negeri_id": "10", "nama": "Bandar Serenia", "gtn1": "Tanah Lapang dan Rekreasi", "gtn2": "Tanah Lapang", "gtn3": "Tanah Lapang Lain", "kod_gtn": "TLR107", "no_warta": null, "trkh_warta": "0", "serah_PTD": null, "Luas_h": 0.0088, "pemilik": null, "selenggara": null, "catatan": "Tindakan untuk proses pewartaan - Heda", "tahun_data": 2024, "PBT": "MPSp" }, "geometry": { "type": "Polygon", "coordinates": [ [ [ 101.704323335790477, 2.860804870463661 ], [ 101.704323295931431, 2.860658911104661 ], [ 101.704309804502813, 2.860658914829171 ], [ 101.704268531990365, 2.860700163813855 ], [ 101.704268560583358, 2.860804885584955 ], [ 101.704323335790477, 2.860804870463661 ] ] ] } },
{ "type": "Feature", "properties": { "upi": null, "sts_warta": "Belum Warta", "no_lot": "127623", "no_pt": null, "seksyen_id": "101001000", "mukim_id": "101001", "daerah_id": "1010", "negeri_id": "10", "nama": "Bandar Serenia", "gtn1": "Tanah Lapang dan Rekreasi", "gtn2": "Tanah Lapang", "gtn3": "Tanah Lapang Lain", "kod_gtn": "TLR107", "no_warta": null, "trkh_warta": "0", "serah_PTD": null, "Luas_h": 0.0088, "pemilik": null, "selenggara": null, "catatan": "Tindakan untuk proses pewartaan - Heda", "tahun_data": 2024, "PBT": "MPSp" }, "geometry": { "type": "Polygon", "coordinates": [ [ [ 101.704323528125428, 2.860521090668545 ], [ 101.704323488220922, 2.860374950442207 ], [ 101.70426871303421, 2.860374965561238 ], [ 101.704268741623963, 2.860479687332932 ], [ 101.704310036698416, 2.860521094392878 ], [ 101.704323528125428, 2.860521090668545 ] ] ] } },
{ "type": "Feature", "properties": { "upi": null, "sts_warta": "Belum Warta", "no_lot": "127634", "no_pt": null, "seksyen_id": "101001000", "mukim_id": "101001", "daerah_id": "1010", "negeri_id": "10", "nama": "Bandar Serenia", "gtn1": "Tanah Lapang dan Rekreasi", "gtn2": "Tanah Lapang", "gtn3": "Tanah Lapang Lain", "kod_gtn": "TLR107", "no_warta": null, "trkh_warta": "0", "serah_PTD": null, "Luas_h": 0.0088, "pemilik": null, "selenggara": null, "catatan": "Tindakan untuk proses pewartaan - Heda", "tahun_data": 2024, "PBT": "MPSp" }, "geometry": { "type": "Polygon", "coordinates": [ [ [ 101.70432347318318, 2.860319876557309 ], [ 101.7043234333062, 2.860173826763766 ], [ 101.704309941883253, 2.860173830487646 ], [ 101.704268669386252, 2.860215079470753 ], [ 101.704268697999083, 2.860319891676048 ], [ 101.70432347318318, 2.860319876557309 ] ] ] } },
{ "type": "Feature", "properties": { "upi": null, "sts_warta": "Belum Warta", "no_lot": "127487", "no_pt": null, "seksyen_id": "101001000", "mukim_id": "101001", "daerah_id": "1010", "negeri_id": "10", "nama": "Bandar Serenia", "gtn1": "Tanah Lapang dan Rekreasi", "gtn2": "Tanah Lapang", "gtn3": "Tanah Lapang Lain", "kod_gtn": "TLR107", "no_warta": null, "trkh_warta": "0", "serah_PTD": null, "Luas_h": 0.0132, "pemilik": null, "selenggara": null, "catatan": "Tindakan untuk proses pewartaan - Heda", "tahun_data": 2024, "PBT": "MPSp" }, "geometry": { "type": "Polygon", "coordinates": [ [ [ 101.704264230854321, 2.85977078181209 ], [ 101.70431657755708, 2.859770767366672 ], [ 101.704316517249126, 2.859549838791117 ], [ 101.70430545421425, 2.859549570544049 ], [ 101.704264181736932, 2.859590819524977 ], [ 101.704264230854321, 2.85977078181209 ] ] ] } },
{ "type": "Feature", "properties": { "upi": null, "sts_warta": "Belum Warta", "no_lot": "127484", "no_pt": null, "seksyen_id": "101001000", "mukim_id": "101001", "daerah_id": "1010", "negeri_id": "10", "nama": "Bandar Serenia", "gtn1": "Tanah Lapang dan Rekreasi", "gtn2": "Tanah Lapang", "gtn3": "Tanah Lapang Lain", "kod_gtn": "TLR107", "no_warta": null, "trkh_warta": "0", "serah_PTD": null, "Luas_h": 0.2317, "pemilik": null, "selenggara": null, "catatan": "Tindakan untuk proses pewartaan - Heda", "tahun_data": 2024, "PBT": "MPSp" }, "geometry": { "type": "Polygon", "coordinates": [ [ [ 101.702547307117868, 2.85875550708848 ], [ 101.702547350701565, 2.858916116676178 ], [ 101.702670662173077, 2.858916082839179 ], [ 101.702670649922368, 2.858870956609882 ], [ 101.702895416775178, 2.858870894899988 ], [ 101.702895429034683, 2.858916021128309 ], [ 101.702918094600562, 2.85891601490291 ], [ 101.702918082340176, 2.858870888674688 ], [ 101.703142849192972, 2.858870826916116 ], [ 101.703142861462126, 2.858915953143362 ], [ 101.703183065858738, 2.858915942091675 ], [ 101.703182931014339, 2.858420005758539 ], [ 101.704126789579931, 2.858419926808763 ], [ 101.704126774142637, 2.85836331555461 ], [ 101.703046922342267, 2.858363612735832 ], [ 101.703047028785747, 2.858755279455564 ], [ 101.703047028810332, 2.858755369888887 ], [ 101.702547307117868, 2.85875550708848 ] ] ] } },
{ "type": "Feature", "properties": { "upi": null, "sts_warta": "Belum Warta", "no_lot": "127485", "no_pt": null, "seksyen_id": "101001000", "mukim_id": "101001", "daerah_id": "1010", "negeri_id": "10", "nama": "Bandar Serenia", "gtn1": "Tanah Lapang dan Rekreasi", "gtn2": "Tanah Lapang", "gtn3": "Taman Kejiranan", "kod_gtn": "TLR107", "no_warta": null, "trkh_warta": "0", "serah_PTD": null, "Luas_h": 0.5217, "pemilik": null, "selenggara": null, "catatan": "Tindakan untuk proses pewartaan - Heda", "tahun_data": 2024, "PBT": "MPSp" }, "geometry": { "type": "Polygon", "coordinates": [ [ [ 101.705578557432702, 2.85974346926388 ], [ 101.705673537014832, 2.859743442942814 ], [ 101.705849376425206, 2.859420095133621 ], [ 101.706501844318666, 2.858522092238391 ], [ 101.706432498503915, 2.858522111498609 ], [ 101.706432454684162, 2.858362587169673 ], [ 101.706042013516495, 2.85836269552683 ], [ 101.706042195319569, 2.85902530028723 ], [ 101.705578360660027, 2.859025428869306 ], [ 101.705578504219886, 2.859549308971678 ], [ 101.705578557432702, 2.85974346926388 ] ] ] } },
{ "type": "Feature", "properties": { "upi": null, "sts_warta": "Belum Warta", "no_lot": "135216", "no_pt": null, "seksyen_id": "101001000", "mukim_id": "101001", "daerah_id": "1010", "negeri_id": "10", "nama": "Bandar Serenia", "gtn1": "Tanah Lapang dan Rekreasi", "gtn2": "Tanah Lapang", "gtn3": "Tanah Lapang Lain", "kod_gtn": "TLR107", "no_warta": null, "trkh_warta": "0", "serah_PTD": null, "Luas_h": 0.1177, "pemilik": null, "selenggara": null, "catatan": "Tindakan untuk proses pewartaan - Heda", "tahun_data": 2024, "PBT": "MPSp" }, "geometry": { "type": "Polygon", "coordinates": [ [ [ 101.702041970963293, 2.860938435036238 ], [ 101.702137214292264, 2.858925091589943 ], [ 101.702042236933494, 2.858933075742585 ], [ 101.702041717785278, 2.8590087685881 ], [ 101.702041970963293, 2.860938435036238 ] ] ] } },
{ "type": "Feature", "properties": { "upi": null, "sts_warta": "Belum Warta", "no_lot": "43713", "no_pt": null, "seksyen_id": "101001000", "mukim_id": "101001", "daerah_id": "1010", "negeri_id": "10", "nama": "Bandar Serenia", "gtn1": "Tanah Lapang dan Rekreasi", "gtn2": "Tanah Lapang", "gtn3": "Tanah Lapang Lain", "kod_gtn": "TLR107", "no_warta": null, "trkh_warta": "0", "serah_PTD": null, "Luas_h": 0.0202, "pemilik": null, "selenggara": null, "catatan": "Tindakan untuk proses pewartaan - Heda", "tahun_data": 2024, "PBT": "MPSp" }, "geometry": { "type": "Polygon", "coordinates": [ [ [ 101.710963068901066, 2.874534854181022 ], [ 101.710976340833042, 2.874713908225661 ], [ 101.711031115510494, 2.874709642345888 ], [ 101.711069419214908, 2.874665319208441 ], [ 101.711059127129246, 2.874528044476046 ], [ 101.710963068901066, 2.874534854181022 ] ] ] } },
{ "type": "Feature", "properties": { "upi": null, "sts_warta": "Belum Warta", "no_lot": "30686", "no_pt": null, "seksyen_id": "101001000", "mukim_id": "101001", "daerah_id": "1010", "negeri_id": "10", "nama": "Taman Semarak Warisan", "gtn1": "Tanah Lapang dan Rekreasi", "gtn2": "Tanah Lapang", "gtn3": "Lot Permainan", "kod_gtn": "TLR106", "no_warta": null, "trkh_warta": null, "serah_PTD": null, "Luas_h": 0.7233, "pemilik": null, "selenggara": null, "catatan": "Tindakan untuk proses pewartaan - Heda", "tahun_data": 2024, "PBT": "MPSp" }, "geometry": { "type": "Polygon", "coordinates": [ [ [ 101.702248342358487, 2.811604894575224 ], [ 101.702248076182087, 2.811618550091805 ], [ 101.702288560024854, 2.811660771580019 ], [ 101.703156026950225, 2.811677629294695 ], [ 101.703173326347581, 2.810784775639257 ], [ 101.703133112323727, 2.810742554108505 ], [ 101.702306388675154, 2.810726499218567 ], [ 101.702264577862863, 2.810767115088555 ], [ 101.702257924378941, 2.811112029908972 ], [ 101.702782181789317, 2.811122378764104 ], [ 101.702772599940943, 2.811615062543032 ], [ 101.702248342358487, 2.811604894575224 ] ] ] } },
{ "type": "Feature", "properties": { "upi": null, "sts_warta": "Belum Warta", "no_lot": "30860", "no_pt": null, "seksyen_id": "101001000", "mukim_id": "101001", "daerah_id": "1010", "negeri_id": "10", "nama": "Taman Semarak Warisan", "gtn1": "Tanah Lapang dan Rekreasi", "gtn2": "Tanah Lapang", "gtn3": "Tanah Lapang Lain", "kod_gtn": "TLR107", "no_warta": null, "trkh_warta": "0", "serah_PTD": null, "Luas_h": 0.5694, "pemilik": null, "selenggara": null, "catatan": "Tindakan untuk proses pewartaan - Heda", "tahun_data": 2024, "PBT": "MPSp" }, "geometry": { "type": "Polygon", "coordinates": [ [ [ 101.705062830933514, 2.810695096081664 ], [ 101.705075074354056, 2.810069745882746 ], [ 101.704374625996493, 2.810055738046835 ], [ 101.704332815252727, 2.810096263547546 ], [ 101.704332548274138, 2.810106844327019 ], [ 101.704321369898295, 2.810680647239632 ], [ 101.705062830933514, 2.810695096081664 ] ] ] } },
{ "type": "Feature", "properties": { "upi": null, "sts_warta": "Belum Warta", "no_lot": "30861", "no_pt": null, "seksyen_id": "101001000", "mukim_id": "101001", "daerah_id": "1010", "negeri_id": "10", "nama": "Taman Semarak Warisan", "gtn1": "Tanah Lapang dan Rekreasi", "gtn2": "Tanah Lapang", "gtn3": "Tanah Lapang Lain", "kod_gtn": "TLR107", "no_warta": null, "trkh_warta": null, "serah_PTD": null, "Luas_h": 0.0135, "pemilik": null, "selenggara": null, "catatan": "Tindakan untuk proses pewartaan - Heda", "tahun_data": 2024, "PBT": "MPSp" }, "geometry": { "type": "Polygon", "coordinates": [ [ [ 101.704167843204985, 2.810677614140005 ], [ 101.704175560664595, 2.810277715577049 ], [ 101.704148309012211, 2.810277180364215 ], [ 101.704140321677826, 2.810676898134417 ], [ 101.704167303570998, 2.810677614286316 ], [ 101.704167843204985, 2.810677614140005 ] ] ] } },
{ "type": "Feature", "properties": { "upi": null, "sts_warta": "Belum Warta", "no_lot": "30862", "no_pt": null, "seksyen_id": "101001000", "mukim_id": "101001", "daerah_id": "1010", "negeri_id": "10", "nama": "Taman Semarak Warisan", "gtn1": "Tanah Lapang dan Rekreasi", "gtn2": "Kawasan Hijau", "gtn3": "Zon Penampan", "kod_gtn": "TLR301", "no_warta": null, "trkh_warta": null, "serah_PTD": null, "Luas_h": 0.1055, "pemilik": null, "selenggara": null, "catatan": "Tindakan untuk proses pewartaan - Heda", "tahun_data": 2024, "PBT": "MPSp" }, "geometry": { "type": "Polygon", "coordinates": [ [ [ 101.704111283297323, 2.810050383444297 ], [ 101.703471543656107, 2.810035996873102 ], [ 101.702375002478902, 2.810015583684689 ], [ 101.702332921826482, 2.81005601876043 ], [ 101.702332923562011, 2.810062529965563 ], [ 101.70415176862565, 2.810098121303981 ], [ 101.704151767122482, 2.810092514433879 ], [ 101.704111283297323, 2.810050383444297 ] ] ] } },
{ "type": "Feature", "properties": { "upi": null, "sts_warta": "Belum Warta", "no_lot": "30683", "no_pt": null, "seksyen_id": "101001000", "mukim_id": "101001", "daerah_id": "1010", "negeri_id": "10", "nama": "Taman Semarak Warisan", "gtn1": "Tanah Lapang dan Rekreasi", "gtn2": "Kawasan Hijau", "gtn3": "Zon Penampan", "kod_gtn": "TLR301", "no_warta": null, "trkh_warta": null, "serah_PTD": null, "Luas_h": 0.0518, "pemilik": null, "selenggara": null, "catatan": "Tindakan untuk proses pewartaan - Heda", "tahun_data": 2024, "PBT": "MPSp" }, "geometry": { "type": "Polygon", "coordinates": [ [ [ 101.702086577742492, 2.810051201717476 ], [ 101.702045824127978, 2.810008889853239 ], [ 101.701196436133259, 2.809991845448101 ], [ 101.701195369738812, 2.810040318048097 ], [ 101.702086309683892, 2.810057803428827 ], [ 101.702086577742492, 2.810051201717476 ] ] ] } },
{ "type": "Feature", "properties": { "upi": null, "sts_warta": "Belum Warta", "no_lot": "30423", "no_pt": null, "seksyen_id": "101001000", "mukim_id": "101001", "daerah_id": "1010", "negeri_id": "10", "nama": "Suria Warisan", "gtn1": "Tanah Lapang dan Rekreasi", "gtn2": "Tanah Lapang", "gtn3": "Tanah Lapang Lain", "kod_gtn": "TLR107", "no_warta": null, "trkh_warta": null, "serah_PTD": null, "Luas_h": 0.0572, "pemilik": null, "selenggara": null, "catatan": "Tindakan untuk proses pewartaan - Heda", "tahun_data": 2024, "PBT": "MPSp" }, "geometry": { "type": "Polygon", "coordinates": [ [ [ 101.70739202079281, 2.806189250833946 ], [ 101.707417388238852, 2.806206787970804 ], [ 101.70767700520733, 2.806406212953773 ], [ 101.707767091648449, 2.806287630143173 ], [ 101.707834791284398, 2.806198353869803 ], [ 101.70739202079281, 2.806189250833946 ] ] ] } },
{ "type": "Feature", "properties": { "upi": null, "sts_warta": "Belum Warta", "no_lot": "30425", "no_pt": null, "seksyen_id": "101001000", "mukim_id": "101001", "daerah_id": "1010", "negeri_id": "10", "nama": "Suria Warisan", "gtn1": "Tanah Lapang dan Rekreasi", "gtn2": "Tanah Lapang", "gtn3": "Tanah Lapang Lain", "kod_gtn": "TLR107", "no_warta": null, "trkh_warta": null, "serah_PTD": null, "Luas_h": 0.3426, "pemilik": null, "selenggara": null, "catatan": "Tindakan untuk proses pewartaan - Heda", "tahun_data": 2024, "PBT": "MPSp" }, "geometry": { "type": "Polygon", "coordinates": [ [ [ 101.707870233601426, 2.806554289901944 ], [ 101.707995184460074, 2.806650295905234 ], [ 101.708334952894901, 2.806908209135468 ], [ 101.70845990884041, 2.807022663484146 ], [ 101.708472687323308, 2.806386461270087 ], [ 101.708423310699558, 2.806385389618399 ], [ 101.708242532994007, 2.806381821870315 ], [ 101.708244661133406, 2.806269774347118 ], [ 101.707860169540169, 2.806255772108927 ], [ 101.707810810875898, 2.806320988085255 ], [ 101.707960320032726, 2.80643570707762 ], [ 101.707870233601426, 2.806554289901944 ] ] ] } },
{ "type": "Feature", "properties": { "upi": null, "sts_warta": "Belum Warta", "no_lot": "30859", "no_pt": null, "seksyen_id": "101001000", "mukim_id": "101001", "daerah_id": "1010", "negeri_id": "10", "nama": "Taman Semarak Warisan", "gtn1": "Tanah Lapang dan Rekreasi", "gtn2": "Tanah Lapang", "gtn3": "Tanah Lapang Lain", "kod_gtn": "TLR107", "no_warta": null, "trkh_warta": null, "serah_PTD": null, "Luas_h": 0.2713, "pemilik": null, "selenggara": null, "catatan": "Tindakan untuk proses pewartaan - Heda", "tahun_data": 2024, "PBT": "MPSp" }, "geometry": { "type": "Polygon", "coordinates": [ [ [ 101.707356360845765, 2.811009901785698 ], [ 101.707351037637324, 2.811279846840414 ], [ 101.708168318219137, 2.811296171982114 ], [ 101.708173641263954, 2.811026317378579 ], [ 101.707356360845765, 2.811009901785698 ] ] ] } },
{ "type": "Feature", "properties": { "upi": null, "sts_warta": "Belum Warta", "no_lot": "30416", "no_pt": null, "seksyen_id": "101001000", "mukim_id": "101001", "daerah_id": "1010", "negeri_id": "10", "nama": "Suria Warisan", "gtn1": "Tanah Lapang dan Rekreasi", "gtn2": "Tanah Lapang", "gtn3": "Tanah Lapang Lain", "kod_gtn": "TLR107", "no_warta": null, "trkh_warta": null, "serah_PTD": null, "Luas_h": 1.0874, "pemilik": null, "selenggara": null, "catatan": "Tindakan untuk proses pewartaan - Heda", "tahun_data": 2024, "PBT": "MPSp" }, "geometry": { "type": "Polygon", "coordinates": [ [ [ 101.704693747518164, 2.809788239905365 ], [ 101.705558784814372, 2.80980536793873 ], [ 101.706423822111418, 2.809822404892069 ], [ 101.70659435622045, 2.809858983842421 ], [ 101.706752485390979, 2.809920073600633 ], [ 101.706899288752055, 2.810005131275505 ], [ 101.707031258128822, 2.810112077862595 ], [ 101.707078760187215, 2.810164877955859 ], [ 101.707181831187725, 2.810168376654024 ], [ 101.707810362949218, 2.809646223096782 ], [ 101.706755098769051, 2.809606359515206 ], [ 101.705699564843869, 2.809566495040915 ], [ 101.704644030990451, 2.809526629599973 ], [ 101.704640038899882, 2.809732095349647 ], [ 101.704693747518164, 2.809788239905365 ] ] ] } },
{ "type": "Feature", "properties": { "upi": null, "sts_warta": "Belum Warta", "no_lot": "130953", "no_pt": null, "seksyen_id": "101001000", "mukim_id": "101001", "daerah_id": "1010", "negeri_id": "10", "nama": "Cybersouth", "gtn1": "Tanah Lapang dan Rekreasi", "gtn2": "Tanah Lapang", "gtn3": "Tanah Lapang Lain", "kod_gtn": "TLR107", "no_warta": null, "trkh_warta": null, "serah_PTD": null, "Luas_h": 1.9611, "pemilik": null, "selenggara": null, "catatan": "Tindakan untuk proses pewartaan - Heda", "tahun_data": 2024, "PBT": "MPSp" }, "geometry": { "type": "Polygon", "coordinates": [ [ [ 101.652636791702264, 2.871153730617075 ], [ 101.651586508960534, 2.870714194250723 ], [ 101.651397731062843, 2.871169209830852 ], [ 101.650314256392008, 2.870715662670903 ], [ 101.650456379423218, 2.870372886206631 ], [ 101.649347269588318, 2.869908763155898 ], [ 101.649299783897433, 2.869928759868676 ], [ 101.649117212490964, 2.870389018885461 ], [ 101.650578485629978, 2.871000468219367 ], [ 101.652404876922404, 2.871764844909077 ], [ 101.652636791702264, 2.871153730617075 ] ] ] } },
{ "type": "Feature", "properties": { "upi": null, "sts_warta": "Belum Warta", "no_lot": "119734", "no_pt": null, "seksyen_id": "101001000", "mukim_id": "101001", "daerah_id": "1010", "negeri_id": "10", "nama": "Cyberjaya", "gtn1": "Tanah Lapang dan Rekreasi", "gtn2": "Tanah Lapang", "gtn3": "Lot Permainan", "kod_gtn": "TLR107", "no_warta": null, "trkh_warta": null, "serah_PTD": null, "Luas_h": 2.0373, "pemilik": null, "selenggara": null, "catatan": "Tindakan untuk proses pewartaan - Heda", "tahun_data": 2024, "PBT": "MPSp" }, "geometry": { "type": "Polygon", "coordinates": [ [ [ 101.641015994477797, 2.903081472930289 ], [ 101.641086434985297, 2.903138520848911 ], [ 101.641237574820977, 2.903274861072285 ], [ 101.641329877375156, 2.90335487424395 ], [ 101.641423526307108, 2.903422135947572 ], [ 101.641522839935519, 2.903480714732479 ], [ 101.641627008642459, 2.903530158610361 ], [ 101.641734952890388, 2.903569653918845 ], [ 101.641849641043081, 2.903599833026348 ], [ 101.641966215679957, 2.903619250083073 ], [ 101.642084406898704, 2.903627633848218 ], [ 101.642202595663733, 2.903624984685831 ], [ 101.642320242193534, 2.903610850549047 ], [ 101.642435997472489, 2.903586045645705 ], [ 101.64254905198149, 2.903550570159026 ], [ 101.642658056524368, 2.903504424394138 ], [ 101.642765979041457, 2.903446341611029 ], [ 101.643118071503508, 2.90323591331938 ], [ 101.643118053467973, 2.903155156004352 ], [ 101.643157699722408, 2.903065527228854 ], [ 101.643230541425424, 2.902999675026174 ], [ 101.643258872351154, 2.902990173085997 ], [ 101.643259671359544, 2.902943147367292 ], [ 101.642816381294523, 2.903188232380605 ], [ 101.642181744277451, 2.90208038118142 ], [ 101.641640035917291, 2.902652677121581 ], [ 101.641355102019787, 2.902722736742178 ], [ 101.641073186791658, 2.903020688649375 ], [ 101.641015994477797, 2.903081472930289 ] ] ] } },
{ "type": "Feature", "properties": { "upi": null, "sts_warta": "Belum Warta", "no_lot": "119735", "no_pt": null, "seksyen_id": "101001000", "mukim_id": "101001", "daerah_id": "1010", "negeri_id": "10", "nama": "Laman View", "gtn1": "Tanah Lapang dan Rekreasi", "gtn2": "Tanah Lapang", "gtn3": "Tanah Lapang Lain", "kod_gtn": "TLR107", "no_warta": null, "trkh_warta": null, "serah_PTD": null, "Luas_h": 0.482, "pemilik": null, "selenggara": null, "catatan": "Tindakan untuk proses pewartaan - Heda", "tahun_data": 2024, "PBT": "MPSp" }, "geometry": { "type": "Polygon", "coordinates": [ [ [ 101.639376277503374, 2.902273451508881 ], [ 101.639466410366069, 2.902304540674461 ], [ 101.639638040023186, 2.902361023578626 ], [ 101.639815875841506, 2.902416872036298 ], [ 101.640012334238335, 2.902489536990255 ], [ 101.640205017197957, 2.902572512197456 ], [ 101.640392845491007, 2.902666340502885 ], [ 101.640575549043447, 2.902769936763949 ], [ 101.640752318383335, 2.902883482031316 ], [ 101.640923153373578, 2.903006343271294 ], [ 101.641015994477797, 2.903081472930289 ], [ 101.641073186791658, 2.903020688649375 ], [ 101.640644862422207, 2.902611119614312 ], [ 101.639874929232136, 2.902229841880487 ], [ 101.63991156238454, 2.901935562288463 ], [ 101.640076359247814, 2.901598478965337 ], [ 101.639376277503374, 2.902273451508881 ] ] ] } },
{ "type": "Feature", "properties": { "upi": null, "sts_warta": "Belum Warta", "no_lot": "119731", "no_pt": null, "seksyen_id": "101001000", "mukim_id": "101001", "daerah_id": "1010", "negeri_id": "10", "nama": "Laman View", "gtn1": "Tanah Lapang dan Rekreasi", "gtn2": "Tanah Lapang", "gtn3": "Tanah Lapang Lain", "kod_gtn": "TLR107", "no_warta": null, "trkh_warta": null, "serah_PTD": null, "Luas_h": 0.0978, "pemilik": null, "selenggara": null, "catatan": "Tindakan untuk proses pewartaan - Heda", "tahun_data": 2024, "PBT": "MPSp" }, "geometry": { "type": "Polygon", "coordinates": [ [ [ 101.641598289603465, 2.900574790418669 ], [ 101.641378050618158, 2.900343781559529 ], [ 101.641273375800338, 2.900444457759995 ], [ 101.641228592295306, 2.90048778555074 ], [ 101.64170895658323, 2.900725337780941 ], [ 101.641775604282785, 2.900715013382091 ], [ 101.641892419097246, 2.900602216290838 ], [ 101.641893750997426, 2.900524352541063 ], [ 101.641753735060888, 2.900659401537795 ], [ 101.641637407804296, 2.900537342077899 ], [ 101.641598289603465, 2.900574790418669 ] ] ] } },
{ "type": "Feature", "properties": { "upi": null, "sts_warta": "Belum Warta", "no_lot": "0", "no_pt": null, "seksyen_id": "101001000", "mukim_id": "101001", "daerah_id": "1010", "negeri_id": "10", "nama": "Laman View", "gtn1": "Tanah Lapang dan Rekreasi", "gtn2": "Tanah Lapang", "gtn3": "Tanah Lapang Lain", "kod_gtn": "TLR107", "no_warta": "PA235481", "trkh_warta": "0", "serah_PTD": null, "Luas_h": 0.1957, "pemilik": null, "selenggara": null, "catatan": "Tindakan untuk proses pewartaan - Heda", "tahun_data": 2024, "PBT": "MPSp" }, "geometry": { "type": "Polygon", "coordinates": [ [ [ 101.642621943119465, 2.901284374827409 ], [ 101.642610876593295, 2.901270179222906 ], [ 101.642519647644264, 2.901163940121504 ], [ 101.642419242688604, 2.901050830111466 ], [ 101.642316409633807, 2.900939619744997 ], [ 101.642211148640925, 2.900831032491293 ], [ 101.64210238106125, 2.900728233772901 ], [ 101.64202250909122, 2.900728613449775 ], [ 101.641941575103502, 2.900807037677148 ], [ 101.641941587818351, 2.900864282231711 ], [ 101.642507288830714, 2.90140531054266 ], [ 101.642621943119465, 2.901284374827409 ] ] ] } },
{ "type": "Feature", "properties": { "upi": null, "sts_warta": "Belum Warta", "no_lot": "0", "no_pt": null, "seksyen_id": "101001000", "mukim_id": "101001", "daerah_id": "1010", "negeri_id": "10", "nama": "Laman View", "gtn1": "Tanah Lapang dan Rekreasi", "gtn2": "Tanah Lapang", "gtn3": "Tanah Lapang Lain", "kod_gtn": "TLR107", "no_warta": "PA235469", "trkh_warta": "0", "serah_PTD": null, "Luas_h": 0.3104, "pemilik": null, "selenggara": null, "catatan": "Tindakan untuk proses pewartaan - Heda", "tahun_data": 2024, "PBT": "MPSp" }, "geometry": { "type": "Polygon", "coordinates": [ [ [ 101.638260740531763, 2.902158938567899 ], [ 101.638458258139238, 2.902140355905654 ], [ 101.638565399426966, 2.90221087049823 ], [ 101.638648790666878, 2.902261856653211 ], [ 101.638749183042293, 2.90231880765854 ], [ 101.638854971838654, 2.902374129648815 ], [ 101.639032270268189, 2.902440559102357 ], [ 101.639205790165619, 2.902503281581802 ], [ 101.639380119020871, 2.90256338127396 ], [ 101.639554987073979, 2.902621219973606 ], [ 101.639728235317364, 2.902675441655127 ], [ 101.639911740370792, 2.902742954783933 ], [ 101.640090930245123, 2.902820506989528 ], [ 101.640265804804642, 2.902907465237385 ], [ 101.640435554577195, 2.903004010577479 ], [ 101.640600179485986, 2.903109781276854 ], [ 101.640758599959327, 2.903223782807751 ], [ 101.640813656920457, 2.903268444761502 ], [ 101.640836047360352, 2.903240586159005 ], [ 101.640827665191196, 2.903162995882055 ], [ 101.640813361164476, 2.903151333129122 ], [ 101.640650892418066, 2.903034167329323 ], [ 101.640482489237087, 2.902925955769589 ], [ 101.640308151678951, 2.902826969748747 ], [ 101.640128959214451, 2.902737751626016 ], [ 101.639945181738199, 2.902658572640528 ], [ 101.63975735890304, 2.902589342236468 ], [ 101.639583031158708, 2.902534397328566 ], [ 101.639408972752534, 2.902477101054608 ], [ 101.63923572332267, 2.902417272427178 ], [ 101.63906355276815, 2.90235518268788 ], [ 101.638891921373414, 2.902290651089396 ], [ 101.638792069781573, 2.902238764267743 ], [ 101.638694645990384, 2.902183440415129 ], [ 101.638598570647048, 2.902124679771382 ], [ 101.638512483058619, 2.90208291845266 ], [ 101.638419384237807, 2.902061958445136 ], [ 101.638323591751472, 2.902062522261642 ], [ 101.638260740531763, 2.902158938567899 ] ] ] } },
{ "type": "Feature", "properties": { "upi": null, "sts_warta": "Belum Warta", "no_lot": "0", "no_pt": null, "seksyen_id": "101001000", "mukim_id": "101001", "daerah_id": "1010", "negeri_id": "10", "nama": "Laman View", "gtn1": "Tanah Lapang dan Rekreasi", "gtn2": "Tanah Lapang", "gtn3": "Tanah Lapang Lain", "kod_gtn": "TLR107", "no_warta": "PA235470", "trkh_warta": "0", "serah_PTD": null, "Luas_h": 0.138, "pemilik": null, "selenggara": null, "catatan": "Tindakan untuk proses pewartaan - Heda", "tahun_data": 2024, "PBT": "MPSp" }, "geometry": { "type": "Polygon", "coordinates": [ [ [ 101.640920262413374, 2.903355327733884 ], [ 101.641058447359754, 2.903479733625727 ], [ 101.641161815469772, 2.903569511176284 ], [ 101.641275435682715, 2.903651237814835 ], [ 101.641396069391874, 2.903722472553704 ], [ 101.641522637019349, 2.903782220861977 ], [ 101.64165405918699, 2.903830392546534 ], [ 101.641698045513692, 2.903842139056109 ], [ 101.641793034298928, 2.903867077433578 ], [ 101.641934704891966, 2.903890648805199 ], [ 101.642064769225371, 2.903899843804803 ], [ 101.642064221500831, 2.903863670434269 ], [ 101.642008081906852, 2.903804629828588 ], [ 101.641945208495713, 2.903800212709164 ], [ 101.641811903236089, 2.90377808639843 ], [ 101.64168075395979, 2.903743660599106 ], [ 101.64155742754491, 2.903698109678454 ], [ 101.641438416191477, 2.903641886594298 ], [ 101.641324799237054, 2.903574900672014 ], [ 101.64121792603774, 2.903497875080542 ], [ 101.641118066614169, 2.903411623664826 ], [ 101.641017936406243, 2.903321031479781 ], [ 101.640942652812114, 2.903327288261909 ], [ 101.640920262413374, 2.903355327733884 ] ] ] } },
{ "type": "Feature", "properties": { "upi": null, "sts_warta": "Belum Warta", "no_lot": "0", "no_pt": null, "seksyen_id": "101001000", "mukim_id": "101001", "daerah_id": "1010", "negeri_id": "10", "nama": "Laman View", "gtn1": "Tanah Lapang dan Rekreasi", "gtn2": "Tanah Lapang", "gtn3": "Tanah Lapang Lain", "kod_gtn": "TLR107", "no_warta": "PA235492", "trkh_warta": "0", "serah_PTD": null, "Luas_h": 0.1991, "pemilik": null, "selenggara": null, "catatan": "Tindakan untuk proses pewartaan - Heda", "tahun_data": 2024, "PBT": "MPSp" }, "geometry": { "type": "Polygon", "coordinates": [ [ [ 101.643067211344615, 2.901442443072852 ], [ 101.643002427646792, 2.901341443206664 ], [ 101.642914162820816, 2.901217026292402 ], [ 101.642820232302313, 2.901096589730209 ], [ 101.642724144893606, 2.900984202246343 ], [ 101.64262023113416, 2.900867023526469 ], [ 101.642513079703363, 2.900751473330724 ], [ 101.642401610947942, 2.900636195394935 ], [ 101.642159515456939, 2.900407633330718 ], [ 101.641927401558519, 2.900167764746808 ], [ 101.641851019854499, 2.90008856193186 ], [ 101.641825930353406, 2.900112984671908 ], [ 101.64182459850683, 2.900191119723747 ], [ 101.642095848113925, 2.900472488625904 ], [ 101.642338213465194, 2.900701141076511 ], [ 101.642447792851755, 2.900814158600111 ], [ 101.642553324911731, 2.900928171792998 ], [ 101.64265588923827, 2.901044265618092 ], [ 101.642750626951454, 2.901154392568521 ], [ 101.642841858360725, 2.901271574130536 ], [ 101.642927424015284, 2.901392464743654 ], [ 101.642966834023852, 2.901453589060616 ], [ 101.643039153259082, 2.901465238702171 ], [ 101.643067211344615, 2.901442443072852 ] ] ] } },
{ "type": "Feature", "properties": { "upi": null, "sts_warta": "Belum Warta", "no_lot": "0", "no_pt": null, "seksyen_id": "101001000", "mukim_id": "101001", "daerah_id": "1010", "negeri_id": "10", "nama": "Laman View", "gtn1": "Tanah Lapang dan Rekreasi", "gtn2": "Tanah Lapang", "gtn3": "Tanah Lapang Lain", "kod_gtn": "TLR107", "no_warta": "PA235476", "trkh_warta": "0", "serah_PTD": null, "Luas_h": 0.1143, "pemilik": null, "selenggara": null, "catatan": "Tindakan untuk proses pewartaan - Heda", "tahun_data": 2024, "PBT": "MPSp" }, "geometry": { "type": "Polygon", "coordinates": [ [ [ 101.641127385284761, 2.899188275255702 ], [ 101.641142253191475, 2.899309543586084 ], [ 101.641188690251866, 2.899422394513816 ], [ 101.641569003141953, 2.899925573139792 ], [ 101.641652672181053, 2.900012642078547 ], [ 101.641730385779496, 2.900013981157501 ], [ 101.641755475220464, 2.899989287118336 ], [ 101.641636719137153, 2.899865600388317 ], [ 101.641268282641676, 2.899378425900611 ], [ 101.641228865018292, 2.899282122781599 ], [ 101.641210480986743, 2.899123686969494 ], [ 101.641127385284761, 2.899188275255702 ] ] ] } },
{ "type": "Feature", "properties": { "upi": null, "sts_warta": "Belum Warta", "no_lot": "0", "no_pt": null, "seksyen_id": "101001000", "mukim_id": "101001", "daerah_id": "1010", "negeri_id": "10", "nama": "Laman View", "gtn1": "Tanah Lapang dan Rekreasi", "gtn2": "Tanah Lapang", "gtn3": "Tanah Lapang Lain", "kod_gtn": "TLR107", "no_warta": "PA235491", "trkh_warta": "0", "serah_PTD": null, "Luas_h": 0.1615, "pemilik": null, "selenggara": null, "catatan": "Tindakan untuk proses pewartaan - Heda", "tahun_data": 2024, "PBT": "MPSp" }, "geometry": { "type": "Polygon", "coordinates": [ [ [ 101.643531127912567, 2.902938564334823 ], [ 101.643531649000678, 2.9028554556232 ], [ 101.643527296572941, 2.902698915827941 ], [ 101.643510800346746, 2.90253758578993 ], [ 101.643482701520924, 2.902378247915301 ], [ 101.643465686538065, 2.902310426465757 ], [ 101.643443000221424, 2.90222144480512 ], [ 101.643390346472856, 2.902063649847377 ], [ 101.643317724606518, 2.901905407226564 ], [ 101.643274800866536, 2.901818329238565 ], [ 101.643249424678245, 2.90176733034475 ], [ 101.643169562064855, 2.901809942659123 ], [ 101.64323597235088, 2.901944583491227 ], [ 101.643306164431365, 2.902097310209311 ], [ 101.643355848189984, 2.902247238108395 ], [ 101.643394468689948, 2.902397620672122 ], [ 101.643421486674569, 2.902550357132136 ], [ 101.643436901957486, 2.902704633586153 ], [ 101.643441253301219, 2.902856380395596 ], [ 101.643440204075389, 2.902991126884738 ], [ 101.643505243558465, 2.903028642177933 ], [ 101.643562467094625, 2.903108030049244 ], [ 101.643567869692831, 2.90313407374022 ], [ 101.64366285507856, 2.903143909530536 ], [ 101.643646918088095, 2.903070119216913 ], [ 101.643567021090362, 2.902959355975276 ], [ 101.643531127912567, 2.902938564334823 ] ] ] } },
{ "type": "Feature", "properties": { "upi": null, "sts_warta": "Belum Warta", "no_lot": "0", "no_pt": null, "seksyen_id": "101001000", "mukim_id": "101001", "daerah_id": "1010", "negeri_id": "10", "nama": "Laman View", "gtn1": "Tanah Lapang dan Rekreasi", "gtn2": "Tanah Lapang", "gtn3": "Tanah Lapang Lain", "kod_gtn": "TLR107", "no_warta": "PA235472", "trkh_warta": "0", "serah_PTD": null, "Luas_h": 0.1592, "pemilik": null, "selenggara": null, "catatan": "Tindakan untuk proses pewartaan - Heda", "tahun_data": 2024, "PBT": "MPSp" }, "geometry": { "type": "Polygon", "coordinates": [ [ [ 101.643166169197997, 2.903533248555108 ], [ 101.64360060808572, 2.903527000868214 ], [ 101.643598963251861, 2.903411698241968 ], [ 101.643709060010124, 2.90342324884861 ], [ 101.643871508284604, 2.903447357877877 ], [ 101.644028291292059, 2.903477436792385 ], [ 101.644158901234903, 2.903513218942704 ], [ 101.644296258269094, 2.903553973401194 ], [ 101.644367770634005, 2.903576746474351 ], [ 101.644379366064825, 2.903542740765085 ], [ 101.644344271591564, 2.903473928667763 ], [ 101.644322952795136, 2.903467060541582 ], [ 101.644183706758241, 2.903425673477694 ], [ 101.644048509304511, 2.903388716730563 ], [ 101.643886599131847, 2.90335755377422 ], [ 101.643720373007824, 2.903332902998611 ], [ 101.643551719921547, 2.903315306577202 ], [ 101.643505322081296, 2.903379705881658 ], [ 101.643420603729936, 2.903428830547999 ], [ 101.643323464100746, 2.903439071513186 ], [ 101.643230632835454, 2.903408797187345 ], [ 101.643211740311585, 2.903391709480199 ], [ 101.64316344565961, 2.903420659179767 ], [ 101.643144304023508, 2.903496356531992 ], [ 101.643166169197997, 2.903533248555108 ] ] ] } },
{ "type": "Feature", "properties": { "upi": null, "sts_warta": "Belum Warta", "no_lot": "0", "no_pt": null, "seksyen_id": "101001000", "mukim_id": "101001", "daerah_id": "1010", "negeri_id": "10", "nama": "Laman View", "gtn1": "Tanah Lapang dan Rekreasi", "gtn2": "Tanah Lapang", "gtn3": "Tanah Lapang Lain", "kod_gtn": "TLR107", "no_warta": "PA235471", "trkh_warta": "0", "serah_PTD": null, "Luas_h": 0.0887, "pemilik": null, "selenggara": null, "catatan": "Tindakan untuk proses pewartaan - Heda", "tahun_data": 2024, "PBT": "MPSp" }, "geometry": { "type": "Polygon", "coordinates": [ [ [ 101.642229639983185, 2.90389655110215 ], [ 101.642364555797869, 2.903880513963822 ], [ 101.642505135058641, 2.903850277438055 ], [ 101.642642203525028, 2.903807109663215 ], [ 101.642774951717115, 2.903751191690932 ], [ 101.642899602272735, 2.90368424261608 ], [ 101.64302101349783, 2.90361168736864 ], [ 101.643002657622304, 2.903581034477714 ], [ 101.642927638168786, 2.903561789022086 ], [ 101.642855331027633, 2.90360494222262 ], [ 101.642735806787854, 2.903669086690735 ], [ 101.642611153018734, 2.903721656785701 ], [ 101.642481909299931, 2.903762200215382 ], [ 101.642349694647223, 2.903790626179689 ], [ 101.642281966896718, 2.903798599593363 ], [ 101.642228552535641, 2.903860196986138 ], [ 101.642229639983185, 2.90389655110215 ] ] ] } },
{ "type": "Feature", "properties": { "upi": null, "sts_warta": "Belum Warta", "no_lot": "0", "no_pt": null, "seksyen_id": "101001000", "mukim_id": "101001", "daerah_id": "1010", "negeri_id": "10", "nama": "Laman View", "gtn1": "Tanah Lapang dan Rekreasi", "gtn2": "Tanah Lapang", "gtn3": "Tanah Lapang Lain", "kod_gtn": "TLR107", "no_warta": "PA235473", "trkh_warta": "0", "serah_PTD": null, "Luas_h": 0.1115, "pemilik": null, "selenggara": null, "catatan": "Tindakan untuk proses pewartaan - Heda", "tahun_data": 2024, "PBT": "MPSp" }, "geometry": { "type": "Polygon", "coordinates": [ [ [ 101.644524288647816, 2.903628258168086 ], [ 101.644561259332193, 2.903640639192694 ], [ 101.64474638681331, 2.903721264013274 ], [ 101.644866748102103, 2.903780018569317 ], [ 101.644824677196283, 2.903886468616376 ], [ 101.645284523634956, 2.904069220948833 ], [ 101.645313919293898, 2.903994787309097 ], [ 101.645108817753453, 2.903887941359132 ], [ 101.645068070961145, 2.903882886343838 ], [ 101.644996552559007, 2.903833435374094 ], [ 101.644956329250519, 2.903756394999015 ], [ 101.64495632170194, 2.903722844092766 ], [ 101.644784145670286, 2.903638689449673 ], [ 101.644604685340965, 2.903560414623812 ], [ 101.644535614255972, 2.903594342952586 ], [ 101.644524288647816, 2.903628258168086 ] ] ] } },
{ "type": "Feature", "properties": { "upi": null, "sts_warta": "Belum Warta", "no_lot": "0", "no_pt": null, "seksyen_id": "101001000", "mukim_id": "101001", "daerah_id": "1010", "negeri_id": "10", "nama": "Laman View", "gtn1": "Tanah Lapang dan Rekreasi", "gtn2": "Tanah Lapang", "gtn3": "Tanah Lapang Lain", "kod_gtn": "TLR107", "no_warta": "PA235491", "trkh_warta": "0", "serah_PTD": null, "Luas_h": 0.0121, "pemilik": null, "selenggara": null, "catatan": "Tindakan untuk proses pewartaan - Heda", "tahun_data": 2024, "PBT": "MPSp" }, "geometry": { "type": "Polygon", "coordinates": [ [ [ 101.643223509361206, 2.901718773282519 ], [ 101.643197054006635, 2.901668588534211 ], [ 101.643167899363874, 2.901614334876364 ], [ 101.643160071047404, 2.901600862017255 ], [ 101.643131743283377, 2.901624381179703 ], [ 101.64311503186434, 2.901707493548847 ], [ 101.643143646709717, 2.901761204727424 ], [ 101.643223509361206, 2.901718773282519 ] ] ] } },
{ "type": "Feature", "properties": { "upi": null, "sts_warta": "Belum Warta", "no_lot": "0", "no_pt": null, "seksyen_id": "101001000", "mukim_id": "101001", "daerah_id": "1010", "negeri_id": "10", "nama": "Laman View", "gtn1": "Tanah Lapang dan Rekreasi", "gtn2": "Tanah Lapang", "gtn3": "Tanah Lapang Lain", "kod_gtn": "TLR107", "no_warta": "PA235473", "trkh_warta": "0", "serah_PTD": null, "Luas_h": 0.0113, "pemilik": null, "selenggara": null, "catatan": "Tindakan untuk proses pewartaan - Heda", "tahun_data": 2024, "PBT": "MPSp" }, "geometry": { "type": "Polygon", "coordinates": [ [ [ 101.645078286542997, 2.903712778204643 ], [ 101.645078287621871, 2.903717571191204 ], [ 101.645078828337475, 2.903722183187549 ], [ 101.645080178569231, 2.90372679499969 ], [ 101.645081258962279, 2.903731406873228 ], [ 101.645083148810443, 2.903735747261432 ], [ 101.645085308456629, 2.903739906720812 ], [ 101.645087737900823, 2.903743885251365 ], [ 101.64509070698179, 2.903747682791687 ], [ 101.645093945840429, 2.903751208969467 ], [ 101.645097454436012, 2.903754282917288 ], [ 101.645101232849996, 2.90375726636998 ], [ 101.645105280980559, 2.903759707159 ], [ 101.645109329090801, 2.903762057514294 ], [ 101.645113646897272, 2.903763774772204 ], [ 101.645118234461037, 2.903765130233852 ], [ 101.645122821963724, 2.903766214394355 ], [ 101.645127409405362, 2.903767027253712 ], [ 101.645132266502472, 2.903767026148262 ], [ 101.645136853760846, 2.903767025104206 ], [ 101.645141440835985, 2.90376621015676 ], [ 101.645146027850018, 2.903765123908169 ], [ 101.645150614802972, 2.903763766358436 ], [ 101.645154931835734, 2.903762047135272 ], [ 101.64515897888721, 2.903759694937557 ], [ 101.645163025918308, 2.903757252306121 ], [ 101.645166802988484, 2.903754267133847 ], [ 101.645170310199546, 2.903751191589276 ], [ 101.645173277631329, 2.903747663999004 ], [ 101.645176514840728, 2.903743865046176 ], [ 101.645178942493203, 2.903739885410201 ], [ 101.645181100266214, 2.903735724968231 ], [ 101.645182988159775, 2.903731383720269 ], [ 101.645184066476048, 2.903726771355458 ], [ 101.645185414631058, 2.903722158929221 ], [ 101.645185953269888, 2.903717546687262 ], [ 101.645185952190559, 2.903712753700741 ], [ 101.645185951131609, 2.903708051147924 ], [ 101.645185410415593, 2.903703439151669 ], [ 101.645184060203789, 2.903698917773396 ], [ 101.645182979790007, 2.903694215466281 ], [ 101.645181089941545, 2.903689875078268 ], [ 101.645178930274767, 2.903685625185384 ], [ 101.645176500850752, 2.903681737088748 ], [ 101.645173261930978, 2.903677939610081 ], [ 101.645170292911047, 2.903674413371108 ], [ 101.645166784274792, 2.903671158556088 ], [ 101.645163005881315, 2.90366826553731 ], [ 101.645158957730601, 2.903665734314768 ], [ 101.645154909661343, 2.903663564827042 ], [ 101.645150591834849, 2.903661757135552 ], [ 101.645146004251103, 2.903660311240292 ], [ 101.645141416769178, 2.903659317513553 ], [ 101.645136829389074, 2.903658775955339 ], [ 101.645132242070048, 2.903658505698229 ], [ 101.645127385034471, 2.903658778104763 ], [ 101.645122797898679, 2.903659321750993 ], [ 101.64511821086468, 2.903660317565745 ], [ 101.64511362393246, 2.903661765549024 ], [ 101.645109306920361, 2.903663575205712 ], [ 101.645105259828384, 2.903665746535814 ], [ 101.645101212817821, 2.903668279600737 ], [ 101.645097435727394, 2.903671174339077 ], [ 101.645093928557074, 2.903674430750838 ], [ 101.645090691286498, 2.903677958402313 ], [ 101.645087723915694, 2.903681757293505 ], [ 101.645085296242641, 2.903685646495595 ], [ 101.645083138489724, 2.903689897371116 ], [ 101.645081250595837, 2.903694238618943 ], [ 101.645080172299515, 2.903698941417399 ], [ 101.645078824123757, 2.90370346340984 ], [ 101.645078285484473, 2.903708075651787 ], [ 101.645078286542997, 2.903712778204643 ] ] ] } },
{ "type": "Feature", "properties": { "upi": null, "sts_warta": "Belum Warta", "no_lot": "0", "no_pt": null, "seksyen_id": "101001000", "mukim_id": "101001", "daerah_id": "1010", "negeri_id": "10", "nama": "Laman View", "gtn1": "Tanah Lapang dan Rekreasi", "gtn2": "Tanah Lapang", "gtn3": "Tanah Lapang Lain", "kod_gtn": "TLR107", "no_warta": "PA235472", "trkh_warta": "0", "serah_PTD": null, "Luas_h": 0.0113, "pemilik": null, "selenggara": null, "catatan": "Tindakan untuk proses pewartaan - Heda", "tahun_data": 2024, "PBT": "MPSp" }, "geometry": { "type": "Polygon", "coordinates": [ [ [ 101.643401664838578, 2.903204378321491 ], [ 101.643401664050032, 2.903200851406357 ], [ 101.643401393483558, 2.903197595853372 ], [ 101.643400853078489, 2.903194340361374 ], [ 101.643400042774175, 2.903190813629199 ], [ 101.643399232530513, 2.903187558198185 ], [ 101.643398152468492, 2.903184393261881 ], [ 101.643396802588114, 2.90318131882028 ], [ 101.64339518288935, 2.903178334873385 ], [ 101.643393563190628, 2.903175350926486 ], [ 101.643391673713964, 2.903172638341732 ], [ 101.643389514398706, 2.903169925817959 ], [ 101.643387355144142, 2.903167484595346 ], [ 101.643384926010555, 2.903164862566266 ], [ 101.643382496978063, 2.90316269270579 ], [ 101.643379798147421, 2.903160703773731 ], [ 101.6433770992966, 2.903158624407943 ], [ 101.643374400526639, 2.903156906777033 ], [ 101.643371431958528, 2.90315537007454 ], [ 101.643368193592281, 2.90315401430046 ], [ 101.643365225105072, 2.903152839332837 ], [ 101.643361986819698, 2.903151845293625 ], [ 101.643358748574755, 2.903151032121847 ], [ 101.643355240551898, 2.903150490312199 ], [ 101.643352002408051, 2.903150129309011 ], [ 101.643348764345063, 2.903150130040701 ], [ 101.643345256443496, 2.903150130833353 ], [ 101.643342018441146, 2.903150402866188 ], [ 101.643338780459018, 2.903150765332737 ], [ 101.643335272719156, 2.903151489595134 ], [ 101.643332034838068, 2.903152304230273 ], [ 101.643329066856225, 2.9031533901056 ], [ 101.643325829096412, 2.903154747343054 ], [ 101.643322861175179, 2.903156104519534 ], [ 101.643319893334805, 2.903157823430893 ], [ 101.643317195353205, 2.903159632715 ], [ 101.643314497412021, 2.903161622866547 ], [ 101.643311799551682, 2.903163974752975 ], [ 101.64330937148948, 2.90316614571099 ], [ 101.643307213326509, 2.903168587909203 ], [ 101.643305055224147, 2.903171301408579 ], [ 101.643303166960365, 2.903174014846987 ], [ 101.643301278757221, 2.90317699958656 ], [ 101.643299660352227, 2.903179803397725 ], [ 101.643298311826243, 2.903182788015369 ], [ 101.643297233199462, 2.903186043873216 ], [ 101.643296154552473, 2.903189209297341 ], [ 101.643295345764272, 2.903192465094225 ], [ 101.643294536996294, 2.903195811324831 ], [ 101.643294267885281, 2.903199066999792 ], [ 101.643293998814698, 2.903202503542196 ], [ 101.643293999562474, 2.903205849589917 ], [ 101.643294270169079, 2.903209286010398 ], [ 101.643294540755477, 2.903212631997156 ], [ 101.643295350998855, 2.903215887428267 ], [ 101.643296161242247, 2.903219142859379 ], [ 101.643297241324234, 2.903222398229524 ], [ 101.643298321386013, 2.903225563165947 ], [ 101.643299671266192, 2.903228637607681 ], [ 101.643301291005201, 2.903231802422172 ], [ 101.643303180481766, 2.903234515007084 ], [ 101.64330506995833, 2.903237227591992 ], [ 101.643307229233088, 2.903239759248486 ], [ 101.643309388487651, 2.903242200471254 ], [ 101.643311817621239, 2.903244822500493 ], [ 101.643314516451952, 2.903246811432705 ], [ 101.643317215302901, 2.903248890798632 ], [ 101.643319914073018, 2.903250608429663 ], [ 101.643322882661508, 2.903252235565995 ], [ 101.643325851229818, 2.903253772268598 ], [ 101.643329089596307, 2.903255128042776 ], [ 101.64333205802312, 2.903256031709307 ], [ 101.643335296308777, 2.90325702574858 ], [ 101.643338804352169, 2.903257657991982 ], [ 101.643342042516551, 2.903258109428903 ], [ 101.643345280640489, 2.903258379998372 ], [ 101.643348788603035, 2.903258650506854 ], [ 101.643352026605683, 2.903258378473973 ], [ 101.643355264567901, 2.903257925573639 ], [ 101.643358772348506, 2.903257382178596 ], [ 101.643362010229851, 2.903256567543356 ], [ 101.643365248090973, 2.903255662474386 ], [ 101.643368216032627, 2.903254395731502 ], [ 101.643371453792639, 2.903253038493907 ], [ 101.643374421693835, 2.903251590883564 ], [ 101.643377119655341, 2.903249691165589 ], [ 101.643379817616818, 2.903247791447609 ], [ 101.643382515537866, 2.903245710862179 ], [ 101.643384943579861, 2.903243449470285 ], [ 101.643387371581397, 2.903241007210945 ], [ 101.64338952974434, 2.903238565012584 ], [ 101.643391687846602, 2.903235851513056 ], [ 101.643393576069826, 2.903232957207068 ], [ 101.64339519447465, 2.903230153395786 ], [ 101.643396812839043, 2.903227168717059 ], [ 101.64339816132437, 2.903224003231875 ], [ 101.643399239950881, 2.903220747373955 ], [ 101.643400048779228, 2.903217672444465 ], [ 101.64340085756713, 2.90321441664753 ], [ 101.643401396455772, 2.903210889610421 ], [ 101.643401665566486, 2.903207633935463 ], [ 101.643401664838578, 2.903204378321491 ] ] ] } },
{ "type": "Feature", "properties": { "upi": null, "sts_warta": "Belum Warta", "no_lot": null, "no_pt": null, "seksyen_id": "101001000", "mukim_id": "101001", "daerah_id": "1010", "negeri_id": "10", "nama": "Selangor Cyber Valley", "gtn1": "Tanah Lapang dan Rekreasi", "gtn2": "Tanah Lapang", "gtn3": "Tanah Lapang Lain", "kod_gtn": "TLR107", "no_warta": "PA238835", "trkh_warta": null, "serah_PTD": null, "Luas_h": 0.1099, "pemilik": null, "selenggara": null, "catatan": "Tindakan untuk proses pewartaan - Heda", "tahun_data": 2024, "PBT": "MPSp" }, "geometry": { "type": "Polygon", "coordinates": [ [ [ 101.62399311820873, 2.912987752250559 ], [ 101.623412283843479, 2.912326440618351 ], [ 101.623279519087191, 2.912311456326484 ], [ 101.623264410264483, 2.912322401976311 ], [ 101.623973708868633, 2.913080451003347 ], [ 101.623989356570092, 2.913065616575799 ], [ 101.62399311820873, 2.912987752250559 ] ] ] } },
{ "type": "Feature", "properties": { "upi": null, "sts_warta": "Belum Warta", "no_lot": null, "no_pt": null, "seksyen_id": "101001000", "mukim_id": "101001", "daerah_id": "1010", "negeri_id": "10", "nama": "Selangor Cyber Valley", "gtn1": "Tanah Lapang dan Rekreasi", "gtn2": "Tanah Lapang", "gtn3": "Tanah Lapang Lain", "kod_gtn": "TLR107", "no_warta": "PA238835", "trkh_warta": null, "serah_PTD": null, "Luas_h": 0.1618, "pemilik": null, "selenggara": null, "catatan": "Tindakan untuk proses pewartaan - Heda", "tahun_data": 2024, "PBT": "MPSp" }, "geometry": { "type": "Polygon", "coordinates": [ [ [ 101.624942537170725, 2.914854016870218 ], [ 101.6248448371514, 2.914770205263552 ], [ 101.624732774468143, 2.914392667574069 ], [ 101.624812561733947, 2.913980453382317 ], [ 101.624463292298216, 2.913523202854222 ], [ 101.624150742586011, 2.913167501696769 ], [ 101.624075456225967, 2.913163990555911 ], [ 101.624062776193881, 2.91317602091375 ], [ 101.624169117109062, 2.913289673962481 ], [ 101.624420934557747, 2.913558390508129 ], [ 101.624754278977704, 2.913994573313999 ], [ 101.62467664805105, 2.914395392386939 ], [ 101.624889702531178, 2.915114748726223 ], [ 101.624942537170725, 2.914854016870218 ] ] ] } },
{ "type": "Feature", "properties": { "upi": null, "sts_warta": "Belum Warta", "no_lot": null, "no_pt": null, "seksyen_id": "101001000", "mukim_id": "101001", "daerah_id": "1010", "negeri_id": "10", "nama": "Selangor Cyber Valley", "gtn1": "Tanah Lapang dan Rekreasi", "gtn2": "Tanah Lapang", "gtn3": "Tanah Lapang Lain", "kod_gtn": "TLR107", "no_warta": "PA238832", "trkh_warta": null, "serah_PTD": null, "Luas_h": 0.147, "pemilik": null, "selenggara": null, "catatan": "Tindakan untuk proses pewartaan - Heda", "tahun_data": 2024, "PBT": "MPSp" }, "geometry": { "type": "Polygon", "coordinates": [ [ [ 101.622126480748747, 2.910955731236599 ], [ 101.622029306939737, 2.910803551229248 ], [ 101.621941350569827, 2.910860090643174 ], [ 101.621739985066156, 2.910545332140486 ], [ 101.621623155838606, 2.910602148815455 ], [ 101.621602120967779, 2.910664009933889 ], [ 101.62188716395994, 2.911110151502362 ], [ 101.622126480748747, 2.910955731236599 ] ] ] } },
{ "type": "Feature", "properties": { "upi": null, "sts_warta": "Belum Warta", "no_lot": null, "no_pt": null, "seksyen_id": "101001000", "mukim_id": "101001", "daerah_id": "1010", "negeri_id": "10", "nama": "Selangor Cyber Valley", "gtn1": "Tanah Lapang dan Rekreasi", "gtn2": "Tanah Lapang", "gtn3": "Tanah Lapang Lain", "kod_gtn": "TLR107", "no_warta": "PA238832", "trkh_warta": null, "serah_PTD": null, "Luas_h": 0.0588, "pemilik": null, "selenggara": null, "catatan": "Tindakan untuk proses pewartaan - Heda", "tahun_data": 2024, "PBT": "MPSp" }, "geometry": { "type": "Polygon", "coordinates": [ [ [ 101.622291836778359, 2.910682496208956 ], [ 101.622246204094552, 2.910538173255001 ], [ 101.621997926701766, 2.910419937316534 ], [ 101.621968517022054, 2.910434141534545 ], [ 101.622153147186722, 2.91072322025348 ], [ 101.622175281232657, 2.910757942257771 ], [ 101.622291836778359, 2.910682496208956 ] ] ] } },
{ "type": "Feature", "properties": { "upi": null, "sts_warta": "Belum Warta", "no_lot": null, "no_pt": null, "seksyen_id": "101001000", "mukim_id": "101001", "daerah_id": "1010", "negeri_id": "10", "nama": "Selangor Cyber Valley", "gtn1": "Tanah Lapang dan Rekreasi", "gtn2": "Tanah Lapang", "gtn3": "Tanah Lapang Lain", "kod_gtn": "TLR107", "no_warta": "PA238832", "trkh_warta": null, "serah_PTD": null, "Luas_h": 0.2225, "pemilik": null, "selenggara": null, "catatan": "Tindakan untuk proses pewartaan - Heda", "tahun_data": 2024, "PBT": "MPSp" }, "geometry": { "type": "Polygon", "coordinates": [ [ [ 101.623195002321381, 2.912037278542388 ], [ 101.622498882062601, 2.911060195378652 ], [ 101.622385512635091, 2.910883059031522 ], [ 101.622315323227141, 2.910732772552407 ], [ 101.622204973171179, 2.91080414779139 ], [ 101.622250321023202, 2.91087549068339 ], [ 101.622408228427105, 2.911122251854787 ], [ 101.623158062575627, 2.912175017001241 ], [ 101.623174250629745, 2.912163438090749 ], [ 101.623195002321381, 2.912037278542388 ] ] ] } },
{ "type": "Feature", "properties": { "upi": null, "sts_warta": "Belum Warta", "no_lot": "119774", "no_pt": null, "seksyen_id": "101001000", "mukim_id": "101001", "daerah_id": "1010", "negeri_id": "10", "nama": "Selangor Cyber Valley", "gtn1": "Tanah Lapang dan Rekreasi", "gtn2": "Tanah Lapang", "gtn3": "Tanah Lapang Lain", "kod_gtn": "TLR107", "no_warta": null, "trkh_warta": null, "serah_PTD": null, "Luas_h": 0.0976, "pemilik": null, "selenggara": null, "catatan": "Tindakan untuk proses pewartaan - Heda", "tahun_data": 2024, "PBT": "MPSp" }, "geometry": { "type": "Polygon", "coordinates": [ [ [ 101.627597552955891, 2.906089422883611 ], [ 101.629061734105392, 2.906246375674258 ], [ 101.629008562870908, 2.906185344196614 ], [ 101.627604557312168, 2.906034799364818 ], [ 101.627602132915712, 2.906054604887743 ], [ 101.627597552955891, 2.906089422883611 ] ] ] } },
{ "type": "Feature", "properties": { "upi": null, "sts_warta": "Warta", "no_lot": "40400", "no_pt": null, "seksyen_id": "101002000", "mukim_id": "101002", "daerah_id": "1010", "negeri_id": "10", "nama": "Kampung Giching", "gtn1": "Tanah Lapang dan Rekreasi", "gtn2": "Tanah Lapang", "gtn3": "Tanah Lapang Lain", "kod_gtn": "TLR107", "no_warta": "WKNS 304", "trkh_warta": "25/1/2024", "serah_PTD": null, "Luas_h": 0.0551, "pemilik": null, "selenggara": null, "catatan": "Zon Penampan", "tahun_data": 2024, "PBT": "MPSp" }, "geometry": { "type": "Polygon", "coordinates": [ [ [ 101.718493050736839, 2.798434854406647 ], [ 101.718505867909442, 2.797955102206898 ], [ 101.718697976920481, 2.797960021810616 ], [ 101.718712799192758, 2.797897347359196 ], [ 101.718462949629412, 2.797891177983407 ], [ 101.718446922278858, 2.798469865106159 ], [ 101.718671138378866, 2.798471610478614 ], [ 101.718671398342863, 2.7984363414244 ], [ 101.718493050736839, 2.798434854406647 ] ] ] } },
{ "type": "Feature", "properties": { "upi": null, "sts_warta": "Warta", "no_lot": "40173", "no_pt": null, "seksyen_id": "101002000", "mukim_id": "101002", "daerah_id": "1010", "negeri_id": "10", "nama": "Desa Sri Setia", "gtn1": "Tanah Lapang dan Rekreasi", "gtn2": "Tanah Lapang", "gtn3": "Tanah Lapang Lain", "kod_gtn": "TLR107", "no_warta": "WKNS 295", "trkh_warta": "25/1/2024", "serah_PTD": null, "Luas_h": 0.06, "pemilik": null, "selenggara": null, "catatan": "Kawasan Lapang", "tahun_data": 2024, "PBT": "MPSp" }, "geometry": { "type": "Polygon", "coordinates": [ [ [ 101.726380756256077, 2.803942968353077 ], [ 101.726382587367638, 2.803741844375306 ], [ 101.726176717467155, 2.803739281400258 ], [ 101.726135177592553, 2.803780169229019 ], [ 101.726133874243331, 2.803939965083106 ], [ 101.726380756256077, 2.803942968353077 ] ] ] } },
{ "type": "Feature", "properties": { "upi": null, "sts_warta": "Warta", "no_lot": "39976", "no_pt": null, "seksyen_id": "101002000", "mukim_id": "101002", "daerah_id": "1010", "negeri_id": "10", "nama": "Kampung Giching", "gtn1": "Tanah Lapang dan Rekreasi", "gtn2": "Tanah Lapang", "gtn3": "Lot Permainan", "kod_gtn": "TLR106", "no_warta": "WKNS 296", "trkh_warta": "25/1/2024", "serah_PTD": null, "Luas_h": 0.062, "pemilik": null, "selenggara": null, "catatan": "Kawasan Lapang", "tahun_data": 2024, "PBT": "MPSp" }, "geometry": { "type": "Polygon", "coordinates": [ [ [ 101.724008454117055, 2.804594410338426 ], [ 101.72401460632264, 2.804406126593046 ], [ 101.723746407685027, 2.804399240328958 ], [ 101.723742144222726, 2.804587794835049 ], [ 101.724008454117055, 2.804594410338426 ] ] ] } },
{ "type": "Feature", "properties": { "upi": null, "sts_warta": "Warta", "no_lot": "41047", "no_pt": null, "seksyen_id": "101002000", "mukim_id": "101002", "daerah_id": "1010", "negeri_id": "10", "nama": "Taman Desa Seri Setia", "gtn1": "Tanah Lapang dan Rekreasi", "gtn2": "Tanah Lapang", "gtn3": "Lot Permainan", "kod_gtn": "TLR106", "no_warta": "WKNS 309", "trkh_warta": "25/1/2024", "serah_PTD": null, "Luas_h": 0.0622, "pemilik": null, "selenggara": null, "catatan": "Kawasan Lapang", "tahun_data": 2024, "PBT": "MPSp" }, "geometry": { "type": "Polygon", "coordinates": [ [ [ 101.726423390245415, 2.803011765295389 ], [ 101.726425234054275, 2.802854953582678 ], [ 101.726147053655339, 2.802851778481177 ], [ 101.726144667798735, 2.803000270499566 ], [ 101.726185422784198, 2.803045294447925 ], [ 101.726359993788193, 2.803047143030156 ], [ 101.726360523089156, 2.803011060027639 ], [ 101.726423390245415, 2.803011765295389 ] ] ] } },
{ "type": "Feature", "properties": { "upi": null, "sts_warta": "Warta", "no_lot": "41036", "no_pt": null, "seksyen_id": "101002000", "mukim_id": "101002", "daerah_id": "1010", "negeri_id": "10", "nama": "Taman Desa Seri Setia", "gtn1": "Tanah Lapang dan Rekreasi", "gtn2": "Tanah Lapang", "gtn3": "Tanah Lapang Lain", "kod_gtn": "TLR107", "no_warta": "WKNS 305", "trkh_warta": "25/1/2024", "serah_PTD": null, "Luas_h": 0.0177, "pemilik": null, "selenggara": null, "catatan": "Zon Penampan", "tahun_data": 2024, "PBT": "MPSp" }, "geometry": { "type": "Polygon", "coordinates": [ [ [ 101.727607103735423, 2.803129979935567 ], [ 101.727612694631148, 2.802868174212708 ], [ 101.727557652174582, 2.802867647602005 ], [ 101.727552331081867, 2.80312945324772 ], [ 101.727607103735423, 2.803129979935567 ] ] ] } },
{ "type": "Feature", "properties": { "upi": null, "sts_warta": "Warta", "no_lot": "37075", "no_pt": null, "seksyen_id": "101002000", "mukim_id": "101002", "daerah_id": "1010", "negeri_id": "10", "nama": "Simpanan Melayu Labu", "gtn1": "Tanah Lapang dan Rekreasi", "gtn2": "Tanah Lapang", "gtn3": "Lot Permainan", "kod_gtn": "TLR106", "no_warta": "WKNS 291", "trkh_warta": "25/1/2024", "serah_PTD": null, "Luas_h": 0.058, "pemilik": null, "selenggara": null, "catatan": "Kawasan Lapang", "tahun_data": 2024, "PBT": "MPSp" }, "geometry": { "type": "Polygon", "coordinates": [ [ [ 101.724240436228129, 2.796791583687105 ], [ 101.72446600247369, 2.79679821099087 ], [ 101.724471878916162, 2.796588856367497 ], [ 101.724248470887119, 2.79658105280861 ], [ 101.724240436228129, 2.796791583687105 ] ] ] } },
{ "type": "Feature", "properties": { "upi": null, "sts_warta": "Warta", "no_lot": "106194", "no_pt": null, "seksyen_id": "101001000", "mukim_id": "101001", "daerah_id": "1010", "negeri_id": "10", "nama": "Taman Meranti Jaya", "gtn1": "Tanah Lapang dan Rekreasi", "gtn2": "Tanah Lapang", "gtn3": "Tanah Lapang Lain", "kod_gtn": "TLR107", "no_warta": "WKNS 303", "trkh_warta": "25/1/2024", "serah_PTD": "26/08/2021", "Luas_h": 0.1859, "pemilik": null, "selenggara": null, "catatan": "Kawasan Lapang", "tahun_data": 2024, "PBT": "MPSp" }, "geometry": { "type": "Polygon", "coordinates": [ [ [ 101.605937147458377, 2.978018609094608 ], [ 101.606210782610646, 2.978021539289435 ], [ 101.606216341110695, 2.977467450009102 ], [ 101.605944325127822, 2.977463976882504 ], [ 101.605937147458377, 2.978018609094608 ] ] ] } },
{ "type": "Feature", "properties": { "upi": null, "sts_warta": "Warta", "no_lot": "115410", "no_pt": null, "seksyen_id": "101001000", "mukim_id": "101001", "daerah_id": "1010", "negeri_id": "10", "nama": "Sg. Merab", "gtn1": "Tanah Lapang dan Rekreasi", "gtn2": "Tanah Lapang", "gtn3": "Tanah Lapang Lain", "kod_gtn": "TLR107", "no_warta": "WKNS 289", "trkh_warta": "25/1/2024", "serah_PTD": "11/08/2021", "Luas_h": 0.1061, "pemilik": null, "selenggara": null, "catatan": "Kawasan Lapang", "tahun_data": 2024, "PBT": "MPSp" }, "geometry": { "type": "Polygon", "coordinates": [ [ [ 101.749269340183972, 2.93626148619124 ], [ 101.749153515758252, 2.935230228288434 ], [ 101.749108530415683, 2.936320048247498 ], [ 101.749269340183972, 2.93626148619124 ] ] ] } },
{ "type": "Feature", "properties": { "upi": null, "sts_warta": "Dalam Proses", "no_lot": "35380", "no_pt": null, "seksyen_id": "101001000", "mukim_id": "101001", "daerah_id": "1010", "negeri_id": "10", "nama": "Bandar Bukit Puchong 2", "gtn1": "Tanah Lapang dan Rekreasi", "gtn2": "Tanah Lapang", "gtn3": "Tanah Lapang Lain", "kod_gtn": "TLR107", "no_warta": null, "trkh_warta": null, "serah_PTD": "11/11/2023", "Luas_h": 0.0431, "pemilik": null, "selenggara": null, "catatan": "Data diambilkira untuk Jan - Jun 2024", "tahun_data": 2024, "PBT": "MPSp" }, "geometry": { "type": "Polygon", "coordinates": [ [ [ 101.629756266214642, 2.969105108432759 ], [ 101.629342080039905, 2.969291944569082 ], [ 101.6294697313417, 2.969338851785114 ], [ 101.629693421538775, 2.969250268285653 ], [ 101.629756266214642, 2.969105108432759 ] ] ] } },
{ "type": "Feature", "properties": { "upi": null, "sts_warta": "Warta", "no_lot": "111597", "no_pt": null, "seksyen_id": "101001000", "mukim_id": "101001", "daerah_id": "1010", "negeri_id": "10", "nama": "Taman Putra Perdana", "gtn1": "Tanah Lapang dan Rekreasi", "gtn2": "Tanah Lapang", "gtn3": "Tanah Lapang Lain", "kod_gtn": "TLR107", "no_warta": "WKNS 302", "trkh_warta": "25/1/2024", "serah_PTD": null, "Luas_h": 0.0295, "pemilik": null, "selenggara": null, "catatan": "Zon Pemisah", "tahun_data": 2024, "PBT": "MPSp" }, "geometry": { "type": "Polygon", "coordinates": [ [ [ 101.601017124514058, 2.948231185980518 ], [ 101.601020581823363, 2.947963048728309 ], [ 101.600905915622945, 2.948067521836731 ], [ 101.600911053021036, 2.948121781210807 ], [ 101.600903248168507, 2.948231659923612 ], [ 101.600951281269559, 2.948231198571349 ], [ 101.601017124514058, 2.948231185980518 ] ] ] } },
{ "type": "Feature", "properties": { "upi": null, "sts_warta": "Warta", "no_lot": "58249", "no_pt": null, "seksyen_id": "101001000", "mukim_id": "101001", "daerah_id": "1010", "negeri_id": "10", "nama": "Taman Ixora", "gtn1": "Tanah Lapang dan Rekreasi", "gtn2": "Tanah Lapang", "gtn3": "Tanah Lapang Lain", "kod_gtn": "TLR107", "no_warta": "WKNS 1091", "trkh_warta": "14/03/2024", "serah_PTD": "/08/2021", "Luas_h": 0.1475, "pemilik": null, "selenggara": null, "catatan": "Kawasan Lapang", "tahun_data": 2024, "PBT": "MPSp" }, "geometry": { "type": "Polygon", "coordinates": [ [ [ 101.726690368459913, 2.815680835782294 ], [ 101.7267168105856, 2.815680647220245 ], [ 101.726954520210938, 2.815680035411393 ], [ 101.726954475273615, 2.815524038186694 ], [ 101.726954431641218, 2.815372562620281 ], [ 101.727086102859118, 2.815372524267098 ], [ 101.72708608589511, 2.815313652271536 ], [ 101.727045331591924, 2.815272788346002 ], [ 101.726690251016649, 2.815272801290342 ], [ 101.726690368459913, 2.815680835782294 ] ] ] } },
{ "type": "Feature", "properties": { "upi": null, "sts_warta": "Warta", "no_lot": "41301", "no_pt": null, "seksyen_id": "101002000", "mukim_id": "101002", "daerah_id": "1010", "negeri_id": "10", "nama": "Taman Salak Cemara", "gtn1": "Tanah Lapang dan Rekreasi", "gtn2": "Tanah Lapang", "gtn3": "Tanah Lapang Lain", "kod_gtn": "TLR107", "no_warta": "WKNS 1055", "trkh_warta": "07/03/2024", "serah_PTD": null, "Luas_h": 0.0585, "pemilik": null, "selenggara": null, "catatan": "Kawasan Lapang", "tahun_data": 2024, "PBT": "MPSp" }, "geometry": { "type": "Polygon", "coordinates": [ [ [ 101.718199833583938, 2.80255589149926 ], [ 101.717849613092895, 2.80255436254603 ], [ 101.717849356069948, 2.802600212294143 ], [ 101.718026624919005, 2.802601247473758 ], [ 101.718027756514218, 2.802788715350909 ], [ 101.718157807659196, 2.802789492534299 ], [ 101.71819907786363, 2.802748243303343 ], [ 101.718199833583938, 2.80255589149926 ] ] ] } },
{ "type": "Feature", "properties": { "upi": null, "sts_warta": "Warta", "no_lot": "41260", "no_pt": null, "seksyen_id": "101002000", "mukim_id": "101002", "daerah_id": "1010", "negeri_id": "10", "nama": "Taman Salak Cemara", "gtn1": "Tanah Lapang dan Rekreasi", "gtn2": "Tanah Lapang", "gtn3": "Tanah Lapang Lain", "kod_gtn": "TLR107", "no_warta": "WKNS 1054", "trkh_warta": "07/03/2024", "serah_PTD": null, "Luas_h": 0.0666, "pemilik": null, "selenggara": null, "catatan": "Kawasan Lapang", "tahun_data": 2024, "PBT": "MPSp" }, "geometry": { "type": "Polygon", "coordinates": [ [ [ 101.718165154199284, 2.801077136239515 ], [ 101.718163792100725, 2.801030473048997 ], [ 101.717815452067725, 2.800997744016814 ], [ 101.717598807638083, 2.801058214507084 ], [ 101.7175993632939, 2.801115729922851 ], [ 101.718125502681715, 2.801117480674049 ], [ 101.718165154199284, 2.801077136239515 ] ] ] } },
{ "type": "Feature", "properties": { "upi": null, "sts_warta": "Warta", "no_lot": "7906", "no_pt": null, "seksyen_id": "101002000", "mukim_id": "101002", "daerah_id": "1010", "negeri_id": "10", "nama": "Taman Desa Salak Idaman", "gtn1": "Tanah Lapang dan Rekreasi", "gtn2": "Kawasan Hijau", "gtn3": "Zon Penampan", "kod_gtn": "TLR107", "no_warta": "WKNS 1104", "trkh_warta": "14/03/2024", "serah_PTD": null, "Luas_h": 0.0274, "pemilik": null, "selenggara": null, "catatan": "Kawasan Lapang", "tahun_data": 2024, "PBT": "MPSp" }, "geometry": { "type": "Polygon", "coordinates": [ [ [ 101.733617000750385, 2.801391630861945 ], [ 101.733658012873576, 2.801392523073688 ], [ 101.733661630744592, 2.800846667568132 ], [ 101.733620888455164, 2.800845775274435 ], [ 101.733617000750385, 2.801391630861945 ] ] ] } },
{ "type": "Feature", "properties": { "upi": null, "sts_warta": "Warta", "no_lot": "7905", "no_pt": null, "seksyen_id": "101002000", "mukim_id": "101002", "daerah_id": "1010", "negeri_id": "10", "nama": "Taman Desa Salak Idaman", "gtn1": "Tanah Lapang dan Rekreasi", "gtn2": "Kawasan Hijau", "gtn3": "Zon Penampan", "kod_gtn": "TLR107", "no_warta": "WKNS 1104", "trkh_warta": "14/03/2024", "serah_PTD": null, "Luas_h": 0.0094, "pemilik": null, "selenggara": null, "catatan": "Kawasan Lapang", "tahun_data": 2024, "PBT": "MPSp" }, "geometry": { "type": "Polygon", "coordinates": [ [ [ 101.733618140352078, 2.801598089384693 ], [ 101.733659140401656, 2.80155765365415 ], [ 101.733658012873576, 2.801392523073688 ], [ 101.733617000750385, 2.801391630861945 ], [ 101.733618140352078, 2.801598089384693 ] ] ] } },
{ "type": "Feature", "properties": { "upi": null, "sts_warta": "Warta", "no_lot": "7863", "no_pt": null, "seksyen_id": "101002000", "mukim_id": "101002", "daerah_id": "1010", "negeri_id": "10", "nama": "Taman Desa Salak Idaman", "gtn1": "Tanah Lapang dan Rekreasi", "gtn2": "Kawasan Hijau", "gtn3": "Zon Penampan", "kod_gtn": "TLR107", "no_warta": "WKNS 1104", "trkh_warta": "14/03/2024", "serah_PTD": null, "Luas_h": 0.0116, "pemilik": null, "selenggara": null, "catatan": "Kawasan Lapang", "tahun_data": 2024, "PBT": "MPSp" }, "geometry": { "type": "Polygon", "coordinates": [ [ [ 101.733620397919054, 2.8019369416929 ], [ 101.733661679849831, 2.80193774338927 ], [ 101.733659994178922, 2.801709309777216 ], [ 101.73361871220331, 2.801708327213524 ], [ 101.733620397919054, 2.8019369416929 ] ] ] } },
{ "type": "Feature", "properties": { "upi": null, "sts_warta": "Warta", "no_lot": "37191", "no_pt": null, "seksyen_id": "101002000", "mukim_id": "101002", "daerah_id": "1010", "negeri_id": "10", "nama": "Tiara Heights", "gtn1": "Tanah Lapang dan Rekreasi", "gtn2": "Tanah Lapang", "gtn3": "Lot Permainan", "kod_gtn": "TLR106", "no_warta": "WKNS 307", "trkh_warta": "25/1/2024", "serah_PTD": null, "Luas_h": 0.1331, "pemilik": null, "selenggara": null, "catatan": "Kawasan Lapang", "tahun_data": 2024, "PBT": "MPSp" }, "geometry": { "type": "Polygon", "coordinates": [ [ [ 101.73982682822583, 2.799704830153047 ], [ 101.7398308753354, 2.799704467203973 ], [ 101.739843512756792, 2.799556967045285 ], [ 101.739177605483249, 2.799539532601643 ], [ 101.739176579690096, 2.799719675624686 ], [ 101.73982682822583, 2.799704830153047 ] ] ] } },
{ "type": "Feature", "properties": { "upi": null, "sts_warta": "Warta", "no_lot": "37793 & 37", "no_pt": null, "seksyen_id": "101002000", "mukim_id": "101002", "daerah_id": "1010", "negeri_id": "10", "nama": "Tiara Heights", "gtn1": "Tanah Lapang dan Rekreasi", "gtn2": "Tanah Lapang", "gtn3": "Lot Permainan", "kod_gtn": "TLR106", "no_warta": "WKNS 308", "trkh_warta": "25/1/2024", "serah_PTD": null, "Luas_h": 0.4821, "pemilik": null, "selenggara": null, "catatan": "Kawasan Lapang", "tahun_data": 2024, "PBT": "MPSp" }, "geometry": { "type": "Polygon", "coordinates": [ [ [ 101.740452510213316, 2.799644956047509 ], [ 101.740459525200734, 2.799644320903225 ], [ 101.741343406298824, 2.800443392253604 ], [ 101.74142236561562, 2.800120793652772 ], [ 101.741468178135705, 2.799933492931905 ], [ 101.741077186956844, 2.799833320698741 ], [ 101.741125425049589, 2.799636614213675 ], [ 101.740534487736596, 2.799490290793717 ], [ 101.74046756686316, 2.799467160082215 ], [ 101.740452510213316, 2.799644956047509 ] ] ] } },
{ "type": "Feature", "properties": { "upi": null, "sts_warta": "Warta", "no_lot": "37223", "no_pt": null, "seksyen_id": "101002000", "mukim_id": "101002", "daerah_id": "1010", "negeri_id": "10", "nama": "Tiara Heights", "gtn1": "Tanah Lapang dan Rekreasi", "gtn2": "Tanah Lapang", "gtn3": "Lot Permainan", "kod_gtn": "TLR106", "no_warta": "WKNS 1052", "trkh_warta": "07/03/2024", "serah_PTD": null, "Luas_h": 0.0804, "pemilik": null, "selenggara": null, "catatan": "Kawasan Lapang", "tahun_data": 2024, "PBT": "MPSp" }, "geometry": { "type": "Polygon", "coordinates": [ [ [ 101.739394050777946, 2.797904075646766 ], [ 101.739318976217973, 2.797680818869902 ], [ 101.738933720405313, 2.79781115803664 ], [ 101.738946683112587, 2.797850402115189 ], [ 101.738960995829416, 2.79789281094717 ], [ 101.739394050777946, 2.797904075646766 ] ] ] } },
{ "type": "Feature", "properties": { "upi": null, "sts_warta": "Warta", "no_lot": "37192", "no_pt": null, "seksyen_id": "101002000", "mukim_id": "101002", "daerah_id": "1010", "negeri_id": "10", "nama": "Tiara Heights", "gtn1": "Tanah Lapang dan Rekreasi", "gtn2": "Tanah Lapang", "gtn3": "Lot Permainan", "kod_gtn": "TLR106", "no_warta": "WKNS 1053", "trkh_warta": "07/03/2024", "serah_PTD": null, "Luas_h": 0.2025, "pemilik": null, "selenggara": null, "catatan": "Kawasan Lapang", "tahun_data": 2024, "PBT": "MPSp" }, "geometry": { "type": "Polygon", "coordinates": [ [ [ 101.739964238061404, 2.798139934757736 ], [ 101.739970422250551, 2.798067495997994 ], [ 101.739983059635705, 2.797919905405028 ], [ 101.739982519980686, 2.797919815134155 ], [ 101.739399447220251, 2.797904616625938 ], [ 101.738961805405623, 2.797893262870009 ], [ 101.738980438821571, 2.797948059740555 ], [ 101.738979911686258, 2.79799020172056 ], [ 101.739020936028524, 2.798032692977645 ], [ 101.739152606351638, 2.79803618038962 ], [ 101.739635847179471, 2.798048786437739 ], [ 101.739633713189789, 2.798131352487856 ], [ 101.739964238061404, 2.798139934757736 ] ] ] } },
{ "type": "Feature", "properties": { "upi": null, "sts_warta": "Warta", "no_lot": "37224", "no_pt": null, "seksyen_id": "101002000", "mukim_id": "101002", "daerah_id": "1010", "negeri_id": "10", "nama": "Tiara Heights", "gtn1": "Tanah Lapang dan Rekreasi", "gtn2": "Kawasan Hijau", "gtn3": "Kawasan Hijau", "kod_gtn": "TLR302", "no_warta": "WKNS 1096", "trkh_warta": "14/03/2024", "serah_PTD": null, "Luas_h": 0.0252, "pemilik": null, "selenggara": null, "catatan": "Zon Penampan", "tahun_data": 2024, "PBT": "MPSp" }, "geometry": { "type": "Polygon", "coordinates": [ [ [ 101.738532151110618, 2.796609151110411 ], [ 101.738915787870241, 2.796479355200884 ], [ 101.738862587637371, 2.796320932346386 ], [ 101.73881536989154, 2.796319770854723 ], [ 101.738862359045001, 2.79646010895266 ], [ 101.738862089284851, 2.796460289899641 ], [ 101.73852080905786, 2.796575784689662 ], [ 101.738532151110618, 2.796609151110411 ] ] ] } },
{ "type": "Feature", "properties": { "upi": null, "sts_warta": "Dalam Proses", "no_lot": "129696", "no_pt": null, "seksyen_id": "101001000", "mukim_id": "101001", "daerah_id": "1010", "negeri_id": "10", "nama": "TAMAN DESIRAN BAYU", "gtn1": "Tanah Lapang dan Rekreasi", "gtn2": "Tanah Lapang", "gtn3": "Tanah Lapang Lain", "kod_gtn": "TLR107", "no_warta": null, "trkh_warta": null, "serah_PTD": "11/11/2023", "Luas_h": 0.0801, "pemilik": null, "selenggara": null, "catatan": "Data diambilkira untuk Jan - Jun 2024", "tahun_data": 2024, "PBT": "MPSp" }, "geometry": { "type": "Polygon", "coordinates": [ [ [ 101.588296287854604, 2.962597266357136 ], [ 101.588348375966547, 2.962633701838058 ], [ 101.588357282128882, 2.962639397569097 ], [ 101.58858044983144, 2.962636011162268 ], [ 101.588575533294474, 2.962305295011264 ], [ 101.588487831356971, 2.962306486513087 ], [ 101.588349678284416, 2.962371081340762 ], [ 101.588426076199326, 2.96253647127325 ], [ 101.588296287854604, 2.962597266357136 ] ] ] } },
{ "type": "Feature", "properties": { "upi": null, "sts_warta": "Dalam Proses", "no_lot": "129217", "no_pt": null, "seksyen_id": "101001000", "mukim_id": "101001", "daerah_id": "1010", "negeri_id": "10", "nama": "TAMAN DESIRAN BAYU", "gtn1": "Tanah Lapang dan Rekreasi", "gtn2": "Tanah Lapang", "gtn3": "Tanah Lapang Lain", "kod_gtn": "TLR107", "no_warta": null, "trkh_warta": null, "serah_PTD": "11/11/2023", "Luas_h": 0.0322, "pemilik": null, "selenggara": null, "catatan": "Data diambilkira untuk Jan - Jun 2024", "tahun_data": 2024, "PBT": "MPSp" }, "geometry": { "type": "Polygon", "coordinates": [ [ [ 101.58768704019792, 2.956983053740791 ], [ 101.587712937270126, 2.956934305166382 ], [ 101.587592032289393, 2.956869485726055 ], [ 101.587669453702063, 2.956723511357863 ], [ 101.587790358703103, 2.956788511658625 ], [ 101.587798451542781, 2.956773317293424 ], [ 101.587644884586823, 2.956652434658729 ], [ 101.587517827174352, 2.956892197986334 ], [ 101.58768704019792, 2.956983053740791 ] ] ] } },
{ "type": "Feature", "properties": { "upi": null, "sts_warta": "Warta", "no_lot": "118317 & 1", "no_pt": null, "seksyen_id": "101001000", "mukim_id": "101001", "daerah_id": "1010", "negeri_id": "10", "nama": "Taman Desiran Bayu", "gtn1": "Tanah Lapang dan Rekreasi", "gtn2": "Tanah Lapang", "gtn3": "Tanah Lapang Lain", "kod_gtn": "TLR107", "no_warta": "WKNS 293", "trkh_warta": "25/1/2024", "serah_PTD": null, "Luas_h": 0.0694, "pemilik": null, "selenggara": null, "catatan": "Kawasan Lapang", "tahun_data": 2024, "PBT": "MPSp" }, "geometry": { "type": "Polygon", "coordinates": [ [ [ 101.59591414553617, 2.962122713573604 ], [ 101.595913300192493, 2.961929818153195 ], [ 101.596195835704037, 2.961928499063226 ], [ 101.596196681130181, 2.962121575347829 ], [ 101.59617968040898, 2.962121578540108 ], [ 101.596263604553741, 2.962121291477069 ], [ 101.596263604553741, 2.962121291477069 ], [ 101.596262757956453, 2.961921975252307 ], [ 101.595876296427946, 2.961746786809925 ], [ 101.595877985322304, 2.962122991655744 ], [ 101.59591414553617, 2.962122713573604 ] ] ] } },
{ "type": "Feature", "properties": { "upi": null, "sts_warta": "Warta", "no_lot": "115411", "no_pt": null, "seksyen_id": "101001000", "mukim_id": "101001", "daerah_id": "1010", "negeri_id": "10", "nama": "Sg. Merab", "gtn1": "Tanah Lapang dan Rekreasi", "gtn2": "Tanah Lapang", "gtn3": "Lot Permainan", "kod_gtn": "TLR106", "no_warta": null, "trkh_warta": "25/1/2024", "serah_PTD": "11/08/2021", "Luas_h": 0.1, "pemilik": null, "selenggara": null, "catatan": "Kawasan Lapang", "tahun_data": 2024, "PBT": "MPSp" }, "geometry": { "type": "Polygon", "coordinates": [ [ [ 101.749124018158696, 2.934966626281082 ], [ 101.74909452130386, 2.934705285089252 ], [ 101.748644200032118, 2.934867757486491 ], [ 101.748615878642013, 2.934906743164741 ], [ 101.748643145848064, 2.93494661521457 ], [ 101.749124018158696, 2.934966626281082 ] ] ] } },
{ "type": "Feature", "properties": { "upi": null, "sts_warta": "Warta", "no_lot": "39701", "no_pt": null, "seksyen_id": "101002000", "mukim_id": "101002", "daerah_id": "1010", "negeri_id": "10", "nama": "Desa Salak Bakti", "gtn1": "Tanah Lapang dan Rekreasi", "gtn2": "Tanah Lapang", "gtn3": "Lot Permainan", "kod_gtn": "TLR106", "no_warta": "WKNS 1097", "trkh_warta": "14/03/2024", "serah_PTD": null, "Luas_h": 0.0583, "pemilik": null, "selenggara": null, "catatan": "Kawasan Lapang", "tahun_data": 2024, "PBT": "MPSp" }, "geometry": { "type": "Polygon", "coordinates": [ [ [ 101.728257705721632, 2.79213058186639 ], [ 101.728389914978536, 2.792134070421002 ], [ 101.728499189997038, 2.792137023015906 ], [ 101.728505339688269, 2.791941866379073 ], [ 101.728262775813036, 2.791934069040847 ], [ 101.728257705721632, 2.79213058186639 ] ] ] } },
{ "type": "Feature", "properties": { "upi": null, "sts_warta": "Warta", "no_lot": "42873", "no_pt": null, "seksyen_id": "101001000", "mukim_id": "101001", "daerah_id": "1010", "negeri_id": "10", "nama": "Taman Meranti Jaya", "gtn1": "Tanah Lapang dan Rekreasi", "gtn2": "Tanah Lapang", "gtn3": "Lot Permainan", "kod_gtn": "TLR106", "no_warta": "WKNS 297", "trkh_warta": "25/1/2024", "serah_PTD": null, "Luas_h": 0.0319, "pemilik": null, "selenggara": null, "catatan": "Kawasan Lapang", "tahun_data": 2024, "PBT": "MPSp" }, "geometry": { "type": "Polygon", "coordinates": [ [ [ 101.603007383443185, 2.978375945891303 ], [ 101.602799291725944, 2.97820877423413 ], [ 101.602800141143689, 2.978415505887026 ], [ 101.603021423423272, 2.978414467979611 ], [ 101.603021415989645, 2.978375943154628 ], [ 101.603007383443185, 2.978375945891303 ] ] ] } },
{ "type": "Feature", "properties": { "upi": null, "sts_warta": "Warta", "no_lot": "109573", "no_pt": null, "seksyen_id": "101001000", "mukim_id": "101001", "daerah_id": "1010", "negeri_id": "10", "nama": "Taman Bintang Mas", "gtn1": "Tanah Lapang dan Rekreasi", "gtn2": "Tanah Lapang", "gtn3": "Tanah Lapang Lain", "kod_gtn": "TLR107", "no_warta": "WKNS 1103", "trkh_warta": "14/03/2024", "serah_PTD": null, "Luas_h": 0.0413, "pemilik": null, "selenggara": null, "catatan": "Kawasan Lapang", "tahun_data": 2024, "PBT": "MPSp" }, "geometry": { "type": "Polygon", "coordinates": [ [ [ 101.673563983577679, 2.85545448779625 ], [ 101.673774175083196, 2.855438157463032 ], [ 101.673765246405765, 2.855339134919187 ], [ 101.673634112814383, 2.855349296104261 ], [ 101.673621661044592, 2.855187875265673 ], [ 101.673545299096702, 2.855184548212439 ], [ 101.673563983577679, 2.85545448779625 ] ] ] } },
{ "type": "Feature", "properties": { "upi": null, "sts_warta": "Warta", "no_lot": "109570", "no_pt": null, "seksyen_id": "101001000", "mukim_id": "101001", "daerah_id": "1010", "negeri_id": "10", "nama": "Taman Bintang Mas", "gtn1": "Tanah Lapang dan Rekreasi", "gtn2": "Tanah Lapang", "gtn3": "Lot Permainan", "kod_gtn": "TLR106", "no_warta": "WKNS 1103", "trkh_warta": "14/03/2024", "serah_PTD": null, "Luas_h": 0.0207, "pemilik": null, "selenggara": null, "catatan": "Kawasan Lapang", "tahun_data": 2024, "PBT": "MPSp" }, "geometry": { "type": "Polygon", "coordinates": [ [ [ 101.673876418762632, 2.855353305320412 ], [ 101.673882103976396, 2.85542981070969 ], [ 101.674100390137454, 2.855412845267185 ], [ 101.674094974736775, 2.855336339813193 ], [ 101.673876418762632, 2.855353305320412 ] ] ] } },
{ "type": "Feature", "properties": { "upi": null, "sts_warta": "Warta", "no_lot": "109689", "no_pt": null, "seksyen_id": "101001000", "mukim_id": "101001", "daerah_id": "1010", "negeri_id": "10", "nama": "Taman Delima Jaya", "gtn1": "Tanah Lapang dan Rekreasi", "gtn2": "Tanah Lapang", "gtn3": "Lot Permainan", "kod_gtn": "TLR106", "no_warta": "WKNS 1095", "trkh_warta": "14/03/2024", "serah_PTD": null, "Luas_h": 0.0754, "pemilik": null, "selenggara": null, "catatan": "Kawasan Lapang", "tahun_data": 2024, "PBT": "MPSp" }, "geometry": { "type": "Polygon", "coordinates": [ [ [ 101.671755268815645, 2.855201360364136 ], [ 101.671884452590973, 2.854941603164381 ], [ 101.671889576323693, 2.854929393363102 ], [ 101.671889841861642, 2.854911849180717 ], [ 101.671882552657294, 2.854896025103829 ], [ 101.671869598164719, 2.854884633673044 ], [ 101.671852867682958, 2.854879754393879 ], [ 101.671835599425819, 2.854882562102667 ], [ 101.671827235909163, 2.854887176282612 ], [ 101.671493236875506, 2.855080063192453 ], [ 101.671568550842011, 2.8552117159121 ], [ 101.671701818350229, 2.855100449679863 ], [ 101.671755268815645, 2.855201360364136 ] ] ] } },
{ "type": "Feature", "properties": { "upi": null, "sts_warta": "Warta", "no_lot": "40303", "no_pt": null, "seksyen_id": "101002000", "mukim_id": "101002", "daerah_id": "1010", "negeri_id": "10", "nama": "Taman Salak Cemara", "gtn1": "Tanah Lapang dan Rekreasi", "gtn2": "Tanah Lapang", "gtn3": "Tanah Lapang Lain", "kod_gtn": "TLR107", "no_warta": "WKNS 1098", "trkh_warta": "14/03/2024", "serah_PTD": null, "Luas_h": 0.0663, "pemilik": null, "selenggara": null, "catatan": "Zon Penampan", "tahun_data": 2024, "PBT": "MPSp" }, "geometry": { "type": "Polygon", "coordinates": [ [ [ 101.717762106426278, 2.803211294613583 ], [ 101.71776009942495, 2.802787253504551 ], [ 101.717794096188285, 2.802787424782342 ], [ 101.717795380176455, 2.802554106543402 ], [ 101.717551197132522, 2.802552909321682 ], [ 101.717551780096628, 2.802708363979185 ], [ 101.717554890687609, 2.803219944208716 ], [ 101.71768116275075, 2.803214573041608 ], [ 101.717762106426278, 2.803211294613583 ] ], [ [ 101.717722966712515, 2.803152162284759 ], [ 101.717569981457174, 2.803152205422666 ], [ 101.717570096569418, 2.802597306739346 ], [ 101.717768410721121, 2.802597341260301 ], [ 101.717768453604933, 2.802751077834083 ], [ 101.717722854840645, 2.802751090693809 ], [ 101.717722966712515, 2.803152162284759 ] ] ] } },
{ "type": "Feature", "properties": { "upi": null, "sts_warta": "Dalam Proses", "no_lot": "29080", "no_pt": null, "seksyen_id": "101001000", "mukim_id": "101001", "daerah_id": "1010", "negeri_id": "10", "nama": "BANDAR BUKIT PUCHONG", "gtn1": "Tanah Lapang dan Rekreasi", "gtn2": "Tanah Lapang", "gtn3": "Tanah Lapang Lain", "kod_gtn": "TLR107", "no_warta": null, "trkh_warta": null, "serah_PTD": "11/11/2023", "Luas_h": 0.1009, "pemilik": null, "selenggara": null, "catatan": "Data diambilkira untuk Jan - Jun 2024", "tahun_data": 2024, "PBT": "MPSp" }, "geometry": { "type": "Polygon", "coordinates": [ [ [ 101.614186615104131, 2.968460535895417 ], [ 101.614215772449228, 2.968525190108037 ], [ 101.615407012619443, 2.969033274203815 ], [ 101.615475549339607, 2.969002331744051 ], [ 101.615292572249672, 2.968924596301057 ], [ 101.615191637947973, 2.968881480119336 ], [ 101.615090703690967, 2.968838544795327 ], [ 101.614989769423516, 2.968795519027623 ], [ 101.61488883518237, 2.968752583683831 ], [ 101.614787900912432, 2.968709467462536 ], [ 101.614686966668785, 2.968666441665156 ], [ 101.614586032451413, 2.968623506291691 ], [ 101.614305089817933, 2.968503467718617 ], [ 101.614236785866865, 2.968351191152586 ], [ 101.614223023356217, 2.968351465269296 ], [ 101.614186615104131, 2.968460535895417 ] ] ] } },
{ "type": "Feature", "properties": { "upi": null, "sts_warta": "Dalam Proses", "no_lot": "29089", "no_pt": null, "seksyen_id": "101001000", "mukim_id": "101001", "daerah_id": "1010", "negeri_id": "10", "nama": "Bandar Bukit Puchong 2", "gtn1": "Tanah Lapang dan Rekreasi", "gtn2": "Tanah Lapang", "gtn3": "Tanah Lapang Lain", "kod_gtn": "TLR107", "no_warta": null, "trkh_warta": null, "serah_PTD": "11/11/2023", "Luas_h": 0.3532, "pemilik": null, "selenggara": null, "catatan": "Data diambilkira untuk Jan - Jun 2024", "tahun_data": 2024, "PBT": "MPSp" }, "geometry": { "type": "Polygon", "coordinates": [ [ [ 101.614293173921666, 2.968294477615187 ], [ 101.614343336428107, 2.968144437654353 ], [ 101.614362484428568, 2.968086917830473 ], [ 101.614381632445586, 2.968029488440161 ], [ 101.614400780442537, 2.967971968615797 ], [ 101.614419928437741, 2.967914448791193 ], [ 101.614439076467804, 2.967857109833966 ], [ 101.614458224459497, 2.967799590008878 ], [ 101.614478451316188, 2.967739356948271 ], [ 101.614495440966394, 2.967684279277571 ], [ 101.61451323959102, 2.967626307559018 ], [ 101.614531038232329, 2.967568426274068 ], [ 101.614548836853714, 2.967510454555102 ], [ 101.614557196776417, 2.967483051397733 ], [ 101.614574185466907, 2.967423271168088 ], [ 101.614598994332027, 2.967335907023586 ], [ 101.614615713457894, 2.967277573789703 ], [ 101.614632162728284, 2.967219240610919 ], [ 101.614648881869456, 2.967160997810486 ], [ 101.614665331136834, 2.96710266463135 ], [ 101.614682050293311, 2.967044512264367 ], [ 101.614698499557704, 2.966986179084877 ], [ 101.61471521867449, 2.966927845849917 ], [ 101.614731667954231, 2.966869603103884 ], [ 101.614748387067976, 2.966811269868564 ], [ 101.614764836308055, 2.966752846254561 ], [ 101.614800431763086, 2.966628311599171 ], [ 101.614810414318413, 2.966618271399888 ], [ 101.614918603201247, 2.966507377365578 ], [ 101.614960961491647, 2.966464231750485 ], [ 101.615003319760547, 2.966420995700173 ], [ 101.615045678044638, 2.966377850082261 ], [ 101.615087766435124, 2.966334523650695 ], [ 101.615130124712906, 2.966291378029971 ], [ 101.615172482969157, 2.966248141974029 ], [ 101.615214841240629, 2.966204996350484 ], [ 101.615256929618496, 2.966161669913328 ], [ 101.615299287883659, 2.966118524286972 ], [ 101.615341646145652, 2.966075378659208 ], [ 101.615405048578339, 2.96601052459193 ], [ 101.61546845100392, 2.965945670521495 ], [ 101.615511079106938, 2.965902524832632 ], [ 101.615553437334754, 2.965859288764013 ], [ 101.615595525724189, 2.965816143183278 ], [ 101.615637883927306, 2.965772816678046 ], [ 101.615680242164061, 2.965729671039014 ], [ 101.615722600379243, 2.965686434964768 ], [ 101.615764688756101, 2.965643289378444 ], [ 101.615807046946571, 2.965599962867587 ], [ 101.615849405170692, 2.965556817222928 ], [ 101.615891763373256, 2.965513581143056 ], [ 101.615943294639706, 2.965460757189316 ], [ 101.61597998220779, 2.965399345078911 ], [ 101.616011004765213, 2.965347339250324 ], [ 101.616042027338338, 2.965295423854842 ], [ 101.616072780018428, 2.96524332764665 ], [ 101.616103802567736, 2.965191321815974 ], [ 101.616134825095884, 2.965139225550797 ], [ 101.616165847658195, 2.965087310152526 ], [ 101.616237604048351, 2.964966566230129 ], [ 101.616162844255953, 2.964915576972222 ], [ 101.615871232348056, 2.965404793498696 ], [ 101.614720005502647, 2.966579855556523 ], [ 101.614757519030562, 2.966598838970703 ], [ 101.614504576104324, 2.967487312562322 ], [ 101.614427178730026, 2.967737830070029 ], [ 101.614241362187371, 2.968295844722589 ], [ 101.614293173921666, 2.968294477615187 ] ] ] } },
{ "type": "Feature", "properties": { "upi": null, "sts_warta": "Dalam Proses", "no_lot": "29079", "no_pt": null, "seksyen_id": "101001000", "mukim_id": "101001", "daerah_id": "1010", "negeri_id": "10", "nama": "BANDAR BUKIT PUCHONG", "gtn1": "Tanah Lapang dan Rekreasi", "gtn2": "Tanah Lapang", "gtn3": "Tanah Lapang Lain", "kod_gtn": "TLR107", "no_warta": null, "trkh_warta": null, "serah_PTD": "11/11/2023", "Luas_h": 0.1885, "pemilik": null, "selenggara": null, "catatan": "Data diambilkira untuk Jan - Jun 2024", "tahun_data": 2024, "PBT": "MPSp" }, "geometry": { "type": "Polygon", "coordinates": [ [ [ 101.618322679696149, 2.968500739117987 ], [ 101.618225296602205, 2.968667248001419 ], [ 101.618169726171701, 2.968762215048115 ], [ 101.618113885877989, 2.968857182148745 ], [ 101.618058315429749, 2.968952149190968 ], [ 101.618002744972642, 2.96904711623096 ], [ 101.617947174506668, 2.969142083268721 ], [ 101.617891334177372, 2.969237050360367 ], [ 101.617835763693648, 2.969332017393653 ], [ 101.617780193201042, 2.969426984424707 ], [ 101.617724352845059, 2.969521951509609 ], [ 101.617668782334704, 2.969616918536186 ], [ 101.617543613717388, 2.969830549148946 ], [ 101.617473186463016, 2.96985389569067 ], [ 101.617314767933735, 2.969786284092673 ], [ 101.617213833491419, 2.969743258543045 ], [ 101.617112899075565, 2.969700323417305 ], [ 101.617011964649109, 2.969657297847876 ], [ 101.616911030212066, 2.969614181834756 ], [ 101.616810095820014, 2.969571246679317 ], [ 101.616709161417376, 2.969528221080188 ], [ 101.616608227004178, 2.969485105037367 ], [ 101.616507292635916, 2.969442169852232 ], [ 101.616406358257095, 2.969399144223406 ], [ 101.616305423867729, 2.969356028150887 ], [ 101.616204489523255, 2.969313092936061 ], [ 101.616103555168252, 2.969270067277542 ], [ 101.616002620802732, 2.969226951175328 ], [ 101.615901686482047, 2.969184015930813 ], [ 101.615800752150847, 2.969140990242605 ], [ 101.615626950819433, 2.969066960754276 ], [ 101.61566015798067, 2.969140928768216 ], [ 101.61743244714863, 2.969896408029645 ], [ 101.617561968549083, 2.969853515519663 ], [ 101.618331593031002, 2.968540256826523 ], [ 101.618322679696149, 2.968500739117987 ] ] ] } },
{ "type": "Feature", "properties": { "upi": null, "sts_warta": "Dalam Proses", "no_lot": "29075", "no_pt": null, "seksyen_id": "101001000", "mukim_id": "101001", "daerah_id": "1010", "negeri_id": "10", "nama": "Bandar Bukit Puchong 2", "gtn1": "Tanah Lapang dan Rekreasi", "gtn2": "Tanah Lapang", "gtn3": "Tanah Lapang Lain", "kod_gtn": "TLR107", "no_warta": null, "trkh_warta": null, "serah_PTD": "11/11/2023", "Luas_h": 0.0788, "pemilik": null, "selenggara": null, "catatan": "Data diambilkira untuk Jan - Jun 2024", "tahun_data": 2024, "PBT": "MPSp" }, "geometry": { "type": "Polygon", "coordinates": [ [ [ 101.618246153040715, 2.969044171684831 ], [ 101.618269903115831, 2.969058183975403 ], [ 101.618312255327083, 2.968985737690208 ], [ 101.618342738097965, 2.96893346061107 ], [ 101.61837349073916, 2.968881273908819 ], [ 101.61840397350467, 2.968828996828334 ], [ 101.618434726140492, 2.968776810124722 ], [ 101.618465208900645, 2.96872453304289 ], [ 101.618495961531067, 2.968672346337915 ], [ 101.618526444285862, 2.968620069254737 ], [ 101.618557196910913, 2.968567882548403 ], [ 101.618601707156344, 2.968491728019152 ], [ 101.618646217433394, 2.968415754356038 ], [ 101.618676700193689, 2.968363567703335 ], [ 101.618707452786865, 2.968311290559881 ], [ 101.618737935541802, 2.968259103905833 ], [ 101.618768688166924, 2.968207007628583 ], [ 101.61879917089783, 2.968154730539405 ], [ 101.618829923498907, 2.968102543827014 ], [ 101.618879289384466, 2.968018158800912 ], [ 101.619037637940792, 2.967748000019369 ], [ 101.619176563705253, 2.967510582308888 ], [ 101.619459001218019, 2.967029144220549 ], [ 101.619420414467726, 2.967040546949627 ], [ 101.618246153040715, 2.969044171684831 ] ] ] } },
{ "type": "Feature", "properties": { "upi": null, "sts_warta": "Dalam Proses", "no_lot": "29078", "no_pt": null, "seksyen_id": "101001000", "mukim_id": "101001", "daerah_id": "1010", "negeri_id": "10", "nama": "Bandar Bukit Puchong 2", "gtn1": "Tanah Lapang dan Rekreasi", "gtn2": "Tanah Lapang", "gtn3": "Tanah Lapang Lain", "kod_gtn": "TLR107", "no_warta": null, "trkh_warta": null, "serah_PTD": "11/11/2023", "Luas_h": 0.0638, "pemilik": null, "selenggara": null, "catatan": "Data diambilkira untuk Jan - Jun 2024", "tahun_data": 2024, "PBT": "MPSp" }, "geometry": { "type": "Polygon", "coordinates": [ [ [ 101.618406305156185, 2.968358288481675 ], [ 101.618443003634525, 2.968350051360087 ], [ 101.619265498817271, 2.966946256907991 ], [ 101.619243620399885, 2.966848321692725 ], [ 101.619183974283601, 2.966807638954621 ], [ 101.619095989481877, 2.96674742843474 ], [ 101.619081961996898, 2.966771215450188 ], [ 101.619219337011529, 2.9668650570181 ], [ 101.619236623535215, 2.966941831688205 ], [ 101.619157853961937, 2.967076142319426 ], [ 101.61910201382608, 2.96717110945989 ], [ 101.619046443535296, 2.967266076541743 ], [ 101.618990873235646, 2.967361043621371 ], [ 101.618935033073129, 2.96745601075511 ], [ 101.618879462755743, 2.967550977830273 ], [ 101.618823892429489, 2.967645944903207 ], [ 101.618768052240313, 2.967740912030219 ], [ 101.618712481896324, 2.967835879098688 ], [ 101.618656911543482, 2.967930846164929 ], [ 101.618601071327618, 2.968025813285211 ], [ 101.618545500957012, 2.968120780346983 ], [ 101.618489930577567, 2.968215747406527 ], [ 101.618406305156185, 2.968358288481675 ] ] ] } },
{ "type": "Feature", "properties": { "upi": null, "sts_warta": "Dalam Proses", "no_lot": "35375", "no_pt": null, "seksyen_id": "101001000", "mukim_id": "101001", "daerah_id": "1010", "negeri_id": "10", "nama": "Bandar Bukit Puchong 2", "gtn1": "Tanah Lapang dan Rekreasi", "gtn2": "Tanah Lapang", "gtn3": "Tanah Lapang Lain", "kod_gtn": "TLR107", "no_warta": null, "trkh_warta": null, "serah_PTD": "11/11/2023", "Luas_h": 0.1715, "pemilik": null, "selenggara": null, "catatan": "Data diambilkira untuk Jan - Jun 2024", "tahun_data": 2024, "PBT": "MPSp" }, "geometry": { "type": "Polygon", "coordinates": [ [ [ 101.623198353244703, 2.965680802069165 ], [ 101.623294183108413, 2.96583216781401 ], [ 101.624227614631593, 2.965869227661558 ], [ 101.624240269255523, 2.965734297799035 ], [ 101.623198353244703, 2.965680802069165 ] ] ] } },
{ "type": "Feature", "properties": { "upi": null, "sts_warta": "Dalam Proses", "no_lot": "29069", "no_pt": null, "seksyen_id": "101001000", "mukim_id": "101001", "daerah_id": "1010", "negeri_id": "10", "nama": "Bandar Bukit Puchong 2", "gtn1": "Tanah Lapang dan Rekreasi", "gtn2": "Tanah Lapang", "gtn3": "Tanah Lapang Lain", "kod_gtn": "TLR107", "no_warta": null, "trkh_warta": null, "serah_PTD": "11/11/2023", "Luas_h": 0.2837, "pemilik": null, "selenggara": null, "catatan": "Data diambilkira untuk Jan - Jun 2024", "tahun_data": 2024, "PBT": "MPSp" }, "geometry": { "type": "Polygon", "coordinates": [ [ [ 101.617723358683875, 2.969936590640363 ], [ 101.617759003746016, 2.970054508891559 ], [ 101.618895475702814, 2.970606098978884 ], [ 101.620265174801048, 2.971500654080656 ], [ 101.620302402766598, 2.971442859073103 ], [ 101.620216307330395, 2.971386627369887 ], [ 101.620124544140808, 2.971326508197975 ], [ 101.620032511125245, 2.971266479508006 ], [ 101.619940478101086, 2.97120636037572 ], [ 101.619848714979597, 2.971146422045788 ], [ 101.619756681994602, 2.971086393330195 ], [ 101.619664649001052, 2.971026274172284 ], [ 101.61957261603645, 2.970966245439594 ], [ 101.619480583063293, 2.970906126264584 ], [ 101.619388819973921, 2.970846097458285 ], [ 101.619296787058616, 2.97078615913375 ], [ 101.619204754116055, 2.970726039933123 ], [ 101.619112991057207, 2.970666011101279 ], [ 101.619020958135025, 2.970605891883582 ], [ 101.618928925241747, 2.970545863091115 ], [ 101.618830418349233, 2.97049795376915 ], [ 101.618731641629282, 2.970450134927779 ], [ 101.618632864880666, 2.970402135209274 ], [ 101.618534088140734, 2.97035413548119 ], [ 101.618435311428144, 2.970306226177306 ], [ 101.618336534705577, 2.970258226430065 ], [ 101.618237758028997, 2.970210407540808 ], [ 101.618139251197093, 2.970162498152001 ], [ 101.61804047450056, 2.970114498376053 ], [ 101.617765465191383, 2.969981256179523 ], [ 101.617753043360622, 2.969939840086529 ], [ 101.617855552109944, 2.969764829392587 ], [ 101.617914359804573, 2.969664706958231 ], [ 101.617944842628916, 2.96961252032164 ], [ 101.617975595286509, 2.96956024319445 ], [ 101.618006078105481, 2.96950805655651 ], [ 101.618036830757674, 2.969455779427959 ], [ 101.618067313571302, 2.969403592788669 ], [ 101.61809806621811, 2.969351315658757 ], [ 101.61812854902638, 2.969299129018119 ], [ 101.618159301667788, 2.969246851886844 ], [ 101.618189784470687, 2.969194665244859 ], [ 101.618220537106708, 2.969142388112222 ], [ 101.618262889323972, 2.969069941828537 ], [ 101.618239139267303, 2.969056019971611 ], [ 101.617723358683875, 2.969936590640363 ] ] ] } },
{ "type": "Feature", "properties": { "upi": null, "sts_warta": "Dalam Proses", "no_lot": "29068", "no_pt": null, "seksyen_id": "101001000", "mukim_id": "101001", "daerah_id": "1010", "negeri_id": "10", "nama": "Bandar Bukit Puchong 2", "gtn1": "Tanah Lapang dan Rekreasi", "gtn2": "Tanah Lapang", "gtn3": "Tanah Lapang Lain", "kod_gtn": "TLR107", "no_warta": null, "trkh_warta": null, "serah_PTD": "11/11/2023", "Luas_h": 0.3068, "pemilik": null, "selenggara": null, "catatan": "Data diambilkira untuk Jan - Jun 2024", "tahun_data": 2024, "PBT": "MPSp" }, "geometry": { "type": "Polygon", "coordinates": [ [ [ 101.62027678012717, 2.971508157643312 ], [ 101.622782458283837, 2.973144930994124 ], [ 101.622813745599615, 2.973069321723555 ], [ 101.623003716619976, 2.9730352782108 ], [ 101.62347232219642, 2.972403950800833 ], [ 101.624200518399334, 2.971727983903063 ], [ 101.624204559030375, 2.971693979950926 ], [ 101.624024870852821, 2.971860868625914 ], [ 101.623873781647575, 2.972001163645912 ], [ 101.623793380641757, 2.972076059957765 ], [ 101.623712709732175, 2.972150775454614 ], [ 101.623632038850317, 2.972225671813792 ], [ 101.623551367957987, 2.972300568167814 ], [ 101.62347096689129, 2.97237537402539 ], [ 101.623456127774077, 2.972389213553169 ], [ 101.62340163249138, 2.972462566942182 ], [ 101.623334727369482, 2.972552562783784 ], [ 101.623268092073516, 2.972642468130782 ], [ 101.623201186931112, 2.972732463965682 ], [ 101.623134281797476, 2.97282255023097 ], [ 101.623067646470815, 2.97291245556795 ], [ 101.622991299007339, 2.973015023693958 ], [ 101.622968362196886, 2.9730192789622 ], [ 101.622770295840553, 2.973054861564052 ], [ 101.622514977597831, 2.972888065554222 ], [ 101.622422944298165, 2.972827946652759 ], [ 101.622331180882995, 2.972767918119209 ], [ 101.62223914760375, 2.972707799200644 ], [ 101.622147114353695, 2.972647770707268 ], [ 101.62205535095012, 2.972587651714376 ], [ 101.621963317739414, 2.972527713637656 ], [ 101.621871284519941, 2.972467685118624 ], [ 101.621779521146934, 2.972407566100146 ], [ 101.621687487947867, 2.972347537564018 ], [ 101.62159545474006, 2.972287418585576 ], [ 101.6215034215614, 2.972227390032331 ], [ 101.621411388374, 2.972167271036771 ], [ 101.621319625070882, 2.972107242409399 ], [ 101.621227591903917, 2.972047123396747 ], [ 101.621135558766042, 2.971987094809299 ], [ 101.621043795474577, 2.971926975722591 ], [ 101.620951762357095, 2.971866947118056 ], [ 101.620859999123738, 2.971807008881832 ], [ 101.620767966007776, 2.971746889826449 ], [ 101.620675932920875, 2.971686861196273 ], [ 101.620584169680342, 2.971626742066958 ], [ 101.620492136613819, 2.9715667134197 ], [ 101.620400103576316, 2.971506775197655 ], [ 101.62031400809235, 2.971450362635401 ], [ 101.62027678012717, 2.971508157643312 ] ] ] } },
{ "type": "Feature", "properties": { "upi": null, "sts_warta": "Dalam Proses", "no_lot": "29065", "no_pt": null, "seksyen_id": "101001000", "mukim_id": "101001", "daerah_id": "1010", "negeri_id": "10", "nama": "Bandar Bukit Puchong 2", "gtn1": "Tanah Lapang dan Rekreasi", "gtn2": "Tanah Lapang", "gtn3": "Tanah Lapang Lain", "kod_gtn": "TLR107", "no_warta": null, "trkh_warta": null, "serah_PTD": "11/11/2023", "Luas_h": 0.0855, "pemilik": null, "selenggara": null, "catatan": "Data diambilkira untuk Jan - Jun 2024", "tahun_data": 2024, "PBT": "MPSp" }, "geometry": { "type": "Polygon", "coordinates": [ [ [ 101.622908817315718, 2.969614189506681 ], [ 101.622986561519895, 2.96973824809345 ], [ 101.623047028293485, 2.969830206364683 ], [ 101.623107225261123, 2.969922345556552 ], [ 101.623167692074915, 2.970014394253004 ], [ 101.623227889025642, 2.970106352568874 ], [ 101.623288355879694, 2.970198491690541 ], [ 101.623348552851567, 2.970290449997912 ], [ 101.623409019745893, 2.970382679544793 ], [ 101.623469216738926, 2.970474637843661 ], [ 101.623529683616354, 2.970566686514511 ], [ 101.623589880630519, 2.970658644804877 ], [ 101.623650347548235, 2.970750783900936 ], [ 101.623710814438397, 2.970842742125225 ], [ 101.623771281358259, 2.970934790778984 ], [ 101.623831478414758, 2.971026749052327 ], [ 101.623891945374936, 2.97111888813129 ], [ 101.623952142452595, 2.971210846396129 ], [ 101.624012609414891, 2.971302895032807 ], [ 101.624072806513709, 2.971394853289138 ], [ 101.624241515391589, 2.971628859750635 ], [ 101.624266342685146, 2.971631838753533 ], [ 101.622942820470243, 2.969621236112213 ], [ 101.622908817315718, 2.969614189506681 ] ] ] } },
{ "type": "Feature", "properties": { "upi": null, "sts_warta": "Dalam Proses", "no_lot": "35378", "no_pt": null, "seksyen_id": "101001000", "mukim_id": "101001", "daerah_id": "1010", "negeri_id": "10", "nama": "Bandar Bukit Puchong 2", "gtn1": "Tanah Lapang dan Rekreasi", "gtn2": "Tanah Lapang", "gtn3": "Tanah Lapang Lain", "kod_gtn": "TLR107", "no_warta": null, "trkh_warta": null, "serah_PTD": "11/11/2023", "Luas_h": 0.0726, "pemilik": null, "selenggara": null, "catatan": "Data diambilkira untuk Jan - Jun 2024", "tahun_data": 2024, "PBT": "MPSp" }, "geometry": { "type": "Polygon", "coordinates": [ [ [ 101.627647003827704, 2.969989014824572 ], [ 101.627777083249654, 2.970033208697424 ], [ 101.628291379994181, 2.969818407325065 ], [ 101.628331563518188, 2.969703095592548 ], [ 101.627647003827704, 2.969989014824572 ] ] ] } },
{ "type": "Feature", "properties": { "upi": null, "sts_warta": "Dalam Proses", "no_lot": "35379", "no_pt": null, "seksyen_id": "101001000", "mukim_id": "101001", "daerah_id": "1010", "negeri_id": "10", "nama": "Bandar Bukit Puchong 2", "gtn1": "Tanah Lapang dan Rekreasi", "gtn2": "Tanah Lapang", "gtn3": "Tanah Lapang Lain", "kod_gtn": "TLR107", "no_warta": null, "trkh_warta": null, "serah_PTD": "11/11/2023", "Luas_h": 0.1103, "pemilik": null, "selenggara": null, "catatan": "Data diambilkira untuk Jan - Jun 2024", "tahun_data": 2024, "PBT": "MPSp" }, "geometry": { "type": "Polygon", "coordinates": [ [ [ 101.628836708254383, 2.969596364267991 ], [ 101.629398497325582, 2.969373865193589 ], [ 101.629268147653818, 2.969327772461892 ], [ 101.628802958210827, 2.969511816096043 ], [ 101.628440036542102, 2.969663552461478 ], [ 101.628398234058707, 2.969779588018964 ], [ 101.628836708254383, 2.969596364267991 ] ] ] } },
{ "type": "Feature", "properties": { "upi": null, "sts_warta": "Dalam Proses", "no_lot": "50082", "no_pt": null, "seksyen_id": "101001000", "mukim_id": "101001", "daerah_id": "1010", "negeri_id": "10", "nama": "TAMAN MERANTI JAYA", "gtn1": "Tanah Lapang dan Rekreasi", "gtn2": "Tanah Lapang", "gtn3": "Tanah Lapang Lain", "kod_gtn": "TLR107", "no_warta": null, "trkh_warta": null, "serah_PTD": "11/11/2023", "Luas_h": 0.2267, "pemilik": null, "selenggara": null, "catatan": "Data diambilkira untuk Jan - Jun 2024", "tahun_data": 2024, "PBT": "MPSp" }, "geometry": { "type": "Polygon", "coordinates": [ [ [ 101.607040227610369, 2.974794966557639 ], [ 101.605552778483315, 2.974774732258065 ], [ 101.605551183579109, 2.97489898869014 ], [ 101.607038632766304, 2.974918680376495 ], [ 101.607040227610369, 2.974794966557639 ] ] ] } },
{ "type": "Feature", "properties": { "upi": null, "sts_warta": "Dalam Proses", "no_lot": "111594", "no_pt": null, "seksyen_id": "101001000", "mukim_id": "101001", "daerah_id": "1010", "negeri_id": "10", "nama": "Taman Putra Perdana", "gtn1": "Tanah Lapang dan Rekreasi", "gtn2": "Tanah Lapang", "gtn3": "Tanah Lapang Lain", "kod_gtn": "TLR107", "no_warta": null, "trkh_warta": null, "serah_PTD": "11/11/2023", "Luas_h": 0.0229, "pemilik": null, "selenggara": null, "catatan": "Data diambilkira untuk Jan - Jun 2024", "tahun_data": 2024, "PBT": "MPSp" }, "geometry": { "type": "Polygon", "coordinates": [ [ [ 101.601929175826356, 2.94375932492051 ], [ 101.601998231499579, 2.943625017291962 ], [ 101.602143667754703, 2.943562047368781 ], [ 101.602143397872112, 2.943561866552737 ], [ 101.602045168684285, 2.943538553451865 ], [ 101.602042200250736, 2.943538011417869 ], [ 101.60199174280163, 2.943559996542677 ], [ 101.601896251607684, 2.943744952239895 ], [ 101.601842040248954, 2.943893364710231 ], [ 101.601879280363349, 2.943898874039644 ], [ 101.601929175826356, 2.94375932492051 ] ] ] } },
{ "type": "Feature", "properties": { "upi": null, "sts_warta": "Dalam Proses", "no_lot": "115234", "no_pt": null, "seksyen_id": "101001000", "mukim_id": "101001", "daerah_id": "1010", "negeri_id": "10", "nama": "Alam Perdana Industrial Park", "gtn1": "Tanah Lapang dan Rekreasi", "gtn2": "Tanah Lapang", "gtn3": "Tanah Lapang Lain", "kod_gtn": "TLR107", "no_warta": null, "trkh_warta": null, "serah_PTD": "11/11/2023", "Luas_h": 1.0744, "pemilik": null, "selenggara": null, "catatan": "Data diambilkira untuk Jan - Jun 2024", "tahun_data": 2024, "PBT": "MPSp" }, "geometry": { "type": "Polygon", "coordinates": [ [ [ 101.602042470081798, 2.943537920932168 ], [ 101.602143397872112, 2.943561866552737 ], [ 101.602874455061709, 2.943762760582603 ], [ 101.603688100570551, 2.944039240897348 ], [ 101.604480435667867, 2.944353254795068 ], [ 101.605190738995262, 2.944676237030923 ], [ 101.605432815821246, 2.944793934796197 ], [ 101.606084026960644, 2.945138089472812 ], [ 101.607590501745975, 2.946060309873552 ], [ 101.608683582763291, 2.947046185012391 ], [ 101.608995593896566, 2.947380366781697 ], [ 101.609281435073243, 2.947741141206861 ], [ 101.609574040032314, 2.948190087224507 ], [ 101.609735986361002, 2.948376439203495 ], [ 101.609806681342818, 2.948348209755079 ], [ 101.609677122342461, 2.948189343237996 ], [ 101.609614495001452, 2.948076132492008 ], [ 101.609354553656516, 2.947687408954268 ], [ 101.609093813502682, 2.947352403222106 ], [ 101.608785849251205, 2.947013970287439 ], [ 101.607646346437548, 2.945988403925714 ], [ 101.607121151556072, 2.945633373410327 ], [ 101.605966879233961, 2.944965293196954 ], [ 101.605408507368026, 2.944679450211801 ], [ 101.604515769727172, 2.944269506133062 ], [ 101.603719116796057, 2.943953865281107 ], [ 101.602901423343241, 2.943675938821821 ], [ 101.602162538684553, 2.943464917708544 ], [ 101.602146892760601, 2.943492683927708 ], [ 101.602042470081798, 2.943537920932168 ] ] ] } },
{ "type": "Feature", "properties": { "upi": null, "sts_warta": "Dalam Proses", "no_lot": "110150", "no_pt": null, "seksyen_id": "101001000", "mukim_id": "101001", "daerah_id": "1010", "negeri_id": "10", "nama": "TAMAN MERANTI JAYA", "gtn1": "Tanah Lapang dan Rekreasi", "gtn2": "Tanah Lapang", "gtn3": "Tanah Lapang Lain", "kod_gtn": "TLR107", "no_warta": null, "trkh_warta": null, "serah_PTD": "11/11/2023", "Luas_h": 0.3372, "pemilik": null, "selenggara": null, "catatan": "Data diambilkira untuk Jan - Jun 2024", "tahun_data": 2024, "PBT": "MPSp" }, "geometry": { "type": "Polygon", "coordinates": [ [ [ 101.608535258106954, 2.973578152842527 ], [ 101.608535788614645, 2.973531579309042 ], [ 101.609314323821408, 2.973542185160185 ], [ 101.609321011135748, 2.973244294766081 ], [ 101.608510902983298, 2.973233333473988 ], [ 101.608509040116644, 2.973365548120696 ], [ 101.608358460386, 2.973363588636313 ], [ 101.608355533864639, 2.973575747011506 ], [ 101.608535258106954, 2.973578152842527 ] ] ] } },
{ "type": "Feature", "properties": { "upi": null, "sts_warta": "Dalam Proses", "no_lot": "107786", "no_pt": null, "seksyen_id": "101001000", "mukim_id": "101001", "daerah_id": "1010", "negeri_id": "10", "nama": "D'Island", "gtn1": "Tanah Lapang dan Rekreasi", "gtn2": "Tanah Lapang", "gtn3": "Tanah Lapang Lain", "kod_gtn": "TLR107", "no_warta": null, "trkh_warta": null, "serah_PTD": "11/11/2023", "Luas_h": 0.0351, "pemilik": null, "selenggara": null, "catatan": "Data diambilkira untuk Jan - Jun 2024", "tahun_data": 2024, "PBT": "MPSp" }, "geometry": { "type": "Polygon", "coordinates": [ [ [ 101.607585970342669, 2.962911578492449 ], [ 101.607658560721802, 2.962911292803889 ], [ 101.607658502429061, 2.962614036708367 ], [ 101.607603994124062, 2.962624085669781 ], [ 101.607567572605788, 2.962668043744089 ], [ 101.607551123262894, 2.962727642919134 ], [ 101.607539537030888, 2.962816632136206 ], [ 101.607585970342669, 2.962911578492449 ] ] ] } },
{ "type": "Feature", "properties": { "upi": null, "sts_warta": "Dalam Proses", "no_lot": "23473", "no_pt": null, "seksyen_id": "101001000", "mukim_id": "101001", "daerah_id": "1010", "negeri_id": "10", "nama": "TAMAN MERANTI PERMAI", "gtn1": "Tanah Lapang dan Rekreasi", "gtn2": "Tanah Lapang", "gtn3": "Tanah Lapang Lain", "kod_gtn": "TLR107", "no_warta": null, "trkh_warta": null, "serah_PTD": "11/11/2023", "Luas_h": 0.486, "pemilik": null, "selenggara": null, "catatan": "Data diambilkira untuk Jan - Jun 2024", "tahun_data": 2024, "PBT": "MPSp" }, "geometry": { "type": "Polygon", "coordinates": [ [ [ 101.604251787718269, 2.971906516120916 ], [ 101.605079975203992, 2.971917748376959 ], [ 101.605082368759398, 2.971736970613686 ], [ 101.604434175197369, 2.971728144821308 ], [ 101.604443221219043, 2.971062188045869 ], [ 101.604498797444109, 2.970990553536474 ], [ 101.605092209914432, 2.970998757047352 ], [ 101.605094603441586, 2.970817798413609 ], [ 101.604510636021828, 2.970809773914513 ], [ 101.604261891639752, 2.971128873305376 ], [ 101.604251787718269, 2.971906516120916 ] ] ] } },
{ "type": "Feature", "properties": { "upi": null, "sts_warta": "Dalam Proses", "no_lot": "109203", "no_pt": null, "seksyen_id": "101001000", "mukim_id": "101001", "daerah_id": "1010", "negeri_id": "10", "nama": "TAMAN MERANTI JAYA", "gtn1": "Tanah Lapang dan Rekreasi", "gtn2": "Tanah Lapang", "gtn3": "Tanah Lapang Lain", "kod_gtn": "TLR107", "no_warta": null, "trkh_warta": null, "serah_PTD": "11/11/2023", "Luas_h": 0.0903, "pemilik": null, "selenggara": null, "catatan": "Data diambilkira untuk Jan - Jun 2024", "tahun_data": 2024, "PBT": "MPSp" }, "geometry": { "type": "Polygon", "coordinates": [ [ [ 101.612247005180862, 2.979711892414999 ], [ 101.612455604468366, 2.979711036034264 ], [ 101.612459311473287, 2.979358795604391 ], [ 101.612250712252077, 2.979359651980821 ], [ 101.612249920398511, 2.979447644236748 ], [ 101.612247005180862, 2.979711892414999 ] ] ] } },
{ "type": "Feature", "properties": { "upi": null, "sts_warta": "Dalam Proses", "no_lot": "120052", "no_pt": null, "seksyen_id": "101001000", "mukim_id": "101001", "daerah_id": "1010", "negeri_id": "10", "nama": "KOTA WARISAN", "gtn1": "Tanah Lapang dan Rekreasi", "gtn2": "Tanah Lapang", "gtn3": "Tanah Lapang Lain", "kod_gtn": "TLR107", "no_warta": null, "trkh_warta": null, "serah_PTD": "11/11/2023", "Luas_h": 0.0786, "pemilik": null, "selenggara": null, "catatan": "Data diambilkira untuk Jan - Jun 2024", "tahun_data": 2024, "PBT": "MPSp" }, "geometry": { "type": "Polygon", "coordinates": [ [ [ 101.68162731779708, 2.824681267426775 ], [ 101.681627544262525, 2.824507996665358 ], [ 101.681416018131813, 2.824559597286152 ], [ 101.681502180593, 2.824918687178556 ], [ 101.681627099797794, 2.824888360337437 ], [ 101.68162731779708, 2.824681267426775 ] ] ] } },
{ "type": "Feature", "properties": { "upi": null, "sts_warta": "Dalam Proses", "no_lot": "13598", "no_pt": null, "seksyen_id": "101001000", "mukim_id": "101001", "daerah_id": "1010", "negeri_id": "10", "nama": "TAMAN ARKED", "gtn1": "Tanah Lapang dan Rekreasi", "gtn2": "Tanah Lapang", "gtn3": "Tanah Lapang Lain", "kod_gtn": "TLR107", "no_warta": null, "trkh_warta": null, "serah_PTD": "11/11/2023", "Luas_h": 1.0833, "pemilik": null, "selenggara": null, "catatan": "Data diambilkira untuk Jan - Jun 2024", "tahun_data": 2024, "PBT": "MPSp" }, "geometry": { "type": "Polygon", "coordinates": [ [ [ 101.637968604809075, 2.864119021820392 ], [ 101.637784958426195, 2.864617080964258 ], [ 101.637661421735615, 2.864826823945095 ], [ 101.637785073971429, 2.865152630055972 ], [ 101.638055195287649, 2.865253766549399 ], [ 101.638406750008983, 2.865099680925126 ], [ 101.638739662169144, 2.864833732647848 ], [ 101.639069336815439, 2.864570498009863 ], [ 101.638500214690538, 2.864331515605093 ], [ 101.637968604809075, 2.864119021820392 ] ] ] } },
{ "type": "Feature", "properties": { "upi": null, "sts_warta": "Dalam Proses", "no_lot": "119765", "no_pt": null, "seksyen_id": "101001000", "mukim_id": "101001", "daerah_id": "1010", "negeri_id": "10", "nama": "TAMAN ARKED", "gtn1": "Tanah Lapang dan Rekreasi", "gtn2": "Kawasan Hijau", "gtn3": "Zon Penampan", "kod_gtn": "TLR301", "no_warta": null, "trkh_warta": null, "serah_PTD": "11/11/2023", "Luas_h": 0.2083, "pemilik": null, "selenggara": null, "catatan": "Data diambilkira untuk Jan - Jun 2024", "tahun_data": 2024, "PBT": "MPSp" }, "geometry": { "type": "Polygon", "coordinates": [ [ [ 101.641258944780304, 2.85936428426966 ], [ 101.641825887603162, 2.858284560189481 ], [ 101.641688259198602, 2.858210887063176 ], [ 101.641207895219779, 2.859126002444732 ], [ 101.641319347209219, 2.859185211990551 ], [ 101.641242747956255, 2.859331641239119 ], [ 101.641242747956255, 2.859331641239119 ], [ 101.641131295975683, 2.859272522120693 ], [ 101.641121316435076, 2.859291334555154 ], [ 101.641258944780304, 2.85936428426966 ] ] ] } },
{ "type": "Feature", "properties": { "upi": null, "sts_warta": "Dalam Proses", "no_lot": "119764", "no_pt": null, "seksyen_id": "101001000", "mukim_id": "101001", "daerah_id": "1010", "negeri_id": "10", "nama": "TAMAN ARKED", "gtn1": "Tanah Lapang dan Rekreasi", "gtn2": "Tanah Lapang", "gtn3": "Tanah Lapang Lain", "kod_gtn": "TLR107", "no_warta": null, "trkh_warta": null, "serah_PTD": "11/11/2023", "Luas_h": 0.3956, "pemilik": null, "selenggara": null, "catatan": "Data diambilkira untuk Jan - Jun 2024", "tahun_data": 2024, "PBT": "MPSp" }, "geometry": { "type": "Polygon", "coordinates": [ [ [ 101.640874774186159, 2.859661896250832 ], [ 101.640964859219338, 2.859489328676481 ], [ 101.640119929448787, 2.859041595958552 ], [ 101.639998826585511, 2.859271776631398 ], [ 101.640116534721955, 2.859561681595328 ], [ 101.640740665735635, 2.859644652945277 ], [ 101.640838616478462, 2.859658648603022 ], [ 101.640874774186159, 2.859661896250832 ] ] ] } },
{ "type": "Feature", "properties": { "upi": null, "sts_warta": "Dalam Proses", "no_lot": "130161", "no_pt": null, "seksyen_id": "101001000", "mukim_id": "101001", "daerah_id": "1010", "negeri_id": "10", "nama": "TAMAN WARISAN HIJAUAN", "gtn1": "Tanah Lapang dan Rekreasi", "gtn2": "Tanah Lapang", "gtn3": "Tanah Lapang Lain", "kod_gtn": "TLR107", "no_warta": null, "trkh_warta": null, "serah_PTD": "11/11/2023", "Luas_h": 0.0803, "pemilik": null, "selenggara": null, "catatan": "Data diambilkira untuk Jan - Jun 2024", "tahun_data": 2024, "PBT": "MPSp" }, "geometry": { "type": "Polygon", "coordinates": [ [ [ 101.681629752260278, 2.821468795317008 ], [ 101.681630155278128, 2.820922124303153 ], [ 101.681631463427451, 2.820758258348415 ], [ 101.681621480722981, 2.820760702576679 ], [ 101.68162017196218, 2.820922126825379 ], [ 101.681619698379563, 2.821186464262011 ], [ 101.681380923759477, 2.821248833295858 ], [ 101.681450064167734, 2.821515594864286 ], [ 101.681452492384977, 2.821514961216072 ], [ 101.681629752260278, 2.821468795317008 ] ] ] } },
{ "type": "Feature", "properties": { "upi": null, "sts_warta": "Dalam Proses", "no_lot": "129008", "no_pt": null, "seksyen_id": "101001000", "mukim_id": "101001", "daerah_id": "1010", "negeri_id": "10", "nama": "TAMAN WARISAN HIJAUAN", "gtn1": "Tanah Lapang dan Rekreasi", "gtn2": "Tanah Lapang", "gtn3": "Tanah Lapang Lain", "kod_gtn": "TLR107", "no_warta": null, "trkh_warta": null, "serah_PTD": "11/11/2023", "Luas_h": 0.0795, "pemilik": null, "selenggara": null, "catatan": "Data diambilkira untuk Jan - Jun 2024", "tahun_data": 2024, "PBT": "MPSp" }, "geometry": { "type": "Polygon", "coordinates": [ [ [ 101.681628855613724, 2.822199408322773 ], [ 101.681629034349044, 2.821835051441598 ], [ 101.681629752260278, 2.821468795317008 ], [ 101.681452492384977, 2.821514961216072 ], [ 101.681628855613724, 2.822199408322773 ] ] ] } },
{ "type": "Feature", "properties": { "upi": null, "sts_warta": "Dalam Proses", "no_lot": "129844", "no_pt": null, "seksyen_id": "101001000", "mukim_id": "101001", "daerah_id": "1010", "negeri_id": "10", "nama": "Bandar Bukit Puchong 2", "gtn1": "Tanah Lapang dan Rekreasi", "gtn2": "Tanah Lapang", "gtn3": "Tanah Lapang Lain", "kod_gtn": "TLR107", "no_warta": null, "trkh_warta": null, "serah_PTD": "11/11/2023", "Luas_h": 0.0923, "pemilik": null, "selenggara": null, "catatan": "Data diambilkira untuk Jan - Jun 2024", "tahun_data": 2024, "PBT": "MPSp" }, "geometry": { "type": "Polygon", "coordinates": [ [ [ 101.616362233749129, 2.964757909740465 ], [ 101.616802753539076, 2.964020421558748 ], [ 101.6166985898804, 2.964018815265315 ], [ 101.616287204075533, 2.964706739678213 ], [ 101.616362233749129, 2.964757909740465 ] ] ] } },
{ "type": "Feature", "properties": { "upi": null, "sts_warta": "Dalam Proses", "no_lot": "103099", "no_pt": null, "seksyen_id": "101001000", "mukim_id": "101001", "daerah_id": "1010", "negeri_id": "10", "nama": "16 Sierra", "gtn1": "Tanah Lapang dan Rekreasi", "gtn2": "Tanah Lapang", "gtn3": "Tanah Lapang Lain", "kod_gtn": "TLR107", "no_warta": null, "trkh_warta": null, "serah_PTD": "11/11/2023", "Luas_h": 0.0424, "pemilik": null, "selenggara": null, "catatan": "Data diambilkira untuk Jan - Jun 2024", "tahun_data": 2024, "PBT": "MPSp" }, "geometry": { "type": "Polygon", "coordinates": [ [ [ 101.65504670189631, 2.968892283766586 ], [ 101.655122819753316, 2.970099372186374 ], [ 101.655138477685298, 2.970125955858057 ], [ 101.655150074661606, 2.970097647357002 ], [ 101.655069892502624, 2.968821740003218 ], [ 101.65504670189631, 2.968892283766586 ] ] ] } },
{ "type": "Feature", "properties": { "upi": null, "sts_warta": "Warta", "no_lot": "118431", "no_pt": null, "seksyen_id": "101001000", "mukim_id": "101001", "daerah_id": "1010", "negeri_id": "10", "nama": "Taman Desiran Bayu", "gtn1": "Tanah Lapang dan Rekreasi", "gtn2": "Tanah Lapang", "gtn3": "Tanah Lapang Lain", "kod_gtn": "TLR107", "no_warta": "WKNS 1099", "trkh_warta": "14/03/2024", "serah_PTD": null, "Luas_h": 0.0916, "pemilik": null, "selenggara": null, "catatan": "Kawasan Lapang", "tahun_data": 2024, "PBT": "MPSp" }, "geometry": { "type": "Polygon", "coordinates": [ [ [ 101.596196681130181, 2.962121575347829 ], [ 101.59617968040898, 2.962121578540108 ], [ 101.596183353322431, 2.9630087347087 ], [ 101.596267277550794, 2.963008538074596 ], [ 101.596265013936247, 2.962444773381721 ], [ 101.596265013936247, 2.962444773381721 ], [ 101.596263604553741, 2.962121291477069 ], [ 101.596263604553741, 2.962121291477069 ], [ 101.596196681130181, 2.962121575347829 ] ] ] } },
{ "type": "Feature", "properties": { "upi": null, "sts_warta": "Belum Warta", "no_lot": null, "no_pt": null, "seksyen_id": "101001000", "mukim_id": "101001", "daerah_id": "1010", "negeri_id": "10", "nama": "Taman Lestari Permai", "gtn1": "Tanah Lapang dan Rekreasi", "gtn2": "Tanah Lapang", "gtn3": "Tanah Lapang Lain", "kod_gtn": "TLR107", "no_warta": null, "trkh_warta": null, "serah_PTD": null, "Luas_h": 0.0515, "pemilik": null, "selenggara": null, "catatan": null, "tahun_data": 2024, "PBT": "MPSp" }, "geometry": { "type": "Polygon", "coordinates": [ [ [ 101.674152642350037, 2.975129302824125 ], [ 101.67419643141298, 2.97541117230152 ], [ 101.674410148690001, 2.975377566002505 ], [ 101.674394471147878, 2.975276827292658 ], [ 101.674152642350037, 2.975129302824125 ] ] ] } },
{ "type": "Feature", "properties": { "upi": null, "sts_warta": "Belum Warta", "no_lot": null, "no_pt": null, "seksyen_id": "101001000", "mukim_id": "101001", "daerah_id": "1010", "negeri_id": "10", "nama": "Taman Lestari Permai", "gtn1": "Tanah Lapang dan Rekreasi", "gtn2": "Tanah Lapang", "gtn3": "Tanah Lapang Lain", "kod_gtn": "TLR107", "no_warta": null, "trkh_warta": null, "serah_PTD": null, "Luas_h": 0.0712, "pemilik": null, "selenggara": null, "catatan": null, "tahun_data": 2024, "PBT": "MPSp" }, "geometry": { "type": "Polygon", "coordinates": [ [ [ 101.674156648323446, 2.977067017798291 ], [ 101.674660449761802, 2.976987848040269 ], [ 101.674642880186241, 2.976875534361767 ], [ 101.674139078843339, 2.976954884973813 ], [ 101.674156648323446, 2.977067017798291 ] ] ] } },
{ "type": "Feature", "properties": { "upi": null, "sts_warta": "Belum Warta", "no_lot": null, "no_pt": null, "seksyen_id": "101001000", "mukim_id": "101001", "daerah_id": "1010", "negeri_id": "10", "nama": "Taman Lestari Permai", "gtn1": "Tanah Lapang dan Rekreasi", "gtn2": "Tanah Lapang", "gtn3": "Tanah Lapang Lain", "kod_gtn": "TLR107", "no_warta": null, "trkh_warta": null, "serah_PTD": null, "Luas_h": 0.0199, "pemilik": null, "selenggara": null, "catatan": null, "tahun_data": 2024, "PBT": "MPSp" }, "geometry": { "type": "Polygon", "coordinates": [ [ [ 101.673975511357256, 2.976820362579461 ], [ 101.673961725857751, 2.976731470145822 ], [ 101.67378389773161, 2.976759369770862 ], [ 101.673797683240622, 2.976848352641408 ], [ 101.673975511357256, 2.976820362579461 ] ] ] } },
{ "type": "Feature", "properties": { "upi": null, "sts_warta": "Belum Warta", "no_lot": null, "no_pt": null, "seksyen_id": "101001000", "mukim_id": "101001", "daerah_id": "1010", "negeri_id": "10", "nama": null, "gtn1": "Tanah Lapang dan Rekreasi", "gtn2": "Tanah Lapang", "gtn3": "Tanah Lapang Lain", "kod_gtn": "TLR107", "no_warta": null, "trkh_warta": null, "serah_PTD": null, "Luas_h": 0.6342, "pemilik": null, "selenggara": null, "catatan": null, "tahun_data": 2024, "PBT": "MPSp" }, "geometry": { "type": "Polygon", "coordinates": [ [ [ 101.656264512053966, 2.969838104308633 ], [ 101.656434547688377, 2.969951376203546 ], [ 101.656445070517805, 2.969945133732845 ], [ 101.656587803895036, 2.969863166260184 ], [ 101.656628816113496, 2.969839553136845 ], [ 101.656675215889479, 2.969776328818686 ], [ 101.656770443594951, 2.969647709182365 ], [ 101.656806052963333, 2.969600222918198 ], [ 101.656864615576993, 2.969617571901531 ], [ 101.656901824923111, 2.969490594179915 ], [ 101.657046477199202, 2.969533153145984 ], [ 101.657060721783182, 2.969293681714281 ], [ 101.657032334295224, 2.969074658639948 ], [ 101.656963470783012, 2.968864417468581 ], [ 101.656856561958946, 2.968671277483438 ], [ 101.656583991890187, 2.968599720419632 ], [ 101.656553763904881, 2.968581821928592 ], [ 101.65645335613749, 2.968490418031781 ], [ 101.656323527649604, 2.968371439042411 ], [ 101.656269018463703, 2.968377149588801 ], [ 101.656284435387533, 2.968523829028053 ], [ 101.65630820109395, 2.968600963056618 ], [ 101.656518747228759, 2.968849604107703 ], [ 101.656559764958729, 2.96884905153732 ], [ 101.656663668802082, 2.968890263964042 ], [ 101.656744104268043, 2.968968650267092 ], [ 101.656788655119357, 2.969072004946423 ], [ 101.656790301281433, 2.969184322981381 ], [ 101.656749038758434, 2.969289055039556 ], [ 101.656671340129506, 2.9693699215088 ], [ 101.656568536277817, 2.969414439800726 ], [ 101.656543439941487, 2.969414988502997 ], [ 101.656264512053966, 2.969838104308633 ] ] ] } },
{ "type": "Feature", "properties": { "upi": null, "sts_warta": "Belum Warta", "no_lot": null, "no_pt": null, "seksyen_id": "101001000", "mukim_id": "101001", "daerah_id": "1010", "negeri_id": "10", "nama": null, "gtn1": "Tanah Lapang dan Rekreasi", "gtn2": "Tanah Lapang", "gtn3": "Tanah Lapang Lain", "kod_gtn": "TLR107", "no_warta": null, "trkh_warta": null, "serah_PTD": null, "Luas_h": 0.1075, "pemilik": null, "selenggara": null, "catatan": null, "tahun_data": 2024, "PBT": "MPSp" }, "geometry": { "type": "Polygon", "coordinates": [ [ [ 101.650625202262816, 2.966869530670444 ], [ 101.648415572254947, 2.966584373567939 ], [ 101.648413149954592, 2.966611775515497 ], [ 101.650594444531635, 2.966893412438365 ], [ 101.650488586072882, 2.967719819553198 ], [ 101.650514764531238, 2.96773093666584 ], [ 101.650583579424165, 2.967739873244839 ], [ 101.650586537171122, 2.967694565323415 ], [ 101.650520690803191, 2.967686170640801 ], [ 101.650625202262816, 2.966869530670444 ] ] ] } },
{ "type": "Feature", "properties": { "upi": null, "sts_warta": "Belum Warta", "no_lot": null, "no_pt": null, "seksyen_id": "101001000", "mukim_id": "101001", "daerah_id": "1010", "negeri_id": "10", "nama": null, "gtn1": "Tanah Lapang dan Rekreasi", "gtn2": "Tanah Lapang", "gtn3": "Tanah Lapang Lain", "kod_gtn": "TLR107", "no_warta": null, "trkh_warta": null, "serah_PTD": null, "Luas_h": 0.0738, "pemilik": null, "selenggara": null, "catatan": null, "tahun_data": 2024, "PBT": "MPSp" }, "geometry": { "type": "Polygon", "coordinates": [ [ [ 101.648235065789677, 2.967853741903587 ], [ 101.650396662685836, 2.96813221846344 ], [ 101.650400164417775, 2.968105087560743 ], [ 101.648243964719185, 2.967826881033182 ], [ 101.648235065789677, 2.967853741903587 ] ] ] } },
{ "type": "Feature", "properties": { "upi": null, "sts_warta": "Belum Warta", "no_lot": null, "no_pt": null, "seksyen_id": "101001000", "mukim_id": "101001", "daerah_id": "1010", "negeri_id": "10", "nama": null, "gtn1": "Tanah Lapang dan Rekreasi", "gtn2": "Tanah Lapang", "gtn3": "Tanah Lapang Lain", "kod_gtn": "TLR107", "no_warta": null, "trkh_warta": null, "serah_PTD": null, "Luas_h": 0.3947, "pemilik": null, "selenggara": null, "catatan": null, "tahun_data": 2024, "PBT": "MPSp" }, "geometry": { "type": "Polygon", "coordinates": [ [ [ 101.648020525358163, 2.967826210145459 ], [ 101.648235065789677, 2.967853741903587 ], [ 101.648243964719185, 2.967826881033182 ], [ 101.64826770404342, 2.967793234149684 ], [ 101.648305693364449, 2.967535218180987 ], [ 101.648350673109974, 2.96716660028789 ], [ 101.648392975514113, 2.966889049646384 ], [ 101.648411804351511, 2.966627511276662 ], [ 101.648413149954592, 2.966611775515497 ], [ 101.648415572254947, 2.966584373567939 ], [ 101.648167299248243, 2.966552147212899 ], [ 101.648096744596018, 2.967184023300741 ], [ 101.648020525358163, 2.967826210145459 ] ] ] } },
{ "type": "Feature", "properties": { "upi": null, "sts_warta": "Belum Warta", "no_lot": null, "no_pt": null, "seksyen_id": "101001000", "mukim_id": "101001", "daerah_id": "1010", "negeri_id": "10", "nama": "Kampung Pulau Meranti", "gtn1": "Tanah Lapang dan Rekreasi", "gtn2": "Tanah Lapang", "gtn3": "Tanah Lapang Lain", "kod_gtn": "TLR107", "no_warta": null, "trkh_warta": null, "serah_PTD": null, "Luas_h": 0.0444, "pemilik": null, "selenggara": null, "catatan": null, "tahun_data": 2024, "PBT": "MPSp" }, "geometry": { "type": "Polygon", "coordinates": [ [ [ 101.627198793297822, 2.96629064364257 ], [ 101.627036559773984, 2.966050034535308 ], [ 101.627068636290147, 2.965881278255134 ], [ 101.627094268615011, 2.965863638138639 ], [ 101.627007618239062, 2.965735602687518 ], [ 101.627026897711374, 2.966296468551261 ], [ 101.627198793297822, 2.96629064364257 ] ] ] } },
{ "type": "Feature", "properties": { "upi": null, "sts_warta": "Belum Warta", "no_lot": null, "no_pt": null, "seksyen_id": "101001000", "mukim_id": "101001", "daerah_id": "1010", "negeri_id": "10", "nama": "Kampung Pulau Meranti", "gtn1": "Tanah Lapang dan Rekreasi", "gtn2": "Tanah Lapang", "gtn3": "Tanah Lapang Lain", "kod_gtn": "TLR107", "no_warta": null, "trkh_warta": null, "serah_PTD": null, "Luas_h": 0.0379, "pemilik": null, "selenggara": null, "catatan": null, "tahun_data": 2024, "PBT": "MPSp" }, "geometry": { "type": "Polygon", "coordinates": [ [ [ 101.627498737341796, 2.96692813656214 ], [ 101.627651984592305, 2.966789287595601 ], [ 101.627382132720214, 2.966798570264806 ], [ 101.627390007333588, 2.967026732865814 ], [ 101.627482819062095, 2.966942609405529 ], [ 101.627498737341796, 2.96692813656214 ] ] ] } },
{ "type": "Feature", "properties": { "upi": null, "sts_warta": "Belum Warta", "no_lot": null, "no_pt": null, "seksyen_id": "101001000", "mukim_id": "101001", "daerah_id": "1010", "negeri_id": "10", "nama": "Kampung Pulau Meranti", "gtn1": "Tanah Lapang dan Rekreasi", "gtn2": "Tanah Lapang", "gtn3": "Tanah Lapang Lain", "kod_gtn": "TLR107", "no_warta": null, "trkh_warta": null, "serah_PTD": null, "Luas_h": 0.1328, "pemilik": null, "selenggara": null, "catatan": null, "tahun_data": 2024, "PBT": "MPSp" }, "geometry": { "type": "Polygon", "coordinates": [ [ [ 101.627605732867025, 2.967550478319043 ], [ 101.627647693679435, 2.966914087072744 ], [ 101.627556231002558, 2.966997125048837 ], [ 101.627540312703317, 2.967011507459332 ], [ 101.627393810442101, 2.967144205459813 ], [ 101.62740277178321, 2.967406461340215 ], [ 101.627527713214775, 2.96740191260157 ], [ 101.627533144244794, 2.96756035132 ], [ 101.627408202756783, 2.967564719193239 ], [ 101.62741173311413, 2.967668626785231 ], [ 101.627605732867025, 2.967550478319043 ] ] ] } },
{ "type": "Feature", "properties": { "upi": null, "sts_warta": "Belum Warta", "no_lot": null, "no_pt": null, "seksyen_id": "101001000", "mukim_id": "101001", "daerah_id": "1010", "negeri_id": "10", "nama": "Kampung Pulau Meranti", "gtn1": "Tanah Lapang dan Rekreasi", "gtn2": "Tanah Lapang", "gtn3": "Tanah Lapang Lain", "kod_gtn": "TLR107", "no_warta": null, "trkh_warta": null, "serah_PTD": null, "Luas_h": 0.0042, "pemilik": null, "selenggara": null, "catatan": null, "tahun_data": 2024, "PBT": "MPSp" }, "geometry": { "type": "Polygon", "coordinates": [ [ [ 101.627146771002401, 2.967830289193707 ], [ 101.627220971183036, 2.967784965845262 ], [ 101.627104395048676, 2.967788879707812 ], [ 101.627106023845897, 2.967834096221684 ], [ 101.627146771002401, 2.967830289193707 ] ] ] } },
{ "type": "Feature", "properties": { "upi": null, "sts_warta": "Belum Warta", "no_lot": null, "no_pt": null, "seksyen_id": "101001000", "mukim_id": "101001", "daerah_id": "1010", "negeri_id": "10", "nama": "Kampung Pulau Meranti", "gtn1": "Tanah Lapang dan Rekreasi", "gtn2": "Tanah Lapang", "gtn3": "Tanah Lapang Lain", "kod_gtn": "TLR107", "no_warta": null, "trkh_warta": null, "serah_PTD": null, "Luas_h": 0.016, "pemilik": null, "selenggara": null, "catatan": null, "tahun_data": 2024, "PBT": "MPSp" }, "geometry": { "type": "Polygon", "coordinates": [ [ [ 101.626979274588876, 2.965693376253981 ], [ 101.627763624336694, 2.965158471936718 ], [ 101.627764700087397, 2.965141379728311 ], [ 101.626969557773336, 2.965683611508773 ], [ 101.626970100900223, 2.965699618162843 ], [ 101.626979274588876, 2.965693376253981 ] ] ] } },
{ "type": "Feature", "properties": { "upi": null, "sts_warta": "Belum Warta", "no_lot": null, "no_pt": null, "seksyen_id": "101001000", "mukim_id": "101001", "daerah_id": "1010", "negeri_id": "10", "nama": "Bandar Bukit Puchong", "gtn1": "Tanah Lapang dan Rekreasi", "gtn2": "Tanah Lapang", "gtn3": "Tanah Lapang Lain", "kod_gtn": "TLR107", "no_warta": null, "trkh_warta": null, "serah_PTD": null, "Luas_h": 0.0683, "pemilik": null, "selenggara": null, "catatan": null, "tahun_data": 2024, "PBT": "MPSp" }, "geometry": { "type": "Polygon", "coordinates": [ [ [ 101.622191209839158, 2.968019994559892 ], [ 101.62301064284496, 2.967477399036775 ], [ 101.62299417646561, 2.967452261950261 ], [ 101.622867632585809, 2.967536301791776 ], [ 101.622830391096244, 2.967528532396039 ], [ 101.622431872113339, 2.967792864390992 ], [ 101.622166099876921, 2.967955430169748 ], [ 101.622099994118898, 2.967996048925451 ], [ 101.622099185636046, 2.968001203821162 ], [ 101.622191209839158, 2.968019994559892 ] ] ] } },
{ "type": "Feature", "properties": { "upi": null, "sts_warta": "Belum Warta", "no_lot": null, "no_pt": null, "seksyen_id": "101001000", "mukim_id": "101001", "daerah_id": "1010", "negeri_id": "10", "nama": "Bandar Bukit Puchong", "gtn1": "Tanah Lapang dan Rekreasi", "gtn2": "Tanah Lapang", "gtn3": "Tanah Lapang Lain", "kod_gtn": "TLR107", "no_warta": null, "trkh_warta": null, "serah_PTD": null, "Luas_h": 0.2954, "pemilik": null, "selenggara": null, "catatan": null, "tahun_data": 2024, "PBT": "MPSp" }, "geometry": { "type": "Polygon", "coordinates": [ [ [ 101.621692436005162, 2.967621287159444 ], [ 101.621541539513899, 2.967391165090653 ], [ 101.621381268442121, 2.967497549031384 ], [ 101.62128004097508, 2.967343199939291 ], [ 101.621242536478618, 2.967368167568942 ], [ 101.621207714279393, 2.967315271155014 ], [ 101.621050680981654, 2.967419483956244 ], [ 101.620975367745828, 2.967304468062907 ], [ 101.620869551387614, 2.967143156492579 ], [ 101.620818016404186, 2.967177351306463 ], [ 101.620625906908273, 2.967304812910838 ], [ 101.621941826093448, 2.967836014631293 ], [ 101.621991489129471, 2.96788321055032 ], [ 101.622063260382106, 2.967835717636097 ], [ 101.622021689560256, 2.967772241930319 ], [ 101.621984185066736, 2.967797209584875 ], [ 101.621949362817247, 2.96774431319867 ], [ 101.621986867309857, 2.967719345545357 ], [ 101.621852707064107, 2.967514903174588 ], [ 101.621692436005162, 2.967621287159444 ] ] ] } },
{ "type": "Feature", "properties": { "upi": null, "sts_warta": "Belum Warta", "no_lot": null, "no_pt": null, "seksyen_id": "101001000", "mukim_id": "101001", "daerah_id": "1010", "negeri_id": "10", "nama": "Selangor Cyber Valley", "gtn1": "Tanah Lapang dan Rekreasi", "gtn2": "Tanah Lapang", "gtn3": "Tanah Lapang Lain", "kod_gtn": "TLR107", "no_warta": null, "trkh_warta": null, "serah_PTD": null, "Luas_h": 0.0965, "pemilik": null, "selenggara": null, "catatan": null, "tahun_data": 2024, "PBT": "MPSp" }, "geometry": { "type": "Polygon", "coordinates": [ [ [ 101.600276599385424, 2.935010789528542 ], [ 101.600490338854698, 2.935124062694159 ], [ 101.600564272399168, 2.935101078425986 ], [ 101.600664079868636, 2.934911600334148 ], [ 101.60040176316059, 2.934771929708632 ], [ 101.600276599385424, 2.935010789528542 ] ] ] } },
{ "type": "Feature", "properties": { "upi": null, "sts_warta": "Belum Warta", "no_lot": null, "no_pt": null, "seksyen_id": "101001000", "mukim_id": "101001", "daerah_id": "1010", "negeri_id": "10", "nama": "Selangor Cyber Valley", "gtn1": "Tanah Lapang dan Rekreasi", "gtn2": "Tanah Lapang", "gtn3": "Tanah Lapang Lain", "kod_gtn": "TLR107", "no_warta": null, "trkh_warta": null, "serah_PTD": null, "Luas_h": 0.2146, "pemilik": null, "selenggara": null, "catatan": null, "tahun_data": 2024, "PBT": "MPSp" }, "geometry": { "type": "Polygon", "coordinates": [ [ [ 101.600305091102243, 2.940159550481784 ], [ 101.600362278121139, 2.94004984323675 ], [ 101.60045129559856, 2.939878906156145 ], [ 101.600540313016694, 2.939707788201973 ], [ 101.600629330426614, 2.939536760676053 ], [ 101.600718347828334, 2.939365823578387 ], [ 101.60080736520483, 2.939194886475035 ], [ 101.600896382573154, 2.939024039799939 ], [ 101.600985669746336, 2.938853102633782 ], [ 101.601074687047159, 2.938682165513364 ], [ 101.601189060726313, 2.938462389222048 ], [ 101.601109177667439, 2.938418182261758 ], [ 101.600224398750441, 2.940117152298182 ], [ 101.600305091102243, 2.940159550481784 ] ] ] } },
{ "type": "Feature", "properties": { "upi": null, "sts_warta": "Belum Warta", "no_lot": null, "no_pt": null, "seksyen_id": "101001000", "mukim_id": "101001", "daerah_id": "1010", "negeri_id": "10", "nama": "Selangor Cyber Valley", "gtn1": "Tanah Lapang dan Rekreasi", "gtn2": "Tanah Lapang", "gtn3": "Tanah Lapang Lain", "kod_gtn": "TLR107", "no_warta": null, "trkh_warta": null, "serah_PTD": null, "Luas_h": 0.0303, "pemilik": null, "selenggara": null, "catatan": null, "tahun_data": 2024, "PBT": "MPSp" }, "geometry": { "type": "Polygon", "coordinates": [ [ [ 101.60136357092172, 2.935175443844317 ], [ 101.601237328370345, 2.935416655247318 ], [ 101.601317210871258, 2.935459053537136 ], [ 101.601443453409615, 2.935217842126161 ], [ 101.60136357092172, 2.935175443844317 ] ] ] } },
{ "type": "Feature", "properties": { "upi": null, "sts_warta": "Belum Warta", "no_lot": null, "no_pt": null, "seksyen_id": "101001000", "mukim_id": "101001", "daerah_id": "1010", "negeri_id": "10", "nama": "Selangor Cyber Valley", "gtn1": "Tanah Lapang dan Rekreasi", "gtn2": "Tanah Lapang", "gtn3": "Tanah Lapang Lain", "kod_gtn": "TLR107", "no_warta": null, "trkh_warta": null, "serah_PTD": null, "Luas_h": 0.1113, "pemilik": null, "selenggara": null, "catatan": null, "tahun_data": 2024, "PBT": "MPSp" }, "geometry": { "type": "Polygon", "coordinates": [ [ [ 101.600778796849198, 2.935083583893917 ], [ 101.600966898249609, 2.935182301973655 ], [ 101.600883004215262, 2.935331805256677 ], [ 101.601115095180305, 2.935454751232451 ], [ 101.60123998907612, 2.935216433984599 ], [ 101.600824114622114, 2.934996487381636 ], [ 101.600778796849198, 2.935083583893917 ] ] ] } },
{ "type": "Feature", "properties": { "upi": null, "sts_warta": "Belum Warta", "no_lot": null, "no_pt": null, "seksyen_id": "101001000", "mukim_id": "101001", "daerah_id": "1010", "negeri_id": "10", "nama": null, "gtn1": "Tanah Lapang dan Rekreasi", "gtn2": "Tanah Lapang", "gtn3": "Tanah Lapang Lain", "kod_gtn": "TLR107", "no_warta": null, "trkh_warta": null, "serah_PTD": null, "Luas_h": 1.6766, "pemilik": null, "selenggara": null, "catatan": null, "tahun_data": 2024, "PBT": "MPSp" }, "geometry": { "type": "Polygon", "coordinates": [ [ [ 101.631188010005602, 2.944976624972489 ], [ 101.629434006945303, 2.94377704089232 ], [ 101.629349238053166, 2.943606501182931 ], [ 101.629357295964979, 2.943431238817732 ], [ 101.629883896781664, 2.94276535139693 ], [ 101.629773781826444, 2.942686336173877 ], [ 101.629094757979729, 2.94354497085559 ], [ 101.628813921861209, 2.943900164927387 ], [ 101.630299655473678, 2.944916318317314 ], [ 101.630800334473832, 2.945426074789118 ], [ 101.631188010005602, 2.944976624972489 ] ] ] } },
{ "type": "Feature", "properties": { "upi": null, "sts_warta": "Belum Warta", "no_lot": null, "no_pt": null, "seksyen_id": "101001000", "mukim_id": "101001", "daerah_id": "1010", "negeri_id": "10", "nama": null, "gtn1": "Tanah Lapang dan Rekreasi", "gtn2": "Tanah Lapang", "gtn3": "Tanah Lapang Lain", "kod_gtn": "TLR107", "no_warta": null, "trkh_warta": null, "serah_PTD": null, "Luas_h": 2.1439, "pemilik": null, "selenggara": null, "catatan": null, "tahun_data": 2024, "PBT": "MPSp" }, "geometry": { "type": "Polygon", "coordinates": [ [ [ 101.639352293505794, 2.949873243986058 ], [ 101.639440783152082, 2.949778992092928 ], [ 101.639557337376644, 2.949685728617872 ], [ 101.639686579477313, 2.949614618512254 ], [ 101.639088531247154, 2.949340197008872 ], [ 101.638873120917395, 2.950234453856865 ], [ 101.638556384847192, 2.950538020700694 ], [ 101.638342697670936, 2.950690540018282 ], [ 101.638145458607895, 2.950786082377106 ], [ 101.637913673282654, 2.95085721537296 ], [ 101.637349706075753, 2.950944248760187 ], [ 101.637033182928803, 2.950993606058293 ], [ 101.636818117862958, 2.95101807130278 ], [ 101.636270326491513, 2.951037184826641 ], [ 101.636020716524044, 2.951043209156346 ], [ 101.635794313378227, 2.951047962186685 ], [ 101.635764629993446, 2.951048511403551 ], [ 101.635638072596137, 2.951058849038796 ], [ 101.635176632006434, 2.951072516767469 ], [ 101.634209765512054, 2.951101127462893 ], [ 101.633766601153511, 2.950778467572554 ], [ 101.633220375031286, 2.950550423880679 ], [ 101.633036878248589, 2.950555799914469 ], [ 101.6330384157488, 2.948943004575265 ], [ 101.633409650929778, 2.948586433035212 ], [ 101.633139501108076, 2.948446410737012 ], [ 101.633002698110801, 2.94849536550596 ], [ 101.632871552058049, 2.948498921284228 ], [ 101.632745524230998, 2.948461509443552 ], [ 101.632651872421775, 2.948396869919593 ], [ 101.631996989369966, 2.948588100155043 ], [ 101.632813361179501, 2.948942782809926 ], [ 101.632811850375418, 2.950679653236857 ], [ 101.633198542988552, 2.950668715999547 ], [ 101.633726147795812, 2.950888896078989 ], [ 101.634119116271947, 2.951194203821535 ], [ 101.635646457834142, 2.951149100006137 ], [ 101.635770316800716, 2.951139034271519 ], [ 101.636022895221345, 2.951133371069016 ], [ 101.636273045008878, 2.951127798785086 ], [ 101.636824884135294, 2.951108503482942 ], [ 101.63704534609893, 2.951083494424745 ], [ 101.637363488270339, 2.951033684589581 ], [ 101.637933661809583, 2.950945474158776 ], [ 101.638178399146071, 2.950870720895936 ], [ 101.638388589629301, 2.950768935689877 ], [ 101.638613878505609, 2.950608093849495 ], [ 101.639047434565967, 2.950192543728615 ], [ 101.639274331119537, 2.949981510715298 ], [ 101.639352293505794, 2.949873243986058 ] ] ] } },
{ "type": "Feature", "properties": { "upi": null, "sts_warta": "Belum Warta", "no_lot": null, "no_pt": null, "seksyen_id": "101001000", "mukim_id": "101001", "daerah_id": "1010", "negeri_id": "10", "nama": null, "gtn1": "Tanah Lapang dan Rekreasi", "gtn2": "Tanah Lapang", "gtn3": "Tanah Lapang Lain", "kod_gtn": "TLR107", "no_warta": null, "trkh_warta": null, "serah_PTD": null, "Luas_h": 0.232, "pemilik": null, "selenggara": null, "catatan": null, "tahun_data": 2024, "PBT": "MPSp" }, "geometry": { "type": "Polygon", "coordinates": [ [ [ 101.629101635721227, 2.950458177606562 ], [ 101.629414554829197, 2.949960814565634 ], [ 101.629073957996397, 2.949744390032658 ], [ 101.628975765194596, 2.949896068702708 ], [ 101.629167115499982, 2.950021097110837 ], [ 101.629043834914256, 2.950211306002615 ], [ 101.628852754438213, 2.950086277516724 ], [ 101.628743226202133, 2.950230090888212 ], [ 101.629101635721227, 2.950458177606562 ] ] ] } },
{ "type": "Feature", "properties": { "upi": null, "sts_warta": "Belum Warta", "no_lot": null, "no_pt": null, "seksyen_id": "101001000", "mukim_id": "101001", "daerah_id": "1010", "negeri_id": "10", "nama": null, "gtn1": "Tanah Lapang dan Rekreasi", "gtn2": "Tanah Lapang", "gtn3": "Tanah Lapang Lain", "kod_gtn": "TLR107", "no_warta": null, "trkh_warta": null, "serah_PTD": null, "Luas_h": 1.4174, "pemilik": null, "selenggara": null, "catatan": null, "tahun_data": 2024, "PBT": "MPSp" }, "geometry": { "type": "Polygon", "coordinates": [ [ [ 101.642776857476434, 2.949434313752835 ], [ 101.642533654603994, 2.947940043651942 ], [ 101.642374449411733, 2.9479661249454 ], [ 101.642120117282701, 2.948567114732321 ], [ 101.641822820202449, 2.94890838880101 ], [ 101.641615628998039, 2.94914446791373 ], [ 101.64138685238872, 2.949392308287637 ], [ 101.641226594125243, 2.949536315176632 ], [ 101.641607622927324, 2.949540930922288 ], [ 101.642166744751435, 2.949511141066827 ], [ 101.642616570777278, 2.94945198501591 ], [ 101.642776857476434, 2.949434313752835 ] ] ] } },
{ "type": "Feature", "properties": { "upi": null, "sts_warta": "Belum Warta", "no_lot": null, "no_pt": null, "seksyen_id": "101001000", "mukim_id": "101001", "daerah_id": "1010", "negeri_id": "10", "nama": null, "gtn1": "Tanah Lapang dan Rekreasi", "gtn2": "Tanah Lapang", "gtn3": "Tanah Lapang Lain", "kod_gtn": "TLR107", "no_warta": null, "trkh_warta": null, "serah_PTD": null, "Luas_h": 0.5641, "pemilik": null, "selenggara": null, "catatan": null, "tahun_data": 2024, "PBT": "MPSp" }, "geometry": { "type": "Polygon", "coordinates": [ [ [ 101.646023280851907, 2.948833176551723 ], [ 101.645190452357056, 2.948514500374254 ], [ 101.645029936669417, 2.947529262932499 ], [ 101.644852112741447, 2.947558604482538 ], [ 101.645131529210474, 2.949274970472243 ], [ 101.64521113515633, 2.949276308573008 ], [ 101.645219665901053, 2.948819707155889 ], [ 101.645804702109757, 2.948830423780473 ], [ 101.645799372561413, 2.949124605630964 ], [ 101.645951830642744, 2.949094365455823 ], [ 101.646023280851907, 2.948833176551723 ] ] ] } },
{ "type": "Feature", "properties": { "upi": null, "sts_warta": "Belum Warta", "no_lot": null, "no_pt": null, "seksyen_id": "101001000", "mukim_id": "101001", "daerah_id": "1010", "negeri_id": "10", "nama": null, "gtn1": "Tanah Lapang dan Rekreasi", "gtn2": "Tanah Lapang", "gtn3": "Tanah Lapang Lain", "kod_gtn": "TLR107", "no_warta": null, "trkh_warta": null, "serah_PTD": null, "Luas_h": 0.2315, "pemilik": null, "selenggara": null, "catatan": null, "tahun_data": 2024, "PBT": "MPSp" }, "geometry": { "type": "Polygon", "coordinates": [ [ [ 101.645799372561413, 2.949124605630964 ], [ 101.645804702109757, 2.948830423780473 ], [ 101.645219665901053, 2.948819707155889 ], [ 101.64521113515633, 2.949276308573008 ], [ 101.645385728559333, 2.949279342933001 ], [ 101.645390793766538, 2.949008764316442 ], [ 101.645615849242446, 2.949012872171163 ], [ 101.645610784131151, 2.949283631651221 ], [ 101.6456547546981, 2.949218509249662 ], [ 101.645789928261635, 2.949126506925899 ], [ 101.645799372561413, 2.949124605630964 ] ] ] } },
{ "type": "Feature", "properties": { "upi": null, "sts_warta": "Belum Warta", "no_lot": null, "no_pt": null, "seksyen_id": "101001000", "mukim_id": "101001", "daerah_id": "1010", "negeri_id": "10", "nama": null, "gtn1": "Tanah Lapang dan Rekreasi", "gtn2": "Tanah Lapang", "gtn3": "Tanah Lapang Lain", "kod_gtn": "TLR107", "no_warta": null, "trkh_warta": null, "serah_PTD": null, "Luas_h": 0.0563, "pemilik": null, "selenggara": null, "catatan": null, "tahun_data": 2024, "PBT": "MPSp" }, "geometry": { "type": "Polygon", "coordinates": [ [ [ 101.633439816047428, 2.945845651523479 ], [ 101.633944098087866, 2.945546385541426 ], [ 101.633859631155602, 2.945526780068106 ], [ 101.633778946944034, 2.945529330015947 ], [ 101.633701235310298, 2.945551322553112 ], [ 101.633649160584383, 2.945579187624358 ], [ 101.633511569086622, 2.945723007579543 ], [ 101.633439816047428, 2.945845651523479 ] ] ] } },
{ "type": "Feature", "properties": { "upi": null, "sts_warta": "Belum Warta", "no_lot": null, "no_pt": null, "seksyen_id": "101001000", "mukim_id": "101001", "daerah_id": "1010", "negeri_id": "10", "nama": "Cyberjaya", "gtn1": "Tanah Lapang dan Rekreasi", "gtn2": "Tanah Lapang", "gtn3": "Tanah Lapang Lain", "kod_gtn": "TLR107", "no_warta": null, "trkh_warta": null, "serah_PTD": null, "Luas_h": 0.0057, "pemilik": null, "selenggara": null, "catatan": null, "tahun_data": 2024, "PBT": "MPSp" }, "geometry": { "type": "Polygon", "coordinates": [ [ [ 101.636838013403377, 2.934797515344256 ], [ 101.636884423592178, 2.934782312148824 ], [ 101.636869032027377, 2.934735380474101 ], [ 101.636846903630271, 2.934730773279728 ], [ 101.636676638073908, 2.934764181206323 ], [ 101.636676908039419, 2.934764723748608 ], [ 101.636454834401377, 2.934808995211057 ], [ 101.636454834639949, 2.934810080415681 ], [ 101.636456183810978, 2.934809808814691 ], [ 101.636500706931827, 2.934803016390365 ], [ 101.636679878734682, 2.934775575134466 ], [ 101.636678257389434, 2.934765266050813 ], [ 101.636758129115094, 2.934752858862858 ], [ 101.636829366081798, 2.934741900530606 ], [ 101.636838013403377, 2.934797515344256 ] ] ] } },
{ "type": "Feature", "properties": { "upi": null, "sts_warta": "Belum Warta", "no_lot": null, "no_pt": null, "seksyen_id": "101001000", "mukim_id": "101001", "daerah_id": "1010", "negeri_id": "10", "nama": "Cyberjaya", "gtn1": "Tanah Lapang dan Rekreasi", "gtn2": "Tanah Lapang", "gtn3": "Tanah Lapang Lain", "kod_gtn": "TLR107", "no_warta": null, "trkh_warta": null, "serah_PTD": null, "Luas_h": 0.002, "pemilik": null, "selenggara": null, "catatan": null, "tahun_data": 2024, "PBT": "MPSp" }, "geometry": { "type": "Polygon", "coordinates": [ [ [ 101.635847617718113, 2.935752715487494 ], [ 101.635840861739183, 2.935707952291293 ], [ 101.635806052690626, 2.935713114731743 ], [ 101.635812808727721, 2.935758149229431 ], [ 101.635847617718113, 2.935752715487494 ] ] ] } },
{ "type": "Feature", "properties": { "upi": null, "sts_warta": "Belum Warta", "no_lot": null, "no_pt": null, "seksyen_id": "101001000", "mukim_id": "101001", "daerah_id": "1010", "negeri_id": "10", "nama": "Cyberjaya", "gtn1": "Tanah Lapang dan Rekreasi", "gtn2": "Tanah Lapang", "gtn3": "Tanah Lapang Lain", "kod_gtn": "TLR107", "no_warta": null, "trkh_warta": null, "serah_PTD": null, "Luas_h": 0.012, "pemilik": null, "selenggara": null, "catatan": null, "tahun_data": 2024, "PBT": "MPSp" }, "geometry": { "type": "Polygon", "coordinates": [ [ [ 101.637170362834709, 2.935563143612014 ], [ 101.637166042421782, 2.935550122119866 ], [ 101.637031933289506, 2.935570499593995 ], [ 101.636742937659591, 2.935614966901587 ], [ 101.636731604531903, 2.935616868531779 ], [ 101.636464735522424, 2.93565789436343 ], [ 101.636463386290728, 2.935657894663361 ], [ 101.636465548064507, 2.935671549674788 ], [ 101.637170362834709, 2.935563143612014 ] ] ] } },
{ "type": "Feature", "properties": { "upi": null, "sts_warta": "Belum Warta", "no_lot": null, "no_pt": null, "seksyen_id": "101001000", "mukim_id": "101001", "daerah_id": "1010", "negeri_id": "10", "nama": "Cyberjaya", "gtn1": "Tanah Lapang dan Rekreasi", "gtn2": "Tanah Lapang", "gtn3": "Tanah Lapang Lain", "kod_gtn": "TLR107", "no_warta": null, "trkh_warta": null, "serah_PTD": null, "Luas_h": 0.0674, "pemilik": null, "selenggara": null, "catatan": null, "tahun_data": 2024, "PBT": "MPSp" }, "geometry": { "type": "Polygon", "coordinates": [ [ [ 101.637083143862938, 2.935297287921237 ], [ 101.636896014687267, 2.934726511963063 ], [ 101.636846900523963, 2.934716665619995 ], [ 101.636437831768959, 2.93479841824371 ], [ 101.636048187114156, 2.93485846231843 ], [ 101.635728154698981, 2.93488186517781 ], [ 101.635728622492579, 2.935784755407626 ], [ 101.636396199881034, 2.935682145834224 ], [ 101.636394038127932, 2.935668581256313 ], [ 101.636392688935999, 2.935668762423594 ], [ 101.636126089748331, 2.935709788116116 ], [ 101.636114486772314, 2.935711689800095 ], [ 101.635847617718113, 2.935752715487494 ], [ 101.635812808727721, 2.935758149229431 ], [ 101.635750476240844, 2.935767387288134 ], [ 101.635742381147367, 2.935768745588398 ], [ 101.635742362645743, 2.935684370925599 ], [ 101.635742337838948, 2.935571238338945 ], [ 101.635742335280995, 2.935559572388749 ], [ 101.635742285670489, 2.935333307214704 ], [ 101.635742283112734, 2.935321641264458 ], [ 101.635742503352475, 2.935095376029648 ], [ 101.635742500794919, 2.935083710079353 ], [ 101.635742495858281, 2.935061192082265 ], [ 101.635742475993197, 2.934970577491483 ], [ 101.6357424692725, 2.934939920459237 ], [ 101.635742459399779, 2.934894884464936 ], [ 101.635742999032601, 2.934894613044174 ], [ 101.636050079074096, 2.934872298258731 ], [ 101.63623302858592, 2.934844132764988 ], [ 101.636244631592632, 2.934842411947962 ], [ 101.636444580844682, 2.934811710501306 ], [ 101.636454834639949, 2.934810080415681 ], [ 101.636454834401377, 2.934808995211057 ], [ 101.636676908039419, 2.934764723748608 ], [ 101.636676638073908, 2.934764181206323 ], [ 101.636846903630271, 2.934730773279728 ], [ 101.636869032027377, 2.934735380474101 ], [ 101.636884423592178, 2.934782312148824 ], [ 101.636954630860416, 2.934996895734596 ], [ 101.636957601080994, 2.935005576710226 ], [ 101.637006746225481, 2.935155957039618 ], [ 101.637010796788445, 2.935168978592871 ], [ 101.637055891364881, 2.935306246931599 ], [ 101.637083143862938, 2.935297287921237 ] ] ] } },
{ "type": "Feature", "properties": { "upi": null, "sts_warta": "Belum Warta", "no_lot": null, "no_pt": null, "seksyen_id": "101001000", "mukim_id": "101001", "daerah_id": "1010", "negeri_id": "10", "nama": "Cyberjaya", "gtn1": "Tanah Lapang dan Rekreasi", "gtn2": "Tanah Lapang", "gtn3": "Tanah Lapang Lain", "kod_gtn": "TLR107", "no_warta": null, "trkh_warta": null, "serah_PTD": null, "Luas_h": 0.0022, "pemilik": null, "selenggara": null, "catatan": null, "tahun_data": 2024, "PBT": "MPSp" }, "geometry": { "type": "Polygon", "coordinates": [ [ [ 101.635787433946902, 2.935716103172525 ], [ 101.635787426985274, 2.935684360936131 ], [ 101.635742362645743, 2.935684370925599 ], [ 101.635742381147367, 2.935768745588398 ], [ 101.635750476240844, 2.935767387288134 ], [ 101.635743720325124, 2.935722895392202 ], [ 101.635787433946902, 2.935716103172525 ] ] ] } },
{ "type": "Feature", "properties": { "upi": null, "sts_warta": "Belum Warta", "no_lot": null, "no_pt": null, "seksyen_id": "101001000", "mukim_id": "101001", "daerah_id": "1010", "negeri_id": "10", "nama": "Cyberjaya", "gtn1": "Tanah Lapang dan Rekreasi", "gtn2": "Tanah Lapang", "gtn3": "Tanah Lapang Lain", "kod_gtn": "TLR107", "no_warta": null, "trkh_warta": null, "serah_PTD": null, "Luas_h": 0.0073, "pemilik": null, "selenggara": null, "catatan": null, "tahun_data": 2024, "PBT": "MPSp" }, "geometry": { "type": "Polygon", "coordinates": [ [ [ 101.637166042421782, 2.935550122119866 ], [ 101.637153351030022, 2.935511057583101 ], [ 101.637150112694911, 2.935510244401485 ], [ 101.637146874419614, 2.935509702520998 ], [ 101.637143636144344, 2.935509160640501 ], [ 101.637140128082592, 2.935508890121279 ], [ 101.637136889926964, 2.93550889084304 ], [ 101.637133651831164, 2.93550916286593 ], [ 101.637130413795177, 2.93550970618995 ], [ 101.637130413795177, 2.93550970618995 ], [ 101.637025177265159, 2.935525736408757 ], [ 101.637031933289506, 2.935570499593995 ], [ 101.637166042421782, 2.935550122119866 ] ] ] } },
{ "type": "Feature", "properties": { "upi": null, "sts_warta": "Belum Warta", "no_lot": null, "no_pt": null, "seksyen_id": "101001000", "mukim_id": "101001", "daerah_id": "1010", "negeri_id": "10", "nama": "Cyberjaya", "gtn1": "Tanah Lapang dan Rekreasi", "gtn2": "Tanah Lapang", "gtn3": "Tanah Lapang Lain", "kod_gtn": "TLR107", "no_warta": null, "trkh_warta": null, "serah_PTD": null, "Luas_h": 0.0063, "pemilik": null, "selenggara": null, "catatan": null, "tahun_data": 2024, "PBT": "MPSp" }, "geometry": { "type": "Polygon", "coordinates": [ [ [ 101.637083143862938, 2.935297287921237 ], [ 101.637055891364881, 2.935306246931599 ], [ 101.63701298897935, 2.935320635450803 ], [ 101.637029460543232, 2.935370279892796 ], [ 101.637038096819765, 2.935375703991837 ], [ 101.637047812062875, 2.935379228742327 ], [ 101.637058066579982, 2.935380854264488 ], [ 101.637068590464978, 2.935380309317298 ], [ 101.637078844144852, 2.935378136623294 ], [ 101.637088017961133, 2.935373793760603 ], [ 101.637096921572194, 2.935367823151132 ], [ 101.637103666054188, 2.93536022521584 ], [ 101.637083143862938, 2.935297287921237 ] ] ] } },
{ "type": "Feature", "properties": { "upi": null, "sts_warta": "Belum Warta", "no_lot": null, "no_pt": null, "seksyen_id": "101001000", "mukim_id": "101001", "daerah_id": "1010", "negeri_id": "10", "nama": "Cyberjaya", "gtn1": "Tanah Lapang dan Rekreasi", "gtn2": "Tanah Lapang", "gtn3": "Tanah Lapang Lain", "kod_gtn": "TLR107", "no_warta": null, "trkh_warta": null, "serah_PTD": null, "Luas_h": 0.0017, "pemilik": null, "selenggara": null, "catatan": null, "tahun_data": 2024, "PBT": "MPSp" }, "geometry": { "type": "Polygon", "coordinates": [ [ [ 101.635787270457953, 2.934970567564245 ], [ 101.635787263736049, 2.934939910532103 ], [ 101.6357424692725, 2.934939920459237 ], [ 101.635742475993197, 2.934970577491483 ], [ 101.635787270457953, 2.934970567564245 ] ] ] } },
{ "type": "Feature", "properties": { "upi": null, "sts_warta": "Belum Warta", "no_lot": null, "no_pt": null, "seksyen_id": "101001000", "mukim_id": "101001", "daerah_id": "1010", "negeri_id": "10", "nama": "Cyberjaya", "gtn1": "Tanah Lapang dan Rekreasi", "gtn2": "Tanah Lapang", "gtn3": "Tanah Lapang Lain", "kod_gtn": "TLR107", "no_warta": null, "trkh_warta": null, "serah_PTD": null, "Luas_h": 0.0043, "pemilik": null, "selenggara": null, "catatan": null, "tahun_data": 2024, "PBT": "MPSp" }, "geometry": { "type": "Polygon", "coordinates": [ [ [ 101.636021476334889, 2.9348766454232 ], [ 101.63603307930255, 2.93487474374088 ], [ 101.636050079074096, 2.934872298258731 ], [ 101.635742999032601, 2.934894613044174 ], [ 101.635742459399779, 2.934894884464936 ], [ 101.635805333553904, 2.934894870530772 ], [ 101.635805343429155, 2.934939906524858 ], [ 101.635805346879593, 2.934955641992664 ], [ 101.635828283030563, 2.934952109993204 ], [ 101.63582152711939, 2.93490761809694 ], [ 101.636021476334889, 2.9348766454232 ] ] ] } },
{ "type": "Feature", "properties": { "upi": null, "sts_warta": "Belum Warta", "no_lot": null, "no_pt": null, "seksyen_id": "101001000", "mukim_id": "101001", "daerah_id": "1010", "negeri_id": "10", "nama": "Selangor Cyber Valley", "gtn1": "Tanah Lapang dan Rekreasi", "gtn2": "Tanah Lapang", "gtn3": "Tanah Lapang Lain", "kod_gtn": "TLR107", "no_warta": null, "trkh_warta": null, "serah_PTD": null, "Luas_h": 0.1254, "pemilik": null, "selenggara": null, "catatan": null, "tahun_data": 2024, "PBT": "MPSp" }, "geometry": { "type": "Polygon", "coordinates": [ [ [ 101.623895500708457, 2.927595187545212 ], [ 101.623816690879536, 2.927521862298781 ], [ 101.623594489667937, 2.92694810642264 ], [ 101.623225388101332, 2.925866324068764 ], [ 101.623211853413054, 2.92566149429154 ], [ 101.623525629510738, 2.924109493583191 ], [ 101.623498644045881, 2.924104163649832 ], [ 101.623184328936816, 2.925659600952015 ], [ 101.623198134983483, 2.92587175581297 ], [ 101.623568856437444, 2.926957607359371 ], [ 101.623698181250134, 2.927291371413722 ], [ 101.623828045120945, 2.927621698846405 ], [ 101.623895500708457, 2.927595187545212 ] ] ] } },
{ "type": "Feature", "properties": { "upi": null, "sts_warta": "Belum Warta", "no_lot": null, "no_pt": null, "seksyen_id": "101001000", "mukim_id": "101001", "daerah_id": "1010", "negeri_id": "10", "nama": "Selangor Cyber Valley", "gtn1": "Tanah Lapang dan Rekreasi", "gtn2": "Tanah Lapang", "gtn3": "Tanah Lapang Lain", "kod_gtn": "TLR107", "no_warta": null, "trkh_warta": null, "serah_PTD": null, "Luas_h": 0.1813, "pemilik": null, "selenggara": null, "catatan": null, "tahun_data": 2024, "PBT": "MPSp" }, "geometry": { "type": "Polygon", "coordinates": [ [ [ 101.62502526362168, 2.929812747981794 ], [ 101.625710089522627, 2.929619436260912 ], [ 101.625734099984257, 2.929592120157138 ], [ 101.625720599975324, 2.929555135596419 ], [ 101.62526184949435, 2.929487497928771 ], [ 101.624932399213193, 2.929632352180322 ], [ 101.624912711774527, 2.929686074026277 ], [ 101.624959685113353, 2.929783190000877 ], [ 101.62502526362168, 2.929812747981794 ] ] ] } },
{ "type": "Feature", "properties": { "upi": null, "sts_warta": "Belum Warta", "no_lot": null, "no_pt": null, "seksyen_id": "101001000", "mukim_id": "101001", "daerah_id": "1010", "negeri_id": "10", "nama": "Selangor Cyber Valley", "gtn1": "Tanah Lapang dan Rekreasi", "gtn2": "Tanah Lapang", "gtn3": "Tanah Lapang Lain", "kod_gtn": "TLR107", "no_warta": null, "trkh_warta": null, "serah_PTD": null, "Luas_h": 0.1016, "pemilik": null, "selenggara": null, "catatan": null, "tahun_data": 2024, "PBT": "MPSp" }, "geometry": { "type": "Polygon", "coordinates": [ [ [ 101.626252220668462, 2.927113852611351 ], [ 101.626279205953253, 2.927117916397759 ], [ 101.626609827793857, 2.924850851501449 ], [ 101.62665294042155, 2.924554400319241 ], [ 101.626618390595283, 2.92450765338912 ], [ 101.626577642907918, 2.924501512554218 ], [ 101.626563361715512, 2.92459909366697 ], [ 101.626585806335527, 2.924825354276461 ], [ 101.626252220668462, 2.927113852611351 ] ] ] } },
{ "type": "Feature", "properties": { "upi": null, "sts_warta": "Belum Warta", "no_lot": null, "no_pt": null, "seksyen_id": "101001000", "mukim_id": "101001", "daerah_id": "1010", "negeri_id": "10", "nama": "Selangor Cyber Valley", "gtn1": "Tanah Lapang dan Rekreasi", "gtn2": "Tanah Lapang", "gtn3": "Tanah Lapang Lain", "kod_gtn": "TLR107", "no_warta": null, "trkh_warta": null, "serah_PTD": null, "Luas_h": 0.0853, "pemilik": null, "selenggara": null, "catatan": null, "tahun_data": 2024, "PBT": "MPSp" }, "geometry": { "type": "Polygon", "coordinates": [ [ [ 101.626691203135636, 2.924292586314706 ], [ 101.626921586720073, 2.922712387410964 ], [ 101.626789629285355, 2.922692972212819 ], [ 101.626811455136277, 2.922543480487393 ], [ 101.626807947060527, 2.922542938630611 ], [ 101.626776420930881, 2.922759353436357 ], [ 101.626869003488082, 2.92288440369896 ], [ 101.626707060830341, 2.923992794876093 ], [ 101.62661455817063, 2.924248018747388 ], [ 101.626603779890374, 2.924321543723357 ], [ 101.626644527533244, 2.924327503690243 ], [ 101.626691203135636, 2.924292586314706 ] ] ] } },
{ "type": "Feature", "properties": { "upi": null, "sts_warta": "Belum Warta", "no_lot": null, "no_pt": null, "seksyen_id": "101001000", "mukim_id": "101001", "daerah_id": "1010", "negeri_id": "10", "nama": "Selangor Cyber Valley", "gtn1": "Tanah Lapang dan Rekreasi", "gtn2": "Tanah Lapang", "gtn3": "Tanah Lapang Lain", "kod_gtn": "TLR107", "no_warta": null, "trkh_warta": null, "serah_PTD": null, "Luas_h": 0.0778, "pemilik": null, "selenggara": null, "catatan": null, "tahun_data": 2024, "PBT": "MPSp" }, "geometry": { "type": "Polygon", "coordinates": [ [ [ 101.626429243033328, 2.924568826847115 ], [ 101.626442985196149, 2.924474320599076 ], [ 101.626482864509882, 2.924200568991549 ], [ 101.626448044821061, 2.924153641244132 ], [ 101.626347390029281, 2.924138741046719 ], [ 101.626317750208273, 2.924343308614772 ], [ 101.626281912599566, 2.92458893444696 ], [ 101.626382567412094, 2.924603744213133 ], [ 101.626429243033328, 2.924568826847115 ] ] ] } },
{ "type": "Feature", "properties": { "upi": null, "sts_warta": "Belum Warta", "no_lot": null, "no_pt": null, "seksyen_id": "101001000", "mukim_id": "101001", "daerah_id": "1010", "negeri_id": "10", "nama": "Selangor Cyber Valley", "gtn1": "Tanah Lapang dan Rekreasi", "gtn2": "Tanah Lapang", "gtn3": "Tanah Lapang Lain", "kod_gtn": "TLR107", "no_warta": null, "trkh_warta": null, "serah_PTD": null, "Luas_h": 1.0794, "pemilik": null, "selenggara": null, "catatan": null, "tahun_data": 2024, "PBT": "MPSp" }, "geometry": { "type": "Polygon", "coordinates": [ [ [ 101.626114351895836, 2.927216976437535 ], [ 101.625309111573486, 2.92709831714253 ], [ 101.625305069608672, 2.927125538574845 ], [ 101.625127236712459, 2.927099259960696 ], [ 101.625150948779464, 2.926935660181096 ], [ 101.625212654636712, 2.926512869060879 ], [ 101.625152747381762, 2.926504019217711 ], [ 101.625071521797338, 2.926492099128514 ], [ 101.625099275797496, 2.926301097048965 ], [ 101.625141580695242, 2.926011247735004 ], [ 101.625019607451264, 2.925993367621724 ], [ 101.625039278272823, 2.925860425758692 ], [ 101.625057880794444, 2.925780478336039 ], [ 101.625007687150173, 2.925767737774837 ], [ 101.624986638224257, 2.925762497060838 ], [ 101.624736481159076, 2.926998689699537 ], [ 101.62480566962229, 2.92751713213937 ], [ 101.625339406821709, 2.927445395690955 ], [ 101.625633546288967, 2.927488741608017 ], [ 101.625663226610484, 2.927476526752188 ], [ 101.625695337920817, 2.927475706039852 ], [ 101.626161643470667, 2.927544427196723 ], [ 101.626223967715916, 2.927497750111535 ], [ 101.626272739006581, 2.927162230335929 ], [ 101.626279205953253, 2.927117916397759 ], [ 101.626252220668462, 2.927113852611351 ], [ 101.626114351895836, 2.927216976437535 ] ] ] } },
{ "type": "Feature", "properties": { "upi": null, "sts_warta": "Belum Warta", "no_lot": null, "no_pt": null, "seksyen_id": "101001000", "mukim_id": "101001", "daerah_id": "1010", "negeri_id": "10", "nama": "Selangor Cyber Valley", "gtn1": "Tanah Lapang dan Rekreasi", "gtn2": "Tanah Lapang", "gtn3": "Tanah Lapang Lain", "kod_gtn": "TLR107", "no_warta": null, "trkh_warta": null, "serah_PTD": null, "Luas_h": 0.4794, "pemilik": null, "selenggara": null, "catatan": null, "tahun_data": 2024, "PBT": "MPSp" }, "geometry": { "type": "Polygon", "coordinates": [ [ [ 101.624778955821455, 2.927520936002071 ], [ 101.624708956855244, 2.926997791172415 ], [ 101.624565959233422, 2.927092867291094 ], [ 101.624186811878772, 2.927015535875121 ], [ 101.623986601835867, 2.927084759901544 ], [ 101.62399794139688, 2.927114058072056 ], [ 101.623955579288392, 2.927130616376549 ], [ 101.624010117119923, 2.92727122948543 ], [ 101.623885729029354, 2.927319999491122 ], [ 101.623933247106351, 2.927442346448914 ], [ 101.623988845837417, 2.927494153324623 ], [ 101.624065215716172, 2.927512947480093 ], [ 101.624138342244919, 2.927506692146008 ], [ 101.624209045752963, 2.927527205727407 ], [ 101.624267611224667, 2.927571505955946 ], [ 101.624342363367248, 2.927596630799655 ], [ 101.624641069228758, 2.927539594482352 ], [ 101.624778955821455, 2.927520936002071 ] ] ] } },
{ "type": "Feature", "properties": { "upi": null, "sts_warta": "Belum Warta", "no_lot": null, "no_pt": null, "seksyen_id": "101001000", "mukim_id": "101001", "daerah_id": "1010", "negeri_id": "10", "nama": "Selangor Cyber Valley", "gtn1": "Tanah Lapang dan Rekreasi", "gtn2": "Tanah Lapang", "gtn3": "Tanah Lapang Lain", "kod_gtn": "TLR107", "no_warta": null, "trkh_warta": null, "serah_PTD": null, "Luas_h": 0.1196, "pemilik": null, "selenggara": null, "catatan": null, "tahun_data": 2024, "PBT": "MPSp" }, "geometry": { "type": "Polygon", "coordinates": [ [ [ 101.624050498952442, 2.9281114415801 ], [ 101.624050465642284, 2.92795155459921 ], [ 101.624012133314253, 2.927882380800825 ], [ 101.6239530257361, 2.927826505145069 ], [ 101.623920628866998, 2.927751904064123 ], [ 101.623919802388428, 2.927670513801815 ], [ 101.623895500708457, 2.927595187545212 ], [ 101.623828045120945, 2.927621698846405 ], [ 101.623976540474857, 2.928010261711991 ], [ 101.624426317528844, 2.929045634095066 ], [ 101.62481236239627, 2.929843540505696 ], [ 101.625121403607977, 2.930171749846792 ], [ 101.625151084798915, 2.930163333218658 ], [ 101.624835026080433, 2.929827800231469 ], [ 101.624451140810805, 2.929033962895156 ], [ 101.624050498952442, 2.9281114415801 ] ] ] } },
{ "type": "Feature", "properties": { "upi": null, "sts_warta": "Belum Warta", "no_lot": null, "no_pt": null, "seksyen_id": "101001000", "mukim_id": "101001", "daerah_id": "1010", "negeri_id": "10", "nama": "Selangor Cyber Valley", "gtn1": "Tanah Lapang dan Rekreasi", "gtn2": "Tanah Lapang", "gtn3": "Tanah Lapang Lain", "kod_gtn": "TLR107", "no_warta": null, "trkh_warta": null, "serah_PTD": null, "Luas_h": 0.0637, "pemilik": null, "selenggara": null, "catatan": null, "tahun_data": 2024, "PBT": "MPSp" }, "geometry": { "type": "Polygon", "coordinates": [ [ [ 101.623640395459091, 2.925805103700054 ], [ 101.623636864259552, 2.925693328236551 ], [ 101.623388057566771, 2.925642466229015 ], [ 101.623350556109855, 2.925675482443471 ], [ 101.623362467329628, 2.925858970174953 ], [ 101.623404029087027, 2.925886815071472 ], [ 101.623640395459091, 2.925805103700054 ] ] ] } },
{ "type": "Feature", "properties": { "upi": null, "sts_warta": "Belum Warta", "no_lot": null, "no_pt": null, "seksyen_id": "101001000", "mukim_id": "101001", "daerah_id": "1010", "negeri_id": "10", "nama": "Selangor Cyber Valley", "gtn1": "Tanah Lapang dan Rekreasi", "gtn2": "Tanah Lapang", "gtn3": "Tanah Lapang Lain", "kod_gtn": "TLR107", "no_warta": null, "trkh_warta": null, "serah_PTD": null, "Luas_h": 0.1756, "pemilik": null, "selenggara": null, "catatan": null, "tahun_data": 2024, "PBT": "MPSp" }, "geometry": { "type": "Polygon", "coordinates": [ [ [ 101.626181662938293, 2.927786966404089 ], [ 101.626135506365699, 2.927724305584964 ], [ 101.625668930897774, 2.927655584480548 ], [ 101.625638706160515, 2.927645281434347 ], [ 101.625613876245126, 2.927625119958783 ], [ 101.625338626438065, 2.927584573488447 ], [ 101.624662955030644, 2.927675602317636 ], [ 101.624368026824882, 2.92773200481024 ], [ 101.624307592212773, 2.927782570054569 ], [ 101.624274682956496, 2.927839007692529 ], [ 101.62422558029462, 2.927882335839188 ], [ 101.624212632623781, 2.927905670492212 ], [ 101.624187546606706, 2.927951344855398 ], [ 101.624187573960199, 2.928082564316393 ], [ 101.624197293057392, 2.928105080288422 ], [ 101.624227243084988, 2.928092051507176 ], [ 101.624191876541801, 2.928010939827668 ], [ 101.62419186438251, 2.927952610019005 ], [ 101.624219378113651, 2.927902684754784 ], [ 101.624310037560562, 2.927862874767092 ], [ 101.624325426145774, 2.927898592879818 ], [ 101.624848066927214, 2.92766896155349 ], [ 101.625185362936762, 2.92762340203095 ], [ 101.625969285287738, 2.92773908159502 ], [ 101.625974135688239, 2.92770670526323 ], [ 101.626132808833589, 2.927728646980603 ], [ 101.62616250016147, 2.927768793281303 ], [ 101.626152799788983, 2.927835535489177 ], [ 101.626081394215319, 2.928326696644282 ], [ 101.626055526344999, 2.928503771525572 ], [ 101.625941108691137, 2.928486975137544 ], [ 101.625891258942218, 2.92882746899158 ], [ 101.625894767037295, 2.928828010849617 ], [ 101.625916593078557, 2.928678609572433 ], [ 101.626048821051114, 2.928698024758261 ], [ 101.626181662938293, 2.927786966404089 ] ] ] } },
{ "type": "Feature", "properties": { "upi": null, "sts_warta": "Belum Warta", "no_lot": null, "no_pt": null, "seksyen_id": "101001000", "mukim_id": "101001", "daerah_id": "1010", "negeri_id": "10", "nama": "Selangor Cyber Valley", "gtn1": "Tanah Lapang dan Rekreasi", "gtn2": "Tanah Lapang", "gtn3": "Tanah Lapang Lain", "kod_gtn": "TLR107", "no_warta": null, "trkh_warta": null, "serah_PTD": null, "Luas_h": 0.0227, "pemilik": null, "selenggara": null, "catatan": null, "tahun_data": 2024, "PBT": "MPSp" }, "geometry": { "type": "Polygon", "coordinates": [ [ [ 101.625870979770838, 2.929917833655579 ], [ 101.62591840424966, 2.92959307580129 ], [ 101.625967175595463, 2.929257194301575 ], [ 101.625940190259996, 2.929253130511866 ], [ 101.625912436369916, 2.929444132596572 ], [ 101.625872556626405, 2.929716889412784 ], [ 101.625842108069506, 2.929925978828663 ], [ 101.625870979770838, 2.929917833655579 ] ] ] } },
{ "type": "Feature", "properties": { "upi": null, "sts_warta": "Belum Warta", "no_lot": null, "no_pt": null, "seksyen_id": "101001000", "mukim_id": "101001", "daerah_id": "1010", "negeri_id": "10", "nama": "Selangor Cyber Valley", "gtn1": "Tanah Lapang dan Rekreasi", "gtn2": "Tanah Lapang", "gtn3": "Tanah Lapang Lain", "kod_gtn": "TLR107", "no_warta": null, "trkh_warta": null, "serah_PTD": null, "Luas_h": 0.2637, "pemilik": null, "selenggara": null, "catatan": null, "tahun_data": 2024, "PBT": "MPSp" }, "geometry": { "type": "Polygon", "coordinates": [ [ [ 101.629574825177983, 2.913210573717571 ], [ 101.629627313555361, 2.912594979552684 ], [ 101.629281371311606, 2.912565300967914 ], [ 101.629228882727261, 2.91318080469867 ], [ 101.629574825177983, 2.913210573717571 ] ] ] } },
{ "type": "Feature", "properties": { "upi": null, "sts_warta": "Belum Warta", "no_lot": null, "no_pt": null, "seksyen_id": "101001000", "mukim_id": "101001", "daerah_id": "1010", "negeri_id": "10", "nama": "Selangor Cyber Valley", "gtn1": "Tanah Lapang dan Rekreasi", "gtn2": "Tanah Lapang", "gtn3": "Tanah Lapang Lain", "kod_gtn": "TLR107", "no_warta": null, "trkh_warta": null, "serah_PTD": null, "Luas_h": 0.1292, "pemilik": null, "selenggara": null, "catatan": null, "tahun_data": 2024, "PBT": "MPSp" }, "geometry": { "type": "Polygon", "coordinates": [ [ [ 101.628859975973583, 2.911743347791016 ], [ 101.628762268784968, 2.911625623844794 ], [ 101.628408231853896, 2.911596941464889 ], [ 101.628328368424619, 2.911641451934062 ], [ 101.628236930046754, 2.9118197164785 ], [ 101.628357535248725, 2.911755392321 ], [ 101.629202691469146, 2.911827830106826 ], [ 101.629206459779482, 2.911783154998646 ], [ 101.629207536672041, 2.911771488806793 ], [ 101.628859975973583, 2.911743347791016 ] ] ] } },
{ "type": "Feature", "properties": { "upi": null, "sts_warta": "Belum Warta", "no_lot": null, "no_pt": null, "seksyen_id": "101001000", "mukim_id": "101001", "daerah_id": "1010", "negeri_id": "10", "nama": "Selangor Cyber Valley", "gtn1": "Tanah Lapang dan Rekreasi", "gtn2": "Tanah Lapang", "gtn3": "Tanah Lapang Lain", "kod_gtn": "TLR107", "no_warta": null, "trkh_warta": null, "serah_PTD": null, "Luas_h": 0.2008, "pemilik": null, "selenggara": null, "catatan": null, "tahun_data": 2024, "PBT": "MPSp" }, "geometry": { "type": "Polygon", "coordinates": [ [ [ 101.630812295907319, 2.911850906808048 ], [ 101.630819831205912, 2.911755949696229 ], [ 101.630673844864276, 2.911743953446017 ], [ 101.630629328903851, 2.911780317418282 ], [ 101.6305726642194, 2.91178901126125 ], [ 101.630512484964143, 2.911766506196607 ], [ 101.630191369096565, 2.911740620750056 ], [ 101.630073470112308, 2.911841208469763 ], [ 101.629834117368503, 2.911821997457631 ], [ 101.629832771352042, 2.911837009758071 ], [ 101.629829003066391, 2.911881684866271 ], [ 101.630815558630061, 2.911966480499097 ], [ 101.63092568155237, 2.912097404903415 ], [ 101.630945059763704, 2.911861458948798 ], [ 101.630812295907319, 2.911850906808048 ] ] ] } },
{ "type": "Feature", "properties": { "upi": null, "sts_warta": "Belum Warta", "no_lot": null, "no_pt": null, "seksyen_id": "101001000", "mukim_id": "101001", "daerah_id": "1010", "negeri_id": "10", "nama": "Selangor Cyber Valley", "gtn1": "Tanah Lapang dan Rekreasi", "gtn2": "Tanah Lapang", "gtn3": "Tanah Lapang Lain", "kod_gtn": "TLR107", "no_warta": null, "trkh_warta": null, "serah_PTD": null, "Luas_h": 0.0185, "pemilik": null, "selenggara": null, "catatan": null, "tahun_data": 2024, "PBT": "MPSp" }, "geometry": { "type": "Polygon", "coordinates": [ [ [ 101.629595659733752, 2.912206301844774 ], [ 101.62961315585855, 2.912001103787924 ], [ 101.629626075871613, 2.911848629620737 ], [ 101.629656292557158, 2.911822849507006 ], [ 101.629832771352042, 2.911837009758071 ], [ 101.629834117368503, 2.911821997457631 ], [ 101.629651432087769, 2.911807115066973 ], [ 101.629607186220582, 2.911844835450756 ], [ 101.629598303630942, 2.911949288401293 ], [ 101.629597765177067, 2.911955076280326 ], [ 101.629596687061024, 2.911960954708864 ], [ 101.629595339065929, 2.911966652327645 ], [ 101.629593451408653, 2.911972440495929 ], [ 101.629591293872309, 2.911978047854455 ], [ 101.629588866399374, 2.911983203101817 ], [ 101.62958616914328, 2.91198862970843 ], [ 101.629582932090727, 2.911993513827922 ], [ 101.629579425197448, 2.911998398005251 ], [ 101.629575648367577, 2.912002830071408 ], [ 101.629571601658611, 2.912007081327796 ], [ 101.629571601658611, 2.912007081327796 ], [ 101.629554913073221, 2.912202964529474 ], [ 101.629595659733752, 2.912206301844774 ] ] ] } },
{ "type": "Feature", "properties": { "upi": null, "sts_warta": "Belum Warta", "no_lot": null, "no_pt": null, "seksyen_id": "101001000", "mukim_id": "101001", "daerah_id": "1010", "negeri_id": "10", "nama": "Selangor Cyber Valley", "gtn1": "Tanah Lapang dan Rekreasi", "gtn2": "Tanah Lapang", "gtn3": "Tanah Lapang Lain", "kod_gtn": "TLR107", "no_warta": null, "trkh_warta": null, "serah_PTD": null, "Luas_h": 0.0093, "pemilik": null, "selenggara": null, "catatan": null, "tahun_data": 2024, "PBT": "MPSp" }, "geometry": { "type": "Polygon", "coordinates": [ [ [ 101.629574934224323, 2.912452557541248 ], [ 101.629592160531431, 2.912247449976646 ], [ 101.629551413831066, 2.912243931793741 ], [ 101.629537416918609, 2.912408072152016 ], [ 101.629574934224323, 2.912452557541248 ] ] ] } },
{ "type": "Feature", "properties": { "upi": null, "sts_warta": "Belum Warta", "no_lot": null, "no_pt": null, "seksyen_id": "101001000", "mukim_id": "101001", "daerah_id": "1010", "negeri_id": "10", "nama": "Selangor Cyber Valley", "gtn1": "Tanah Lapang dan Rekreasi", "gtn2": "Tanah Lapang", "gtn3": "Tanah Lapang Lain", "kod_gtn": "TLR107", "no_warta": null, "trkh_warta": null, "serah_PTD": null, "Luas_h": 0.0094, "pemilik": null, "selenggara": null, "catatan": null, "tahun_data": 2024, "PBT": "MPSp" }, "geometry": { "type": "Polygon", "coordinates": [ [ [ 101.629401414691543, 2.912396435337127 ], [ 101.629415411566171, 2.912232023677478 ], [ 101.629374395045332, 2.912228595979663 ], [ 101.629356898915546, 2.91243397490346 ], [ 101.629401414691543, 2.912396435337127 ] ] ] } },
{ "type": "Feature", "properties": { "upi": null, "sts_warta": "Belum Warta", "no_lot": null, "no_pt": null, "seksyen_id": "101001000", "mukim_id": "101001", "daerah_id": "1010", "negeri_id": "10", "nama": "Selangor Cyber Valley", "gtn1": "Tanah Lapang dan Rekreasi", "gtn2": "Tanah Lapang", "gtn3": "Tanah Lapang Lain", "kod_gtn": "TLR107", "no_warta": null, "trkh_warta": null, "serah_PTD": null, "Luas_h": 0.0179, "pemilik": null, "selenggara": null, "catatan": null, "tahun_data": 2024, "PBT": "MPSp" }, "geometry": { "type": "Polygon", "coordinates": [ [ [ 101.629418910813243, 2.91219105641322 ], [ 101.629435329638952, 2.911995444570803 ], [ 101.629432090515749, 2.911990561839177 ], [ 101.629429121175761, 2.911985407748318 ], [ 101.629426421618987, 2.911979982298231 ], [ 101.629424261743594, 2.911974556732516 ], [ 101.629422371708912, 2.911969131108986 ], [ 101.62942075139992, 2.911963162824823 ], [ 101.629419670829819, 2.91195746572645 ], [ 101.62941886004289, 2.911951497268857 ], [ 101.629418319115814, 2.911945619187258 ], [ 101.629418317831764, 2.911939560122439 ], [ 101.629418586465036, 2.911933862735024 ], [ 101.629418586465036, 2.911933862735024 ], [ 101.629427469071246, 2.911829409784511 ], [ 101.629391840984979, 2.911786370923929 ], [ 101.629207536672041, 2.911771488806793 ], [ 101.629206459779482, 2.911783154998646 ], [ 101.629382938945753, 2.911799123997548 ], [ 101.629408310462082, 2.911829775623865 ], [ 101.629395390419759, 2.911982249791019 ], [ 101.629377894274739, 2.912187538281604 ], [ 101.629418910813243, 2.91219105641322 ] ] ] } },
{ "type": "Feature", "properties": { "upi": null, "sts_warta": "Belum Warta", "no_lot": null, "no_pt": null, "seksyen_id": "101001000", "mukim_id": "101001", "daerah_id": "1010", "negeri_id": "10", "nama": "Selangor Cyber Valley", "gtn1": "Tanah Lapang dan Rekreasi", "gtn2": "Tanah Lapang", "gtn3": "Tanah Lapang Lain", "kod_gtn": "TLR107", "no_warta": null, "trkh_warta": null, "serah_PTD": null, "Luas_h": 0.0451, "pemilik": null, "selenggara": null, "catatan": null, "tahun_data": 2024, "PBT": "MPSp" }, "geometry": { "type": "Polygon", "coordinates": [ [ [ 101.629751844082449, 2.913225728619134 ], [ 101.630827989688129, 2.913318282216521 ], [ 101.630839831061479, 2.913169968238432 ], [ 101.630709521470152, 2.913280687290848 ], [ 101.629753997107841, 2.913198869317523 ], [ 101.629751844082449, 2.913225728619134 ] ] ] } },
{ "type": "Feature", "properties": { "upi": null, "sts_warta": "Belum Warta", "no_lot": null, "no_pt": null, "seksyen_id": "101001000", "mukim_id": "101001", "daerah_id": "1010", "negeri_id": "10", "nama": "Selangor Cyber Valley", "gtn1": "Tanah Lapang dan Rekreasi", "gtn2": "Tanah Lapang", "gtn3": "Tanah Lapang Lain", "kod_gtn": "TLR107", "no_warta": null, "trkh_warta": null, "serah_PTD": null, "Luas_h": 0.0476, "pemilik": null, "selenggara": null, "catatan": null, "tahun_data": 2024, "PBT": "MPSp" }, "geometry": { "type": "Polygon", "coordinates": [ [ [ 101.629054556579888, 2.913138880730013 ], [ 101.62793874396813, 2.913042987802192 ], [ 101.627826464162411, 2.912919659985476 ], [ 101.627826215289744, 2.913019227670169 ], [ 101.627866970679875, 2.91306389329822 ], [ 101.629052133677817, 2.913165649655622 ], [ 101.629054556579888, 2.913138880730013 ] ] ] } },
{ "type": "Feature", "properties": { "upi": null, "sts_warta": "Belum Warta", "no_lot": null, "no_pt": null, "seksyen_id": "101001000", "mukim_id": "101001", "daerah_id": "1010", "negeri_id": "10", "nama": "Cyberjaya", "gtn1": "Tanah Lapang dan Rekreasi", "gtn2": "Tanah Lapang", "gtn3": "Tanah Lapang Lain", "kod_gtn": "TLR107", "no_warta": null, "trkh_warta": null, "serah_PTD": null, "Luas_h": 0.0141, "pemilik": null, "selenggara": null, "catatan": null, "tahun_data": 2024, "PBT": "MPSp" }, "geometry": { "type": "Polygon", "coordinates": [ [ [ 101.633085111924018, 2.901557964142611 ], [ 101.633093205751763, 2.901551812890098 ], [ 101.633236736804122, 2.901445160324951 ], [ 101.633248337963977, 2.901436385730723 ], [ 101.633181668462385, 2.901345604652263 ], [ 101.633085111924018, 2.901557964142611 ] ] ] } },
{ "type": "Feature", "properties": { "upi": null, "sts_warta": "Belum Warta", "no_lot": null, "no_pt": null, "seksyen_id": "101001000", "mukim_id": "101001", "daerah_id": "1010", "negeri_id": "10", "nama": "Cyberjaya", "gtn1": "Tanah Lapang dan Rekreasi", "gtn2": "Tanah Lapang", "gtn3": "Tanah Lapang Lain", "kod_gtn": "TLR107", "no_warta": null, "trkh_warta": null, "serah_PTD": null, "Luas_h": 0.0048, "pemilik": null, "selenggara": null, "catatan": null, "tahun_data": 2024, "PBT": "MPSp" }, "geometry": { "type": "Polygon", "coordinates": [ [ [ 101.633369644738821, 2.902132518789075 ], [ 101.633358315100566, 2.902149161066364 ], [ 101.633339164265251, 2.902184977005672 ], [ 101.633339164265251, 2.902184977005672 ], [ 101.633338894698682, 2.902186243137321 ], [ 101.63335319382125, 2.902175478412579 ], [ 101.633475141294639, 2.902084837278923 ], [ 101.633471092534947, 2.902079321696374 ], [ 101.63347028274805, 2.902078055799036 ], [ 101.633469203161667, 2.902076970827864 ], [ 101.633468123575284, 2.902075885856692 ], [ 101.633466774189429, 2.902074981811684 ], [ 101.633465694622487, 2.902073987274301 ], [ 101.633464345256058, 2.90207317366308 ], [ 101.633462995928468, 2.902072540919443 ], [ 101.633461646581466, 2.902071817742011 ], [ 101.633460297273302, 2.902071275432162 ], [ 101.633458678165653, 2.902070914048476 ], [ 101.633457328876915, 2.902070462172415 ], [ 101.633455709788691, 2.902070191222516 ], [ 101.633454360597057, 2.902070191515412 ], [ 101.633452741547686, 2.902070101433092 ], [ 101.633451122537139, 2.902070192218355 ], [ 101.633449773384356, 2.902070373378829 ], [ 101.633448154412648, 2.902070645031671 ], [ 101.633446805298703, 2.902071007059724 ], [ 101.633445186385245, 2.90207155001394 ], [ 101.633443837310125, 2.902072092909576 ], [ 101.633442488273857, 2.902072816672793 ], [ 101.633441139256988, 2.902073630869803 ], [ 101.633439790240132, 2.90207444506681 ], [ 101.633439790240132, 2.90207444506681 ], [ 101.63338906873085, 2.90211216696931 ], [ 101.63338906873085, 2.90211216696931 ], [ 101.633384752074662, 2.902115694824233 ], [ 101.63338070533446, 2.902119584355747 ], [ 101.63337665863304, 2.902123654754835 ], [ 101.633373151666532, 2.902127996338167 ], [ 101.633369644738821, 2.902132518789075 ] ] ] } },
{ "type": "Feature", "properties": { "upi": null, "sts_warta": "Belum Warta", "no_lot": null, "no_pt": null, "seksyen_id": "101001000", "mukim_id": "101001", "daerah_id": "1010", "negeri_id": "10", "nama": "Cyberjaya", "gtn1": "Tanah Lapang dan Rekreasi", "gtn2": "Tanah Lapang", "gtn3": "Tanah Lapang Lain", "kod_gtn": "TLR107", "no_warta": null, "trkh_warta": null, "serah_PTD": null, "Luas_h": 0.0055, "pemilik": null, "selenggara": null, "catatan": null, "tahun_data": 2024, "PBT": "MPSp" }, "geometry": { "type": "Polygon", "coordinates": [ [ [ 101.633515338969431, 2.902046484621511 ], [ 101.633515878820901, 2.90204729840845 ], [ 101.633637016870154, 2.90195720003784 ], [ 101.633680453897142, 2.901924905735829 ], [ 101.633676135201611, 2.901918938043716 ], [ 101.633656437375663, 2.901920660565492 ], [ 101.633654818404224, 2.90192093221861 ], [ 101.633652929633357, 2.90192138479793 ], [ 101.633651040843048, 2.901921746943458 ], [ 101.633649421968784, 2.901922470765522 ], [ 101.633649421968784, 2.901922470765522 ], [ 101.633642136917956, 2.901925185362042 ], [ 101.633640518024251, 2.901925818750304 ], [ 101.633638899208265, 2.901926813873728 ], [ 101.633637280353426, 2.901927628129568 ], [ 101.633635661556866, 2.901928713686778 ], [ 101.633635661556866, 2.901928713686778 ], [ 101.633519919460781, 2.902015012665929 ], [ 101.633519919460781, 2.902015012665929 ], [ 101.633518840282349, 2.902015826804428 ], [ 101.633517761162196, 2.9020169122443 ], [ 101.633516682042043, 2.902017997684173 ], [ 101.633515602941301, 2.902019173557835 ], [ 101.633514793698325, 2.902020439806697 ], [ 101.633513984474746, 2.90202179648935 ], [ 101.633513175212329, 2.902022972304418 ], [ 101.633512635865927, 2.902024509796061 ], [ 101.633512096500098, 2.902025956853912 ], [ 101.633511557114829, 2.902027313477971 ], [ 101.633511287665016, 2.902029122212397 ], [ 101.633511018118071, 2.902030478777864 ], [ 101.633510748629405, 2.902032106644706 ], [ 101.633510748940196, 2.902033553585373 ], [ 101.633511019108738, 2.90203509090124 ], [ 101.633511019419544, 2.902036537841908 ], [ 101.63351155942641, 2.902038075099183 ], [ 101.633511829575525, 2.902039521981257 ], [ 101.633512369582377, 2.902041059238531 ], [ 101.633512909608683, 2.902042686929596 ], [ 101.633513719376168, 2.902043862393111 ], [ 101.633514529221358, 2.902045399591791 ], [ 101.633515338969431, 2.902046484621511 ] ] ] } },
{ "type": "Feature", "properties": { "upi": null, "sts_warta": "Belum Warta", "no_lot": null, "no_pt": null, "seksyen_id": "101001000", "mukim_id": "101001", "daerah_id": "1010", "negeri_id": "10", "nama": "Cyberjaya", "gtn1": "Tanah Lapang dan Rekreasi", "gtn2": "Tanah Lapang", "gtn3": "Tanah Lapang Lain", "kod_gtn": "TLR107", "no_warta": null, "trkh_warta": null, "serah_PTD": null, "Luas_h": 0.0123, "pemilik": null, "selenggara": null, "catatan": null, "tahun_data": 2024, "PBT": "MPSp" }, "geometry": { "type": "Polygon", "coordinates": [ [ [ 101.632583230701357, 2.901641452766107 ], [ 101.632806960966121, 2.901801924351809 ], [ 101.633095486094405, 2.902119103617181 ], [ 101.633111682271021, 2.902146501547086 ], [ 101.633113026226383, 2.902122084130152 ], [ 101.633106547720871, 2.902110962177391 ], [ 101.633091163251208, 2.902093783090638 ], [ 101.633071190522159, 2.902071902440604 ], [ 101.632815863362737, 2.901791341669745 ], [ 101.632589164472151, 2.901628971617936 ], [ 101.632583230701357, 2.901641452766107 ] ] ] } },
{ "type": "Feature", "properties": { "upi": null, "sts_warta": "Belum Warta", "no_lot": null, "no_pt": null, "seksyen_id": "101001000", "mukim_id": "101001", "daerah_id": "1010", "negeri_id": "10", "nama": "Cyberjaya", "gtn1": "Tanah Lapang dan Rekreasi", "gtn2": "Tanah Lapang", "gtn3": "Tanah Lapang Lain", "kod_gtn": "TLR107", "no_warta": null, "trkh_warta": null, "serah_PTD": null, "Luas_h": 0.0191, "pemilik": null, "selenggara": null, "catatan": null, "tahun_data": 2024, "PBT": "MPSp" }, "geometry": { "type": "Polygon", "coordinates": [ [ [ 101.632589164472151, 2.901628971617936 ], [ 101.632815863362737, 2.901791341669745 ], [ 101.633071190522159, 2.902071902440604 ], [ 101.633029893199563, 2.902015661567927 ], [ 101.633033400516041, 2.902012947793883 ], [ 101.632969160275053, 2.901925602663129 ], [ 101.632951084016426, 2.901939171649131 ], [ 101.632844196903108, 2.901793777247768 ], [ 101.632880079638028, 2.901766910638869 ], [ 101.632839329993928, 2.901747928364539 ], [ 101.632844724260195, 2.901736261236254 ], [ 101.632592940407775, 2.901620560457587 ], [ 101.632589164472151, 2.901628971617936 ] ] ] } },
{ "type": "Feature", "properties": { "upi": null, "sts_warta": "Belum Warta", "no_lot": null, "no_pt": null, "seksyen_id": "101001000", "mukim_id": "101001", "daerah_id": "1010", "negeri_id": "10", "nama": "Cyberjaya", "gtn1": "Tanah Lapang dan Rekreasi", "gtn2": "Tanah Lapang", "gtn3": "Tanah Lapang Lain", "kod_gtn": "TLR107", "no_warta": null, "trkh_warta": null, "serah_PTD": null, "Luas_h": 0.0192, "pemilik": null, "selenggara": null, "catatan": null, "tahun_data": 2024, "PBT": "MPSp" }, "geometry": { "type": "Polygon", "coordinates": [ [ [ 101.633276626154824, 2.901227477521025 ], [ 101.633282024488878, 2.901234801487982 ], [ 101.633549512158126, 2.90159828730765 ], [ 101.633556260036642, 2.90160723878824 ], [ 101.633585397901371, 2.901585528349653 ], [ 101.633357318118343, 2.901275751666837 ], [ 101.633276626154824, 2.901227477521025 ] ] ] } },
{ "type": "Feature", "properties": { "upi": null, "sts_warta": "Belum Warta", "no_lot": null, "no_pt": null, "seksyen_id": "101001000", "mukim_id": "101001", "daerah_id": "1010", "negeri_id": "10", "nama": "Cyberjaya", "gtn1": "Tanah Lapang dan Rekreasi", "gtn2": "Tanah Lapang", "gtn3": "Tanah Lapang Lain", "kod_gtn": "TLR107", "no_warta": null, "trkh_warta": null, "serah_PTD": null, "Luas_h": 0.0096, "pemilik": null, "selenggara": null, "catatan": null, "tahun_data": 2024, "PBT": "MPSp" }, "geometry": { "type": "Polygon", "coordinates": [ [ [ 101.633520419529972, 2.901830618047246 ], [ 101.633498826272614, 2.901801774354548 ], [ 101.633498826272614, 2.901801774354548 ], [ 101.633498826272614, 2.901801774354548 ], [ 101.633498826272614, 2.901801774354548 ], [ 101.633498826272614, 2.901801774354548 ], [ 101.633498826272614, 2.901801774354548 ], [ 101.633498826272614, 2.901801774354548 ], [ 101.633498826272614, 2.901801774354548 ], [ 101.633498826272614, 2.901801774354548 ], [ 101.63335556500212, 2.901908246028037 ], [ 101.63335556500212, 2.901908246028037 ], [ 101.63335556500212, 2.901908246028037 ], [ 101.63335556500212, 2.901908246028037 ], [ 101.63335556500212, 2.901908246028037 ], [ 101.63335556500212, 2.901908246028037 ], [ 101.63335556500212, 2.901908246028037 ], [ 101.63335556500212, 2.901908246028037 ], [ 101.63335556500212, 2.901908246028037 ], [ 101.63335556500212, 2.901908246028037 ], [ 101.63335556500212, 2.901908246028037 ], [ 101.63335556500212, 2.901908246028037 ], [ 101.63335556500212, 2.901908246028037 ], [ 101.633324268768291, 2.901931584738265 ], [ 101.633345592224487, 2.901960609360549 ], [ 101.633520419529972, 2.901830618047246 ] ] ] } },
{ "type": "Feature", "properties": { "upi": null, "sts_warta": "Belum Warta", "no_lot": null, "no_pt": null, "seksyen_id": "101001000", "mukim_id": "101001", "daerah_id": "1010", "negeri_id": "10", "nama": "Cyberjaya", "gtn1": "Tanah Lapang dan Rekreasi", "gtn2": "Tanah Lapang", "gtn3": "Tanah Lapang Lain", "kod_gtn": "TLR107", "no_warta": null, "trkh_warta": null, "serah_PTD": null, "Luas_h": 0.0405, "pemilik": null, "selenggara": null, "catatan": null, "tahun_data": 2024, "PBT": "MPSp" }, "geometry": { "type": "Polygon", "coordinates": [ [ [ 101.633185105538686, 2.902273454679387 ], [ 101.633311436485471, 2.902490468387617 ], [ 101.633443204443125, 2.902894588418386 ], [ 101.63357744938051, 2.903523526294717 ], [ 101.633661649236231, 2.903570895301619 ], [ 101.634337273407667, 2.90333010391801 ], [ 101.634600611154937, 2.903215376446689 ], [ 101.634591973919001, 2.903204254975476 ], [ 101.634416325474973, 2.903280709836315 ], [ 101.634415246237552, 2.903281252674352 ], [ 101.6343326833627, 2.903317172886757 ], [ 101.633663265059525, 2.90355597337461 ], [ 101.633589590196038, 2.903514570710861 ], [ 101.633532596843281, 2.90324753210251 ], [ 101.63345642577309, 2.90289105862942 ], [ 101.633324117668479, 2.902484768306636 ], [ 101.633202375602124, 2.902275350043732 ], [ 101.633185105538686, 2.902273454679387 ] ] ] } },
{ "type": "Feature", "properties": { "upi": null, "sts_warta": "Belum Warta", "no_lot": null, "no_pt": null, "seksyen_id": "101001000", "mukim_id": "101001", "daerah_id": "1010", "negeri_id": "10", "nama": "Cyberjaya", "gtn1": "Tanah Lapang dan Rekreasi", "gtn2": "Tanah Lapang", "gtn3": "Tanah Lapang Lain", "kod_gtn": "TLR107", "no_warta": null, "trkh_warta": null, "serah_PTD": null, "Luas_h": 0.0676, "pemilik": null, "selenggara": null, "catatan": null, "tahun_data": 2024, "PBT": "MPSp" }, "geometry": { "type": "Polygon", "coordinates": [ [ [ 101.633480450004328, 2.901674809293631 ], [ 101.633598943574043, 2.901835755720942 ], [ 101.633658838146985, 2.901791430150565 ], [ 101.633709289853996, 2.901753979597678 ], [ 101.633736011656197, 2.901790328176443 ], [ 101.633757604958234, 2.901819352731684 ], [ 101.634720130789262, 2.903127991324771 ], [ 101.634710687669283, 2.903133690714619 ], [ 101.634718785228642, 2.903144812302689 ], [ 101.634740099703308, 2.903131966052098 ], [ 101.633744913830242, 2.901778750716075 ], [ 101.633711984057129, 2.901734535746317 ], [ 101.633601907656285, 2.90181649267867 ], [ 101.633494210783141, 2.901670284616489 ], [ 101.633604557055563, 2.901588508503977 ], [ 101.633366760240634, 2.901265440165405 ], [ 101.632755498518918, 2.90089958701468 ], [ 101.632458276516218, 2.901552221620424 ], [ 101.632469611461289, 2.901560358212473 ], [ 101.632640338698948, 2.901184840142994 ], [ 101.632658139635538, 2.901145678455794 ], [ 101.632733119439095, 2.900981253580884 ], [ 101.632761439079204, 2.900918848129226 ], [ 101.632804888581944, 2.900944883661542 ], [ 101.633268799820939, 2.901222686226944 ], [ 101.633276626154824, 2.901227477521025 ], [ 101.633357318118343, 2.901275751666837 ], [ 101.633585397901371, 2.901585528349653 ], [ 101.633556260036642, 2.90160723878824 ], [ 101.633520107484173, 2.901634105475572 ], [ 101.63348233613371, 2.901662057718851 ], [ 101.633481796534937, 2.901662419571175 ], [ 101.633481526793815, 2.901662871798715 ], [ 101.633480987195028, 2.901663233651039 ], [ 101.633480717473319, 2.901663776312372 ], [ 101.63348017791337, 2.90166431903228 ], [ 101.63347990819166, 2.901664861693612 ], [ 101.63347963846995, 2.901665404354944 ], [ 101.63347936874824, 2.901665947016276 ], [ 101.63347909902653, 2.901666489677607 ], [ 101.633479099143045, 2.901667032280363 ], [ 101.633478829460174, 2.901667755809279 ], [ 101.633478829576703, 2.901668298412034 ], [ 101.633478829712629, 2.901668931448581 ], [ 101.633478829829158, 2.901669474051336 ], [ 101.633478829984512, 2.901670197521677 ], [ 101.633478830101026, 2.901670740124431 ], [ 101.633478830236967, 2.90167137316098 ], [ 101.633479100191721, 2.901671915705157 ], [ 101.633479370185313, 2.90167263911692 ], [ 101.633479640140067, 2.901673181661098 ], [ 101.63347991009482, 2.901673724205276 ], [ 101.633480180049574, 2.901674266749453 ], [ 101.633480450004328, 2.901674809293631 ] ] ] } },
{ "type": "Feature", "properties": { "upi": null, "sts_warta": "Belum Warta", "no_lot": null, "no_pt": null, "seksyen_id": "101001000", "mukim_id": "101001", "daerah_id": "1010", "negeri_id": "10", "nama": "Tanah Simpanan Melayu Bukit Damar", "gtn1": "Tanah Lapang dan Rekreasi", "gtn2": "Tanah Lapang", "gtn3": "Tanah Lapang Lain", "kod_gtn": "TLR107", "no_warta": null, "trkh_warta": null, "serah_PTD": null, "Luas_h": 0.0366, "pemilik": null, "selenggara": null, "catatan": null, "tahun_data": 2024, "PBT": "MPSp" }, "geometry": { "type": "Polygon", "coordinates": [ [ [ 101.652779293005423, 2.893561629154589 ], [ 101.652766816268084, 2.893283458085389 ], [ 101.652702595889252, 2.893286276525566 ], [ 101.652700697636533, 2.893245581814832 ], [ 101.65266239064367, 2.893287823284615 ], [ 101.652676216662584, 2.893566536644297 ], [ 101.652779293005423, 2.893561629154589 ] ] ] } },
{ "type": "Feature", "properties": { "upi": null, "sts_warta": "Belum Warta", "no_lot": null, "no_pt": null, "seksyen_id": "101003000", "mukim_id": "101003", "daerah_id": "1010", "negeri_id": "10", "nama": null, "gtn1": "Tanah Lapang dan Rekreasi", "gtn2": "Tanah Lapang", "gtn3": "Tanah Lapang Lain", "kod_gtn": "TLR107", "no_warta": null, "trkh_warta": null, "serah_PTD": null, "Luas_h": 0.0601, "pemilik": null, "selenggara": null, "catatan": null, "tahun_data": 2024, "PBT": "MPSp" }, "geometry": { "type": "Polygon", "coordinates": [ [ [ 101.69671747467099, 2.609016275868075 ], [ 101.696658342982076, 2.608804132799208 ], [ 101.696445775579917, 2.608858445268769 ], [ 101.696506527056926, 2.609075471376677 ], [ 101.69671747467099, 2.609016275868075 ] ] ] } },
{ "type": "Feature", "properties": { "upi": null, "sts_warta": "Belum Warta", "no_lot": null, "no_pt": null, "seksyen_id": "101003000", "mukim_id": "101003", "daerah_id": "1010", "negeri_id": "10", "nama": null, "gtn1": "Tanah Lapang dan Rekreasi", "gtn2": "Tanah Lapang", "gtn3": "Tanah Lapang Lain", "kod_gtn": "TLR107", "no_warta": null, "trkh_warta": null, "serah_PTD": null, "Luas_h": 0.089, "pemilik": null, "selenggara": null, "catatan": null, "tahun_data": 2024, "PBT": "MPSp" }, "geometry": { "type": "Polygon", "coordinates": [ [ [ 101.715766494350589, 2.652000670258643 ], [ 101.715533349371441, 2.65179590013617 ], [ 101.715379889948053, 2.65197255749695 ], [ 101.715611955527564, 2.652176242730782 ], [ 101.715766494350589, 2.652000670258643 ] ] ] } },
{ "type": "Feature", "properties": { "upi": null, "sts_warta": "Belum Warta", "no_lot": null, "no_pt": null, "seksyen_id": "101002000", "mukim_id": "101002", "daerah_id": "1010", "negeri_id": "10", "nama": null, "gtn1": "Tanah Lapang dan Rekreasi", "gtn2": "Tanah Lapang", "gtn3": "Tanah Lapang Lain", "kod_gtn": "TLR107", "no_warta": null, "trkh_warta": null, "serah_PTD": null, "Luas_h": 0.053, "pemilik": null, "selenggara": null, "catatan": null, "tahun_data": 2024, "PBT": "MPSp" }, "geometry": { "type": "Polygon", "coordinates": [ [ [ 101.750256373219798, 2.775367755514598 ], [ 101.750416903574845, 2.775348082272148 ], [ 101.750366875341413, 2.774973976237472 ], [ 101.750322358721647, 2.774980048913281 ], [ 101.750313705789054, 2.774917291054112 ], [ 101.750311817209592, 2.774917562932771 ], [ 101.750311817209592, 2.774917562932771 ], [ 101.750311817209592, 2.774917562932771 ], [ 101.750256373219798, 2.775367755514598 ] ] ] } },
{ "type": "Feature", "properties": { "upi": null, "sts_warta": "Belum Warta", "no_lot": null, "no_pt": null, "seksyen_id": "101002000", "mukim_id": "101002", "daerah_id": "1010", "negeri_id": "10", "nama": "Rancangan Tanah Labu Lanjut", "gtn1": "Tanah Lapang dan Rekreasi", "gtn2": "Tanah Lapang", "gtn3": "Tanah Lapang Lain", "kod_gtn": "TLR107", "no_warta": null, "trkh_warta": null, "serah_PTD": null, "Luas_h": 0.03, "pemilik": null, "selenggara": null, "catatan": null, "tahun_data": 2024, "PBT": "MPSp" }, "geometry": { "type": "Polygon", "coordinates": [ [ [ 101.713377167746472, 2.785876090654743 ], [ 101.713177219632925, 2.785810581762413 ], [ 101.7132015536111, 2.785996958175705 ], [ 101.713275488573672, 2.786021264304809 ], [ 101.713377167746472, 2.785876090654743 ] ] ] } },
{ "type": "Feature", "properties": { "upi": null, "sts_warta": "Belum Warta", "no_lot": null, "no_pt": null, "seksyen_id": "101002000", "mukim_id": "101002", "daerah_id": "1010", "negeri_id": "10", "nama": "Rancangan Tanah Labu Lanjut", "gtn1": "Tanah Lapang dan Rekreasi", "gtn2": "Tanah Lapang", "gtn3": "Tanah Lapang Lain", "kod_gtn": "TLR107", "no_warta": null, "trkh_warta": null, "serah_PTD": null, "Luas_h": 0.035, "pemilik": null, "selenggara": null, "catatan": null, "tahun_data": 2024, "PBT": "MPSp" }, "geometry": { "type": "Polygon", "coordinates": [ [ [ 101.713885545581192, 2.785085652905259 ], [ 101.713866135675758, 2.785145886890553 ], [ 101.713824311231761, 2.785132333470623 ], [ 101.713801396675152, 2.785203149127505 ], [ 101.713702189802945, 2.785508660446528 ], [ 101.713962725839181, 2.785137721135179 ], [ 101.713891751831952, 2.785087821586735 ], [ 101.713885545581192, 2.785085652905259 ] ] ] } },
{ "type": "Feature", "properties": { "upi": null, "sts_warta": "Belum Warta", "no_lot": null, "no_pt": null, "seksyen_id": "101002000", "mukim_id": "101002", "daerah_id": "1010", "negeri_id": "10", "nama": null, "gtn1": "Tanah Lapang dan Rekreasi", "gtn2": "Tanah Lapang", "gtn3": "Tanah Lapang Lain", "kod_gtn": "TLR107", "no_warta": null, "trkh_warta": null, "serah_PTD": null, "Luas_h": 0.0724, "pemilik": null, "selenggara": null, "catatan": null, "tahun_data": 2024, "PBT": "MPSp" }, "geometry": { "type": "Polygon", "coordinates": [ [ [ 101.715124343464552, 2.787392173101188 ], [ 101.715138845902729, 2.787147275599414 ], [ 101.715138845753415, 2.787146732999454 ], [ 101.714913009705583, 2.787133230811592 ], [ 101.714886567720512, 2.787131610363057 ], [ 101.714886567869712, 2.78713215296303 ], [ 101.714890671367385, 2.787336983327243 ], [ 101.714932504186478, 2.787380650996246 ], [ 101.715124343464552, 2.787392173101188 ] ] ] } },
{ "type": "Feature", "properties": { "upi": null, "sts_warta": "Belum Warta", "no_lot": null, "no_pt": null, "seksyen_id": "101002000", "mukim_id": "101002", "daerah_id": "1010", "negeri_id": "10", "nama": "Taman Indah Puteri", "gtn1": "Tanah Lapang dan Rekreasi", "gtn2": "Tanah Lapang", "gtn3": "Tanah Lapang Lain", "kod_gtn": "TLR107", "no_warta": null, "trkh_warta": null, "serah_PTD": null, "Luas_h": 0.0399, "pemilik": null, "selenggara": null, "catatan": null, "tahun_data": 2024, "PBT": "MPSp" }, "geometry": { "type": "Polygon", "coordinates": [ [ [ 101.712300290597724, 2.795534670170811 ], [ 101.712467319898295, 2.795588431792789 ], [ 101.712467319898295, 2.795588431792789 ], [ 101.712467319898295, 2.795588431792789 ], [ 101.712510991933897, 2.795450508854488 ], [ 101.712287295855859, 2.795374968476064 ], [ 101.712251709617107, 2.795481508801239 ], [ 101.712311613486889, 2.795500754533732 ], [ 101.712300290597724, 2.795534670170811 ] ] ] } },
{ "type": "Feature", "properties": { "upi": null, "sts_warta": "Belum Warta", "no_lot": null, "no_pt": null, "seksyen_id": "101002000", "mukim_id": "101002", "daerah_id": "1010", "negeri_id": "10", "nama": "Rancangan Tanah Labu Lanjut", "gtn1": "Tanah Lapang dan Rekreasi", "gtn2": "Tanah Lapang", "gtn3": "Tanah Lapang Lain", "kod_gtn": "TLR107", "no_warta": null, "trkh_warta": null, "serah_PTD": null, "Luas_h": 0.1213, "pemilik": null, "selenggara": null, "catatan": null, "tahun_data": 2024, "PBT": "MPSp" }, "geometry": { "type": "Polygon", "coordinates": [ [ [ 101.71994747724105, 2.797928740160389 ], [ 101.719951852497928, 2.798136464148633 ], [ 101.719951056061333, 2.798182856643381 ], [ 101.720142894616515, 2.798185334382471 ], [ 101.720140784809814, 2.798358966861159 ], [ 101.720248980748025, 2.798360563967296 ], [ 101.720248980748025, 2.798360563967296 ], [ 101.720271256535369, 2.797937239510062 ], [ 101.71994747724105, 2.797928740160389 ] ] ] } },
{ "type": "Feature", "properties": { "upi": null, "sts_warta": "Belum Warta", "no_lot": null, "no_pt": null, "seksyen_id": "101002000", "mukim_id": "101002", "daerah_id": "1010", "negeri_id": "10", "nama": "Rancangan Tanah Labu Lanjut", "gtn1": "Tanah Lapang dan Rekreasi", "gtn2": "Tanah Lapang", "gtn3": "Tanah Lapang Lain", "kod_gtn": "TLR107", "no_warta": null, "trkh_warta": null, "serah_PTD": null, "Luas_h": 0.1757, "pemilik": null, "selenggara": null, "catatan": null, "tahun_data": 2024, "PBT": "MPSp" }, "geometry": { "type": "Polygon", "coordinates": [ [ [ 101.71981041075604, 2.79792543296881 ], [ 101.719639617184015, 2.797920959679017 ], [ 101.719024436710257, 2.797905398318709 ], [ 101.719026648083329, 2.798094493685495 ], [ 101.719420307777682, 2.79809763794936 ], [ 101.719636969342559, 2.798100560914909 ], [ 101.719772956185636, 2.798102421497938 ], [ 101.719813147059142, 2.798061624704879 ], [ 101.71981041075604, 2.79792543296881 ] ] ] } },
{ "type": "Feature", "properties": { "upi": null, "sts_warta": "Belum Warta", "no_lot": null, "no_pt": null, "seksyen_id": "101002000", "mukim_id": "101002", "daerah_id": "1010", "negeri_id": "10", "nama": null, "gtn1": "Tanah Lapang dan Rekreasi", "gtn2": "Tanah Lapang", "gtn3": "Tanah Lapang Lain", "kod_gtn": "TLR107", "no_warta": null, "trkh_warta": null, "serah_PTD": null, "Luas_h": 0.0423, "pemilik": null, "selenggara": null, "catatan": null, "tahun_data": 2024, "PBT": "MPSp" }, "geometry": { "type": "Polygon", "coordinates": [ [ [ 101.711961956732637, 2.798539682960971 ], [ 101.71195819865838, 2.798610312442555 ], [ 101.71200298846334, 2.798612651317781 ], [ 101.711999498176752, 2.798675865190865 ], [ 101.712157611723725, 2.798684593466496 ], [ 101.712169692975706, 2.79846402319974 ], [ 101.711973824326577, 2.798524215575973 ], [ 101.711961956732637, 2.798539682960971 ] ] ] } },
{ "type": "Feature", "properties": { "upi": null, "sts_warta": "Belum Warta", "no_lot": null, "no_pt": null, "seksyen_id": "101002000", "mukim_id": "101002", "daerah_id": "1010", "negeri_id": "10", "nama": null, "gtn1": "Tanah Lapang dan Rekreasi", "gtn2": "Tanah Lapang", "gtn3": "Tanah Lapang Lain", "kod_gtn": "TLR107", "no_warta": null, "trkh_warta": null, "serah_PTD": null, "Luas_h": 0.106, "pemilik": null, "selenggara": null, "catatan": null, "tahun_data": 2024, "PBT": "MPSp" }, "geometry": { "type": "Polygon", "coordinates": [ [ [ 101.708293493581891, 2.803268367928936 ], [ 101.708296697550637, 2.803143569001031 ], [ 101.707816964494739, 2.803138093455304 ], [ 101.707812156630553, 2.803318509351357 ], [ 101.708255736346729, 2.803330777297447 ], [ 101.708257607878494, 2.803267382992492 ], [ 101.708293493581891, 2.803268367928936 ] ] ] } },
{ "type": "Feature", "properties": { "upi": null, "sts_warta": "Belum Warta", "no_lot": null, "no_pt": null, "seksyen_id": "101002000", "mukim_id": "101002", "daerah_id": "1010", "negeri_id": "10", "nama": null, "gtn1": "Tanah Lapang dan Rekreasi", "gtn2": "Tanah Lapang", "gtn3": "Tanah Lapang Lain", "kod_gtn": "TLR107", "no_warta": null, "trkh_warta": null, "serah_PTD": null, "Luas_h": 0.0162, "pemilik": null, "selenggara": null, "catatan": null, "tahun_data": 2024, "PBT": "MPSp" }, "geometry": { "type": "Polygon", "coordinates": [ [ [ 101.709253996139509, 2.804114018049511 ], [ 101.709271273232432, 2.803154153613096 ], [ 101.709257512653878, 2.803154157394231 ], [ 101.709240235549728, 2.804114021831737 ], [ 101.709253996139509, 2.804114018049511 ] ] ] } },
{ "type": "Feature", "properties": { "upi": null, "sts_warta": "Belum Warta", "no_lot": null, "no_pt": null, "seksyen_id": "101002000", "mukim_id": "101002", "daerah_id": "1010", "negeri_id": "10", "nama": null, "gtn1": "Tanah Lapang dan Rekreasi", "gtn2": "Tanah Lapang", "gtn3": "Tanah Lapang Lain", "kod_gtn": "TLR107", "no_warta": null, "trkh_warta": null, "serah_PTD": null, "Luas_h": 0.0577, "pemilik": null, "selenggara": null, "catatan": null, "tahun_data": 2024, "PBT": "MPSp" }, "geometry": { "type": "Polygon", "coordinates": [ [ [ 101.704216252648749, 2.803037516102795 ], [ 101.703970718750313, 2.803029986071943 ], [ 101.703964833935061, 2.803221254319438 ], [ 101.704208749078518, 2.803229146518406 ], [ 101.704216252648749, 2.803037516102795 ] ] ] } },
{ "type": "Feature", "properties": { "upi": null, "sts_warta": "Belum Warta", "no_lot": null, "no_pt": null, "seksyen_id": "101002000", "mukim_id": "101002", "daerah_id": "1010", "negeri_id": "10", "nama": null, "gtn1": "Tanah Lapang dan Rekreasi", "gtn2": "Tanah Lapang", "gtn3": "Tanah Lapang Lain", "kod_gtn": "TLR107", "no_warta": null, "trkh_warta": null, "serah_PTD": null, "Luas_h": 0.0247, "pemilik": null, "selenggara": null, "catatan": null, "tahun_data": 2024, "PBT": "MPSp" }, "geometry": { "type": "Polygon", "coordinates": [ [ [ 101.700413719321304, 2.803956708935202 ], [ 101.700480364144056, 2.803958228490215 ], [ 101.700484635285179, 2.803784595150135 ], [ 101.700447130680089, 2.803783610406877 ], [ 101.700456756111876, 2.803450993651991 ], [ 101.700431663070631, 2.803450186456871 ], [ 101.700425236119372, 2.80363412978648 ], [ 101.700413719321304, 2.803956708935202 ] ] ] } },
{ "type": "Feature", "properties": { "upi": null, "sts_warta": "Belum Warta", "no_lot": null, "no_pt": null, "seksyen_id": "101001000", "mukim_id": "101001", "daerah_id": "1010", "negeri_id": "10", "nama": null, "gtn1": "Tanah Lapang dan Rekreasi", "gtn2": "Tanah Lapang", "gtn3": "Tanah Lapang Lain", "kod_gtn": "TLR107", "no_warta": null, "trkh_warta": null, "serah_PTD": null, "Luas_h": 0.1055, "pemilik": null, "selenggara": null, "catatan": null, "tahun_data": 2024, "PBT": "MPSp" }, "geometry": { "type": "Polygon", "coordinates": [ [ [ 101.747602797519846, 2.816244379409058 ], [ 101.747607582556697, 2.816009885207459 ], [ 101.747241706848072, 2.816002763601728 ], [ 101.747237191528555, 2.81623716729495 ], [ 101.747602797519846, 2.816244379409058 ] ] ] } },
{ "type": "Feature", "properties": { "upi": null, "sts_warta": "Belum Warta", "no_lot": null, "no_pt": null, "seksyen_id": "101001000", "mukim_id": "101001", "daerah_id": "1010", "negeri_id": "10", "nama": null, "gtn1": "Tanah Lapang dan Rekreasi", "gtn2": "Tanah Lapang", "gtn3": "Tanah Lapang Lain", "kod_gtn": "TLR107", "no_warta": null, "trkh_warta": null, "serah_PTD": null, "Luas_h": 0.0859, "pemilik": null, "selenggara": null, "catatan": null, "tahun_data": 2024, "PBT": "MPSp" }, "geometry": { "type": "Polygon", "coordinates": [ [ [ 101.747667425050253, 2.816705296333464 ], [ 101.747735477164838, 2.816012377792119 ], [ 101.747607582556697, 2.816009885207459 ], [ 101.747602797519846, 2.816244379409058 ], [ 101.747600411265708, 2.816382109578017 ], [ 101.747594033843967, 2.816703329499878 ], [ 101.747667425050253, 2.816705296333464 ] ] ] } },
{ "type": "Feature", "properties": { "upi": null, "sts_warta": "Belum Warta", "no_lot": null, "no_pt": null, "seksyen_id": "101001000", "mukim_id": "101001", "daerah_id": "1010", "negeri_id": "10", "nama": null, "gtn1": "Tanah Lapang dan Rekreasi", "gtn2": "Tanah Lapang", "gtn3": "Tanah Lapang Lain", "kod_gtn": "TLR107", "no_warta": null, "trkh_warta": null, "serah_PTD": null, "Luas_h": 0.0211, "pemilik": null, "selenggara": null, "catatan": null, "tahun_data": 2024, "PBT": "MPSp" }, "geometry": { "type": "Polygon", "coordinates": [ [ [ 101.706798253006994, 2.818515300345712 ], [ 101.706747782279948, 2.818461415898971 ], [ 101.706673582114973, 2.818461436235167 ], [ 101.706673564956958, 2.818398132887608 ], [ 101.706655487099553, 2.818398137841414 ], [ 101.706655420877027, 2.818153786918761 ], [ 101.706673228960952, 2.818153962906026 ], [ 101.706673224059173, 2.818135876235206 ], [ 101.706617641405586, 2.818135891463978 ], [ 101.706676844869449, 2.818553406068383 ], [ 101.706798804930131, 2.818560607307313 ], [ 101.706801221038248, 2.818515389965374 ], [ 101.706798253006994, 2.818515300345712 ] ] ] } },
{ "type": "Feature", "properties": { "upi": null, "sts_warta": "Belum Warta", "no_lot": null, "no_pt": null, "seksyen_id": "101001000", "mukim_id": "101001", "daerah_id": "1010", "negeri_id": "10", "nama": null, "gtn1": "Tanah Lapang dan Rekreasi", "gtn2": "Tanah Lapang", "gtn3": "Tanah Lapang Lain", "kod_gtn": "TLR107", "no_warta": null, "trkh_warta": null, "serah_PTD": null, "Luas_h": 0.0841, "pemilik": null, "selenggara": null, "catatan": null, "tahun_data": 2024, "PBT": "MPSp" }, "geometry": { "type": "Polygon", "coordinates": [ [ [ 101.706727339450993, 2.817699882173968 ], [ 101.707146367746631, 2.817699767279167 ], [ 101.707159319039732, 2.817699763725594 ], [ 101.707136652485318, 2.817693168309649 ], [ 101.707004693084215, 2.817626464688505 ], [ 101.706599965224527, 2.817626666045735 ], [ 101.706599786252738, 2.817961993001068 ], [ 101.706727140663418, 2.817961958108129 ], [ 101.706727339450993, 2.817699882173968 ] ] ] } },
{ "type": "Feature", "properties": { "upi": null, "sts_warta": "Belum Warta", "no_lot": null, "no_pt": null, "seksyen_id": "101001000", "mukim_id": "101001", "daerah_id": "1010", "negeri_id": "10", "nama": null, "gtn1": "Tanah Lapang dan Rekreasi", "gtn2": "Tanah Lapang", "gtn3": "Tanah Lapang Lain", "kod_gtn": "TLR107", "no_warta": null, "trkh_warta": null, "serah_PTD": null, "Luas_h": 0.1152, "pemilik": null, "selenggara": null, "catatan": null, "tahun_data": 2024, "PBT": "MPSp" }, "geometry": { "type": "Polygon", "coordinates": [ [ [ 101.709094981579199, 2.818628162255143 ], [ 101.707646319293787, 2.818610022554759 ], [ 101.707645779656147, 2.818610022703102 ], [ 101.707578593689348, 2.818606062102647 ], [ 101.707566451596861, 2.818605161106134 ], [ 101.707341958830241, 2.81859229081086 ], [ 101.707328467644018, 2.818591390182317 ], [ 101.70710397480903, 2.818578248540285 ], [ 101.707090483696803, 2.818577619208982 ], [ 101.706798804930131, 2.818560607307313 ], [ 101.706676844869449, 2.818553406068383 ], [ 101.706617641405586, 2.818135891463978 ], [ 101.706589850078771, 2.818135899077365 ], [ 101.706652568309892, 2.818579728829024 ], [ 101.707344934206617, 2.81861942 ], [ 101.707645247542487, 2.818637695454949 ], [ 101.709095798643347, 2.818656015497843 ], [ 101.709270908194839, 2.818645476861108 ], [ 101.709270804774476, 2.818267013372353 ], [ 101.709243283263319, 2.818267020975186 ], [ 101.709243304166876, 2.818343527573318 ], [ 101.709243357095474, 2.818537235768138 ], [ 101.709243374368469, 2.818600448666308 ], [ 101.709243379533149, 2.818619349232414 ], [ 101.709094981579199, 2.818628162255143 ] ] ] } },
{ "type": "Feature", "properties": { "upi": null, "sts_warta": "Belum Warta", "no_lot": null, "no_pt": null, "seksyen_id": "101001000", "mukim_id": "101001", "daerah_id": "1010", "negeri_id": "10", "nama": null, "gtn1": "Tanah Lapang dan Rekreasi", "gtn2": "Tanah Lapang", "gtn3": "Tanah Lapang Lain", "kod_gtn": "TLR107", "no_warta": null, "trkh_warta": null, "serah_PTD": null, "Luas_h": 0.0508, "pemilik": null, "selenggara": null, "catatan": null, "tahun_data": 2024, "PBT": "MPSp" }, "geometry": { "type": "Polygon", "coordinates": [ [ [ 101.709255562544101, 2.817782475756614 ], [ 101.709185663366753, 2.817723351656879 ], [ 101.70813741803579, 2.81772355020764 ], [ 101.708135530290235, 2.81772716806115 ], [ 101.708133912387893, 2.817730876273739 ], [ 101.708132294534778, 2.817734765353009 ], [ 101.708131216343517, 2.817738744717098 ], [ 101.708130407995483, 2.817742814440266 ], [ 101.708129869466049, 2.817746884089173 ], [ 101.708129600779856, 2.81775104409716 ], [ 101.708129600779856, 2.81775104409716 ], [ 101.70821135582112, 2.817751021593048 ], [ 101.708436924161148, 2.817750869039251 ], [ 101.708450415092045, 2.817750865322522 ], [ 101.70867544381943, 2.817750803304323 ], [ 101.708688934750342, 2.817750799584818 ], [ 101.708913693659071, 2.817750737594758 ], [ 101.708927184614652, 2.817750824305814 ], [ 101.709174608287299, 2.817750756011379 ], [ 101.709175417743154, 2.817750755787864 ], [ 101.709243427796068, 2.817808433476409 ], [ 101.709243232094011, 2.818079733545999 ], [ 101.709243253095011, 2.818156601877702 ], [ 101.709270774603567, 2.818156594275169 ], [ 101.709270943391644, 2.817786812308541 ], [ 101.709255562544101, 2.817782475756614 ] ] ] } },
{ "type": "Feature", "properties": { "upi": null, "sts_warta": "Belum Warta", "no_lot": null, "no_pt": null, "seksyen_id": "101001000", "mukim_id": "101001", "daerah_id": "1010", "negeri_id": "10", "nama": null, "gtn1": "Tanah Lapang dan Rekreasi", "gtn2": "Tanah Lapang", "gtn3": "Tanah Lapang Lain", "kod_gtn": "TLR107", "no_warta": null, "trkh_warta": null, "serah_PTD": null, "Luas_h": 0.0447, "pemilik": null, "selenggara": null, "catatan": null, "tahun_data": 2024, "PBT": "MPSp" }, "geometry": { "type": "Polygon", "coordinates": [ [ [ 101.707146089166727, 2.817667482647015 ], [ 101.707038416678955, 2.817612709569012 ], [ 101.706586200703825, 2.817612743077887 ], [ 101.706586025500741, 2.817961996770441 ], [ 101.706599786252738, 2.817961993001068 ], [ 101.706599965224527, 2.817626666045735 ], [ 101.707004693084215, 2.817626464688505 ], [ 101.707136652485318, 2.817693168309649 ], [ 101.707159319039732, 2.817699763725594 ], [ 101.707279127928885, 2.817734457254367 ], [ 101.707286953257963, 2.817736625506896 ], [ 101.707441563303718, 2.817751233259737 ], [ 101.707855465063901, 2.817751119514409 ], [ 101.707938029536422, 2.817751006373638 ], [ 101.707937488644433, 2.81774639442155 ], [ 101.707936677860019, 2.817741511243646 ], [ 101.707935597330817, 2.817736899439988 ], [ 101.707934246983001, 2.817732287710543 ], [ 101.707932626890411, 2.81772794735534 ], [ 101.707930736979208, 2.817723607074349 ], [ 101.707442095424142, 2.81772356050706 ], [ 101.707291532808512, 2.81770949424299 ], [ 101.707146089166727, 2.817667482647015 ] ] ] } },
{ "type": "Feature", "properties": { "upi": null, "sts_warta": "Belum Warta", "no_lot": null, "no_pt": null, "seksyen_id": "101001000", "mukim_id": "101001", "daerah_id": "1010", "negeri_id": "10", "nama": "Bandar Serenia", "gtn1": "Tanah Lapang dan Rekreasi", "gtn2": "Tanah Lapang", "gtn3": "Tanah Lapang Lain", "kod_gtn": "TLR107", "no_warta": null, "trkh_warta": null, "serah_PTD": null, "Luas_h": 0.4675, "pemilik": null, "selenggara": null, "catatan": null, "tahun_data": 2024, "PBT": "MPSp" }, "geometry": { "type": "Polygon", "coordinates": [ [ [ 101.713667553299899, 2.849452518940674 ], [ 101.713667443107724, 2.849059043899808 ], [ 101.713604843506857, 2.849059061620419 ], [ 101.713546004861954, 2.848999754060125 ], [ 101.713545965980686, 2.848860848596208 ], [ 101.713545804375443, 2.848283432324955 ], [ 101.713613511511497, 2.84821513606151 ], [ 101.713739789924773, 2.848215100320878 ], [ 101.713791611041287, 2.84826717520235 ], [ 101.714214697709835, 2.848267055333308 ], [ 101.714320229359032, 2.848373284473679 ], [ 101.714320347510181, 2.848794432064476 ], [ 101.714359750451592, 2.848824263857968 ], [ 101.714619031545865, 2.848747593317685 ], [ 101.71464707902804, 2.848696309706106 ], [ 101.714527701592502, 2.848288670531087 ], [ 101.714420814689234, 2.848160647383304 ], [ 101.71431530806322, 2.848143585424396 ], [ 101.714058989940284, 2.848201625794795 ], [ 101.713544162518431, 2.848201590695512 ], [ 101.713489403368129, 2.848256860904204 ], [ 101.713489623405977, 2.850007106002889 ], [ 101.713384690595987, 2.850112671303346 ], [ 101.713543348349347, 2.850112626397998 ], [ 101.713543468349428, 2.849577532820886 ], [ 101.713667553299899, 2.849452518940674 ] ] ] } },
{ "type": "Feature", "properties": { "upi": null, "sts_warta": "Belum Warta", "no_lot": null, "no_pt": null, "seksyen_id": "101001000", "mukim_id": "101001", "daerah_id": "1010", "negeri_id": "10", "nama": "Bandar Serenia", "gtn1": "Tanah Lapang dan Rekreasi", "gtn2": "Tanah Lapang", "gtn3": "Tanah Lapang Lain", "kod_gtn": "TLR107", "no_warta": null, "trkh_warta": null, "serah_PTD": null, "Luas_h": 0.8699, "pemilik": null, "selenggara": null, "catatan": null, "tahun_data": 2024, "PBT": "MPSp" }, "geometry": { "type": "Polygon", "coordinates": [ [ [ 101.711918660340416, 2.847942144208468 ], [ 101.711823919008268, 2.847825240654732 ], [ 101.71183415116225, 2.847749002529849 ], [ 101.711883159357427, 2.847389516495167 ], [ 101.711900406364762, 2.847311105997699 ], [ 101.711982598727602, 2.846936056101157 ], [ 101.712152911456897, 2.846157106419885 ], [ 101.712212529400702, 2.846108888704006 ], [ 101.712212419378204, 2.845713785784693 ], [ 101.712060777628622, 2.84571364759634 ], [ 101.712111374465678, 2.84621490497065 ], [ 101.712078258572916, 2.84647572383923 ], [ 101.711915111302218, 2.846824390003909 ], [ 101.711801207302599, 2.847658668962911 ], [ 101.711658394488524, 2.848358662644329 ], [ 101.711543046253425, 2.848851827707087 ], [ 101.711481091833051, 2.849231212697309 ], [ 101.711631746807598, 2.848592530575051 ], [ 101.71168591754062, 2.848361639200081 ], [ 101.711788698328917, 2.848279677741025 ], [ 101.713311324742179, 2.848279519577462 ], [ 101.713352326687641, 2.848238179987341 ], [ 101.713352255392508, 2.847983248661879 ], [ 101.713311230343052, 2.847941932262164 ], [ 101.71208325396006, 2.847942097868409 ], [ 101.712083292351238, 2.848079918155604 ], [ 101.71191869871204, 2.848079964497909 ], [ 101.711918660340416, 2.847942144208468 ] ] ] } },
{ "type": "Feature", "properties": { "upi": null, "sts_warta": "Belum Warta", "no_lot": null, "no_pt": null, "seksyen_id": "101001000", "mukim_id": "101001", "daerah_id": "1010", "negeri_id": "10", "nama": "Bandar Serenia", "gtn1": "Tanah Lapang dan Rekreasi", "gtn2": "Tanah Lapang", "gtn3": "Tanah Lapang Lain", "kod_gtn": "TLR107", "no_warta": null, "trkh_warta": null, "serah_PTD": null, "Luas_h": 0.2387, "pemilik": null, "selenggara": null, "catatan": null, "tahun_data": 2024, "PBT": "MPSp" }, "geometry": { "type": "Polygon", "coordinates": [ [ [ 101.714372667984364, 2.847740960345455 ], [ 101.714638585578228, 2.847276329326845 ], [ 101.714594866697922, 2.847250839557261 ], [ 101.714522588800804, 2.847376743140764 ], [ 101.714140785754694, 2.84737685138897 ], [ 101.71414094760469, 2.847954267635117 ], [ 101.714068378126541, 2.848002850854253 ], [ 101.713992557127327, 2.848002872335701 ], [ 101.71393236888764, 2.847941756507578 ], [ 101.71353059856061, 2.847941870229137 ], [ 101.713498768095675, 2.847973892604633 ], [ 101.713544111628266, 2.848019729437718 ], [ 101.714103999823223, 2.848019661344449 ], [ 101.714178997198928, 2.847969178336748 ], [ 101.714225106873812, 2.847860374069677 ], [ 101.714303609456323, 2.847800937170418 ], [ 101.714372667984364, 2.847740960345455 ] ] ] } },
{ "type": "Feature", "properties": { "upi": null, "sts_warta": "Belum Warta", "no_lot": null, "no_pt": null, "seksyen_id": "101001000", "mukim_id": "101001", "daerah_id": "1010", "negeri_id": "10", "nama": "Bandar Serenia", "gtn1": "Tanah Lapang dan Rekreasi", "gtn2": "Tanah Lapang", "gtn3": "Tanah Lapang Lain", "kod_gtn": "TLR107", "no_warta": null, "trkh_warta": null, "serah_PTD": null, "Luas_h": 0.5461, "pemilik": null, "selenggara": null, "catatan": null, "tahun_data": 2024, "PBT": "MPSp" }, "geometry": { "type": "Polygon", "coordinates": [ [ [ 101.714673444135641, 2.846496965728944 ], [ 101.714479923794954, 2.846298700508192 ], [ 101.714278313255079, 2.846116444224058 ], [ 101.714065913398059, 2.845947122906638 ], [ 101.713843264098841, 2.845791550296878 ], [ 101.713611444779744, 2.845650178250471 ], [ 101.713371534811003, 2.845523277757423 ], [ 101.713371534811003, 2.845523277757423 ], [ 101.713352391105133, 2.845572931024477 ], [ 101.713430383890994, 2.845620657750249 ], [ 101.713488967732459, 2.845734406233315 ], [ 101.713489060845816, 2.846067471893118 ], [ 101.713530355652878, 2.84610878821844 ], [ 101.713855494994021, 2.846108696257334 ], [ 101.713972039037372, 2.846035683637238 ], [ 101.714033289349217, 2.846035666297357 ], [ 101.714140696611082, 2.846095773994571 ], [ 101.714140792862537, 2.846439329886891 ], [ 101.71452502410348, 2.846439492285329 ], [ 101.714525089782612, 2.846673623942779 ], [ 101.714594724353276, 2.846743599523489 ], [ 101.714594866697922, 2.847250839557261 ], [ 101.714638585578228, 2.847276329326845 ], [ 101.714689557607244, 2.847187328548675 ], [ 101.714766126047593, 2.846966559266841 ], [ 101.714768222013106, 2.846743459858467 ], [ 101.714673444135641, 2.846496965728944 ] ] ] } },
{ "type": "Feature", "properties": { "upi": null, "sts_warta": "Belum Warta", "no_lot": null, "no_pt": null, "seksyen_id": "101001000", "mukim_id": "101001", "daerah_id": "1010", "negeri_id": "10", "nama": "Bandar Serenia", "gtn1": "Tanah Lapang dan Rekreasi", "gtn2": "Tanah Lapang", "gtn3": "Tanah Lapang Lain", "kod_gtn": "TLR107", "no_warta": null, "trkh_warta": null, "serah_PTD": null, "Luas_h": 0.2489, "pemilik": null, "selenggara": null, "catatan": null, "tahun_data": 2024, "PBT": "MPSp" }, "geometry": { "type": "Polygon", "coordinates": [ [ [ 101.713112740175106, 2.845407234529824 ], [ 101.712837488109443, 2.845297797507245 ], [ 101.712619443627787, 2.845204984013228 ], [ 101.712106452931152, 2.845013138631403 ], [ 101.712106452931152, 2.845013138631403 ], [ 101.712059912808897, 2.845514785078125 ], [ 101.712212363957264, 2.845514742175192 ], [ 101.71221230682815, 2.845309549103159 ], [ 101.712815905364081, 2.845309469484673 ], [ 101.712815932304011, 2.84540605220306 ], [ 101.712980255738785, 2.845406005851701 ], [ 101.712980294177001, 2.845543735699458 ], [ 101.713304623884724, 2.845543644141038 ], [ 101.713321880408756, 2.84549968870295 ], [ 101.713321880408756, 2.84549968870295 ], [ 101.713112740175106, 2.845407234529824 ] ] ] } },
{ "type": "Feature", "properties": { "upi": null, "sts_warta": "Belum Warta", "no_lot": null, "no_pt": null, "seksyen_id": "101001000", "mukim_id": "101001", "daerah_id": "1010", "negeri_id": "10", "nama": "Bandar Serenia", "gtn1": "Tanah Lapang dan Rekreasi", "gtn2": "Tanah Lapang", "gtn3": "Tanah Lapang Lain", "kod_gtn": "TLR107", "no_warta": null, "trkh_warta": null, "serah_PTD": null, "Luas_h": 0.458, "pemilik": null, "selenggara": null, "catatan": null, "tahun_data": 2024, "PBT": "MPSp" }, "geometry": { "type": "Polygon", "coordinates": [ [ [ 101.712078258572916, 2.84647572383923 ], [ 101.712111374465678, 2.84621490497065 ], [ 101.712060777628622, 2.84571364759634 ], [ 101.712050766315201, 2.84561381208273 ], [ 101.712059912808897, 2.845514785078125 ], [ 101.712106452931152, 2.845013138631403 ], [ 101.712053022613958, 2.844995247874808 ], [ 101.711995452252481, 2.845614098944167 ], [ 101.712056331256832, 2.846218989959374 ], [ 101.712026447515413, 2.846459189132778 ], [ 101.711861412736823, 2.846812467919463 ], [ 101.711746969802562, 2.847649460027282 ], [ 101.711604696834058, 2.848350267453271 ], [ 101.711489228031709, 2.848409985880485 ], [ 101.711489079354379, 2.848845602987404 ], [ 101.711275469691032, 2.85014853517047 ], [ 101.710994886983741, 2.851250814732993 ], [ 101.711055323189868, 2.851233163261684 ], [ 101.711196827677213, 2.850678044075088 ], [ 101.711327820636356, 2.85016534104021 ], [ 101.711481091833051, 2.849231212697309 ], [ 101.711543046253425, 2.848851827707087 ], [ 101.711658394488524, 2.848358662644329 ], [ 101.711801207302599, 2.847658668962911 ], [ 101.711915111302218, 2.846824390003909 ], [ 101.712078258572916, 2.84647572383923 ] ] ] } },
{ "type": "Feature", "properties": { "upi": null, "sts_warta": "Belum Warta", "no_lot": null, "no_pt": null, "seksyen_id": "101001000", "mukim_id": "101001", "daerah_id": "1010", "negeri_id": "10", "nama": "Bandar Serenia", "gtn1": "Tanah Lapang dan Rekreasi", "gtn2": "Tanah Lapang", "gtn3": "Tanah Lapang Lain", "kod_gtn": "TLR107", "no_warta": null, "trkh_warta": null, "serah_PTD": null, "Luas_h": 0.676, "pemilik": null, "selenggara": null, "catatan": null, "tahun_data": 2024, "PBT": "MPSp" }, "geometry": { "type": "Polygon", "coordinates": [ [ [ 101.714778756800996, 2.845823569900208 ], [ 101.712953126126251, 2.844878787581765 ], [ 101.71210117769202, 2.844479222081411 ], [ 101.712081807898954, 2.844686229288882 ], [ 101.71240967657458, 2.844799178601054 ], [ 101.712733231646865, 2.84492478968516 ], [ 101.713226258239175, 2.84512694980818 ], [ 101.713491529327925, 2.845245523317786 ], [ 101.713748980125928, 2.845380467390586 ], [ 101.714073905960646, 2.845582222471201 ], [ 101.714291159024327, 2.845738791332475 ], [ 101.714499241619762, 2.845907932966961 ], [ 101.714697343995681, 2.846088652843236 ], [ 101.714884656576714, 2.846280589463067 ], [ 101.714884656576714, 2.846280589463067 ], [ 101.714903277945254, 2.846292792664388 ], [ 101.715040894016852, 2.846311292400432 ], [ 101.7151728265559, 2.846268570429991 ], [ 101.715273714288372, 2.846172863390573 ], [ 101.715278299460735, 2.846166260460797 ], [ 101.714778756800996, 2.845823569900208 ] ] ] } },
{ "type": "Feature", "properties": { "upi": null, "sts_warta": "Belum Warta", "no_lot": null, "no_pt": null, "seksyen_id": "101001000", "mukim_id": "101001", "daerah_id": "1010", "negeri_id": "10", "nama": "Bandar Serenia", "gtn1": "Tanah Lapang dan Rekreasi", "gtn2": "Tanah Lapang", "gtn3": "Tanah Lapang Lain", "kod_gtn": "TLR107", "no_warta": null, "trkh_warta": null, "serah_PTD": null, "Luas_h": 0.219, "pemilik": null, "selenggara": null, "catatan": null, "tahun_data": 2024, "PBT": "MPSp" }, "geometry": { "type": "Polygon", "coordinates": [ [ [ 101.715928147664329, 2.846553491551567 ], [ 101.715945689747414, 2.846565695041552 ], [ 101.715962692435113, 2.846578803017215 ], [ 101.715978616102348, 2.846592906065536 ], [ 101.715993730574411, 2.846608004109689 ], [ 101.716007766000544, 2.846624006793353 ], [ 101.716007766000544, 2.846624006793353 ], [ 101.716140564792795, 2.846782679272974 ], [ 101.716143533814872, 2.846786024456271 ], [ 101.716146233113619, 2.84678973144937 ], [ 101.716148392787204, 2.846793529029509 ], [ 101.716150552486297, 2.846797417042866 ], [ 101.716152442411058, 2.846801485999581 ], [ 101.716154062510498, 2.846805555033204 ], [ 101.716155412861113, 2.84680989544341 ], [ 101.716156493386379, 2.846814235930527 ], [ 101.716157304086309, 2.846818576494559 ], [ 101.716157845011907, 2.846823098001952 ], [ 101.716157846261339, 2.846827529229949 ], [ 101.716157847536238, 2.846832050891172 ], [ 101.716157309134957, 2.846836482273001 ], [ 101.716156500882832, 2.84684082329852 ], [ 101.716155692681696, 2.846845345190487 ], [ 101.716155692681696, 2.846845345190487 ], [ 101.716130894246149, 2.846935785491015 ], [ 101.716144932203022, 2.846960741061442 ], [ 101.716299555435327, 2.847007812687413 ], [ 101.716451482825605, 2.847063385783769 ], [ 101.716599904900676, 2.847127460582295 ], [ 101.716744551837962, 2.847200037161072 ], [ 101.716884344184976, 2.847280573230299 ], [ 101.716884344184976, 2.847280573230299 ], [ 101.717487778553533, 2.847650001214553 ], [ 101.717584931014912, 2.847703871593573 ], [ 101.717612709468327, 2.847655934032711 ], [ 101.717442151920196, 2.84755777239316 ], [ 101.716866514415969, 2.847205247448591 ], [ 101.716560746028222, 2.84700638166845 ], [ 101.716119749312185, 2.846644593660316 ], [ 101.715614002619475, 2.846310496444194 ], [ 101.715604294968571, 2.846332022316797 ], [ 101.715928147664329, 2.846553491551567 ] ] ] } },
{ "type": "Feature", "properties": { "upi": null, "sts_warta": "Belum Warta", "no_lot": null, "no_pt": null, "seksyen_id": "101001000", "mukim_id": "101001", "daerah_id": "1010", "negeri_id": "10", "nama": "Bandar Serenia", "gtn1": "Tanah Lapang dan Rekreasi", "gtn2": "Tanah Lapang", "gtn3": "Tanah Lapang Lain", "kod_gtn": "TLR107", "no_warta": null, "trkh_warta": null, "serah_PTD": null, "Luas_h": 0.0605, "pemilik": null, "selenggara": null, "catatan": null, "tahun_data": 2024, "PBT": "MPSp" }, "geometry": { "type": "Polygon", "coordinates": [ [ [ 101.716015674046233, 2.846918907313393 ], [ 101.716077986116275, 2.846856490626129 ], [ 101.716079874281945, 2.846854319690443 ], [ 101.716081762371104, 2.846851877455082 ], [ 101.716083650460263, 2.846849435219717 ], [ 101.716085268673083, 2.846846812194798 ], [ 101.71608661703506, 2.846844098813552 ], [ 101.716087965371528, 2.84684129499908 ], [ 101.716089043857153, 2.846838400828279 ], [ 101.716089852491919, 2.846835416301155 ], [ 101.71609039130135, 2.84683243185093 ], [ 101.716090930110767, 2.846829447400704 ], [ 101.716091199094848, 2.846826463027377 ], [ 101.716091198228099, 2.846823388297726 ], [ 101.716090927561481, 2.846820404078198 ], [ 101.716090656843875, 2.84681723899222 ], [ 101.716090116351921, 2.846814254849589 ], [ 101.716089306034633, 2.846811270783858 ], [ 101.716088225942983, 2.846808467661474 ], [ 101.716087145825853, 2.846805574105864 ], [ 101.716085795934376, 2.846802861493599 ], [ 101.716084176268552, 2.846800329824679 ], [ 101.716082556577234, 2.846797707722531 ], [ 101.716080667111584, 2.846795266563725 ], [ 101.716080667111584, 2.846795266563725 ], [ 101.715966492514752, 2.846658744913369 ], [ 101.715954346553815, 2.846645183388274 ], [ 101.715941391346576, 2.846632435992634 ], [ 101.715927896641929, 2.846620231349884 ], [ 101.715913592767421, 2.846609112136218 ], [ 101.715898479646597, 2.846598807051929 ], [ 101.715898479646597, 2.846598807051929 ], [ 101.715581643747967, 2.846382128775045 ], [ 101.715546588147191, 2.846459187866808 ], [ 101.715544169949638, 2.846495542716344 ], [ 101.715927645161329, 2.846685343350044 ], [ 101.71591200454165, 2.846718175069014 ], [ 101.71607419168582, 2.846796624907595 ], [ 101.716015674046233, 2.846918907313393 ] ] ] } },
{ "type": "Feature", "properties": { "upi": null, "sts_warta": "Belum Warta", "no_lot": null, "no_pt": null, "seksyen_id": "101001000", "mukim_id": "101001", "daerah_id": "1010", "negeri_id": "10", "nama": "Bandar Serenia", "gtn1": "Tanah Lapang dan Rekreasi", "gtn2": "Tanah Lapang", "gtn3": "Tanah Lapang Lain", "kod_gtn": "TLR107", "no_warta": null, "trkh_warta": null, "serah_PTD": null, "Luas_h": 0.4161, "pemilik": null, "selenggara": null, "catatan": null, "tahun_data": 2024, "PBT": "MPSp" }, "geometry": { "type": "Polygon", "coordinates": [ [ [ 101.721199776537631, 2.850502189809172 ], [ 101.721883516183752, 2.850502172308292 ], [ 101.721886194130917, 2.850431452788604 ], [ 101.721580435204231, 2.850271746121159 ], [ 101.721364553563802, 2.850199552624857 ], [ 101.720898990137769, 2.849803861468987 ], [ 101.720363254876858, 2.849347238394778 ], [ 101.720007017255355, 2.84911131064974 ], [ 101.719952786874842, 2.849127513843249 ], [ 101.720170844703404, 2.849262286780612 ], [ 101.720242632039188, 2.849310014770948 ], [ 101.720311182813859, 2.849362446217089 ], [ 101.720376227150211, 2.849419400331167 ], [ 101.72043722531906, 2.849480605970182 ], [ 101.72049390741698, 2.849545791913231 ], [ 101.72054627328869, 2.849614415561878 ], [ 101.720594053185579, 2.849686748294313 ], [ 101.720636707196519, 2.849761885935449 ], [ 101.720674505121039, 2.849839737974691 ], [ 101.720706907228731, 2.849920033269197 ], [ 101.720733643537358, 2.850002229298536 ], [ 101.720755253698087, 2.850086325907049 ], [ 101.720755253698087, 2.850086325907049 ], [ 101.721199927118334, 2.850086197135578 ], [ 101.721199776537631, 2.850502189809172 ] ] ] } },
{ "type": "Feature", "properties": { "upi": null, "sts_warta": "Belum Warta", "no_lot": null, "no_pt": null, "seksyen_id": "101001000", "mukim_id": "101001", "daerah_id": "1010", "negeri_id": "10", "nama": "Bandar Serenia", "gtn1": "Tanah Lapang dan Rekreasi", "gtn2": "Tanah Lapang", "gtn3": "Tanah Lapang Lain", "kod_gtn": "TLR107", "no_warta": null, "trkh_warta": null, "serah_PTD": null, "Luas_h": 0.6655, "pemilik": null, "selenggara": null, "catatan": null, "tahun_data": 2024, "PBT": "MPSp" }, "geometry": { "type": "Polygon", "coordinates": [ [ [ 101.71937565673997, 2.854899398021233 ], [ 101.716353558463481, 2.854782431948228 ], [ 101.716259926532544, 2.854775766666901 ], [ 101.716167102447812, 2.854763313420829 ], [ 101.716075086287319, 2.854745343509689 ], [ 101.715984417604545, 2.85472149504649 ], [ 101.71589536630465, 2.854692039253974 ], [ 101.715808202292635, 2.854657247354977 ], [ 101.715723465172857, 2.854616938329324 ], [ 101.715723465172857, 2.854616938329324 ], [ 101.715646823920338, 2.854580334748485 ], [ 101.715568025357243, 2.854548343871907 ], [ 101.715487609137028, 2.854520965545311 ], [ 101.715405845136985, 2.854498380557951 ], [ 101.715405845136985, 2.854498380557951 ], [ 101.715379138219276, 2.854519549548534 ], [ 101.715379226833349, 2.854833714551846 ], [ 101.716502532667704, 2.854886930126583 ], [ 101.71677101444439, 2.854899875648754 ], [ 101.71717171357038, 2.854919836992071 ], [ 101.71737138849349, 2.854929546504445 ], [ 101.717416180353325, 2.854931432749027 ], [ 101.71958993296829, 2.855016266257083 ], [ 101.719932074986502, 2.855019875130939 ], [ 101.719932035747448, 2.854882688001083 ], [ 101.719777454067341, 2.854985283922328 ], [ 101.719496294128163, 2.854985546018848 ], [ 101.71937565673997, 2.854899398021233 ] ] ] } },
{ "type": "Feature", "properties": { "upi": null, "sts_warta": "Belum Warta", "no_lot": null, "no_pt": null, "seksyen_id": "101001000", "mukim_id": "101001", "daerah_id": "1010", "negeri_id": "10", "nama": "Bandar Serenia", "gtn1": "Tanah Lapang dan Rekreasi", "gtn2": "Tanah Lapang", "gtn3": "Tanah Lapang Lain", "kod_gtn": "TLR107", "no_warta": null, "trkh_warta": null, "serah_PTD": null, "Luas_h": 0.3677, "pemilik": null, "selenggara": null, "catatan": null, "tahun_data": 2024, "PBT": "MPSp" }, "geometry": { "type": "Polygon", "coordinates": [ [ [ 101.719495484064836, 2.852148295322535 ], [ 101.71949146750525, 2.852256364147001 ], [ 101.719579175144986, 2.852305353629368 ], [ 101.719677360842482, 2.852196081994675 ], [ 101.719776952737618, 2.852286667298428 ], [ 101.719799610966462, 2.852261429895348 ], [ 101.719840584387796, 2.852120613585742 ], [ 101.719826528529595, 2.852033530482834 ], [ 101.719776064764616, 2.852011841088807 ], [ 101.71972425277265, 2.851993317243235 ], [ 101.719671632206385, 2.851977958790214 ], [ 101.719618203142886, 2.851966037029239 ], [ 101.719563965581656, 2.851957551960252 ], [ 101.719509459149535, 2.851952412994322 ], [ 101.719454414071052, 2.851950801075667 ], [ 101.719454414071052, 2.851950801075667 ], [ 101.718129026034035, 2.851950911311255 ], [ 101.718088836988542, 2.852004097581607 ], [ 101.718114767577319, 2.852099949330691 ], [ 101.718199740430777, 2.852020705428033 ], [ 101.71828959367646, 2.852024206499526 ], [ 101.718413197594202, 2.85210628431307 ], [ 101.719224305278416, 2.852137611975561 ], [ 101.719309009779295, 2.852063794068215 ], [ 101.719421798522021, 2.852068102335606 ], [ 101.719495484064836, 2.852148295322535 ] ] ] } },
{ "type": "Feature", "properties": { "upi": null, "sts_warta": "Belum Warta", "no_lot": null, "no_pt": null, "seksyen_id": "101001000", "mukim_id": "101001", "daerah_id": "1010", "negeri_id": "10", "nama": "Bandar Serenia", "gtn1": "Tanah Lapang dan Rekreasi", "gtn2": "Tanah Lapang", "gtn3": "Tanah Lapang Lain", "kod_gtn": "TLR107", "no_warta": null, "trkh_warta": null, "serah_PTD": null, "Luas_h": 0.497, "pemilik": null, "selenggara": null, "catatan": null, "tahun_data": 2024, "PBT": "MPSp" }, "geometry": { "type": "Polygon", "coordinates": [ [ [ 101.718041507516944, 2.851617509217125 ], [ 101.718041523931959, 2.851675296031754 ], [ 101.718096314353616, 2.851730354118281 ], [ 101.71945435114317, 2.851730234533767 ], [ 101.719528823976304, 2.851732745181074 ], [ 101.719602758576414, 2.851740229804411 ], [ 101.719676154970244, 2.851752778836955 ], [ 101.719748473505788, 2.851770392434486 ], [ 101.719819444279992, 2.851792799375458 ], [ 101.719888797467163, 2.851819999737952 ], [ 101.719888797467163, 2.851819999737952 ], [ 101.720211504618348, 2.85180118682122 ], [ 101.720288920046244, 2.851714529445836 ], [ 101.720321827650949, 2.851675271927284 ], [ 101.720352036393933, 2.851633935225248 ], [ 101.720379276552379, 2.851590881150674 ], [ 101.720403548100649, 2.851546019270568 ], [ 101.720424851064877, 2.851499440018264 ], [ 101.720443185574709, 2.851451595559784 ], [ 101.72045828188169, 2.851402757272818 ], [ 101.720469870159803, 2.851352925235497 ], [ 101.720478490139897, 2.851302370591306 ], [ 101.72048360227312, 2.851251455229085 ], [ 101.720485206559914, 2.851200179148825 ], [ 101.720485206559914, 2.851200179148825 ], [ 101.720485015829041, 2.850533505756284 ], [ 101.720347944063292, 2.85053336452314 ], [ 101.720347901940727, 2.850386048872125 ], [ 101.720332791674949, 2.850386053239911 ], [ 101.720332941473032, 2.850909932653563 ], [ 101.720402576678254, 2.850979907805906 ], [ 101.72040272744465, 2.851506952371668 ], [ 101.720297525421543, 2.851612880055894 ], [ 101.718297301845482, 2.851613366235776 ], [ 101.718236608241952, 2.851674426091187 ], [ 101.718097917433965, 2.851674465936191 ], [ 101.718041507516944, 2.851617509217125 ] ] ] } },
{ "type": "Feature", "properties": { "upi": null, "sts_warta": "Belum Warta", "no_lot": null, "no_pt": null, "seksyen_id": "101001000", "mukim_id": "101001", "daerah_id": "1010", "negeri_id": "10", "nama": "Bandar Serenia", "gtn1": "Tanah Lapang dan Rekreasi", "gtn2": "Tanah Lapang", "gtn3": "Tanah Lapang Lain", "kod_gtn": "TLR107", "no_warta": null, "trkh_warta": null, "serah_PTD": null, "Luas_h": 0.1602, "pemilik": null, "selenggara": null, "catatan": null, "tahun_data": 2024, "PBT": "MPSp" }, "geometry": { "type": "Polygon", "coordinates": [ [ [ 101.719567036767458, 2.852318741244761 ], [ 101.71949066334173, 2.852274993616758 ], [ 101.719473519272171, 2.852712423916206 ], [ 101.71945102423237, 2.853309470341222 ], [ 101.719341503560287, 2.853411239283064 ], [ 101.719322345645423, 2.853410521344306 ], [ 101.719312436730561, 2.853672237862071 ], [ 101.719361815060637, 2.85367222361561 ], [ 101.719496188825246, 2.853672003969398 ], [ 101.719495997104502, 2.853000447146706 ], [ 101.719498405875029, 2.852931536359423 ], [ 101.719505131977044, 2.852862986058958 ], [ 101.719516445313914, 2.852795067467013 ], [ 101.719532076135593, 2.852728051960968 ], [ 101.719552024492984, 2.852662120407102 ], [ 101.71957656036696, 2.8525978153265 ], [ 101.719605144103483, 2.852535136874714 ], [ 101.719637775856881, 2.852474627650615 ], [ 101.719674185800088, 2.852416287731807 ], [ 101.719674185800088, 2.852416287731807 ], [ 101.719567036767458, 2.852318741244761 ] ] ] } },
{ "type": "Feature", "properties": { "upi": null, "sts_warta": "Belum Warta", "no_lot": null, "no_pt": null, "seksyen_id": "101001000", "mukim_id": "101001", "daerah_id": "1010", "negeri_id": "10", "nama": "Bandar Serenia", "gtn1": "Tanah Lapang dan Rekreasi", "gtn2": "Tanah Lapang", "gtn3": "Tanah Lapang Lain", "kod_gtn": "TLR107", "no_warta": null, "trkh_warta": null, "serah_PTD": null, "Luas_h": 0.4013, "pemilik": null, "selenggara": null, "catatan": null, "tahun_data": 2024, "PBT": "MPSp" }, "geometry": { "type": "Polygon", "coordinates": [ [ [ 101.716029559891297, 2.854053813678087 ], [ 101.715198762416435, 2.854053869839586 ], [ 101.713947844281762, 2.854054135157729 ], [ 101.713848568444234, 2.854127233391242 ], [ 101.713724448002736, 2.854127268605695 ], [ 101.713751438320131, 2.854154390921928 ], [ 101.715061448713328, 2.85415419940961 ], [ 101.715179903936487, 2.854158235159335 ], [ 101.715297821724619, 2.854170138740722 ], [ 101.715414662502496, 2.854190181607196 ], [ 101.715529616663815, 2.854217911823603 ], [ 101.71564268428736, 2.854253600689907 ], [ 101.715753055740919, 2.854296705838167 ], [ 101.715860461199313, 2.854347227345985 ], [ 101.715860461199313, 2.854347227345985 ], [ 101.715914973707214, 2.854373527846474 ], [ 101.715970564734008, 2.854397024606127 ], [ 101.715970564734008, 2.854397024606127 ], [ 101.715970525794447, 2.854259204387474 ], [ 101.716134850484551, 2.854259157439022 ], [ 101.716135032276981, 2.853947705375646 ], [ 101.716029559891297, 2.854053813678087 ] ] ] } },
{ "type": "Feature", "properties": { "upi": null, "sts_warta": "Belum Warta", "no_lot": null, "no_pt": null, "seksyen_id": "101001000", "mukim_id": "101001", "daerah_id": "1010", "negeri_id": "10", "nama": "Bandar Serenia", "gtn1": "Tanah Lapang dan Rekreasi", "gtn2": "Tanah Lapang", "gtn3": "Tanah Lapang Lain", "kod_gtn": "TLR107", "no_warta": null, "trkh_warta": null, "serah_PTD": null, "Luas_h": 1.4418, "pemilik": null, "selenggara": null, "catatan": null, "tahun_data": 2024, "PBT": "MPSp" }, "geometry": { "type": "Polygon", "coordinates": [ [ [ 101.710417315530464, 2.85462377624718 ], [ 101.710743537877775, 2.854628387121994 ], [ 101.712262410974432, 2.85468520340555 ], [ 101.712353883499361, 2.854689156629993 ], [ 101.713638004688661, 2.854737446209475 ], [ 101.715198170250474, 2.854824813280609 ], [ 101.715198346032196, 2.854491205052137 ], [ 101.715170275496973, 2.854461008353028 ], [ 101.715115769576812, 2.854458039586869 ], [ 101.715061534019142, 2.854456969838886 ], [ 101.715061534019142, 2.854456969838886 ], [ 101.711140406104875, 2.854457537489229 ], [ 101.711140406104875, 2.854457537489229 ], [ 101.711026540140679, 2.854461458159529 ], [ 101.710913215993457, 2.854473155927142 ], [ 101.71080097331523, 2.854492630640765 ], [ 101.710690351758103, 2.854519882149293 ], [ 101.710581890898922, 2.85455463900202 ], [ 101.710475860563008, 2.854596901123981 ], [ 101.710417315530464, 2.85462377624718 ] ] ] } },
{ "type": "Feature", "properties": { "upi": null, "sts_warta": "Belum Warta", "no_lot": null, "no_pt": null, "seksyen_id": "101001000", "mukim_id": "101001", "daerah_id": "1010", "negeri_id": "10", "nama": "Bandar Serenia", "gtn1": "Tanah Lapang dan Rekreasi", "gtn2": "Tanah Lapang", "gtn3": "Tanah Lapang Lain", "kod_gtn": "TLR107", "no_warta": null, "trkh_warta": null, "serah_PTD": null, "Luas_h": 0.1959, "pemilik": null, "selenggara": null, "catatan": null, "tahun_data": 2024, "PBT": "MPSp" }, "geometry": { "type": "Polygon", "coordinates": [ [ [ 101.710273153935731, 2.854357671600599 ], [ 101.710385927373736, 2.854306183412025 ], [ 101.710501670959871, 2.85426210990745 ], [ 101.710593404024451, 2.854232783760668 ], [ 101.710695661043829, 2.854205986781202 ], [ 101.710695661043829, 2.854205986781202 ], [ 101.710448704853533, 2.853974094812741 ], [ 101.710356451636002, 2.854073597311455 ], [ 101.709771859626898, 2.854518150386122 ], [ 101.709957240602904, 2.854553186530285 ], [ 101.709957240602904, 2.854553186530285 ], [ 101.710058405886059, 2.854481444571882 ], [ 101.710163890172936, 2.854416122156486 ], [ 101.710273153935731, 2.854357671600599 ] ] ] } },
{ "type": "Feature", "properties": { "upi": null, "sts_warta": "Belum Warta", "no_lot": null, "no_pt": null, "seksyen_id": "101001000", "mukim_id": "101001", "daerah_id": "1010", "negeri_id": "10", "nama": "Bandar Serenia", "gtn1": "Tanah Lapang dan Rekreasi", "gtn2": "Tanah Lapang", "gtn3": "Tanah Lapang Lain", "kod_gtn": "TLR107", "no_warta": null, "trkh_warta": null, "serah_PTD": null, "Luas_h": 0.0589, "pemilik": null, "selenggara": null, "catatan": null, "tahun_data": 2024, "PBT": "MPSp" }, "geometry": { "type": "Polygon", "coordinates": [ [ [ 101.716187598238605, 2.852815014258799 ], [ 101.716079698197973, 2.852923564946041 ], [ 101.716065127552611, 2.852923569107263 ], [ 101.71606497843824, 2.853350866126901 ], [ 101.716134883376199, 2.853420841471677 ], [ 101.716134878265109, 2.853402754828818 ], [ 101.716187598238605, 2.852815014258799 ] ] ] } },
{ "type": "Feature", "properties": { "upi": null, "sts_warta": "Belum Warta", "no_lot": null, "no_pt": null, "seksyen_id": "101001000", "mukim_id": "101001", "daerah_id": "1010", "negeri_id": "10", "nama": "Bandar Serenia", "gtn1": "Tanah Lapang dan Rekreasi", "gtn2": "Tanah Lapang", "gtn3": "Tanah Lapang Lain", "kod_gtn": "TLR107", "no_warta": null, "trkh_warta": null, "serah_PTD": null, "Luas_h": 0.0455, "pemilik": null, "selenggara": null, "catatan": null, "tahun_data": 2024, "PBT": "MPSp" }, "geometry": { "type": "Polygon", "coordinates": [ [ [ 101.71618960867589, 2.852290591427471 ], [ 101.716189496034985, 2.851891871378664 ], [ 101.716287415210573, 2.851793271197145 ], [ 101.716119852952517, 2.85179331905145 ], [ 101.716119973637305, 2.852220616000086 ], [ 101.71618960867589, 2.852290591427471 ] ] ] } },
{ "type": "Feature", "properties": { "upi": null, "sts_warta": "Belum Warta", "no_lot": null, "no_pt": null, "seksyen_id": "101001000", "mukim_id": "101001", "daerah_id": "1010", "negeri_id": "10", "nama": "Bandar Serenia", "gtn1": "Tanah Lapang dan Rekreasi", "gtn2": "Tanah Lapang", "gtn3": "Tanah Lapang Lain", "kod_gtn": "TLR107", "no_warta": null, "trkh_warta": null, "serah_PTD": null, "Luas_h": 1.0858, "pemilik": null, "selenggara": null, "catatan": null, "tahun_data": 2024, "PBT": "MPSp" }, "geometry": { "type": "Polygon", "coordinates": [ [ [ 101.716269824277049, 2.854472179522305 ], [ 101.716317315232672, 2.854477049336664 ], [ 101.716365075401853, 2.85447974867478 ], [ 101.716365075401853, 2.85447974867478 ], [ 101.719379617673212, 2.854596536124272 ], [ 101.719496420546122, 2.854483460916879 ], [ 101.719496236078243, 2.853837496694492 ], [ 101.719361862242778, 2.853837535476588 ], [ 101.719361820196852, 2.853690219819318 ], [ 101.719311632385171, 2.853690234299401 ], [ 101.719306008058169, 2.853837551592215 ], [ 101.7193246261197, 2.853837546220642 ], [ 101.719426382490852, 2.853948207082911 ], [ 101.719407634690882, 2.854438902986436 ], [ 101.719298383746732, 2.854540671857206 ], [ 101.716406074694873, 2.854428732613556 ], [ 101.716304858372723, 2.854318613899908 ], [ 101.716323607543714, 2.853828098759722 ], [ 101.7164331285164, 2.853726330071915 ], [ 101.716452826037482, 2.853726867037866 ], [ 101.716461933919859, 2.8534927328307 ], [ 101.716327558666791, 2.853487616558793 ], [ 101.716333987794059, 2.853322393228301 ], [ 101.716413317734606, 2.853325354844712 ], [ 101.716415728221705, 2.853261870035576 ], [ 101.716348790605451, 2.853189180863782 ], [ 101.716369148016398, 2.852660683305178 ], [ 101.716439014695311, 2.852595460981913 ], [ 101.716460177448809, 2.85205240344348 ], [ 101.716546229411676, 2.851972074143632 ], [ 101.716636082648563, 2.851975575345884 ], [ 101.7167440319988, 2.852041741584479 ], [ 101.717761559252637, 2.852081240642208 ], [ 101.717815510317124, 2.852031034727317 ], [ 101.717873507696865, 2.85197702945408 ], [ 101.717807379475218, 2.851904068835965 ], [ 101.717807343534332, 2.851777462353778 ], [ 101.717904450619059, 2.851670180695949 ], [ 101.717773854605781, 2.851670218177902 ], [ 101.717657543256379, 2.851613369058053 ], [ 101.717359115191073, 2.851613454621061 ], [ 101.717184537471113, 2.851613504638601 ], [ 101.717129762699628, 2.851613520326409 ], [ 101.71712980847866, 2.851775124469038 ], [ 101.717021908612111, 2.851883675225543 ], [ 101.716389705016326, 2.851883675193792 ], [ 101.716325234775979, 2.85194844380228 ], [ 101.716325203306127, 2.852791733601875 ], [ 101.716269792445345, 2.853405338840389 ], [ 101.716269824277049, 2.854472179522305 ] ] ] } },
{ "type": "Feature", "properties": { "upi": null, "sts_warta": "Belum Warta", "no_lot": null, "no_pt": null, "seksyen_id": "101001000", "mukim_id": "101001", "daerah_id": "1010", "negeri_id": "10", "nama": "Bandar Serenia", "gtn1": "Tanah Lapang dan Rekreasi", "gtn2": "Tanah Lapang", "gtn3": "Tanah Lapang Lain", "kod_gtn": "TLR107", "no_warta": null, "trkh_warta": null, "serah_PTD": null, "Luas_h": 0.0354, "pemilik": null, "selenggara": null, "catatan": null, "tahun_data": 2024, "PBT": "MPSp" }, "geometry": { "type": "Polygon", "coordinates": [ [ [ 101.719797520711623, 2.854389232990973 ], [ 101.719797552043161, 2.85449883800424 ], [ 101.719926856887653, 2.854700376197607 ], [ 101.719931984535165, 2.854703630309675 ], [ 101.719931894611122, 2.854389194150226 ], [ 101.719797520711623, 2.854389232990973 ] ] ] } },
{ "type": "Feature", "properties": { "upi": null, "sts_warta": "Belum Warta", "no_lot": null, "no_pt": null, "seksyen_id": "101001000", "mukim_id": "101001", "daerah_id": "1010", "negeri_id": "10", "nama": "Bandar Serenia", "gtn1": "Tanah Lapang dan Rekreasi", "gtn2": "Tanah Lapang", "gtn3": "Tanah Lapang Lain", "kod_gtn": "TLR107", "no_warta": null, "trkh_warta": null, "serah_PTD": null, "Luas_h": 0.0429, "pemilik": null, "selenggara": null, "catatan": null, "tahun_data": 2024, "PBT": "MPSp" }, "geometry": { "type": "Polygon", "coordinates": [ [ [ 101.717093698351746, 2.850034024086026 ], [ 101.717093769241458, 2.850284433646476 ], [ 101.717258363193508, 2.850284386525005 ], [ 101.717258314141972, 2.850111206929484 ], [ 101.717093698351746, 2.850034024086026 ] ] ] } },
{ "type": "Feature", "properties": { "upi": null, "sts_warta": "Belum Warta", "no_lot": null, "no_pt": null, "seksyen_id": "101001000", "mukim_id": "101001", "daerah_id": "1010", "negeri_id": "10", "nama": "Bandar Serenia", "gtn1": "Tanah Lapang dan Rekreasi", "gtn2": "Tanah Lapang", "gtn3": "Tanah Lapang Lain", "kod_gtn": "TLR107", "no_warta": null, "trkh_warta": null, "serah_PTD": null, "Luas_h": 0.5986, "pemilik": null, "selenggara": null, "catatan": null, "tahun_data": 2024, "PBT": "MPSp" }, "geometry": { "type": "Polygon", "coordinates": [ [ [ 101.717904215258471, 2.849890455196315 ], [ 101.717904214103683, 2.849886385702146 ], [ 101.718009686007491, 2.84978036771661 ], [ 101.718835623547307, 2.849780311269354 ], [ 101.720187452000147, 2.849780012002229 ], [ 101.720292714395185, 2.849885788422305 ], [ 101.72029256430767, 2.850304674997313 ], [ 101.720332779936399, 2.850344996575839 ], [ 101.720332786529625, 2.850368057036941 ], [ 101.7204849684896, 2.85036801303827 ], [ 101.720482520291469, 2.850298922791435 ], [ 101.720475485101488, 2.850230014737249 ], [ 101.720463323423417, 2.850161831630652 ], [ 101.72044684481402, 2.850094644536878 ], [ 101.720425509751124, 2.850028905777578 ], [ 101.720399857887571, 2.849964615196401 ], [ 101.720370159256888, 2.849902496180446 ], [ 101.720335874155694, 2.849842368018948 ], [ 101.720297272643165, 2.849785044532107 ], [ 101.720255164145982, 2.849730344619215 ], [ 101.720209278993352, 2.849678810956909 ], [ 101.720209278993352, 2.849678810956909 ], [ 101.719929455557036, 2.849630329132084 ], [ 101.719929482795209, 2.849725736142851 ], [ 101.718835608107213, 2.849726051352079 ], [ 101.718835532223466, 2.849459363857918 ], [ 101.717132263973696, 2.849965102936127 ], [ 101.717134160437041, 2.849992232358707 ], [ 101.717270440717826, 2.85005612962817 ], [ 101.717766920737631, 2.85005598735422 ], [ 101.717767143620435, 2.849890494511929 ], [ 101.717904215258471, 2.849890455196315 ] ] ] } },
{ "type": "Feature", "properties": { "upi": null, "sts_warta": "Belum Warta", "no_lot": null, "no_pt": null, "seksyen_id": "101001000", "mukim_id": "101001", "daerah_id": "1010", "negeri_id": "10", "nama": "Bandar Serenia", "gtn1": "Tanah Lapang dan Rekreasi", "gtn2": "Tanah Lapang", "gtn3": "Tanah Lapang Lain", "kod_gtn": "TLR107", "no_warta": null, "trkh_warta": null, "serah_PTD": null, "Luas_h": 1.5159, "pemilik": null, "selenggara": null, "catatan": null, "tahun_data": 2024, "PBT": "MPSp" }, "geometry": { "type": "Polygon", "coordinates": [ [ [ 101.712816436780486, 2.850112741524343 ], [ 101.712816502275032, 2.850347144506394 ], [ 101.712377495052721, 2.850347087571342 ], [ 101.712377587341507, 2.850677801976616 ], [ 101.711196827677213, 2.850678044075088 ], [ 101.711055323189868, 2.851233163261684 ], [ 101.71147136127334, 2.851110237885923 ], [ 101.713022465284709, 2.850653383736908 ], [ 101.714627528338994, 2.850178787383217 ], [ 101.716342939925937, 2.849672234500485 ], [ 101.716311609798581, 2.849564899205633 ], [ 101.716271696285034, 2.849638342378557 ], [ 101.714428667677254, 2.850183094215639 ], [ 101.713707962039862, 2.850183117717565 ], [ 101.713708000654592, 2.850320937977154 ], [ 101.713543406697184, 2.850320984589261 ], [ 101.713543368102037, 2.850183164327416 ], [ 101.713543348349347, 2.850112626397998 ], [ 101.713384690595987, 2.850112671303346 ], [ 101.712816436780486, 2.850112741524343 ] ] ] } },
{ "type": "Feature", "properties": { "upi": null, "sts_warta": "Belum Warta", "no_lot": null, "no_pt": null, "seksyen_id": "101001000", "mukim_id": "101001", "daerah_id": "1010", "negeri_id": "10", "nama": "Bandar Serenia", "gtn1": "Tanah Lapang dan Rekreasi", "gtn2": "Tanah Lapang", "gtn3": "Taman Kejiranan", "kod_gtn": "TLR107", "no_warta": null, "trkh_warta": null, "serah_PTD": null, "Luas_h": 1.6733, "pemilik": null, "selenggara": null, "catatan": null, "tahun_data": 2024, "PBT": "MPSp" }, "geometry": { "type": "Polygon", "coordinates": [ [ [ 101.717144061572569, 2.847794159689972 ], [ 101.716784551698467, 2.848387323541261 ], [ 101.717095151794538, 2.849449282478093 ], [ 101.717993057202918, 2.849183422862935 ], [ 101.71786692672012, 2.848754082146952 ], [ 101.718019296825247, 2.848466912998102 ], [ 101.717958257594873, 2.84826029061339 ], [ 101.717144061572569, 2.847794159689972 ] ] ] } },
{ "type": "Feature", "properties": { "upi": null, "sts_warta": "Belum Warta", "no_lot": null, "no_pt": null, "seksyen_id": "101001000", "mukim_id": "101001", "daerah_id": "1010", "negeri_id": "10", "nama": "Bandar Serenia", "gtn1": "Tanah Lapang dan Rekreasi", "gtn2": "Tanah Lapang", "gtn3": "Tanah Lapang Lain", "kod_gtn": "TLR107", "no_warta": null, "trkh_warta": null, "serah_PTD": null, "Luas_h": 2.9159, "pemilik": null, "selenggara": null, "catatan": null, "tahun_data": 2024, "PBT": "MPSp" }, "geometry": { "type": "Polygon", "coordinates": [ [ [ 101.713454400094463, 2.851413262575249 ], [ 101.713454468078467, 2.85165598539533 ], [ 101.713524102918115, 2.851725961007983 ], [ 101.713524250542292, 2.852252825064908 ], [ 101.713418778054006, 2.852358933139715 ], [ 101.713344845556151, 2.852358954076167 ], [ 101.71334469536319, 2.85278607034893 ], [ 101.713365202194979, 2.852786064541351 ], [ 101.713481464750032, 2.852669101420856 ], [ 101.713621774637573, 2.852669061662318 ], [ 101.713738102741416, 2.852785958871054 ], [ 101.713758339746462, 2.852785953132939 ], [ 101.71375850693066, 2.852419969746123 ], [ 101.713647877979326, 2.852419910672872 ], [ 101.713593897440845, 2.852365666023235 ], [ 101.713593693088981, 2.851636502813367 ], [ 101.71363523470643, 2.851594891750436 ], [ 101.713758275570555, 2.851594856882783 ], [ 101.713758226994486, 2.851421586797303 ], [ 101.714321894428338, 2.851421607770923 ], [ 101.714458966247662, 2.851421568846484 ], [ 101.714458919754577, 2.851256076030607 ], [ 101.714458903063459, 2.851196661396593 ], [ 101.714564375388107, 2.851090643680239 ], [ 101.714693082551761, 2.851090607108575 ], [ 101.714693016711166, 2.850856385039812 ], [ 101.715187068637675, 2.850856244534037 ], [ 101.715186989287162, 2.85057436416509 ], [ 101.715351299701183, 2.850525483447581 ], [ 101.716303246585483, 2.850525302446316 ], [ 101.716408778578796, 2.850631260044656 ], [ 101.716408651059083, 2.850179907860882 ], [ 101.714563194161755, 2.85072791629148 ], [ 101.713409512022992, 2.851067277671989 ], [ 101.712512682725418, 2.851330511108173 ], [ 101.71089817403805, 2.851807639556489 ], [ 101.710898501369044, 2.85201455078818 ], [ 101.71072998156771, 2.852453018628396 ], [ 101.710743036897625, 2.85282605220453 ], [ 101.710786633281131, 2.853381119367353 ], [ 101.710569281548572, 2.853844560507322 ], [ 101.710448704853533, 2.853974094812741 ], [ 101.710695661043829, 2.854205986781202 ], [ 101.71080547444835, 2.854183618899093 ], [ 101.71091663876993, 2.854167671388999 ], [ 101.711028344453624, 2.854157873178259 ], [ 101.711140321774877, 2.854154586075482 ], [ 101.711140321774877, 2.854154586075482 ], [ 101.713352364083264, 2.854154413630075 ], [ 101.71337933918457, 2.854127276013195 ], [ 101.713260885111026, 2.854127309571755 ], [ 101.713161568317133, 2.854054358068669 ], [ 101.710964636513694, 2.854054525873886 ], [ 101.710859104645834, 2.85394847732545 ], [ 101.710722032527158, 2.853948515853191 ], [ 101.710721986577553, 2.853783203849775 ], [ 101.710859058676633, 2.853783165324269 ], [ 101.710858958147213, 2.853421613144969 ], [ 101.710928553992801, 2.853351507797653 ], [ 101.71092870502865, 2.852924300994161 ], [ 101.710858800438857, 2.85285432529126 ], [ 101.710858923798128, 2.852327370591639 ], [ 101.710964396543631, 2.852221353159309 ], [ 101.710983554232413, 2.852221347774714 ], [ 101.710983489116103, 2.851987125624308 ], [ 101.711477271724078, 2.851987077172358 ], [ 101.711477204801241, 2.851746705570818 ], [ 101.711567301666079, 2.851656246943414 ], [ 101.71226129537429, 2.851656141786669 ], [ 101.712631497342713, 2.851656218146241 ], [ 101.712631429505933, 2.851413404873069 ], [ 101.713454400094463, 2.851413262575249 ] ] ] } },
{ "type": "Feature", "properties": { "upi": null, "sts_warta": "Belum Warta", "no_lot": null, "no_pt": null, "seksyen_id": "101001000", "mukim_id": "101001", "daerah_id": "1010", "negeri_id": "10", "nama": "Bandar Serenia", "gtn1": "Tanah Lapang dan Rekreasi", "gtn2": "Tanah Lapang", "gtn3": "Tanah Lapang Lain", "kod_gtn": "TLR107", "no_warta": null, "trkh_warta": null, "serah_PTD": null, "Luas_h": 1.1696, "pemilik": null, "selenggara": null, "catatan": null, "tahun_data": 2024, "PBT": "MPSp" }, "geometry": { "type": "Polygon", "coordinates": [ [ [ 101.719932074986502, 2.855019875130939 ], [ 101.72054107735444, 2.855027566548792 ], [ 101.720696768251713, 2.855029510963604 ], [ 101.721469826148692, 2.855039053420396 ], [ 101.721831126955593, 2.855046273485338 ], [ 101.721858109603588, 2.85504599433802 ], [ 101.721952818815865, 2.855045424188119 ], [ 101.721952817306416, 2.855040179064927 ], [ 101.721959057897578, 2.854222570989591 ], [ 101.721087516699939, 2.854223638055521 ], [ 101.721087656608049, 2.854711163260823 ], [ 101.720772792608614, 2.854796080895995 ], [ 101.720649211594449, 2.854795574114478 ], [ 101.720648957553195, 2.854850647993713 ], [ 101.719985451422488, 2.854847313179159 ], [ 101.719932035747448, 2.854882688001083 ], [ 101.719932074986502, 2.855019875130939 ] ] ] } },
{ "type": "Feature", "properties": { "upi": null, "sts_warta": "Belum Warta", "no_lot": null, "no_pt": null, "seksyen_id": "101001000", "mukim_id": "101001", "daerah_id": "1010", "negeri_id": "10", "nama": "Bandar Serenia", "gtn1": "Tanah Lapang dan Rekreasi", "gtn2": "Tanah Lapang", "gtn3": "Tanah Lapang Lain", "kod_gtn": "TLR107", "no_warta": null, "trkh_warta": null, "serah_PTD": null, "Luas_h": 0.0897, "pemilik": null, "selenggara": null, "catatan": null, "tahun_data": 2024, "PBT": "MPSp" }, "geometry": { "type": "Polygon", "coordinates": [ [ [ 101.709007107147244, 2.858193392103009 ], [ 101.709047581271506, 2.85819310947244 ], [ 101.709046991354583, 2.858011610049672 ], [ 101.708916394800298, 2.858012279635612 ], [ 101.708918706083665, 2.858563741120098 ], [ 101.70918529565283, 2.858561586507588 ], [ 101.709185000767505, 2.858471153314571 ], [ 101.709008263763266, 2.858472559306786 ], [ 101.709007107147244, 2.858193392103009 ] ] ] } },
{ "type": "Feature", "properties": { "upi": null, "sts_warta": "Belum Warta", "no_lot": null, "no_pt": null, "seksyen_id": "101001000", "mukim_id": "101001", "daerah_id": "1010", "negeri_id": "10", "nama": "Bandar Serenia", "gtn1": "Tanah Lapang dan Rekreasi", "gtn2": "Tanah Lapang", "gtn3": "Tanah Lapang Lain", "kod_gtn": "TLR107", "no_warta": null, "trkh_warta": null, "serah_PTD": null, "Luas_h": 0.5377, "pemilik": null, "selenggara": null, "catatan": null, "tahun_data": 2024, "PBT": "MPSp" }, "geometry": { "type": "Polygon", "coordinates": [ [ [ 101.710701246918859, 2.858766263485313 ], [ 101.710703575218886, 2.858406519313462 ], [ 101.709485842577678, 2.858411654344185 ], [ 101.709487291492408, 2.858771397497272 ], [ 101.710701246918859, 2.858766263485313 ] ] ] } },
{ "type": "Feature", "properties": { "upi": null, "sts_warta": "Belum Warta", "no_lot": null, "no_pt": null, "seksyen_id": "101001000", "mukim_id": "101001", "daerah_id": "1010", "negeri_id": "10", "nama": "Bandar Serenia", "gtn1": "Tanah Lapang dan Rekreasi", "gtn2": "Tanah Lapang", "gtn3": "Tanah Lapang Lain", "kod_gtn": "TLR107", "no_warta": null, "trkh_warta": null, "serah_PTD": null, "Luas_h": 0.1643, "pemilik": null, "selenggara": null, "catatan": null, "tahun_data": 2024, "PBT": "MPSp" }, "geometry": { "type": "Polygon", "coordinates": [ [ [ 101.686684042474383, 2.838520373582233 ], [ 101.686641297627943, 2.838079521325926 ], [ 101.686530671686384, 2.838085880266266 ], [ 101.686449725869636, 2.83809051329153 ], [ 101.686414307614385, 2.837811082921213 ], [ 101.68638598425899, 2.83784274196295 ], [ 101.686184214020415, 2.838068244785534 ], [ 101.686684042474383, 2.838520373582233 ] ] ] } },
{ "type": "Feature", "properties": { "upi": null, "sts_warta": "Belum Warta", "no_lot": null, "no_pt": null, "seksyen_id": "101001000", "mukim_id": "101001", "daerah_id": "1010", "negeri_id": "10", "nama": "Bandar Serenia", "gtn1": "Tanah Lapang dan Rekreasi", "gtn2": "Tanah Lapang", "gtn3": "Tanah Lapang Lain", "kod_gtn": "TLR107", "no_warta": null, "trkh_warta": null, "serah_PTD": null, "Luas_h": 0.2917, "pemilik": null, "selenggara": null, "catatan": null, "tahun_data": 2024, "PBT": "MPSp" }, "geometry": { "type": "Polygon", "coordinates": [ [ [ 101.686407818686376, 2.83775953750113 ], [ 101.686138464457102, 2.837482880520283 ], [ 101.685897449192282, 2.837235245311707 ], [ 101.685506158041477, 2.837048329624738 ], [ 101.685303226325374, 2.836951075393193 ], [ 101.685058358548943, 2.837468508498478 ], [ 101.685061104870798, 2.837657604269206 ], [ 101.685131797311854, 2.837652702680677 ], [ 101.685505858512514, 2.837991099043358 ], [ 101.68580705072506, 2.838263226289731 ], [ 101.68581541282758, 2.838253728615573 ], [ 101.685812160072047, 2.838195399842628 ], [ 101.685081310285582, 2.837534428628596 ], [ 101.685191097125141, 2.837411772550797 ], [ 101.685132261782258, 2.837357165840564 ], [ 101.685258772825804, 2.837215604853457 ], [ 101.685379411568121, 2.837324817493992 ], [ 101.685445229694324, 2.837251278108214 ], [ 101.685384235579349, 2.837195948498716 ], [ 101.685512634854703, 2.837052487898724 ], [ 101.68638598425899, 2.83784274196295 ], [ 101.686414307614385, 2.837811082921213 ], [ 101.686407818686376, 2.83775953750113 ] ] ] } },
{ "type": "Feature", "properties": { "upi": null, "sts_warta": "Belum Warta", "no_lot": null, "no_pt": null, "seksyen_id": "101001000", "mukim_id": "101001", "daerah_id": "1010", "negeri_id": "10", "nama": "Bandar Serenia", "gtn1": "Tanah Lapang dan Rekreasi", "gtn2": "Tanah Lapang", "gtn3": "Tanah Lapang Lain", "kod_gtn": "TLR107", "no_warta": null, "trkh_warta": null, "serah_PTD": null, "Luas_h": 0.0843, "pemilik": null, "selenggara": null, "catatan": null, "tahun_data": 2024, "PBT": "MPSp" }, "geometry": { "type": "Polygon", "coordinates": [ [ [ 101.686709743116367, 2.838783890149622 ], [ 101.686684042474383, 2.838520373582233 ], [ 101.686454758055419, 2.838776630961728 ], [ 101.685995682315095, 2.838361388426259 ], [ 101.685937671049402, 2.83836438769731 ], [ 101.685929308993309, 2.838374066239316 ], [ 101.686141439170697, 2.838565911396375 ], [ 101.686336026828656, 2.838741844741994 ], [ 101.686523569609093, 2.838802296290221 ], [ 101.686709743116367, 2.838783890149622 ] ] ] } },
{ "type": "Feature", "properties": { "upi": null, "sts_warta": "Belum Warta", "no_lot": null, "no_pt": null, "seksyen_id": "101001000", "mukim_id": "101001", "daerah_id": "1010", "negeri_id": "10", "nama": "Warisan Hijauan", "gtn1": "Tanah Lapang dan Rekreasi", "gtn2": "Tanah Lapang", "gtn3": "Tanah Lapang Lain", "kod_gtn": "TLR107", "no_warta": null, "trkh_warta": null, "serah_PTD": null, "Luas_h": 0.0805, "pemilik": null, "selenggara": null, "catatan": null, "tahun_data": 2024, "PBT": "MPSp" }, "geometry": { "type": "Polygon", "coordinates": [ [ [ 101.681631193608141, 2.820758258416581 ], [ 101.681636943158935, 2.820011908726324 ], [ 101.68141084833168, 2.820066497252708 ], [ 101.681483505896423, 2.820371692210381 ], [ 101.681623533668557, 2.820338015561336 ], [ 101.681620131694217, 2.820760974218182 ], [ 101.681631193608141, 2.820758258416581 ] ] ] } },
{ "type": "Feature", "properties": { "upi": null, "sts_warta": "Belum Warta", "no_lot": null, "no_pt": null, "seksyen_id": "101001000", "mukim_id": "101001", "daerah_id": "1010", "negeri_id": "10", "nama": null, "gtn1": "Tanah Lapang dan Rekreasi", "gtn2": "Tanah Lapang", "gtn3": "Tanah Lapang Lain", "kod_gtn": "TLR107", "no_warta": null, "trkh_warta": null, "serah_PTD": null, "Luas_h": 0.0068, "pemilik": null, "selenggara": null, "catatan": null, "tahun_data": 2024, "PBT": "MPSp" }, "geometry": { "type": "Polygon", "coordinates": [ [ [ 101.654697317262389, 2.845749697139023 ], [ 101.654628742971013, 2.845580511483729 ], [ 101.654555344266029, 2.845553036604203 ], [ 101.654586933038061, 2.845637132674038 ], [ 101.65462470664464, 2.845628804032855 ], [ 101.654697317262389, 2.845749697139023 ] ] ] } },
{ "type": "Feature", "properties": { "upi": null, "sts_warta": "Belum Warta", "no_lot": null, "no_pt": null, "seksyen_id": "101001000", "mukim_id": "101001", "daerah_id": "1010", "negeri_id": "10", "nama": null, "gtn1": "Tanah Lapang dan Rekreasi", "gtn2": "Tanah Lapang", "gtn3": "Tanah Lapang Lain", "kod_gtn": "TLR107", "no_warta": null, "trkh_warta": null, "serah_PTD": null, "Luas_h": 0.2019, "pemilik": null, "selenggara": null, "catatan": null, "tahun_data": 2024, "PBT": "MPSp" }, "geometry": { "type": "Polygon", "coordinates": [ [ [ 101.656119522086868, 2.846733738255826 ], [ 101.656050947683013, 2.846565276183264 ], [ 101.656033140899453, 2.846572605457493 ], [ 101.655362418495656, 2.846848403299155 ], [ 101.655553524836449, 2.847153030162485 ], [ 101.655723498805813, 2.847083175835238 ], [ 101.655630644763903, 2.846934795664584 ], [ 101.656119522086868, 2.846733738255826 ] ] ] } },
{ "type": "Feature", "properties": { "upi": null, "sts_warta": "Belum Warta", "no_lot": null, "no_pt": null, "seksyen_id": "101001000", "mukim_id": "101001", "daerah_id": "1010", "negeri_id": "10", "nama": null, "gtn1": "Tanah Lapang dan Rekreasi", "gtn2": "Tanah Lapang", "gtn3": "Tanah Lapang Lain", "kod_gtn": "TLR107", "no_warta": null, "trkh_warta": null, "serah_PTD": null, "Luas_h": 0.2058, "pemilik": null, "selenggara": null, "catatan": null, "tahun_data": 2024, "PBT": "MPSp" }, "geometry": { "type": "Polygon", "coordinates": [ [ [ 101.655511377116497, 2.845738746864124 ], [ 101.655433623570374, 2.84554740713434 ], [ 101.654922623022713, 2.845757512716351 ], [ 101.654890225679111, 2.845677486363824 ], [ 101.654700826292725, 2.8457553936524 ], [ 101.654853605458598, 2.846009296215688 ], [ 101.655511377116497, 2.845738746864124 ] ] ] } },
{ "type": "Feature", "properties": { "upi": null, "sts_warta": "Belum Warta", "no_lot": null, "no_pt": null, "seksyen_id": "101001000", "mukim_id": "101001", "daerah_id": "1010", "negeri_id": "10", "nama": "Taman Platinum", "gtn1": "Tanah Lapang dan Rekreasi", "gtn2": "Tanah Lapang", "gtn3": "Tanah Lapang Lain", "kod_gtn": "TLR107", "no_warta": null, "trkh_warta": null, "serah_PTD": null, "Luas_h": 0.079, "pemilik": null, "selenggara": null, "catatan": null, "tahun_data": 2024, "PBT": "MPSp" }, "geometry": { "type": "Polygon", "coordinates": [ [ [ 101.666277752408433, 2.859610164485458 ], [ 101.666787730321659, 2.859619897885 ], [ 101.666788530912314, 2.859582910338324 ], [ 101.6667253907803, 2.859581659615558 ], [ 101.666726456396574, 2.859524686173351 ], [ 101.66668867854203, 2.859516827629164 ], [ 101.666477392529075, 2.859473380380599 ], [ 101.666299294977406, 2.859428116365639 ], [ 101.666274475593525, 2.859448198653511 ], [ 101.666277752408433, 2.859610164485458 ] ] ] } },
{ "type": "Feature", "properties": { "upi": null, "sts_warta": "Belum Warta", "no_lot": null, "no_pt": null, "seksyen_id": "101001000", "mukim_id": "101001", "daerah_id": "1010", "negeri_id": "10", "nama": "Pekan Dengkil", "gtn1": "Tanah Lapang dan Rekreasi", "gtn2": "Tanah Lapang", "gtn3": "Tanah Lapang Lain", "kod_gtn": "TLR107", "no_warta": null, "trkh_warta": null, "serah_PTD": null, "Luas_h": 0.0238, "pemilik": null, "selenggara": null, "catatan": null, "tahun_data": 2024, "PBT": "MPSp" }, "geometry": { "type": "Polygon", "coordinates": [ [ [ 101.678793028261737, 2.867517098377337 ], [ 101.678794652361503, 2.867537445505646 ], [ 101.679027989992122, 2.867277299348974 ], [ 101.679172651988765, 2.867408481552378 ], [ 101.679216891717871, 2.867359184021196 ], [ 101.679049831934009, 2.867220501542219 ], [ 101.678793028261737, 2.867517098377337 ] ] ] } },
{ "type": "Feature", "properties": { "upi": null, "sts_warta": "Belum Warta", "no_lot": null, "no_pt": null, "seksyen_id": "101001000", "mukim_id": "101001", "daerah_id": "1010", "negeri_id": "10", "nama": null, "gtn1": "Tanah Lapang dan Rekreasi", "gtn2": "Tanah Lapang", "gtn3": "Tanah Lapang Lain", "kod_gtn": "TLR107", "no_warta": null, "trkh_warta": null, "serah_PTD": null, "Luas_h": 0.0345, "pemilik": null, "selenggara": null, "catatan": null, "tahun_data": 2024, "PBT": "MPSp" }, "geometry": { "type": "Polygon", "coordinates": [ [ [ 101.689065374306054, 2.86613713841902 ], [ 101.689218369883335, 2.86614496584776 ], [ 101.689219442041448, 2.866117473801336 ], [ 101.689224272194679, 2.866014649714284 ], [ 101.689188384356697, 2.866012850495618 ], [ 101.689191336020869, 2.865949636747406 ], [ 101.689121719011226, 2.865946128171603 ], [ 101.689066942924057, 2.865943700886815 ], [ 101.689065374306054, 2.86613713841902 ] ] ] } },
{ "type": "Feature", "properties": { "upi": null, "sts_warta": "Belum Warta", "no_lot": null, "no_pt": null, "seksyen_id": "101001000", "mukim_id": "101001", "daerah_id": "1010", "negeri_id": "10", "nama": null, "gtn1": "Tanah Lapang dan Rekreasi", "gtn2": "Tanah Lapang", "gtn3": "Lot Permainan", "kod_gtn": "TLR106", "no_warta": null, "trkh_warta": null, "serah_PTD": null, "Luas_h": 0.0832, "pemilik": null, "selenggara": null, "catatan": null, "tahun_data": 2024, "PBT": "MPSp" }, "geometry": { "type": "Polygon", "coordinates": [ [ [ 101.697357576397252, 2.86636227515219 ], [ 101.697358203754689, 2.866690005499156 ], [ 101.697399228344153, 2.866728971179981 ], [ 101.697505269812382, 2.86672252171377 ], [ 101.697546272202459, 2.866678560000182 ], [ 101.697545914912311, 2.866351914786325 ], [ 101.697357576397252, 2.86636227515219 ] ] ] } },
{ "type": "Feature", "properties": { "upi": null, "sts_warta": "Belum Warta", "no_lot": null, "no_pt": null, "seksyen_id": "101001000", "mukim_id": "101001", "daerah_id": "1010", "negeri_id": "10", "nama": null, "gtn1": "Tanah Lapang dan Rekreasi", "gtn2": "Tanah Lapang", "gtn3": "Tanah Lapang Lain", "kod_gtn": "TLR107", "no_warta": null, "trkh_warta": null, "serah_PTD": null, "Luas_h": 0.0835, "pemilik": null, "selenggara": null, "catatan": null, "tahun_data": 2024, "PBT": "MPSp" }, "geometry": { "type": "Polygon", "coordinates": [ [ [ 101.697524188416097, 2.867843980726475 ], [ 101.69735365876997, 2.867855511928953 ], [ 101.697348891212528, 2.868189393196344 ], [ 101.69738937610299, 2.868227997283384 ], [ 101.697508099274245, 2.868219826135121 ], [ 101.697546673093015, 2.868175322474412 ], [ 101.697524188416097, 2.867843980726475 ] ] ] } },
{ "type": "Feature", "properties": { "upi": null, "sts_warta": "Belum Warta", "no_lot": null, "no_pt": null, "seksyen_id": "101001000", "mukim_id": "101001", "daerah_id": "1010", "negeri_id": "10", "nama": null, "gtn1": "Tanah Lapang dan Rekreasi", "gtn2": "Tanah Lapang", "gtn3": "Tanah Lapang Lain", "kod_gtn": "TLR107", "no_warta": null, "trkh_warta": null, "serah_PTD": null, "Luas_h": 0.1419, "pemilik": null, "selenggara": null, "catatan": null, "tahun_data": 2024, "PBT": "MPSp" }, "geometry": { "type": "Polygon", "coordinates": [ [ [ 101.709098450350538, 2.873276911666057 ], [ 101.709132808333166, 2.873597849607532 ], [ 101.709285259938568, 2.873586140785703 ], [ 101.7092955511865, 2.873721245163452 ], [ 101.709393498027254, 2.873713892474192 ], [ 101.709431531883894, 2.873669388597346 ], [ 101.709400923100588, 2.873246712211859 ], [ 101.709098450350538, 2.873276911666057 ] ] ] } },
{ "type": "Feature", "properties": { "upi": null, "sts_warta": "Belum Warta", "no_lot": null, "no_pt": null, "seksyen_id": "101001000", "mukim_id": "101001", "daerah_id": "1010", "negeri_id": "10", "nama": null, "gtn1": "Tanah Lapang dan Rekreasi", "gtn2": "Tanah Lapang", "gtn3": "Tanah Lapang Lain", "kod_gtn": "TLR107", "no_warta": null, "trkh_warta": null, "serah_PTD": null, "Luas_h": 0.1787, "pemilik": null, "selenggara": null, "catatan": null, "tahun_data": 2024, "PBT": "MPSp" }, "geometry": { "type": "Polygon", "coordinates": [ [ [ 101.709400923100588, 2.873246712211859 ], [ 101.709376001681093, 2.872898912949938 ], [ 101.709348749310436, 2.872901091024429 ], [ 101.709338727149927, 2.87276327357176 ], [ 101.709100205525999, 2.872796891462644 ], [ 101.709053541481239, 2.872857223575356 ], [ 101.709098450350538, 2.873276911666057 ], [ 101.709400923100588, 2.873246712211859 ] ] ] } },
{ "type": "Feature", "properties": { "upi": null, "sts_warta": "Belum Warta", "no_lot": null, "no_pt": null, "seksyen_id": "101001000", "mukim_id": "101001", "daerah_id": "1010", "negeri_id": "10", "nama": null, "gtn1": "Tanah Lapang dan Rekreasi", "gtn2": "Tanah Lapang", "gtn3": "Lot Permainan", "kod_gtn": "TLR107", "no_warta": null, "trkh_warta": null, "serah_PTD": null, "Luas_h": 0.3093, "pemilik": null, "selenggara": null, "catatan": null, "tahun_data": 2024, "PBT": "MPSp" }, "geometry": { "type": "Polygon", "coordinates": [ [ [ 101.71157792058564, 2.874196097847778 ], [ 101.711548398754346, 2.873803535571962 ], [ 101.711839540959417, 2.873781568098773 ], [ 101.711833572126793, 2.873665724828346 ], [ 101.711171149619901, 2.873716284027923 ], [ 101.711173588218188, 2.873752366197301 ], [ 101.71111071876399, 2.873757086538274 ], [ 101.711146198186341, 2.874226153670159 ], [ 101.71157792058564, 2.874196097847778 ] ] ] } },
{ "type": "Feature", "properties": { "upi": null, "sts_warta": "Belum Warta", "no_lot": null, "no_pt": null, "seksyen_id": "101001000", "mukim_id": "101001", "daerah_id": "1010", "negeri_id": "10", "nama": null, "gtn1": "Tanah Lapang dan Rekreasi", "gtn2": "Tanah Lapang", "gtn3": "Tanah Lapang Lain", "kod_gtn": "TLR107", "no_warta": null, "trkh_warta": null, "serah_PTD": null, "Luas_h": 0.0683, "pemilik": null, "selenggara": null, "catatan": null, "tahun_data": 2024, "PBT": "MPSp" }, "geometry": { "type": "Polygon", "coordinates": [ [ [ 101.71157792058564, 2.874196097847778 ], [ 101.711632155699846, 2.874192284261284 ], [ 101.711606156764162, 2.873853528761191 ], [ 101.711780194453709, 2.873840185680479 ], [ 101.711798368802121, 2.874180661624038 ], [ 101.711861238378077, 2.874176302975633 ], [ 101.711839540959417, 2.873781568098773 ], [ 101.711548398754346, 2.873803535571962 ], [ 101.71157792058564, 2.874196097847778 ] ] ] } },
{ "type": "Feature", "properties": { "upi": null, "sts_warta": "Belum Warta", "no_lot": null, "no_pt": null, "seksyen_id": "101001000", "mukim_id": "101001", "daerah_id": "1010", "negeri_id": "10", "nama": "Jenderam Hulu", "gtn1": "Tanah Lapang dan Rekreasi", "gtn2": "Tanah Lapang", "gtn3": "Tanah Lapang Lain", "kod_gtn": "TLR107", "no_warta": null, "trkh_warta": null, "serah_PTD": null, "Luas_h": 0.0981, "pemilik": null, "selenggara": null, "catatan": null, "tahun_data": 2024, "PBT": "MPSp" }, "geometry": { "type": "Polygon", "coordinates": [ [ [ 101.728449908795241, 2.877670597543742 ], [ 101.728183055564486, 2.877708478316004 ], [ 101.728211136592165, 2.877770868746793 ], [ 101.728437134395605, 2.878270986512799 ], [ 101.728453863300786, 2.87826853981763 ], [ 101.728466814628362, 2.878266365551084 ], [ 101.728412735039385, 2.877884121135654 ], [ 101.728416242783069, 2.87788384878779 ], [ 101.72840975308165, 2.877837458562903 ], [ 101.728472081763897, 2.877828487054443 ], [ 101.728449908795241, 2.877670597543742 ] ] ] } },
{ "type": "Feature", "properties": { "upi": null, "sts_warta": "Belum Warta", "no_lot": null, "no_pt": null, "seksyen_id": "101001000", "mukim_id": "101001", "daerah_id": "1010", "negeri_id": "10", "nama": "Jenderam Hulu", "gtn1": "Tanah Lapang dan Rekreasi", "gtn2": "Tanah Lapang", "gtn3": "Tanah Lapang Lain", "kod_gtn": "TLR107", "no_warta": null, "trkh_warta": null, "serah_PTD": null, "Luas_h": 0.0093, "pemilik": null, "selenggara": null, "catatan": null, "tahun_data": 2024, "PBT": "MPSp" }, "geometry": { "type": "Polygon", "coordinates": [ [ [ 101.729843638217929, 2.877819213692054 ], [ 101.72987338224867, 2.878029461618312 ], [ 101.729908458799997, 2.878023753803353 ], [ 101.729878984837399, 2.877814319695166 ], [ 101.729843638217929, 2.877819213692054 ] ] ] } },
{ "type": "Feature", "properties": { "upi": null, "sts_warta": "Belum Warta", "no_lot": null, "no_pt": null, "seksyen_id": "101001000", "mukim_id": "101001", "daerah_id": "1010", "negeri_id": "10", "nama": "Jenderam Hilir", "gtn1": "Tanah Lapang dan Rekreasi", "gtn2": "Tanah Lapang", "gtn3": "Tanah Lapang Lain", "kod_gtn": "TLR107", "no_warta": null, "trkh_warta": null, "serah_PTD": null, "Luas_h": 0.0746, "pemilik": null, "selenggara": null, "catatan": null, "tahun_data": 2024, "PBT": "MPSp" }, "geometry": { "type": "Polygon", "coordinates": [ [ [ 101.721479850538557, 2.88228049926055 ], [ 101.72147525030114, 2.882235464912264 ], [ 101.721537849814851, 2.882228935366133 ], [ 101.721522426161513, 2.882080267829221 ], [ 101.721160873568735, 2.882164657495192 ], [ 101.721171439962134, 2.88231260300037 ], [ 101.721479850538557, 2.88228049926055 ] ] ] } },
{ "type": "Feature", "properties": { "upi": null, "sts_warta": "Belum Warta", "no_lot": null, "no_pt": null, "seksyen_id": "101001000", "mukim_id": "101001", "daerah_id": "1010", "negeri_id": "10", "nama": null, "gtn1": "Tanah Lapang dan Rekreasi", "gtn2": "Tanah Lapang", "gtn3": "Tanah Lapang Lain", "kod_gtn": "TLR107", "no_warta": null, "trkh_warta": null, "serah_PTD": null, "Luas_h": 0.0714, "pemilik": null, "selenggara": null, "catatan": null, "tahun_data": 2024, "PBT": "MPSp" }, "geometry": { "type": "Polygon", "coordinates": [ [ [ 101.718115227228992, 2.885802315110915 ], [ 101.718042874545048, 2.885673468896275 ], [ 101.717981883331717, 2.885643462811418 ], [ 101.717759549313641, 2.885676806788029 ], [ 101.717899125051957, 2.885925005262961 ], [ 101.718115227228992, 2.885802315110915 ] ] ] } },
{ "type": "Feature", "properties": { "upi": null, "sts_warta": "Belum Warta", "no_lot": null, "no_pt": null, "seksyen_id": "101001000", "mukim_id": "101001", "daerah_id": "1010", "negeri_id": "10", "nama": null, "gtn1": "Tanah Lapang dan Rekreasi", "gtn2": "Tanah Lapang", "gtn3": "Tanah Lapang Lain", "kod_gtn": "TLR107", "no_warta": null, "trkh_warta": null, "serah_PTD": null, "Luas_h": 0.1942, "pemilik": null, "selenggara": null, "catatan": null, "tahun_data": 2024, "PBT": "MPSp" }, "geometry": { "type": "Polygon", "coordinates": [ [ [ 101.715595647741608, 2.883437584068655 ], [ 101.715598335870965, 2.883401771754996 ], [ 101.715079209640919, 2.883522106955282 ], [ 101.714564400286818, 2.88364117462486 ], [ 101.714601441796475, 2.884851431319008 ], [ 101.714691572969969, 2.884874375433891 ], [ 101.714703442898994, 2.884864605236585 ], [ 101.714666131008457, 2.883652811271893 ], [ 101.715265122982871, 2.883514185753809 ], [ 101.715309642645522, 2.883503863551759 ], [ 101.715595647741608, 2.883437584068655 ] ] ] } },
{ "type": "Feature", "properties": { "upi": null, "sts_warta": "Belum Warta", "no_lot": null, "no_pt": null, "seksyen_id": "101001000", "mukim_id": "101001", "daerah_id": "1010", "negeri_id": "10", "nama": null, "gtn1": "Tanah Lapang dan Rekreasi", "gtn2": "Tanah Lapang", "gtn3": "Tanah Lapang Lain", "kod_gtn": "TLR107", "no_warta": null, "trkh_warta": null, "serah_PTD": null, "Luas_h": 0.0805, "pemilik": null, "selenggara": null, "catatan": null, "tahun_data": 2024, "PBT": "MPSp" }, "geometry": { "type": "Polygon", "coordinates": [ [ [ 101.715267029824787, 2.883577397998871 ], [ 101.71527057182179, 2.883697311377865 ], [ 101.715575751292761, 2.883687547109709 ], [ 101.715595647741608, 2.883437584068655 ], [ 101.715309642645522, 2.883503863551759 ], [ 101.715311821822581, 2.88357584773665 ], [ 101.715267029824787, 2.883577397998871 ] ] ] } },
{ "type": "Feature", "properties": { "upi": null, "sts_warta": "Belum Warta", "no_lot": null, "no_pt": null, "seksyen_id": "101001000", "mukim_id": "101001", "daerah_id": "1010", "negeri_id": "10", "nama": "Taman Semarang Harmoni", "gtn1": "Tanah Lapang dan Rekreasi", "gtn2": "Tanah Lapang", "gtn3": "Tanah Lapang Lain", "kod_gtn": "TLR107", "no_warta": null, "trkh_warta": null, "serah_PTD": null, "Luas_h": 0.0408, "pemilik": null, "selenggara": null, "catatan": null, "tahun_data": 2024, "PBT": "MPSp" }, "geometry": { "type": "Polygon", "coordinates": [ [ [ 101.695221600563698, 2.873453732137628 ], [ 101.695637447222097, 2.873589360563384 ], [ 101.695672787562273, 2.87356086452137 ], [ 101.695665751941064, 2.873485897156109 ], [ 101.695662234070696, 2.873448187389982 ], [ 101.695221600563698, 2.873453732137628 ] ] ] } },
{ "type": "Feature", "properties": { "upi": null, "sts_warta": "Belum Warta", "no_lot": null, "no_pt": null, "seksyen_id": "101001000", "mukim_id": "101001", "daerah_id": "1010", "negeri_id": "10", "nama": "Taman Semarang Harmoni", "gtn1": "Tanah Lapang dan Rekreasi", "gtn2": "Tanah Lapang", "gtn3": "Tanah Lapang Lain", "kod_gtn": "TLR107", "no_warta": null, "trkh_warta": null, "serah_PTD": null, "Luas_h": 0.0798, "pemilik": null, "selenggara": null, "catatan": null, "tahun_data": 2024, "PBT": "MPSp" }, "geometry": { "type": "Polygon", "coordinates": [ [ [ 101.694963723903726, 2.873763083694302 ], [ 101.695063209937487, 2.873455673881145 ], [ 101.694746968130104, 2.873458743256704 ], [ 101.694822859587305, 2.873717271870215 ], [ 101.694839860496046, 2.873722964600041 ], [ 101.694963723903726, 2.873763083694302 ] ] ] } },
{ "type": "Feature", "properties": { "upi": null, "sts_warta": "Belum Warta", "no_lot": null, "no_pt": null, "seksyen_id": "101001000", "mukim_id": "101001", "daerah_id": "1010", "negeri_id": "10", "nama": null, "gtn1": "Tanah Lapang dan Rekreasi", "gtn2": "Tanah Lapang", "gtn3": "Tanah Lapang Lain", "kod_gtn": "TLR107", "no_warta": null, "trkh_warta": null, "serah_PTD": null, "Luas_h": 0.0777, "pemilik": null, "selenggara": null, "catatan": null, "tahun_data": 2024, "PBT": "MPSp" }, "geometry": { "type": "Polygon", "coordinates": [ [ [ 101.693367095207634, 2.878722698125491 ], [ 101.693540821215379, 2.878548115106445 ], [ 101.693132005110755, 2.878474792807219 ], [ 101.693182388402164, 2.878190185453762 ], [ 101.693133575072082, 2.878289765686081 ], [ 101.693048353867198, 2.878463149309716 ], [ 101.693367095207634, 2.878722698125491 ] ] ] } },
{ "type": "Feature", "properties": { "upi": null, "sts_warta": "Belum Warta", "no_lot": null, "no_pt": null, "seksyen_id": "101001000", "mukim_id": "101001", "daerah_id": "1010", "negeri_id": "10", "nama": "Cybersouth", "gtn1": "Tanah Lapang dan Rekreasi", "gtn2": "Tanah Lapang", "gtn3": "Tanah Lapang Lain", "kod_gtn": "TLR107", "no_warta": null, "trkh_warta": null, "serah_PTD": null, "Luas_h": 10.8254, "pemilik": null, "selenggara": null, "catatan": null, "tahun_data": 2024, "PBT": "MPSp" }, "geometry": { "type": "Polygon", "coordinates": [ [ [ 101.650661227833524, 2.865827820730792 ], [ 101.652275230326296, 2.861758112429272 ], [ 101.652524478241745, 2.861434211755852 ], [ 101.650417483636431, 2.861868144960285 ], [ 101.650484559241178, 2.862565735476996 ], [ 101.650471666400378, 2.862825916300444 ], [ 101.65039454817925, 2.863059433881264 ], [ 101.650257521174765, 2.863263483775715 ], [ 101.650071375217919, 2.863423413229895 ], [ 101.649849599030418, 2.863527101015135 ], [ 101.649608110864222, 2.86356703747271 ], [ 101.64935743334236, 2.863539874137328 ], [ 101.648710346951447, 2.863380767755853 ], [ 101.648525306352255, 2.862457842961952 ], [ 101.647804651654397, 2.862719088833986 ], [ 101.64846452781434, 2.864559356334877 ], [ 101.648555753568388, 2.864663243960996 ], [ 101.648659662570111, 2.864772645149667 ], [ 101.648714449677954, 2.864824632082244 ], [ 101.648768966920642, 2.864876438205656 ], [ 101.648883396728991, 2.864974351887703 ], [ 101.649002951974168, 2.865066295760595 ], [ 101.649126823105334, 2.865151998706213 ], [ 101.649254740230418, 2.865231189483628 ], [ 101.64938670330713, 2.865303687224148 ], [ 101.649521902803897, 2.865369311243984 ], [ 101.649551856718531, 2.865381784257125 ], [ 101.650661227833524, 2.865827820730792 ] ] ] } },
{ "type": "Feature", "properties": { "upi": null, "sts_warta": "Belum Warta", "no_lot": null, "no_pt": null, "seksyen_id": "101001000", "mukim_id": "101001", "daerah_id": "1010", "negeri_id": "10", "nama": "Cybersouth", "gtn1": "Tanah Lapang dan Rekreasi", "gtn2": "Tanah Lapang", "gtn3": "Tanah Lapang Lain", "kod_gtn": "TLR107", "no_warta": null, "trkh_warta": null, "serah_PTD": null, "Luas_h": 14.0266, "pemilik": null, "selenggara": null, "catatan": null, "tahun_data": 2024, "PBT": "MPSp" }, "geometry": { "type": "Polygon", "coordinates": [ [ [ 101.652510698645642, 2.861353909785743 ], [ 101.653780410078824, 2.859729245627941 ], [ 101.647295364977779, 2.859773957329845 ], [ 101.647183137963481, 2.859870565958137 ], [ 101.647155601378373, 2.861014649771248 ], [ 101.647671826494047, 2.862410106782926 ], [ 101.64771690240957, 2.862474666272999 ], [ 101.647777381925351, 2.862643311526206 ], [ 101.648512336319683, 2.862376726832672 ], [ 101.648503385053928, 2.862168098194994 ], [ 101.648769067881631, 2.861729614937065 ], [ 101.648816819706781, 2.861694606209934 ], [ 101.649072586621187, 2.861557812151667 ], [ 101.649134102204584, 2.861533923629321 ], [ 101.649203446855793, 2.861527939202664 ], [ 101.650370772529143, 2.86173250504076 ], [ 101.65039506271404, 2.861757187891999 ], [ 101.650409909955613, 2.861786575459116 ], [ 101.652510698645642, 2.861353909785743 ] ], [ [ 101.650343681389316, 2.861254297609313 ], [ 101.650570073929927, 2.861281828070085 ], [ 101.650554178128772, 2.861388181790918 ], [ 101.650941937179496, 2.861454833013268 ], [ 101.650928190952357, 2.861521124096763 ], [ 101.650544748320456, 2.861450854533544 ], [ 101.650525349720212, 2.861579184455547 ], [ 101.650307590967287, 2.86154866770213 ], [ 101.649905529218373, 2.861474151795924 ], [ 101.649905532222746, 2.861487445555909 ], [ 101.649812978380623, 2.861476072046406 ], [ 101.649812963609534, 2.861410688450854 ], [ 101.649599523984321, 2.861388219174781 ], [ 101.649593325312594, 2.861420957606232 ], [ 101.649504820093767, 2.861414828304515 ], [ 101.649509919169674, 2.861292198977518 ], [ 101.649318606506142, 2.861274065418707 ], [ 101.649326947380217, 2.861168436896682 ], [ 101.64952932467618, 2.861193983499119 ], [ 101.649547654110165, 2.861110147232139 ], [ 101.649633190475726, 2.86111311202901 ], [ 101.649632123164395, 2.861166287316734 ], [ 101.649846642799105, 2.861192011958722 ], [ 101.64984879799627, 2.861176818596986 ], [ 101.649854989100476, 2.861110619680139 ], [ 101.649948353257841, 2.861125791221162 ], [ 101.649946470956522, 2.861154549582563 ], [ 101.650347182939527, 2.861226804950058 ], [ 101.650343681389316, 2.861254297609313 ] ] ] } },
{ "type": "Feature", "properties": { "upi": null, "sts_warta": "Belum Warta", "no_lot": null, "no_pt": null, "seksyen_id": "101001000", "mukim_id": "101001", "daerah_id": "1010", "negeri_id": "10", "nama": null, "gtn1": "Tanah Lapang dan Rekreasi", "gtn2": "Tanah Lapang", "gtn3": "Tanah Lapang Lain", "kod_gtn": "TLR107", "no_warta": null, "trkh_warta": null, "serah_PTD": null, "Luas_h": 0.0528, "pemilik": null, "selenggara": null, "catatan": null, "tahun_data": 2024, "PBT": "MPSp" }, "geometry": { "type": "Polygon", "coordinates": [ [ [ 101.659715063460894, 2.882868562148432 ], [ 101.659849123079468, 2.882666410938173 ], [ 101.659760869476997, 2.882590377330274 ], [ 101.659497052213979, 2.882929837771792 ], [ 101.659715063460894, 2.882868562148432 ] ] ] } },
{ "type": "Feature", "properties": { "upi": null, "sts_warta": "Belum Warta", "no_lot": null, "no_pt": null, "seksyen_id": "101001000", "mukim_id": "101001", "daerah_id": "1010", "negeri_id": "10", "nama": null, "gtn1": "Tanah Lapang dan Rekreasi", "gtn2": "Tanah Lapang", "gtn3": "Tanah Lapang Lain", "kod_gtn": "TLR107", "no_warta": null, "trkh_warta": null, "serah_PTD": null, "Luas_h": 1.2301, "pemilik": null, "selenggara": null, "catatan": null, "tahun_data": 2024, "PBT": "MPSp" }, "geometry": { "type": "Polygon", "coordinates": [ [ [ 101.654997860483306, 2.880678832706193 ], [ 101.655011038324318, 2.880489190191692 ], [ 101.655159129313091, 2.880284684910229 ], [ 101.655135653994435, 2.880285413886827 ], [ 101.654952980895828, 2.880302548689728 ], [ 101.65479325021451, 2.880348164698308 ], [ 101.654559609932619, 2.88050050973411 ], [ 101.654458175288255, 2.880598382719579 ], [ 101.654373203931158, 2.880711263837445 ], [ 101.654375125789315, 2.880853967739724 ], [ 101.654450432521784, 2.880954331505902 ], [ 101.654538418734475, 2.881043026352328 ], [ 101.654588085039649, 2.88111626600508 ], [ 101.655002778591808, 2.880942264858183 ], [ 101.655217602459473, 2.881099569054483 ], [ 101.655550326452257, 2.881183142056277 ], [ 101.656299400577907, 2.881254317923754 ], [ 101.657086198570056, 2.881099219347157 ], [ 101.657395624648913, 2.880788144807001 ], [ 101.657740490677369, 2.880869453445464 ], [ 101.657746957202775, 2.880829028068155 ], [ 101.657794688953274, 2.880706388717891 ], [ 101.657737694178635, 2.880450565401856 ], [ 101.657429514672344, 2.880322584300937 ], [ 101.657098960413819, 2.880285855963939 ], [ 101.657087087753951, 2.880285858769566 ], [ 101.657257146666296, 2.880559470833623 ], [ 101.657169788032093, 2.880847432270408 ], [ 101.656647978199572, 2.88105229733854 ], [ 101.656121008881485, 2.881117805113578 ], [ 101.655587532992513, 2.881052094918173 ], [ 101.65510529756645, 2.880866005220641 ], [ 101.654997860483306, 2.880678832706193 ] ] ] } },
{ "type": "Feature", "properties": { "upi": null, "sts_warta": "Belum Warta", "no_lot": null, "no_pt": null, "seksyen_id": "101001000", "mukim_id": "101001", "daerah_id": "1010", "negeri_id": "10", "nama": null, "gtn1": "Tanah Lapang dan Rekreasi", "gtn2": "Tanah Lapang", "gtn3": "Tanah Lapang Lain", "kod_gtn": "TLR107", "no_warta": null, "trkh_warta": null, "serah_PTD": null, "Luas_h": 0.1381, "pemilik": null, "selenggara": null, "catatan": null, "tahun_data": 2024, "PBT": "MPSp" }, "geometry": { "type": "Polygon", "coordinates": [ [ [ 101.653495148445288, 2.885309298376956 ], [ 101.653495089950482, 2.885056084079577 ], [ 101.65340496529339, 2.885056105122084 ], [ 101.653405002883801, 2.885218885743146 ], [ 101.652498899104074, 2.885218825614476 ], [ 101.652330813088383, 2.885309207965256 ], [ 101.653495148445288, 2.885309298376956 ] ] ] } },
{ "type": "Feature", "properties": { "upi": null, "sts_warta": "Belum Warta", "no_lot": null, "no_pt": null, "seksyen_id": "101001000", "mukim_id": "101001", "daerah_id": "1010", "negeri_id": "10", "nama": null, "gtn1": "Tanah Lapang dan Rekreasi", "gtn2": "Tanah Lapang", "gtn3": "Tanah Lapang Lain", "kod_gtn": "TLR107", "no_warta": null, "trkh_warta": null, "serah_PTD": null, "Luas_h": 1.9703, "pemilik": null, "selenggara": null, "catatan": null, "tahun_data": 2024, "PBT": "MPSp" }, "geometry": { "type": "Polygon", "coordinates": [ [ [ 101.65121517944138, 2.883526475981051 ], [ 101.649841603922965, 2.882996399253243 ], [ 101.649738788163447, 2.882956541642156 ], [ 101.649671311936643, 2.882878422433462 ], [ 101.649640272596642, 2.882841261314696 ], [ 101.647052344671721, 2.881856035302027 ], [ 101.64692397972442, 2.88219302060414 ], [ 101.647093719290893, 2.882256104722783 ], [ 101.647148732968475, 2.882112302562214 ], [ 101.647229400871041, 2.882057481350533 ], [ 101.649221216997233, 2.882824898658801 ], [ 101.649344597113299, 2.8831157051586 ], [ 101.649803624913829, 2.883293211437173 ], [ 101.650266809806254, 2.883950557813882 ], [ 101.651588540663738, 2.884315423547339 ], [ 101.651970911383586, 2.884383974031834 ], [ 101.651794124680023, 2.88418641742766 ], [ 101.65053149123348, 2.88383763548688 ], [ 101.650323153936213, 2.883726178791822 ], [ 101.65025647225157, 2.883582856739759 ], [ 101.650333598615774, 2.883380538750986 ], [ 101.650510878172156, 2.883374710099901 ], [ 101.650804204450381, 2.883448255412032 ], [ 101.652081441537874, 2.883940551966222 ], [ 101.65220097801749, 2.883940524205467 ], [ 101.652356416147285, 2.884000174325366 ], [ 101.65249244404886, 2.884137240176475 ], [ 101.652411568803458, 2.884463272441104 ], [ 101.652662255067611, 2.884508069234528 ], [ 101.652826970390322, 2.883842258068015 ], [ 101.652606785832802, 2.883842309313119 ], [ 101.652248985926789, 2.883842392495124 ], [ 101.651402981565937, 2.883516394369972 ], [ 101.65121517944138, 2.883526475981051 ] ] ] } },
{ "type": "Feature", "properties": { "upi": null, "sts_warta": "Belum Warta", "no_lot": null, "no_pt": null, "seksyen_id": "101001000", "mukim_id": "101001", "daerah_id": "1010", "negeri_id": "10", "nama": null, "gtn1": "Tanah Lapang dan Rekreasi", "gtn2": "Tanah Lapang", "gtn3": "Tanah Lapang Lain", "kod_gtn": "TLR107", "no_warta": null, "trkh_warta": null, "serah_PTD": null, "Luas_h": 2.925, "pemilik": null, "selenggara": null, "catatan": null, "tahun_data": 2024, "PBT": "MPSp" }, "geometry": { "type": "Polygon", "coordinates": [ [ [ 101.639938197212601, 2.88068904663884 ], [ 101.639937866924384, 2.879179254634236 ], [ 101.640012017166185, 2.878933258333733 ], [ 101.640214343941139, 2.878714544675177 ], [ 101.640493866513779, 2.878603972695055 ], [ 101.640754530002312, 2.878626794664056 ], [ 101.642061448348301, 2.879162233747362 ], [ 101.642452436262346, 2.879162236935894 ], [ 101.642672415091866, 2.879456187974089 ], [ 101.643066575056025, 2.879157939671329 ], [ 101.643385725702004, 2.878879603489521 ], [ 101.643645801522069, 2.878685564751138 ], [ 101.643617161864711, 2.8785170930737 ], [ 101.643545110018053, 2.878487808692229 ], [ 101.643565103379075, 2.878603830728459 ], [ 101.642813473102905, 2.879163964929657 ], [ 101.642665290408459, 2.878963054222149 ], [ 101.641933503609749, 2.87896294622823 ], [ 101.641514145521128, 2.878791215422382 ], [ 101.641244828087267, 2.878680855656571 ], [ 101.64044146369433, 2.878351764474076 ], [ 101.639531152774964, 2.878831536122716 ], [ 101.639043503602849, 2.879788794928045 ], [ 101.638984975566757, 2.879906914358411 ], [ 101.638949183344565, 2.880345526143013 ], [ 101.638949247085066, 2.880637989016067 ], [ 101.638641906998913, 2.88063805669292 ], [ 101.638641894970732, 2.880582801646765 ], [ 101.638010485166447, 2.88058294042034 ], [ 101.637955720972613, 2.880638026624132 ], [ 101.637955732045214, 2.880689031284748 ], [ 101.638719630085163, 2.880689044246108 ], [ 101.639938197212601, 2.88068904663884 ] ] ] } },
{ "type": "Feature", "properties": { "upi": null, "sts_warta": "Belum Warta", "no_lot": null, "no_pt": null, "seksyen_id": "101001000", "mukim_id": "101001", "daerah_id": "1010", "negeri_id": "10", "nama": null, "gtn1": "Tanah Lapang dan Rekreasi", "gtn2": "Tanah Lapang", "gtn3": "Tanah Lapang Lain", "kod_gtn": "TLR107", "no_warta": null, "trkh_warta": null, "serah_PTD": null, "Luas_h": 0.7695, "pemilik": null, "selenggara": null, "catatan": null, "tahun_data": 2024, "PBT": "MPSp" }, "geometry": { "type": "Polygon", "coordinates": [ [ [ 101.63627223504939, 2.878152098006154 ], [ 101.636231151002093, 2.876576388129736 ], [ 101.636672361842798, 2.875487288010869 ], [ 101.636410871526635, 2.87538027132882 ], [ 101.636224401133617, 2.875303804896757 ], [ 101.636253864359233, 2.875543267241714 ], [ 101.6361881042627, 2.87591008112016 ], [ 101.636187358308234, 2.876205347701919 ], [ 101.636113213637856, 2.876480463508939 ], [ 101.636067669512826, 2.876747886217906 ], [ 101.636107144806942, 2.877118565852419 ], [ 101.636103149150202, 2.877359391978629 ], [ 101.636156954632142, 2.877864814872878 ], [ 101.636115471687134, 2.878195902103736 ], [ 101.635755024425293, 2.878424868493983 ], [ 101.635592841967721, 2.87836449394195 ], [ 101.635658185569113, 2.878569583648335 ], [ 101.635657933579623, 2.878652601948647 ], [ 101.636157846090867, 2.878245450611097 ], [ 101.63627223504939, 2.878152098006154 ] ] ] } },
{ "type": "Feature", "properties": { "upi": null, "sts_warta": "Belum Warta", "no_lot": null, "no_pt": null, "seksyen_id": "101001000", "mukim_id": "101001", "daerah_id": "1010", "negeri_id": "10", "nama": null, "gtn1": "Tanah Lapang dan Rekreasi", "gtn2": "Tanah Lapang", "gtn3": "Tanah Lapang Lain", "kod_gtn": "TLR107", "no_warta": null, "trkh_warta": null, "serah_PTD": null, "Luas_h": 1.0462, "pemilik": null, "selenggara": null, "catatan": null, "tahun_data": 2024, "PBT": "MPSp" }, "geometry": { "type": "Polygon", "coordinates": [ [ [ 101.644197335836623, 2.882305594603072 ], [ 101.644271281819726, 2.882357486930064 ], [ 101.64431419214182, 2.882387863008294 ], [ 101.644389720522256, 2.882275436842258 ], [ 101.644238050167772, 2.882168397433595 ], [ 101.644136496509361, 2.881736146943354 ], [ 101.643989392765974, 2.881536230996721 ], [ 101.644037642201553, 2.881308055779678 ], [ 101.644303923385252, 2.881108589438728 ], [ 101.644719726407772, 2.88106273628821 ], [ 101.64503005741139, 2.881164042512102 ], [ 101.645324489366828, 2.88135958420413 ], [ 101.646012627832533, 2.881641400872927 ], [ 101.646229847248463, 2.881656725356208 ], [ 101.646545041792109, 2.881785793192162 ], [ 101.646573399815225, 2.881899281091712 ], [ 101.646516768087565, 2.882047605284856 ], [ 101.646685697295297, 2.882107072303331 ], [ 101.646815680391228, 2.88176601713622 ], [ 101.646042262597746, 2.881432130477171 ], [ 101.646016372960787, 2.881496253868121 ], [ 101.645166589589181, 2.881148276210662 ], [ 101.645192479227134, 2.88108397196767 ], [ 101.644722926269736, 2.880891725341486 ], [ 101.64429012421148, 2.880939390988984 ], [ 101.644060264332111, 2.881110814669481 ], [ 101.643868354932735, 2.880850499020447 ], [ 101.643759899903188, 2.880931371164842 ], [ 101.6439518092931, 2.881191686832855 ], [ 101.643566550941031, 2.881478810123787 ], [ 101.64415307613119, 2.882274224052212 ], [ 101.644197335836623, 2.882305594603072 ] ] ] } },
{ "type": "Feature", "properties": { "upi": null, "sts_warta": "Belum Warta", "no_lot": null, "no_pt": null, "seksyen_id": "101001000", "mukim_id": "101001", "daerah_id": "1010", "negeri_id": "10", "nama": null, "gtn1": "Tanah Lapang dan Rekreasi", "gtn2": "Tanah Lapang", "gtn3": "Tanah Lapang Lain", "kod_gtn": "TLR107", "no_warta": null, "trkh_warta": null, "serah_PTD": null, "Luas_h": 0.2468, "pemilik": null, "selenggara": null, "catatan": null, "tahun_data": 2024, "PBT": "MPSp" }, "geometry": { "type": "Polygon", "coordinates": [ [ [ 101.643715633918262, 2.880871423523798 ], [ 101.643824088945621, 2.88079055138378 ], [ 101.642943358455796, 2.879596390150433 ], [ 101.64283544331802, 2.879678075986535 ], [ 101.643715633918262, 2.880871423523798 ] ] ] } },
{ "type": "Feature", "properties": { "upi": null, "sts_warta": "Belum Warta", "no_lot": null, "no_pt": null, "seksyen_id": "101001000", "mukim_id": "101001", "daerah_id": "1010", "negeri_id": "10", "nama": null, "gtn1": "Tanah Lapang dan Rekreasi", "gtn2": "Tanah Lapang", "gtn3": "Tanah Lapang Lain", "kod_gtn": "TLR107", "no_warta": null, "trkh_warta": null, "serah_PTD": null, "Luas_h": 0.0649, "pemilik": null, "selenggara": null, "catatan": null, "tahun_data": 2024, "PBT": "MPSp" }, "geometry": { "type": "Polygon", "coordinates": [ [ [ 101.649800735245691, 2.884823079192233 ], [ 101.649600485037922, 2.884677255703715 ], [ 101.649459599348347, 2.884535578478264 ], [ 101.649395426622903, 2.884745851613645 ], [ 101.650071133986458, 2.884931899087443 ], [ 101.649800735245691, 2.884823079192233 ] ] ] } },
{ "type": "Feature", "properties": { "upi": null, "sts_warta": "Belum Warta", "no_lot": null, "no_pt": null, "seksyen_id": "101001000", "mukim_id": "101001", "daerah_id": "1010", "negeri_id": "10", "nama": null, "gtn1": "Tanah Lapang dan Rekreasi", "gtn2": "Tanah Lapang", "gtn3": "Tanah Lapang Lain", "kod_gtn": "TLR107", "no_warta": null, "trkh_warta": null, "serah_PTD": null, "Luas_h": 0.2323, "pemilik": null, "selenggara": null, "catatan": null, "tahun_data": 2024, "PBT": "MPSp" }, "geometry": { "type": "Polygon", "coordinates": [ [ [ 101.652881965345344, 2.883620049687387 ], [ 101.652972275562448, 2.883254766983434 ], [ 101.653261092895136, 2.882496955805851 ], [ 101.653194937983542, 2.882298921446039 ], [ 101.652676091272582, 2.883660250168302 ], [ 101.652830975973458, 2.883660214118148 ], [ 101.652881965345344, 2.883620049687387 ] ] ] } },
{ "type": "Feature", "properties": { "upi": null, "sts_warta": "Belum Warta", "no_lot": null, "no_pt": null, "seksyen_id": "101001000", "mukim_id": "101001", "daerah_id": "1010", "negeri_id": "10", "nama": null, "gtn1": "Tanah Lapang dan Rekreasi", "gtn2": "Tanah Lapang", "gtn3": "Tanah Lapang Lain", "kod_gtn": "TLR107", "no_warta": null, "trkh_warta": null, "serah_PTD": null, "Luas_h": 0.0414, "pemilik": null, "selenggara": null, "catatan": null, "tahun_data": 2024, "PBT": "MPSp" }, "geometry": { "type": "Polygon", "coordinates": [ [ [ 101.641505544511617, 2.882620364241502 ], [ 101.641386525929235, 2.882520913595707 ], [ 101.641255368296086, 2.882437110679442 ], [ 101.640977417748374, 2.882337785772066 ], [ 101.641632397285733, 2.882760598757586 ], [ 101.641505544511617, 2.882620364241502 ] ] ] } },
{ "type": "Feature", "properties": { "upi": null, "sts_warta": "Belum Warta", "no_lot": null, "no_pt": null, "seksyen_id": "101001000", "mukim_id": "101001", "daerah_id": "1010", "negeri_id": "10", "nama": null, "gtn1": "Tanah Lapang dan Rekreasi", "gtn2": "Tanah Lapang", "gtn3": "Tanah Lapang Lain", "kod_gtn": "TLR107", "no_warta": null, "trkh_warta": null, "serah_PTD": null, "Luas_h": 0.0121, "pemilik": null, "selenggara": null, "catatan": null, "tahun_data": 2024, "PBT": "MPSp" }, "geometry": { "type": "Polygon", "coordinates": [ [ [ 101.642254806304265, 2.883540270236308 ], [ 101.642143885189569, 2.883452664699695 ], [ 101.642041865056001, 2.883348959952696 ], [ 101.641948475632773, 2.883227166514887 ], [ 101.642136341209209, 2.883504123197814 ], [ 101.642376247881003, 2.883613946608475 ], [ 101.642254806304265, 2.883540270236308 ] ] ] } },
{ "type": "Feature", "properties": { "upi": null, "sts_warta": "Belum Warta", "no_lot": null, "no_pt": null, "seksyen_id": "101001000", "mukim_id": "101001", "daerah_id": "1010", "negeri_id": "10", "nama": null, "gtn1": "Tanah Lapang dan Rekreasi", "gtn2": "Tanah Lapang", "gtn3": "Tanah Lapang Lain", "kod_gtn": "TLR107", "no_warta": null, "trkh_warta": null, "serah_PTD": null, "Luas_h": 0.0948, "pemilik": null, "selenggara": null, "catatan": null, "tahun_data": 2024, "PBT": "MPSp" }, "geometry": { "type": "Polygon", "coordinates": [ [ [ 101.643055219146135, 2.883924977160186 ], [ 101.643527887683135, 2.88356168911836 ], [ 101.643409715233886, 2.883628455766823 ], [ 101.643284523895929, 2.883680845011636 ], [ 101.6431542023101, 2.883717952088998 ], [ 101.642996354981463, 2.883743037632204 ], [ 101.642755661296206, 2.883735133386409 ], [ 101.642616960497875, 2.883707491706399 ], [ 101.642488240321768, 2.883665197506544 ], [ 101.643055219146135, 2.883924977160186 ] ] ] } },
{ "type": "Feature", "properties": { "upi": null, "sts_warta": "Belum Warta", "no_lot": null, "no_pt": null, "seksyen_id": "101001000", "mukim_id": "101001", "daerah_id": "1010", "negeri_id": "10", "nama": null, "gtn1": "Tanah Lapang dan Rekreasi", "gtn2": "Tanah Lapang", "gtn3": "Tanah Lapang Lain", "kod_gtn": "TLR107", "no_warta": null, "trkh_warta": null, "serah_PTD": null, "Luas_h": 0.1022, "pemilik": null, "selenggara": null, "catatan": null, "tahun_data": 2024, "PBT": "MPSp" }, "geometry": { "type": "Polygon", "coordinates": [ [ [ 101.648571722179341, 2.882803343483919 ], [ 101.648066011350068, 2.882616170930529 ], [ 101.647497963865661, 2.882405770882792 ], [ 101.648222273083576, 2.882739938977595 ], [ 101.64845975707415, 2.882873636120321 ], [ 101.648679170289697, 2.883042787366735 ], [ 101.648871336792297, 2.883240340999835 ], [ 101.648976333381469, 2.883377866605216 ], [ 101.648571722179341, 2.882803343483919 ] ] ] } },
{ "type": "Feature", "properties": { "upi": null, "sts_warta": "Belum Warta", "no_lot": null, "no_pt": null, "seksyen_id": "101001000", "mukim_id": "101001", "daerah_id": "1010", "negeri_id": "10", "nama": "Cybersouth", "gtn1": "Tanah Lapang dan Rekreasi", "gtn2": "Tanah Lapang", "gtn3": "Tanah Lapang Lain", "kod_gtn": "TLR107", "no_warta": null, "trkh_warta": null, "serah_PTD": null, "Luas_h": 0.3259, "pemilik": null, "selenggara": null, "catatan": null, "tahun_data": 2024, "PBT": "MPSp" }, "geometry": { "type": "Polygon", "coordinates": [ [ [ 101.649318606506142, 2.861274065418707 ], [ 101.649509919169674, 2.861292198977518 ], [ 101.649504820093767, 2.861414828304515 ], [ 101.649593325312594, 2.861420957606232 ], [ 101.649599523984321, 2.861388219174781 ], [ 101.649812963609534, 2.861410688450854 ], [ 101.649812978380623, 2.861476072046406 ], [ 101.649905532222746, 2.861487445555909 ], [ 101.649905529218373, 2.861474151795924 ], [ 101.650307590967287, 2.86154866770213 ], [ 101.650324558921994, 2.861410571493545 ], [ 101.650332640089729, 2.861350069470083 ], [ 101.650343681389316, 2.861254297609313 ], [ 101.650347182939527, 2.861226804950058 ], [ 101.649946470956522, 2.861154549582563 ], [ 101.649948353257841, 2.861125791221162 ], [ 101.649854989100476, 2.861110619680139 ], [ 101.64984879799627, 2.861176818596986 ], [ 101.649846642799105, 2.861192011958722 ], [ 101.649632123164395, 2.861166287316734 ], [ 101.649633190475726, 2.86111311202901 ], [ 101.649547654110165, 2.861110147232139 ], [ 101.64952932467618, 2.861193983499119 ], [ 101.649326947380217, 2.861168436896682 ], [ 101.649318606506142, 2.861274065418707 ] ] ] } },
{ "type": "Feature", "properties": { "upi": null, "sts_warta": "Belum Warta", "no_lot": null, "no_pt": null, "seksyen_id": "101001000", "mukim_id": "101001", "daerah_id": "1010", "negeri_id": "10", "nama": "Cybersouth", "gtn1": "Tanah Lapang dan Rekreasi", "gtn2": "Tanah Lapang", "gtn3": "Tanah Lapang Lain", "kod_gtn": "TLR107", "no_warta": null, "trkh_warta": null, "serah_PTD": null, "Luas_h": 0.0367, "pemilik": null, "selenggara": null, "catatan": null, "tahun_data": 2024, "PBT": "MPSp" }, "geometry": { "type": "Polygon", "coordinates": [ [ [ 101.650307590967287, 2.86154866770213 ], [ 101.650525349720212, 2.861579184455547 ], [ 101.650544748320456, 2.861450854533544 ], [ 101.650324558921994, 2.861410571493545 ], [ 101.650307590967287, 2.86154866770213 ] ] ] } },
{ "type": "Feature", "properties": { "upi": null, "sts_warta": "Belum Warta", "no_lot": null, "no_pt": null, "seksyen_id": "101001000", "mukim_id": "101001", "daerah_id": "1010", "negeri_id": "10", "nama": "Cybersouth", "gtn1": "Tanah Lapang dan Rekreasi", "gtn2": "Tanah Lapang", "gtn3": "Tanah Lapang Lain", "kod_gtn": "TLR107", "no_warta": null, "trkh_warta": null, "serah_PTD": null, "Luas_h": 0.0284, "pemilik": null, "selenggara": null, "catatan": null, "tahun_data": 2024, "PBT": "MPSp" }, "geometry": { "type": "Polygon", "coordinates": [ [ [ 101.650332640089729, 2.861350069470083 ], [ 101.650554178128772, 2.861388181790918 ], [ 101.650570073929927, 2.861281828070085 ], [ 101.650343681389316, 2.861254297609313 ], [ 101.650332640089729, 2.861350069470083 ] ] ] } },
{ "type": "Feature", "properties": { "upi": null, "sts_warta": "Belum Warta", "no_lot": null, "no_pt": null, "seksyen_id": "101001000", "mukim_id": "101001", "daerah_id": "1010", "negeri_id": "10", "nama": "Cybersouth", "gtn1": "Tanah Lapang dan Rekreasi", "gtn2": "Tanah Lapang", "gtn3": "Tanah Lapang Lain", "kod_gtn": "TLR107", "no_warta": null, "trkh_warta": null, "serah_PTD": null, "Luas_h": 0.0315, "pemilik": null, "selenggara": null, "catatan": null, "tahun_data": 2024, "PBT": "MPSp" }, "geometry": { "type": "Polygon", "coordinates": [ [ [ 101.650554178128772, 2.861388181790918 ], [ 101.650544748320456, 2.861450854533544 ], [ 101.650928190952357, 2.861521124096763 ], [ 101.650941937179496, 2.861454833013268 ], [ 101.650554178128772, 2.861388181790918 ] ] ] } },
{ "type": "Feature", "properties": { "upi": null, "sts_warta": "Belum Warta", "no_lot": null, "no_pt": null, "seksyen_id": "101001000", "mukim_id": "101001", "daerah_id": "1010", "negeri_id": "10", "nama": "Cybersouth", "gtn1": "Tanah Lapang dan Rekreasi", "gtn2": "Tanah Lapang", "gtn3": "Tanah Lapang Lain", "kod_gtn": "TLR107", "no_warta": null, "trkh_warta": null, "serah_PTD": null, "Luas_h": 0.0171, "pemilik": null, "selenggara": null, "catatan": null, "tahun_data": 2024, "PBT": "MPSp" }, "geometry": { "type": "Polygon", "coordinates": [ [ [ 101.650324558921994, 2.861410571493545 ], [ 101.650544748320456, 2.861450854533544 ], [ 101.650554178128772, 2.861388181790918 ], [ 101.650332640089729, 2.861350069470083 ], [ 101.650324558921994, 2.861410571493545 ] ] ] } },
{ "type": "Feature", "properties": { "upi": null, "sts_warta": "Belum Warta", "no_lot": null, "no_pt": null, "seksyen_id": "101001000", "mukim_id": "101001", "daerah_id": "1010", "negeri_id": "10", "nama": null, "gtn1": "Tanah Lapang dan Rekreasi", "gtn2": "Tanah Lapang", "gtn3": "Tanah Lapang Lain", "kod_gtn": "TLR107", "no_warta": null, "trkh_warta": null, "serah_PTD": null, "Luas_h": 0.0968, "pemilik": null, "selenggara": null, "catatan": null, "tahun_data": 2024, "PBT": "MPSp" }, "geometry": { "type": "Polygon", "coordinates": [ [ [ 101.737579207536868, 2.913167288090585 ], [ 101.737850938493352, 2.913170820926012 ], [ 101.73785410922433, 2.912951881829765 ], [ 101.738303666067253, 2.912957891364919 ], [ 101.738304196555873, 2.912928048336024 ], [ 101.737583180587137, 2.912924745745426 ], [ 101.737579207536868, 2.913167288090585 ] ] ] } },
{ "type": "Feature", "properties": { "upi": null, "sts_warta": "Belum Warta", "no_lot": null, "no_pt": null, "seksyen_id": "101001000", "mukim_id": "101001", "daerah_id": "1010", "negeri_id": "10", "nama": null, "gtn1": "Tanah Lapang dan Rekreasi", "gtn2": "Tanah Lapang", "gtn3": "Tanah Lapang Lain", "kod_gtn": "TLR107", "no_warta": null, "trkh_warta": null, "serah_PTD": null, "Luas_h": 0.0307, "pemilik": null, "selenggara": null, "catatan": null, "tahun_data": 2024, "PBT": "MPSp" }, "geometry": { "type": "Polygon", "coordinates": [ [ [ 101.734846935288658, 2.917154056597073 ], [ 101.735123248922804, 2.91713932111035 ], [ 101.735119991828739, 2.917077194684184 ], [ 101.735057119663708, 2.917080469695912 ], [ 101.735055219742875, 2.917044387537886 ], [ 101.734841778212683, 2.9170555767103 ], [ 101.734846935288658, 2.917154056597073 ] ] ] } },
{ "type": "Feature", "properties": { "upi": null, "sts_warta": "Belum Warta", "no_lot": null, "no_pt": null, "seksyen_id": "101001000", "mukim_id": "101001", "daerah_id": "1010", "negeri_id": "10", "nama": null, "gtn1": "Tanah Lapang dan Rekreasi", "gtn2": "Tanah Lapang", "gtn3": "Tanah Lapang Lain", "kod_gtn": "TLR107", "no_warta": null, "trkh_warta": null, "serah_PTD": null, "Luas_h": 0.0244, "pemilik": null, "selenggara": null, "catatan": null, "tahun_data": 2024, "PBT": "MPSp" }, "geometry": { "type": "Polygon", "coordinates": [ [ [ 101.734846935288658, 2.917154056597073 ], [ 101.734850734869894, 2.917225407018754 ], [ 101.735127048604227, 2.917210942827838 ], [ 101.735123248922804, 2.91713932111035 ], [ 101.734846935288658, 2.917154056597073 ] ] ] } },
{ "type": "Feature", "properties": { "upi": null, "sts_warta": "Belum Warta", "no_lot": null, "no_pt": null, "seksyen_id": "101001000", "mukim_id": "101001", "daerah_id": "1010", "negeri_id": "10", "nama": "Sungai Merab", "gtn1": "Tanah Lapang dan Rekreasi", "gtn2": "Tanah Lapang", "gtn3": "Tanah Lapang Lain", "kod_gtn": "TLR107", "no_warta": null, "trkh_warta": null, "serah_PTD": null, "Luas_h": 0.0405, "pemilik": null, "selenggara": null, "catatan": null, "tahun_data": 2024, "PBT": "MPSp" }, "geometry": { "type": "Polygon", "coordinates": [ [ [ 101.752228013872141, 2.935663035249395 ], [ 101.752292004070867, 2.935776417028918 ], [ 101.752296324065568, 2.935784011969503 ], [ 101.752314144117449, 2.935815567180986 ], [ 101.752316034064165, 2.93581873171015 ], [ 101.752334664094477, 2.935851643147924 ], [ 101.752456576899377, 2.935672817806527 ], [ 101.752393128574425, 2.935566218316591 ], [ 101.752228013872141, 2.935663035249395 ] ] ] } },
{ "type": "Feature", "properties": { "upi": null, "sts_warta": "Belum Warta", "no_lot": null, "no_pt": null, "seksyen_id": "101001000", "mukim_id": "101001", "daerah_id": "1010", "negeri_id": "10", "nama": null, "gtn1": "Tanah Lapang dan Rekreasi", "gtn2": "Tanah Lapang", "gtn3": "Tanah Lapang Lain", "kod_gtn": "TLR107", "no_warta": null, "trkh_warta": null, "serah_PTD": null, "Luas_h": 0.0779, "pemilik": null, "selenggara": null, "catatan": null, "tahun_data": 2024, "PBT": "MPSp" }, "geometry": { "type": "Polygon", "coordinates": [ [ [ 101.741471045068934, 2.935396913315124 ], [ 101.741486379706004, 2.93524814641545 ], [ 101.740875725909717, 2.935274655566573 ], [ 101.740869807984666, 2.935334433557307 ], [ 101.741471045068934, 2.935396913315124 ] ] ] } },
{ "type": "Feature", "properties": { "upi": null, "sts_warta": "Belum Warta", "no_lot": null, "no_pt": null, "seksyen_id": "101001000", "mukim_id": "101001", "daerah_id": "1010", "negeri_id": "10", "nama": null, "gtn1": "Tanah Lapang dan Rekreasi", "gtn2": "Tanah Lapang", "gtn3": "Tanah Lapang Lain", "kod_gtn": "TLR107", "no_warta": null, "trkh_warta": null, "serah_PTD": null, "Luas_h": 0.085, "pemilik": null, "selenggara": null, "catatan": null, "tahun_data": 2024, "PBT": "MPSp" }, "geometry": { "type": "Polygon", "coordinates": [ [ [ 101.741531433346069, 2.93521403896316 ], [ 101.740834162152424, 2.935250884861636 ], [ 101.740815331699125, 2.935438900728782 ], [ 101.740790045346586, 2.935692211160877 ], [ 101.740778477439889, 2.935805708055873 ], [ 101.740820305040714, 2.93581021647792 ], [ 101.740869807984666, 2.935334433557307 ], [ 101.740875725909717, 2.935274655566573 ], [ 101.741486379706004, 2.93524814641545 ], [ 101.741471045068934, 2.935396913315124 ], [ 101.741422082072503, 2.935872696060595 ], [ 101.741463100082626, 2.935877023848507 ], [ 101.741531433346069, 2.93521403896316 ] ] ] } },
{ "type": "Feature", "properties": { "upi": null, "sts_warta": "Belum Warta", "no_lot": null, "no_pt": null, "seksyen_id": "101001000", "mukim_id": "101001", "daerah_id": "1010", "negeri_id": "10", "nama": null, "gtn1": "Tanah Lapang dan Rekreasi", "gtn2": "Tanah Lapang", "gtn3": "Tanah Lapang Lain", "kod_gtn": "TLR107", "no_warta": null, "trkh_warta": null, "serah_PTD": null, "Luas_h": 0.0423, "pemilik": null, "selenggara": null, "catatan": null, "tahun_data": 2024, "PBT": "MPSp" }, "geometry": { "type": "Polygon", "coordinates": [ [ [ 101.740772827801436, 2.935860512154413 ], [ 101.740753997255055, 2.936048256722394 ], [ 101.740729517405228, 2.936291890582805 ], [ 101.740705037720801, 2.936536067039999 ], [ 101.740689973027756, 2.936685466884773 ], [ 101.740730181525336, 2.936689794952277 ], [ 101.740815195181909, 2.935865291704378 ], [ 101.740772827801436, 2.935860512154413 ] ] ] } },
{ "type": "Feature", "properties": { "upi": null, "sts_warta": "Belum Warta", "no_lot": null, "no_pt": null, "seksyen_id": "101001000", "mukim_id": "101001", "daerah_id": "1010", "negeri_id": "10", "nama": "Taman Putra Prima", "gtn1": "Tanah Lapang dan Rekreasi", "gtn2": "Tanah Lapang", "gtn3": "Tanah Lapang Lain", "kod_gtn": "TLR107", "no_warta": null, "trkh_warta": null, "serah_PTD": null, "Luas_h": 0.042, "pemilik": null, "selenggara": null, "catatan": "Kawasan Lapang", "tahun_data": 2024, "PBT": "MPSp" }, "geometry": { "type": "Polygon", "coordinates": [ [ [ 101.594844469763842, 2.979726419641557 ], [ 101.594844446644089, 2.979601892151678 ], [ 101.594805042139271, 2.979572870260032 ], [ 101.594449660940484, 2.97968308538217 ], [ 101.594507145657218, 2.979711018692769 ], [ 101.594731396495746, 2.979709258411964 ], [ 101.594844469763842, 2.979726419641557 ] ] ] } },
{ "type": "Feature", "properties": { "upi": null, "sts_warta": "Dalam Proses", "no_lot": null, "no_pt": null, "seksyen_id": null, "mukim_id": null, "daerah_id": "1001", "negeri_id": "10", "nama": "Jalan Raksa 3, Kampung Kuantan", "gtn1": "Tanah Lapang dan Rekreasi", "gtn2": "Tanah Lapang", "gtn3": "Tanah Lapang Lain", "kod_gtn": "TLR107", "no_warta": null, "trkh_warta": null, "serah_PTD": null, "Luas_h": 0.0852, "pemilik": null, "selenggara": null, "catatan": null, "tahun_data": 2024, "PBT": "MBDK" }, "geometry": { "type": "Polygon", "coordinates": [ [ [ 101.459607996015308, 3.0434830015106 ], [ 101.459783997815052, 3.043486997389132 ], [ 101.459784995903632, 3.043081996205775 ], [ 101.459628003108548, 3.043057002305951 ], [ 101.459607996015308, 3.0434830015106 ] ] ] } },
{ "type": "Feature", "properties": { "upi": null, "sts_warta": "Dalam Proses", "no_lot": null, "no_pt": null, "seksyen_id": null, "mukim_id": null, "daerah_id": "1001", "negeri_id": "10", "nama": "Jalan Zingta, Kampung Kuantan", "gtn1": "Tanah Lapang dan Rekreasi", "gtn2": "Tanah Lapang", "gtn3": "Tanah Lapang Lain", "kod_gtn": "TLR107", "no_warta": null, "trkh_warta": null, "serah_PTD": null, "Luas_h": 0.1892, "pemilik": null, "selenggara": null, "catatan": null, "tahun_data": 2024, "PBT": "MBDK" }, "geometry": { "type": "Polygon", "coordinates": [ [ [ 101.458177998526779, 3.042994004345884 ], [ 101.458200004204556, 3.042747001985177 ], [ 101.457430001749771, 3.042598003384468 ], [ 101.457402004429781, 3.042653999049735 ], [ 101.457421001040657, 3.042707003499285 ], [ 101.457998004003755, 3.042960996682565 ], [ 101.458177998526779, 3.042994004345884 ] ] ] } },
{ "type": "Feature", "properties": { "upi": null, "sts_warta": "Dalam Proses", "no_lot": null, "no_pt": null, "seksyen_id": null, "mukim_id": null, "daerah_id": "1001", "negeri_id": "10", "nama": "Jalan Raksa 3, Kampung Kuantan", "gtn1": "Tanah Lapang dan Rekreasi", "gtn2": "Tanah Lapang", "gtn3": "Tanah Lapang Lain", "kod_gtn": "TLR107", "no_warta": null, "trkh_warta": null, "serah_PTD": null, "Luas_h": 0.0181, "pemilik": null, "selenggara": null, "catatan": null, "tahun_data": 2024, "PBT": "MBDK" }, "geometry": { "type": "Polygon", "coordinates": [ [ [ 101.459628003108548, 3.043057002305951 ], [ 101.459784995903632, 3.043081996205775 ], [ 101.459785998158466, 3.042996002218632 ], [ 101.459581003129173, 3.042991996023397 ], [ 101.459580002076251, 3.043050000576444 ], [ 101.459628003108548, 3.043057002305951 ] ] ] } },
{ "type": "Feature", "properties": { "upi": null, "sts_warta": "Dalam Proses", "no_lot": null, "no_pt": null, "seksyen_id": null, "mukim_id": null, "daerah_id": "1001", "negeri_id": "10", "nama": "Jalan Dendang 1, Taman Rashna", "gtn1": "Tanah Lapang dan Rekreasi", "gtn2": "Tanah Lapang", "gtn3": "Tanah Lapang Lain", "kod_gtn": "TLR107", "no_warta": null, "trkh_warta": null, "serah_PTD": null, "Luas_h": 0.4787, "pemilik": null, "selenggara": null, "catatan": null, "tahun_data": 2024, "PBT": "MBDK" }, "geometry": { "type": "Polygon", "coordinates": [ [ [ 101.464756001814564, 3.054493001240919 ], [ 101.46660699844675, 3.055407001903825 ], [ 101.466592001210969, 3.055195999924925 ], [ 101.464737001915765, 3.05427899665988 ], [ 101.464627002817025, 3.054225003024515 ], [ 101.464756001814564, 3.054493001240919 ] ] ] } },
{ "type": "Feature", "properties": { "upi": null, "sts_warta": "Dalam Proses", "no_lot": null, "no_pt": null, "seksyen_id": null, "mukim_id": null, "daerah_id": "1001", "negeri_id": "10", "nama": "Jalan Kasawari 4, Taman Eng Ann", "gtn1": "Tanah Lapang dan Rekreasi", "gtn2": "Tanah Lapang", "gtn3": "Tanah Lapang Lain", "kod_gtn": "TLR107", "no_warta": null, "trkh_warta": null, "serah_PTD": null, "Luas_h": 0.2956, "pemilik": null, "selenggara": null, "catatan": null, "tahun_data": 2024, "PBT": "MBDK" }, "geometry": { "type": "Polygon", "coordinates": [ [ [ 101.458245002808226, 3.057746001164155 ], [ 101.458302998360182, 3.057765004051204 ], [ 101.458353997142723, 3.057738997451191 ], [ 101.458861001258782, 3.056194003995437 ], [ 101.458833997989998, 3.056142003041677 ], [ 101.458777001056021, 3.056123000228967 ], [ 101.458725003820348, 3.056148997762988 ], [ 101.458218998073548, 3.057694000241595 ], [ 101.458245002808226, 3.057746001164155 ] ] ] } },
{ "type": "Feature", "properties": { "upi": null, "sts_warta": "Dalam Proses", "no_lot": null, "no_pt": null, "seksyen_id": null, "mukim_id": null, "daerah_id": "1001", "negeri_id": "10", "nama": "Jalan Raksa 3, Kampung Kuantan", "gtn1": "Tanah Lapang dan Rekreasi", "gtn2": "Tanah Lapang", "gtn3": "Tanah Lapang Lain", "kod_gtn": "TLR107", "no_warta": null, "trkh_warta": null, "serah_PTD": null, "Luas_h": 0.0488, "pemilik": null, "selenggara": null, "catatan": null, "tahun_data": 2024, "PBT": "MBDK" }, "geometry": { "type": "Polygon", "coordinates": [ [ [ 101.459549001450227, 3.044731002070319 ], [ 101.459560003447407, 3.04472699631284 ], [ 101.459729995516213, 3.044334003205203 ], [ 101.459570998446495, 3.044264000028103 ], [ 101.459549001450227, 3.044731002070319 ] ] ] } },
{ "type": "Feature", "properties": { "upi": null, "sts_warta": "Dalam Proses", "no_lot": null, "no_pt": null, "seksyen_id": null, "mukim_id": null, "daerah_id": "1001", "negeri_id": "10", "nama": "Lorong Kedah, Sungai Pinang", "gtn1": "Tanah Lapang dan Rekreasi", "gtn2": "Tanah Lapang", "gtn3": "Tanah Lapang Lain", "kod_gtn": "TLR107", "no_warta": null, "trkh_warta": null, "serah_PTD": null, "Luas_h": 0.1844, "pemilik": null, "selenggara": null, "catatan": null, "tahun_data": 2024, "PBT": "MBDK" }, "geometry": { "type": "Polygon", "coordinates": [ [ [ 101.449000996791369, 3.066936000169889 ], [ 101.449028998451865, 3.066986997591825 ], [ 101.449424004468469, 3.067103995711568 ], [ 101.449473996470076, 3.067075999943114 ], [ 101.449549000293686, 3.066820997329481 ], [ 101.449075002219601, 3.066680002759394 ], [ 101.449000996791369, 3.066936000169889 ] ] ] } },
{ "type": "Feature", "properties": { "upi": null, "sts_warta": "Dalam Proses", "no_lot": null, "no_pt": null, "seksyen_id": null, "mukim_id": null, "daerah_id": "1001", "negeri_id": "10", "nama": "Lorong Kedah, Sungai Pinang", "gtn1": "Tanah Lapang dan Rekreasi", "gtn2": "Tanah Lapang", "gtn3": "Tanah Lapang Lain", "kod_gtn": "TLR107", "no_warta": null, "trkh_warta": null, "serah_PTD": null, "Luas_h": 0.1852, "pemilik": null, "selenggara": null, "catatan": null, "tahun_data": 2024, "PBT": "MBDK" }, "geometry": { "type": "Polygon", "coordinates": [ [ [ 101.449176000323689, 3.066333002762673 ], [ 101.449648999761706, 3.066473002455198 ], [ 101.449724003605155, 3.066216001226669 ], [ 101.449696001984336, 3.066164000001243 ], [ 101.449300996174415, 3.066049000584365 ], [ 101.449249996670702, 3.066076996291639 ], [ 101.449176000323689, 3.066333002762673 ] ] ] } },
{ "type": "Feature", "properties": { "upi": null, "sts_warta": "Dalam Proses", "no_lot": null, "no_pt": null, "seksyen_id": null, "mukim_id": null, "daerah_id": "1001", "negeri_id": "10", "nama": "Jalan Cendana 9, Taman Seri Pekan", "gtn1": "Tanah Lapang dan Rekreasi", "gtn2": "Tanah Lapang", "gtn3": "Tanah Lapang Lain", "kod_gtn": "TLR107", "no_warta": null, "trkh_warta": null, "serah_PTD": null, "Luas_h": 1.3433, "pemilik": null, "selenggara": null, "catatan": null, "tahun_data": 2024, "PBT": "MBDK" }, "geometry": { "type": "Polygon", "coordinates": [ [ [ 101.444784842904298, 3.0802375790958 ], [ 101.444810253821316, 3.080288775422933 ], [ 101.445527263501418, 3.080508436719737 ], [ 101.445587107922222, 3.080305487578529 ], [ 101.44590072338471, 3.080398851889799 ], [ 101.446024587674231, 3.079967315678981 ], [ 101.445870415961025, 3.079918490412998 ], [ 101.445858880400564, 3.07996442131857 ], [ 101.445749058365323, 3.079931524057838 ], [ 101.445752198841717, 3.079916575452961 ], [ 101.445672998948993, 3.07989163816251 ], [ 101.445773757260099, 3.079532737456082 ], [ 101.445581568951269, 3.079472243940228 ], [ 101.445662387976256, 3.079183844652273 ], [ 101.445165022919539, 3.079031027169047 ], [ 101.445114400466565, 3.079059945108525 ], [ 101.444784842904298, 3.0802375790958 ] ] ] } },
{ "type": "Feature", "properties": { "upi": null, "sts_warta": "Dalam Proses", "no_lot": null, "no_pt": null, "seksyen_id": null, "mukim_id": null, "daerah_id": "1001", "negeri_id": "10", "nama": "Jalan 8A, Taman Seri Rantau", "gtn1": "Tanah Lapang dan Rekreasi", "gtn2": "Tanah Lapang", "gtn3": "Tanah Lapang Lain", "kod_gtn": "TLR107", "no_warta": null, "trkh_warta": null, "serah_PTD": null, "Luas_h": 0.064, "pemilik": null, "selenggara": null, "catatan": null, "tahun_data": 2024, "PBT": "MBDK" }, "geometry": { "type": "Polygon", "coordinates": [ [ [ 101.395939000150619, 3.052720997956617 ], [ 101.396168999876963, 3.052865002052469 ], [ 101.396270003771676, 3.052701995793913 ], [ 101.396040004064844, 3.052558000763526 ], [ 101.395939000150619, 3.052720997956617 ] ] ] } },
{ "type": "Feature", "properties": { "upi": null, "sts_warta": "Dalam Proses", "no_lot": null, "no_pt": null, "seksyen_id": null, "mukim_id": null, "daerah_id": "1001", "negeri_id": "10", "nama": "Jalan 22B, Taman Kembara", "gtn1": "Tanah Lapang dan Rekreasi", "gtn2": "Tanah Lapang", "gtn3": "Tanah Lapang Lain", "kod_gtn": "TLR107", "no_warta": null, "trkh_warta": null, "serah_PTD": null, "Luas_h": 0.0736, "pemilik": null, "selenggara": null, "catatan": null, "tahun_data": 2024, "PBT": "MBDK" }, "geometry": { "type": "Polygon", "coordinates": [ [ [ 101.401188003239653, 3.061118996471266 ], [ 101.401447003004392, 3.061040000660769 ], [ 101.401382999886224, 3.060827998477503 ], [ 101.401124000069885, 3.060907998094049 ], [ 101.401188003239653, 3.061118996471266 ] ] ] } },
{ "type": "Feature", "properties": { "upi": null, "sts_warta": "Dalam Proses", "no_lot": null, "no_pt": null, "seksyen_id": null, "mukim_id": null, "daerah_id": "1001", "negeri_id": "10", "nama": "Jalan 1C, Taman Dagang", "gtn1": "Tanah Lapang dan Rekreasi", "gtn2": "Tanah Lapang", "gtn3": "Tanah Lapang Lain", "kod_gtn": "TLR107", "no_warta": null, "trkh_warta": null, "serah_PTD": null, "Luas_h": 0.0896, "pemilik": null, "selenggara": null, "catatan": null, "tahun_data": 2024, "PBT": "MBDK" }, "geometry": { "type": "Polygon", "coordinates": [ [ [ 101.41788400153159, 3.054260003637632 ], [ 101.417790001406388, 3.054399997097965 ], [ 101.418260996108089, 3.054739996663063 ], [ 101.418309003366218, 3.054674001712732 ], [ 101.41788400153159, 3.054260003637632 ] ] ] } },
{ "type": "Feature", "properties": { "upi": null, "sts_warta": "Dalam Proses", "no_lot": null, "no_pt": null, "seksyen_id": null, "mukim_id": null, "daerah_id": "1001", "negeri_id": "10", "nama": "Jalan Haji Musran 6D, Taman Dagang", "gtn1": "Tanah Lapang dan Rekreasi", "gtn2": "Tanah Lapang", "gtn3": "Tanah Lapang Lain", "kod_gtn": "TLR107", "no_warta": null, "trkh_warta": null, "serah_PTD": null, "Luas_h": 0.0734, "pemilik": null, "selenggara": null, "catatan": null, "tahun_data": 2024, "PBT": "MBDK" }, "geometry": { "type": "Polygon", "coordinates": [ [ [ 101.417229997786038, 3.057910002249383 ], [ 101.417070002676354, 3.058167997745496 ], [ 101.41723700253138, 3.058272002106079 ], [ 101.417396997534951, 3.05801500136151 ], [ 101.417229997786038, 3.057910002249383 ] ] ] } },
{ "type": "Feature", "properties": { "upi": null, "sts_warta": "Dalam Proses", "no_lot": null, "no_pt": null, "seksyen_id": null, "mukim_id": null, "daerah_id": "1001", "negeri_id": "10", "nama": "Jalan Canggung 4/KU5, Bandar Bukit Raja", "gtn1": "Tanah Lapang dan Rekreasi", "gtn2": "Tanah Lapang", "gtn3": "Lot Permainan", "kod_gtn": "TLR106", "no_warta": null, "trkh_warta": null, "serah_PTD": null, "Luas_h": 0.3207, "pemilik": null, "selenggara": null, "catatan": null, "tahun_data": 2024, "PBT": "MBDK" }, "geometry": { "type": "Polygon", "coordinates": [ [ [ 101.422048998267286, 3.095392002577594 ], [ 101.422048996111357, 3.094400002689953 ], [ 101.421786001723362, 3.094399999633716 ], [ 101.42178600363475, 3.095391999514584 ], [ 101.422048998267286, 3.095392002577594 ] ] ] } },
{ "type": "Feature", "properties": { "upi": null, "sts_warta": "Dalam Proses", "no_lot": null, "no_pt": null, "seksyen_id": null, "mukim_id": null, "daerah_id": "1001", "negeri_id": "10", "nama": "Jalan Ngajat 5/KU5, Bandar Bukit Raja", "gtn1": "Tanah Lapang dan Rekreasi", "gtn2": "Tanah Lapang", "gtn3": "Taman Kejiranan", "kod_gtn": "TLR104", "no_warta": null, "trkh_warta": null, "serah_PTD": null, "Luas_h": 1.4478, "pemilik": null, "selenggara": null, "catatan": null, "tahun_data": 2024, "PBT": "MBDK" }, "geometry": { "type": "Polygon", "coordinates": [ [ [ 101.412095003534205, 3.096887000944747 ], [ 101.412090997545363, 3.099042996455641 ], [ 101.412090002620175, 3.09960899670212 ], [ 101.412088996051097, 3.099800002619438 ], [ 101.412088998111315, 3.099878002089949 ], [ 101.412089002216462, 3.099933004151525 ], [ 101.413453001259839, 3.09993499782794 ], [ 101.413460000851288, 3.099929002662259 ], [ 101.413460002691593, 3.099908003847704 ], [ 101.412174000985686, 3.099905999100102 ], [ 101.412174999141925, 3.099606996697219 ], [ 101.412102999749564, 3.099534995589372 ], [ 101.412103996640525, 3.099047998632921 ], [ 101.412202001180987, 3.098950003921077 ], [ 101.412203000237852, 3.098438001909601 ], [ 101.412113999671959, 3.098348002877948 ], [ 101.412116002816958, 3.097268002001667 ], [ 101.41223800219737, 3.09714599915848 ], [ 101.414209997038924, 3.097149999451233 ], [ 101.414252003881018, 3.097109000280752 ], [ 101.41425199778206, 3.096972001542658 ], [ 101.412293002783954, 3.096968002503053 ], [ 101.412292997868391, 3.096719001047513 ], [ 101.412272999312179, 3.096718999255935 ], [ 101.412151003655083, 3.09659700166127 ], [ 101.412152000481171, 3.096109995633534 ], [ 101.412287999040942, 3.095974003866197 ], [ 101.412288998765206, 3.095555004331569 ], [ 101.412145000594421, 3.09540999831275 ], [ 101.412147000879955, 3.094665001743202 ], [ 101.412141000425038, 3.094665001205214 ], [ 101.412141003318382, 3.094530995841122 ], [ 101.412292004164669, 3.094532004144528 ], [ 101.412292001291092, 3.094666000465787 ], [ 101.412284003683254, 3.09466599974983 ], [ 101.41228299677914, 3.094759996944054 ], [ 101.412323997759671, 3.094801003470222 ], [ 101.413023999774964, 3.09480300117362 ], [ 101.413024004310032, 3.094342003898427 ], [ 101.412099997674872, 3.09434000422388 ], [ 101.412095996304174, 3.096445998784659 ], [ 101.412095002128069, 3.096599004274724 ], [ 101.412094996088143, 3.096667001729606 ], [ 101.412094998955098, 3.096736003004531 ], [ 101.412095003534205, 3.096887000944747 ] ] ] } },
{ "type": "Feature", "properties": { "upi": null, "sts_warta": "Dalam Proses", "no_lot": null, "no_pt": null, "seksyen_id": null, "mukim_id": null, "daerah_id": "1001", "negeri_id": "10", "nama": "Jalan Kuda Kepang 7/KU5, Bandar Bukit Raja", "gtn1": "Tanah Lapang dan Rekreasi", "gtn2": "Tanah Lapang", "gtn3": "Lot Permainan", "kod_gtn": "TLR106", "no_warta": null, "trkh_warta": null, "serah_PTD": null, "Luas_h": 0.5395, "pemilik": null, "selenggara": null, "catatan": null, "tahun_data": 2024, "PBT": "MBDK" }, "geometry": { "type": "Polygon", "coordinates": [ [ [ 101.427064999722603, 3.094489000848067 ], [ 101.427595998997603, 3.094737002388967 ], [ 101.427596001272562, 3.094463999582013 ], [ 101.428146000891502, 3.094464004524443 ], [ 101.428190000477173, 3.094351995981078 ], [ 101.428227999747293, 3.094237997436156 ], [ 101.428259000128236, 3.094121999772658 ], [ 101.428354003315121, 3.094074004352357 ], [ 101.428162996435077, 3.094073999188634 ], [ 101.42816299806681, 3.0942959971036 ], [ 101.42804199941952, 3.094418001929416 ], [ 101.42696600204259, 3.094418002509463 ], [ 101.426845003537466, 3.09429599759964 ], [ 101.426844998812598, 3.094238996914481 ], [ 101.426711999276264, 3.094238995878417 ], [ 101.426712002738824, 3.094073003879895 ], [ 101.426193004155365, 3.094073000562702 ], [ 101.426192995899996, 3.093825002820716 ], [ 101.425688004485082, 3.093825000327568 ], [ 101.425565998619135, 3.093703004241461 ], [ 101.42556599760087, 3.093480002518351 ], [ 101.424894001368557, 3.093479995834835 ], [ 101.424954003627121, 3.093509002737759 ], [ 101.427064999722603, 3.094489000848067 ] ] ] } },
{ "type": "Feature", "properties": { "upi": null, "sts_warta": "Dalam Proses", "no_lot": null, "no_pt": null, "seksyen_id": null, "mukim_id": null, "daerah_id": "1001", "negeri_id": "10", "nama": "Jalan Kuda Kepang 11/KU5, Bandar Bukit Raja", "gtn1": "Tanah Lapang dan Rekreasi", "gtn2": "Tanah Lapang", "gtn3": "Tanah Lapang Lain", "kod_gtn": "TLR107", "no_warta": null, "trkh_warta": null, "serah_PTD": null, "Luas_h": 1.0516, "pemilik": null, "selenggara": null, "catatan": null, "tahun_data": 2024, "PBT": "MBDK" }, "geometry": { "type": "Polygon", "coordinates": [ [ [ 101.432650999364867, 3.094880002391368 ], [ 101.43252900258679, 3.095001998627665 ], [ 101.433080001059849, 3.095002001076847 ], [ 101.433067995700526, 3.094806002141134 ], [ 101.433072997392557, 3.093116003824929 ], [ 101.433035000191296, 3.093078000709177 ], [ 101.432713000313001, 3.093077001483724 ], [ 101.432712999827174, 3.093084001092941 ], [ 101.432845999219566, 3.093084001369657 ], [ 101.432845996714249, 3.093250002438698 ], [ 101.432712997301167, 3.093250002161482 ], [ 101.432712996912159, 3.093125998748218 ], [ 101.432651004294868, 3.093126003441633 ], [ 101.432651000888256, 3.093692998916616 ], [ 101.432538999628107, 3.093805997656335 ], [ 101.432539002555757, 3.094281003428812 ], [ 101.432650997227753, 3.094392996001374 ], [ 101.432650999364867, 3.094880002391368 ] ] ] } },
{ "type": "Feature", "properties": { "upi": null, "sts_warta": "Dalam Proses", "no_lot": null, "no_pt": null, "seksyen_id": null, "mukim_id": null, "daerah_id": "1001", "negeri_id": "10", "nama": "Jalan Kuda Kepang 11/KU5, Bandar Bukit Raja", "gtn1": "Tanah Lapang dan Rekreasi", "gtn2": "Tanah Lapang", "gtn3": "Lot Permainan", "kod_gtn": "TLR106", "no_warta": null, "trkh_warta": null, "serah_PTD": null, "Luas_h": 0.3633, "pemilik": null, "selenggara": null, "catatan": null, "tahun_data": 2024, "PBT": "MBDK" }, "geometry": { "type": "Polygon", "coordinates": [ [ [ 101.428984003449258, 3.094229000956843 ], [ 101.429024995983141, 3.094271001628057 ], [ 101.4296359986065, 3.094271001240058 ], [ 101.429635995597096, 3.093814995729013 ], [ 101.429025002231015, 3.093814996124273 ], [ 101.428984003588681, 3.093856999798696 ], [ 101.428984003449258, 3.094229000956843 ] ] ] } },
{ "type": "Feature", "properties": { "upi": null, "sts_warta": "Dalam Proses", "no_lot": null, "no_pt": null, "seksyen_id": null, "mukim_id": null, "daerah_id": "1001", "negeri_id": "10", "nama": "Jalan Kuda Kepang 10/KU5, Bandar Bukit Raja", "gtn1": "Tanah Lapang dan Rekreasi", "gtn2": "Tanah Lapang", "gtn3": "Lot Permainan", "kod_gtn": "TLR106", "no_warta": null, "trkh_warta": null, "serah_PTD": null, "Luas_h": 0.2855, "pemilik": null, "selenggara": null, "catatan": null, "tahun_data": 2024, "PBT": "MBDK" }, "geometry": { "type": "Polygon", "coordinates": [ [ [ 101.428818003399087, 3.095002002312332 ], [ 101.428969004401011, 3.09500200441293 ], [ 101.428846998029456, 3.094879999652011 ], [ 101.428846996331814, 3.094656997916053 ], [ 101.428816004477113, 3.094656995627258 ], [ 101.428816004408915, 3.094780999025702 ], [ 101.42868199723226, 3.094780998161624 ], [ 101.428682000391177, 3.094614997113466 ], [ 101.428815998550789, 3.094614997976347 ], [ 101.428846999400449, 3.094615000265776 ], [ 101.42884699576048, 3.093926000046142 ], [ 101.428801001809958, 3.093878003210168 ], [ 101.428712002916754, 3.093873999440345 ], [ 101.428654001044293, 3.093921997632723 ], [ 101.428653000564509, 3.093947997396378 ], [ 101.428636997741094, 3.094052004606011 ], [ 101.428631003868389, 3.094085003608389 ], [ 101.428671000296731, 3.094093000953335 ], [ 101.428662999397957, 3.094138000428081 ], [ 101.428645001032351, 3.094219995801192 ], [ 101.428608997493825, 3.094353998558968 ], [ 101.428563997689395, 3.09448900446816 ], [ 101.428511000412939, 3.094622002142176 ], [ 101.428495002702149, 3.094656004221167 ], [ 101.428818003399087, 3.095002002312332 ] ] ] } },
{ "type": "Feature", "properties": { "upi": null, "sts_warta": "Dalam Proses", "no_lot": null, "no_pt": null, "seksyen_id": null, "mukim_id": null, "daerah_id": "1001", "negeri_id": "10", "nama": "Jalan Zapin 3F/KU5, Bandar Bukit Raja", "gtn1": "Tanah Lapang dan Rekreasi", "gtn2": "Tanah Lapang", "gtn3": "Lot Permainan", "kod_gtn": "TLR106", "no_warta": null, "trkh_warta": null, "serah_PTD": null, "Luas_h": 0.135, "pemilik": null, "selenggara": null, "catatan": null, "tahun_data": 2024, "PBT": "MBDK" }, "geometry": { "type": "Polygon", "coordinates": [ [ [ 101.444062996975475, 3.080729996467412 ], [ 101.444060003879784, 3.080992997235141 ], [ 101.444087001259419, 3.080989996414358 ], [ 101.4440880038606, 3.080921004168948 ], [ 101.444799003957485, 3.080838000186374 ], [ 101.444201000674866, 3.080661003273863 ], [ 101.444101000457863, 3.080660002589485 ], [ 101.444062996975475, 3.080729996467412 ] ] ] } },
{ "type": "Feature", "properties": { "upi": null, "sts_warta": "Dalam Proses", "no_lot": null, "no_pt": null, "seksyen_id": null, "mukim_id": null, "daerah_id": "1001", "negeri_id": "10", "nama": "Jalan Sungai Chadong 8, Kawasan Industri Klang Uta", "gtn1": "Tanah Lapang dan Rekreasi", "gtn2": "Tanah Lapang", "gtn3": "Tanah Lapang Lain", "kod_gtn": "TLR107", "no_warta": null, "trkh_warta": null, "serah_PTD": null, "Luas_h": 0.129, "pemilik": null, "selenggara": null, "catatan": null, "tahun_data": 2024, "PBT": "MBDK" }, "geometry": { "type": "Polygon", "coordinates": [ [ [ 101.400170002516589, 3.088540997832816 ], [ 101.39984199770285, 3.088688996385047 ], [ 101.399960000293532, 3.088955997062014 ], [ 101.400286997506996, 3.088809002193869 ], [ 101.400170002516589, 3.088540997832816 ] ] ] } },
{ "type": "Feature", "properties": { "upi": null, "sts_warta": "Dalam Proses", "no_lot": null, "no_pt": null, "seksyen_id": null, "mukim_id": null, "daerah_id": "1001", "negeri_id": "10", "nama": "Lorong Sungai Keramat 28, Taman Klang Utama", "gtn1": "Tanah Lapang dan Rekreasi", "gtn2": "Tanah Lapang", "gtn3": "Lot Permainan", "kod_gtn": "TLR106", "no_warta": null, "trkh_warta": null, "serah_PTD": null, "Luas_h": 0.1324, "pemilik": null, "selenggara": null, "catatan": null, "tahun_data": 2024, "PBT": "MBDK" }, "geometry": { "type": "Polygon", "coordinates": [ [ [ 101.419937999832911, 3.087174002612364 ], [ 101.42028100386419, 3.087174998355601 ], [ 101.420281998499959, 3.086890004064895 ], [ 101.419939003556934, 3.086888999281885 ], [ 101.41989799583429, 3.086931002606248 ], [ 101.419896998925097, 3.087132001599347 ], [ 101.419937999832911, 3.087174002612364 ] ] ] } },
{ "type": "Feature", "properties": { "upi": null, "sts_warta": "Dalam Proses", "no_lot": null, "no_pt": null, "seksyen_id": null, "mukim_id": null, "daerah_id": "1001", "negeri_id": "10", "nama": "Lorong Sungai Keramat 28, Taman Klang Utama", "gtn1": "Tanah Lapang dan Rekreasi", "gtn2": "Tanah Lapang", "gtn3": "Lot Permainan", "kod_gtn": "TLR106", "no_warta": null, "trkh_warta": null, "serah_PTD": null, "Luas_h": 0.1322, "pemilik": null, "selenggara": null, "catatan": null, "tahun_data": 2024, "PBT": "MBDK" }, "geometry": { "type": "Polygon", "coordinates": [ [ [ 101.42066499760692, 3.087133999676802 ], [ 101.420666003448773, 3.086931996859888 ], [ 101.420625002440488, 3.086890999694081 ], [ 101.420281998499959, 3.086890004064895 ], [ 101.42028100386419, 3.087174998355601 ], [ 101.420623998980133, 3.087174999210633 ], [ 101.42066499760692, 3.087133999676802 ] ] ] } },
{ "type": "Feature", "properties": { "upi": null, "sts_warta": "Dalam Proses", "no_lot": null, "no_pt": null, "seksyen_id": null, "mukim_id": null, "daerah_id": "1001", "negeri_id": "10", "nama": "Jalan Sungai Keramat 36, Taman Klang Utama", "gtn1": "Tanah Lapang dan Rekreasi", "gtn2": "Tanah Lapang", "gtn3": "Lot Permainan", "kod_gtn": "TLR106", "no_warta": null, "trkh_warta": null, "serah_PTD": null, "Luas_h": 1.2342, "pemilik": null, "selenggara": null, "catatan": null, "tahun_data": 2024, "PBT": "MBDK" }, "geometry": { "type": "Polygon", "coordinates": [ [ [ 101.422526996410156, 3.087138002082805 ], [ 101.422530002966084, 3.0862010043591 ], [ 101.422489001992716, 3.08615900344391 ], [ 101.421681996862986, 3.08615700357378 ], [ 101.421679996647697, 3.086874002043337 ], [ 101.421213997777059, 3.086872996817512 ], [ 101.421214003798895, 3.087135002820172 ], [ 101.421254995762439, 3.087177003782898 ], [ 101.422485997854594, 3.087179001690751 ], [ 101.422526996410156, 3.087138002082805 ] ] ] } },
{ "type": "Feature", "properties": { "upi": null, "sts_warta": "Dalam Proses", "no_lot": null, "no_pt": null, "seksyen_id": null, "mukim_id": null, "daerah_id": "1001", "negeri_id": "10", "nama": "Jalan Hikmah 2/KU8, Taman Meru Jaya", "gtn1": "Tanah Lapang dan Rekreasi", "gtn2": "Tanah Lapang", "gtn3": "Lot Permainan", "kod_gtn": "TLR106", "no_warta": null, "trkh_warta": null, "serah_PTD": null, "Luas_h": 0.1651, "pemilik": null, "selenggara": null, "catatan": null, "tahun_data": 2024, "PBT": "MBDK" }, "geometry": { "type": "Polygon", "coordinates": [ [ [ 101.437139995912332, 3.12820000426652 ], [ 101.43709599733036, 3.128560996475314 ], [ 101.437461997767613, 3.128606997574823 ], [ 101.437507003831769, 3.128245996371592 ], [ 101.437139995912332, 3.12820000426652 ] ] ] } },
{ "type": "Feature", "properties": { "upi": null, "sts_warta": "Dalam Proses", "no_lot": null, "no_pt": null, "seksyen_id": null, "mukim_id": null, "daerah_id": "1001", "negeri_id": "10", "nama": "Jalan Kasban 6/KU8, Taman Meru Makmur", "gtn1": "Tanah Lapang dan Rekreasi", "gtn2": "Tanah Lapang", "gtn3": "Tanah Lapang Lain", "kod_gtn": "TLR107", "no_warta": null, "trkh_warta": null, "serah_PTD": null, "Luas_h": 0.083, "pemilik": null, "selenggara": null, "catatan": null, "tahun_data": 2024, "PBT": "MBDK" }, "geometry": { "type": "Polygon", "coordinates": [ [ [ 101.431237000869601, 3.127670997151813 ], [ 101.431236996190663, 3.127485001202761 ], [ 101.430874996601787, 3.127483998267889 ], [ 101.430875001144742, 3.127670998034612 ], [ 101.431237000869601, 3.127670997151813 ] ] ] } },
{ "type": "Feature", "properties": { "upi": null, "sts_warta": "Dalam Proses", "no_lot": null, "no_pt": null, "seksyen_id": null, "mukim_id": null, "daerah_id": "1001", "negeri_id": "10", "nama": "Jalan Muafakat 2, Taman Meru Selatan", "gtn1": "Tanah Lapang dan Rekreasi", "gtn2": "Tanah Lapang", "gtn3": "Tanah Lapang Lain", "kod_gtn": "TLR107", "no_warta": null, "trkh_warta": null, "serah_PTD": null, "Luas_h": 0.1592, "pemilik": null, "selenggara": null, "catatan": null, "tahun_data": 2024, "PBT": "MBDK" }, "geometry": { "type": "Polygon", "coordinates": [ [ [ 101.438595998377295, 3.119340000807831 ], [ 101.438597999708833, 3.11885700094625 ], [ 101.438343995722619, 3.118855998646043 ], [ 101.438341996519384, 3.118886999357403 ], [ 101.438326002306553, 3.1191440032497 ], [ 101.438318996255944, 3.119250000710799 ], [ 101.438313997499549, 3.119338996674384 ], [ 101.438595998377295, 3.119340000807831 ] ] ] } },
{ "type": "Feature", "properties": { "upi": null, "sts_warta": "Dalam Proses", "no_lot": null, "no_pt": null, "seksyen_id": null, "mukim_id": null, "daerah_id": "1001", "negeri_id": "10", "nama": "Jalan Sejahtera 6, Taman Meru Sejahtera", "gtn1": "Tanah Lapang dan Rekreasi", "gtn2": "Tanah Lapang", "gtn3": "Tanah Lapang Lain", "kod_gtn": "TLR107", "no_warta": null, "trkh_warta": null, "serah_PTD": null, "Luas_h": 0.0226, "pemilik": null, "selenggara": null, "catatan": null, "tahun_data": 2024, "PBT": "MBDK" }, "geometry": { "type": "Polygon", "coordinates": [ [ [ 101.437082003438022, 3.130396999188823 ], [ 101.437245000411679, 3.130417999835238 ], [ 101.437258997268657, 3.130307001863972 ], [ 101.437096000311826, 3.130286001220079 ], [ 101.437082003438022, 3.130396999188823 ] ] ] } },
{ "type": "Feature", "properties": { "upi": null, "sts_warta": "Dalam Proses", "no_lot": null, "no_pt": null, "seksyen_id": null, "mukim_id": null, "daerah_id": "1001", "negeri_id": "10", "nama": "Jalan Khamis 3, Taman Meru Mulia", "gtn1": "Tanah Lapang dan Rekreasi", "gtn2": "Tanah Lapang", "gtn3": "Tanah Lapang Lain", "kod_gtn": "TLR107", "no_warta": null, "trkh_warta": null, "serah_PTD": null, "Luas_h": 0.091, "pemilik": null, "selenggara": null, "catatan": null, "tahun_data": 2024, "PBT": "MBDK" }, "geometry": { "type": "Polygon", "coordinates": [ [ [ 101.431961001641568, 3.133103999141371 ], [ 101.431960996077763, 3.133309004332681 ], [ 101.432322997737813, 3.13330900312015 ], [ 101.432323003160249, 3.133105001746298 ], [ 101.431961001641568, 3.133103999141371 ] ] ] } },
{ "type": "Feature", "properties": { "upi": null, "sts_warta": "Dalam Proses", "no_lot": null, "no_pt": null, "seksyen_id": null, "mukim_id": null, "daerah_id": "1001", "negeri_id": "10", "nama": "Jalan mangga 3/KU10, Taman Harum Manis", "gtn1": "Tanah Lapang dan Rekreasi", "gtn2": "Tanah Lapang", "gtn3": "Lot Permainan", "kod_gtn": "TLR106", "no_warta": null, "trkh_warta": null, "serah_PTD": null, "Luas_h": 0.0911, "pemilik": null, "selenggara": null, "catatan": null, "tahun_data": 2024, "PBT": "MBDK" }, "geometry": { "type": "Polygon", "coordinates": [ [ [ 101.434603002072919, 3.150066999996392 ], [ 101.434805002060017, 3.150095003401282 ], [ 101.434853995570464, 3.149734997555115 ], [ 101.434651995650597, 3.149707003204558 ], [ 101.434603002072919, 3.150066999996392 ] ] ] } },
{ "type": "Feature", "properties": { "upi": null, "sts_warta": "Dalam Proses", "no_lot": null, "no_pt": null, "seksyen_id": null, "mukim_id": null, "daerah_id": "1001", "negeri_id": "10", "nama": "Jalan Meranti Merah 1/KU10, Taman Desa Permai", "gtn1": "Tanah Lapang dan Rekreasi", "gtn2": "Tanah Lapang", "gtn3": "Lot Permainan", "kod_gtn": "TLR106", "no_warta": null, "trkh_warta": null, "serah_PTD": null, "Luas_h": 0.1219, "pemilik": null, "selenggara": null, "catatan": null, "tahun_data": 2024, "PBT": "MBDK" }, "geometry": { "type": "Polygon", "coordinates": [ [ [ 101.443775999211667, 3.145758998277597 ], [ 101.443875996928597, 3.145754003331506 ], [ 101.443949999523127, 3.14521300354265 ], [ 101.44366799999348, 3.145224001323906 ], [ 101.443675003580623, 3.145452999126371 ], [ 101.443767003157163, 3.145450002299 ], [ 101.443775999211667, 3.145758998277597 ] ] ] } },
{ "type": "Feature", "properties": { "upi": null, "sts_warta": "Dalam Proses", "no_lot": null, "no_pt": null, "seksyen_id": null, "mukim_id": null, "daerah_id": "1001", "negeri_id": "10", "nama": "Jalan Meranti Bunga 35/KU10, Taman Seri Mewah", "gtn1": "Tanah Lapang dan Rekreasi", "gtn2": "Tanah Lapang", "gtn3": "Tanah Lapang Lain", "kod_gtn": "TLR107", "no_warta": null, "trkh_warta": null, "serah_PTD": null, "Luas_h": 0.0481, "pemilik": null, "selenggara": null, "catatan": null, "tahun_data": 2024, "PBT": "MBDK" }, "geometry": { "type": "Polygon", "coordinates": [ [ [ 101.44799599717733, 3.14368899968318 ], [ 101.447990002864842, 3.143735003205713 ], [ 101.447961004104798, 3.143944003971445 ], [ 101.44826200396021, 3.143934995639361 ], [ 101.448270002887483, 3.14391800350954 ], [ 101.448132001422806, 3.143802999639227 ], [ 101.448108995546789, 3.143830996758985 ], [ 101.448061000967002, 3.143790000238805 ], [ 101.448083997846766, 3.143762003119586 ], [ 101.44799599717733, 3.14368899968318 ] ] ] } },
{ "type": "Feature", "properties": { "upi": null, "sts_warta": "Dalam Proses", "no_lot": null, "no_pt": null, "seksyen_id": null, "mukim_id": null, "daerah_id": "1001", "negeri_id": "10", "nama": "Jalan Meranti Merah 2/KU10, Taman Desa Permai", "gtn1": "Tanah Lapang dan Rekreasi", "gtn2": "Tanah Lapang", "gtn3": "Lot Permainan", "kod_gtn": "TLR106", "no_warta": null, "trkh_warta": null, "serah_PTD": null, "Luas_h": 0.0661, "pemilik": null, "selenggara": null, "catatan": null, "tahun_data": 2024, "PBT": "MBDK" }, "geometry": { "type": "Polygon", "coordinates": [ [ [ 101.44370099785813, 3.146299997985116 ], [ 101.443808003876626, 3.146297002067352 ], [ 101.443881997553447, 3.145756002289918 ], [ 101.443775999211667, 3.145758998277597 ], [ 101.44378600289069, 3.146068003358944 ], [ 101.443692995638386, 3.146071000125643 ], [ 101.44370099785813, 3.146299997985116 ] ] ] } },
{ "type": "Feature", "properties": { "upi": null, "sts_warta": "Dalam Proses", "no_lot": null, "no_pt": null, "seksyen_id": null, "mukim_id": null, "daerah_id": "1001", "negeri_id": "10", "nama": "Jalan Belimbing Besi 1/KU10, Taman Meru Damai", "gtn1": "Tanah Lapang dan Rekreasi", "gtn2": "Tanah Lapang", "gtn3": "Lot Permainan", "kod_gtn": "TLR106", "no_warta": null, "trkh_warta": null, "serah_PTD": null, "Luas_h": 0.0607, "pemilik": null, "selenggara": null, "catatan": null, "tahun_data": 2024, "PBT": "MBDK" }, "geometry": { "type": "Polygon", "coordinates": [ [ [ 101.430845995884553, 3.152835001601477 ], [ 101.430961998997859, 3.152835995828828 ], [ 101.431002999906084, 3.15279400122237 ], [ 101.431002995737416, 3.152603004356987 ], [ 101.430764997631584, 3.152602995967416 ], [ 101.430765003353812, 3.152771999253615 ], [ 101.430846000454608, 3.152771996149564 ], [ 101.430845995884553, 3.152835001601477 ] ] ] } },
{ "type": "Feature", "properties": { "upi": null, "sts_warta": "Dalam Proses", "no_lot": null, "no_pt": null, "seksyen_id": null, "mukim_id": null, "daerah_id": "1001", "negeri_id": "10", "nama": "Jalan Nenas Sarawak 3/KU10, Taman Saujana Meru", "gtn1": "Tanah Lapang dan Rekreasi", "gtn2": "Tanah Lapang", "gtn3": "Tanah Lapang Lain", "kod_gtn": "TLR107", "no_warta": null, "trkh_warta": null, "serah_PTD": null, "Luas_h": 0.0592, "pemilik": null, "selenggara": null, "catatan": null, "tahun_data": 2024, "PBT": "MBDK" }, "geometry": { "type": "Polygon", "coordinates": [ [ [ 101.426019998090567, 3.138912999798646 ], [ 101.425658003500075, 3.138912998773597 ], [ 101.425658002235835, 3.139046000254351 ], [ 101.4260199968721, 3.139046001280592 ], [ 101.426020004168592, 3.138951000222591 ], [ 101.426019998090567, 3.138912999798646 ] ] ] } },
{ "type": "Feature", "properties": { "upi": null, "sts_warta": "Dalam Proses", "no_lot": null, "no_pt": null, "seksyen_id": null, "mukim_id": null, "daerah_id": "1001", "negeri_id": "10", "nama": "Jalan Meranti Merah 11/KU10, Taman Desa Permai", "gtn1": "Tanah Lapang dan Rekreasi", "gtn2": "Tanah Lapang", "gtn3": "Lot Permainan", "kod_gtn": "TLR106", "no_warta": null, "trkh_warta": null, "serah_PTD": null, "Luas_h": 0.1663, "pemilik": null, "selenggara": null, "catatan": null, "tahun_data": 2024, "PBT": "MBDK" }, "geometry": { "type": "Polygon", "coordinates": [ [ [ 101.443138998596567, 3.151160003532423 ], [ 101.443213001948379, 3.15061999864341 ], [ 101.442916003644797, 3.15062899667518 ], [ 101.442933001529454, 3.151166999510929 ], [ 101.443138998596567, 3.151160003532423 ] ] ] } },
{ "type": "Feature", "properties": { "upi": null, "sts_warta": "Dalam Proses", "no_lot": null, "no_pt": null, "seksyen_id": null, "mukim_id": null, "daerah_id": "1001", "negeri_id": "10", "nama": "Jalan 3M/KU11, Desa Bukit Permata", "gtn1": "Tanah Lapang dan Rekreasi", "gtn2": "Tanah Lapang", "gtn3": "Lot Permainan", "kod_gtn": "TLR106", "no_warta": null, "trkh_warta": null, "serah_PTD": null, "Luas_h": 0.1055, "pemilik": null, "selenggara": null, "catatan": null, "tahun_data": 2024, "PBT": "MBDK" }, "geometry": { "type": "Polygon", "coordinates": [ [ [ 101.411519000541233, 3.166008002138629 ], [ 101.411517996238771, 3.165873002092062 ], [ 101.410884999965177, 3.165872997720843 ], [ 101.410884996452566, 3.166009001489839 ], [ 101.411519000541233, 3.166008002138629 ] ] ] } },
{ "type": "Feature", "properties": { "upi": null, "sts_warta": "Dalam Proses", "no_lot": null, "no_pt": null, "seksyen_id": null, "mukim_id": null, "daerah_id": "1001", "negeri_id": "10", "nama": "Jalan 3A1/KU11, Desa Bukit Permata", "gtn1": "Tanah Lapang dan Rekreasi", "gtn2": "Tanah Lapang", "gtn3": "Lot Permainan", "kod_gtn": "TLR106", "no_warta": null, "trkh_warta": null, "serah_PTD": null, "Luas_h": 0.146, "pemilik": null, "selenggara": null, "catatan": null, "tahun_data": 2024, "PBT": "MBDK" }, "geometry": { "type": "Polygon", "coordinates": [ [ [ 101.408828999321386, 3.165870995923386 ], [ 101.409708003867323, 3.165870997597252 ], [ 101.409706995549882, 3.165685001795533 ], [ 101.409133998983251, 3.16568500199626 ], [ 101.409135001947774, 3.165830998816101 ], [ 101.409079995564866, 3.165831002652975 ], [ 101.408829003079191, 3.16583099694534 ], [ 101.408828999321386, 3.165870995923386 ] ] ] } },
{ "type": "Feature", "properties": { "upi": null, "sts_warta": "Dalam Proses", "no_lot": null, "no_pt": null, "seksyen_id": null, "mukim_id": null, "daerah_id": "1001", "negeri_id": "10", "nama": "Jalan Rebung 11/KU11, Desa Bukit Permata", "gtn1": "Tanah Lapang dan Rekreasi", "gtn2": "Tanah Lapang", "gtn3": "Lot Permainan", "kod_gtn": "TLR106", "no_warta": null, "trkh_warta": null, "serah_PTD": null, "Luas_h": 0.0327, "pemilik": null, "selenggara": null, "catatan": null, "tahun_data": 2024, "PBT": "MBDK" }, "geometry": { "type": "Polygon", "coordinates": [ [ [ 101.43140399766331, 3.171387997132791 ], [ 101.431490996954849, 3.171390002088977 ], [ 101.431498001631653, 3.171319002796745 ], [ 101.43157800094383, 3.171327003014027 ], [ 101.431585996277803, 3.171242004596065 ], [ 101.431378998475907, 3.171222003530842 ], [ 101.431366996706444, 3.17134599683311 ], [ 101.43140399766331, 3.171387997132791 ] ] ] } },
{ "type": "Feature", "properties": { "upi": null, "sts_warta": "Dalam Proses", "no_lot": null, "no_pt": null, "seksyen_id": null, "mukim_id": null, "daerah_id": "1001", "negeri_id": "10", "nama": "Jalan Dato Tahir 2, Pekan Kapar", "gtn1": "Tanah Lapang dan Rekreasi", "gtn2": "Tanah Lapang", "gtn3": "Padang Permainan", "kod_gtn": "TLR105", "no_warta": null, "trkh_warta": null, "serah_PTD": null, "Luas_h": 0.4636, "pemilik": null, "selenggara": null, "catatan": null, "tahun_data": 2024, "PBT": "MBDK" }, "geometry": { "type": "Polygon", "coordinates": [ [ [ 101.375459995916515, 3.138479001228814 ], [ 101.375512001889064, 3.138504003742792 ], [ 101.375926995848602, 3.138353004101925 ], [ 101.375952003868264, 3.13830000388379 ], [ 101.375737997586512, 3.137691998296578 ], [ 101.375685002027495, 3.137666995670365 ], [ 101.375270997677532, 3.13782000298623 ], [ 101.375245998508163, 3.13787399796252 ], [ 101.375459995916515, 3.138479001228814 ] ] ] } },
{ "type": "Feature", "properties": { "upi": null, "sts_warta": "Dalam Proses", "no_lot": null, "no_pt": null, "seksyen_id": null, "mukim_id": null, "daerah_id": "1001", "negeri_id": "10", "nama": "Jalan Imam Zakaria 2/KU13, Taman Seri Kapar", "gtn1": "Tanah Lapang dan Rekreasi", "gtn2": "Tanah Lapang", "gtn3": "Tanah Lapang Lain", "kod_gtn": "TLR107", "no_warta": null, "trkh_warta": null, "serah_PTD": null, "Luas_h": 0.0191, "pemilik": null, "selenggara": null, "catatan": null, "tahun_data": 2024, "PBT": "MBDK" }, "geometry": { "type": "Polygon", "coordinates": [ [ [ 101.36425499765744, 3.137240002069334 ], [ 101.36424300087161, 3.137205997262975 ], [ 101.364072003710334, 3.137270995851133 ], [ 101.364013996745854, 3.137118000792165 ], [ 101.363971998839105, 3.137132998025443 ], [ 101.364043001058434, 3.137321001848624 ], [ 101.36425499765744, 3.137240002069334 ] ] ] } },
{ "type": "Feature", "properties": { "upi": null, "sts_warta": "Dalam Proses", "no_lot": null, "no_pt": null, "seksyen_id": null, "mukim_id": null, "daerah_id": "1001", "negeri_id": "10", "nama": "Jalan Masjid 11/KU14, Tok Muda", "gtn1": "Tanah Lapang dan Rekreasi", "gtn2": "Tanah Lapang", "gtn3": "Tanah Lapang Lain", "kod_gtn": "TLR107", "no_warta": null, "trkh_warta": null, "serah_PTD": null, "Luas_h": 0.074, "pemilik": null, "selenggara": null, "catatan": null, "tahun_data": 2024, "PBT": "MBDK" }, "geometry": { "type": "Polygon", "coordinates": [ [ [ 101.339762997630402, 3.140873999842899 ], [ 101.340065003179177, 3.140763999353857 ], [ 101.339917003092623, 3.140351000457723 ], [ 101.339614997649306, 3.140461000910209 ], [ 101.339762997630402, 3.140873999842899 ] ], [ [ 101.339789996576613, 3.140815999914658 ], [ 101.339671995645915, 3.140488004568048 ], [ 101.339890004166719, 3.140409000390793 ], [ 101.340007996161305, 3.140736995714904 ], [ 101.339789996576613, 3.140815999914658 ] ] ] } },
{ "type": "Feature", "properties": { "upi": null, "sts_warta": "Dalam Proses", "no_lot": null, "no_pt": null, "seksyen_id": null, "mukim_id": null, "daerah_id": "1001", "negeri_id": "10", "nama": "Jalan Masjid 11/KU14, Tok Muda", "gtn1": "Tanah Lapang dan Rekreasi", "gtn2": "Tanah Lapang", "gtn3": "Tanah Lapang Lain", "kod_gtn": "TLR107", "no_warta": null, "trkh_warta": null, "serah_PTD": null, "Luas_h": 0.0869, "pemilik": null, "selenggara": null, "catatan": null, "tahun_data": 2024, "PBT": "MBDK" }, "geometry": { "type": "Polygon", "coordinates": [ [ [ 101.339762997630402, 3.140873999842899 ], [ 101.339769004483998, 3.140891997140935 ], [ 101.340228999106131, 3.140723999607798 ], [ 101.340075000942619, 3.140293998208631 ], [ 101.339942995619566, 3.140341997416122 ], [ 101.340090995715258, 3.140754996309111 ], [ 101.340065003179177, 3.140763999353857 ], [ 101.339762997630402, 3.140873999842899 ] ] ] } },
{ "type": "Feature", "properties": { "upi": null, "sts_warta": "Dalam Proses", "no_lot": null, "no_pt": null, "seksyen_id": null, "mukim_id": null, "daerah_id": "1001", "negeri_id": "10", "nama": "Jalan Kiat 1, Taman Perepat Indah", "gtn1": "Tanah Lapang dan Rekreasi", "gtn2": "Tanah Lapang", "gtn3": "Tanah Lapang Lain", "kod_gtn": "TLR107", "no_warta": null, "trkh_warta": null, "serah_PTD": null, "Luas_h": 0.8218, "pemilik": null, "selenggara": null, "catatan": null, "tahun_data": 2024, "PBT": "MBDK" }, "geometry": { "type": "Polygon", "coordinates": [ [ [ 101.350038002072154, 3.09967100285159 ], [ 101.350137999445565, 3.099764001910257 ], [ 101.350006004032679, 3.099904995946498 ], [ 101.350780003657007, 3.100457002109085 ], [ 101.350844003447449, 3.100452996315073 ], [ 101.351232000604057, 3.100092999905924 ], [ 101.351231999787373, 3.100037003198929 ], [ 101.350622004485871, 3.099463995784222 ], [ 101.350421995984817, 3.099677996174673 ], [ 101.350213996049618, 3.099482003959341 ], [ 101.350038002072154, 3.09967100285159 ] ] ] } },
{ "type": "Feature", "properties": { "upi": null, "sts_warta": "Dalam Proses", "no_lot": null, "no_pt": null, "seksyen_id": null, "mukim_id": null, "daerah_id": "1001", "negeri_id": "10", "nama": "Jalan Sultanah, Bandar Sultan Suleiman", "gtn1": "Tanah Lapang dan Rekreasi", "gtn2": "Kawasan Hijau", "gtn3": "Kawasan Hijau", "kod_gtn": "TLR302", "no_warta": null, "trkh_warta": null, "serah_PTD": null, "Luas_h": 0.4437, "pemilik": null, "selenggara": null, "catatan": null, "tahun_data": 2024, "PBT": "MBDK" }, "geometry": { "type": "Polygon", "coordinates": [ [ [ 101.388997855208743, 3.028305608469717 ], [ 101.389105956258661, 3.028383809697141 ], [ 101.38919264459669, 3.028407567178172 ], [ 101.389324530390439, 3.028399795161848 ], [ 101.389431907673824, 3.028349407857176 ], [ 101.389524257726777, 3.028257382991346 ], [ 101.389572136202446, 3.028139018839445 ], [ 101.389576736651364, 3.02802109311112 ], [ 101.38953591881679, 3.027897202831783 ], [ 101.389442403284221, 3.027785642048685 ], [ 101.389336548521754, 3.027732066339191 ], [ 101.389205644603962, 3.027728045844512 ], [ 101.389107625610421, 3.027752615179352 ], [ 101.388999213641327, 3.027805163718974 ], [ 101.38893119562492, 3.02790765443834 ], [ 101.38890459764319, 3.028054733751074 ], [ 101.388925478756249, 3.028200262782525 ], [ 101.388997855208743, 3.028305608469717 ] ] ] } },
{ "type": "Feature", "properties": { "upi": null, "sts_warta": "Dalam Proses", "no_lot": null, "no_pt": null, "seksyen_id": null, "mukim_id": null, "daerah_id": "1001", "negeri_id": "10", "nama": "Jalan Sultan Abdul Samad 1, Bandar Sultan Suleiman", "gtn1": "Tanah Lapang dan Rekreasi", "gtn2": "Tanah Lapang", "gtn3": "Tanah Lapang Lain", "kod_gtn": "TLR107", "no_warta": null, "trkh_warta": null, "serah_PTD": null, "Luas_h": 0.2548, "pemilik": null, "selenggara": null, "catatan": null, "tahun_data": 2024, "PBT": "MBDK" }, "geometry": { "type": "Polygon", "coordinates": [ [ [ 101.382342365487034, 3.03264623758865 ], [ 101.382584692131346, 3.03239761673813 ], [ 101.3821808673937, 3.03200768116902 ], [ 101.382120587306801, 3.032009075926156 ], [ 101.381938331964875, 3.032194264050028 ], [ 101.381937542703895, 3.032252159928613 ], [ 101.382342365487034, 3.03264623758865 ] ] ] } },
{ "type": "Feature", "properties": { "upi": null, "sts_warta": "Dalam Proses", "no_lot": null, "no_pt": null, "seksyen_id": null, "mukim_id": null, "daerah_id": "1001", "negeri_id": "10", "nama": "Solok Sultan Abdul Samad 27, Bandar Sultan Suleima", "gtn1": "Tanah Lapang dan Rekreasi", "gtn2": "Kawasan Hijau", "gtn3": "Zon Penampan", "kod_gtn": "TLR301", "no_warta": null, "trkh_warta": null, "serah_PTD": null, "Luas_h": 1.0271, "pemilik": null, "selenggara": null, "catatan": null, "tahun_data": 2024, "PBT": "MBDK" }, "geometry": { "type": "Polygon", "coordinates": [ [ [ 101.377278936152365, 3.029936475488942 ], [ 101.378269429131606, 3.031304103536247 ], [ 101.3785853900782, 3.031783496591731 ], [ 101.379057350207944, 3.032295988893311 ], [ 101.379377938822358, 3.031978684265881 ], [ 101.379221481175236, 3.032022282158444 ], [ 101.379069765730847, 3.031976386923401 ], [ 101.378350093284254, 3.031226900449744 ], [ 101.377365878094736, 3.029868823076246 ], [ 101.376390084696112, 3.028514942039819 ], [ 101.375870698807915, 3.027807855685157 ], [ 101.375262643285595, 3.02710452035878 ], [ 101.375177788040574, 3.027175356146824 ], [ 101.375785880039956, 3.027874432074114 ], [ 101.377278936152365, 3.029936475488942 ] ] ] } },
{ "type": "Feature", "properties": { "upi": null, "sts_warta": "Dalam Proses", "no_lot": null, "no_pt": null, "seksyen_id": null, "mukim_id": null, "daerah_id": "1001", "negeri_id": "10", "nama": "Lingkaran Sultan Abdul Samad, Bandar Sultan Suleim", "gtn1": "Tanah Lapang dan Rekreasi", "gtn2": "Tanah Lapang", "gtn3": "Lot Permainan", "kod_gtn": "TLR106", "no_warta": null, "trkh_warta": null, "serah_PTD": null, "Luas_h": 1.0384, "pemilik": null, "selenggara": null, "catatan": null, "tahun_data": 2024, "PBT": "MBDK" }, "geometry": { "type": "Polygon", "coordinates": [ [ [ 101.372261802761201, 3.021997785038588 ], [ 101.37230718807244, 3.022195760136531 ], [ 101.372345231583864, 3.02218599797838 ], [ 101.372872786174128, 3.021820863134064 ], [ 101.372895810438777, 3.021856876875245 ], [ 101.372969043859996, 3.021779980719324 ], [ 101.372986564616468, 3.021727983236171 ], [ 101.373002789717006, 3.021678364011134 ], [ 101.37296033897853, 3.021683377853684 ], [ 101.372874607560036, 3.020978532301249 ], [ 101.372867160118403, 3.020897855048591 ], [ 101.372133106737721, 3.020799615677944 ], [ 101.372124291426559, 3.020869809587269 ], [ 101.372209148949523, 3.021581437632882 ], [ 101.372261802761201, 3.021997785038588 ] ] ] } },
{ "type": "Feature", "properties": { "upi": null, "sts_warta": "Dalam Proses", "no_lot": null, "no_pt": null, "seksyen_id": null, "mukim_id": null, "daerah_id": "1001", "negeri_id": "10", "nama": "Solok Sultan Abdul Samad 26, Bandar Sultan Suleima", "gtn1": "Tanah Lapang dan Rekreasi", "gtn2": "Tanah Lapang", "gtn3": "Lot Permainan", "kod_gtn": "TLR106", "no_warta": null, "trkh_warta": null, "serah_PTD": null, "Luas_h": 1.4085, "pemilik": null, "selenggara": null, "catatan": null, "tahun_data": 2024, "PBT": "MBDK" }, "geometry": { "type": "Polygon", "coordinates": [ [ [ 101.378655556307777, 3.03086523625722 ], [ 101.379330378653222, 3.031518477168136 ], [ 101.379385439461103, 3.031532247762337 ], [ 101.379443337428128, 3.031515867932091 ], [ 101.380165880501195, 3.030794713305449 ], [ 101.379549285485524, 3.030153597961654 ], [ 101.379511697294447, 3.030191105625162 ], [ 101.379417726745999, 3.030285381209045 ], [ 101.379378024561106, 3.030322951921564 ], [ 101.37911174947979, 3.030586626499518 ], [ 101.379075222628146, 3.030625129047982 ], [ 101.378980235125141, 3.030722551578882 ], [ 101.378906120151356, 3.030797530812921 ], [ 101.378289034238989, 3.030206198738829 ], [ 101.378229870136025, 3.030203957960614 ], [ 101.378208970966526, 3.030223299339633 ], [ 101.378204367198038, 3.030282551266494 ], [ 101.378655556307777, 3.03086523625722 ] ] ] } },
{ "type": "Feature", "properties": { "upi": null, "sts_warta": "Dalam Proses", "no_lot": null, "no_pt": null, "seksyen_id": null, "mukim_id": null, "daerah_id": "1001", "negeri_id": "10", "nama": "Jalan Menalu, Taman Chi Liung", "gtn1": "Tanah Lapang dan Rekreasi", "gtn2": "Tanah Lapang", "gtn3": "Lot Permainan", "kod_gtn": "TLR106", "no_warta": null, "trkh_warta": null, "serah_PTD": null, "Luas_h": 0.6518, "pemilik": null, "selenggara": null, "catatan": null, "tahun_data": 2024, "PBT": "MBDK" }, "geometry": { "type": "Polygon", "coordinates": [ [ [ 101.434991999866099, 3.021925998409372 ], [ 101.434961000445966, 3.021935998389227 ], [ 101.433606003254624, 3.022372000017235 ], [ 101.43426200446811, 3.022666995873418 ], [ 101.434336002211211, 3.022665997015999 ], [ 101.435060000264244, 3.022293998391557 ], [ 101.435085002857505, 3.022235000679188 ], [ 101.434991999866099, 3.021925998409372 ] ] ] } },
{ "type": "Feature", "properties": { "upi": null, "sts_warta": "Dalam Proses", "no_lot": null, "no_pt": null, "seksyen_id": null, "mukim_id": null, "daerah_id": "1001", "negeri_id": "10", "nama": "Jalan Menalu, Taman Chi Liung", "gtn1": "Tanah Lapang dan Rekreasi", "gtn2": "Tanah Lapang", "gtn3": "Lot Permainan", "kod_gtn": "TLR106", "no_warta": null, "trkh_warta": null, "serah_PTD": null, "Luas_h": 1.0055, "pemilik": null, "selenggara": null, "catatan": null, "tahun_data": 2024, "PBT": "MBDK" }, "geometry": { "type": "Polygon", "coordinates": [ [ [ 101.434750997869102, 3.021266001510809 ], [ 101.434405002661691, 3.021379003254825 ], [ 101.434192997995822, 3.021468998349834 ], [ 101.433992000746741, 3.0216060019194 ], [ 101.433835999121584, 3.021746001864693 ], [ 101.433581997799649, 3.022316001442378 ], [ 101.433602998864188, 3.022370001214668 ], [ 101.433606003254624, 3.022372000017235 ], [ 101.434961000445966, 3.021935998389227 ], [ 101.434991999866099, 3.021925998409372 ], [ 101.434802000988228, 3.021292999562568 ], [ 101.434750997869102, 3.021266001510809 ] ] ] } },
{ "type": "Feature", "properties": { "upi": null, "sts_warta": "Dalam Proses", "no_lot": null, "no_pt": null, "seksyen_id": null, "mukim_id": null, "daerah_id": "1001", "negeri_id": "10", "nama": "Lorong Kurai 1A, Telok Gadong Besar", "gtn1": "Tanah Lapang dan Rekreasi", "gtn2": "Tanah Lapang", "gtn3": "Lot Permainan", "kod_gtn": "TLR106", "no_warta": null, "trkh_warta": null, "serah_PTD": null, "Luas_h": 0.0281, "pemilik": null, "selenggara": null, "catatan": null, "tahun_data": 2024, "PBT": "MBDK" }, "geometry": { "type": "Polygon", "coordinates": [ [ [ 101.423826000726706, 3.027774002787959 ], [ 101.423759999597095, 3.027894998829093 ], [ 101.423881003834296, 3.027960003280438 ], [ 101.423937002910833, 3.027942996887328 ], [ 101.423963003997315, 3.027894001569797 ], [ 101.42394599752069, 3.02783800333348 ], [ 101.423826000726706, 3.027774002787959 ] ] ] } },
{ "type": "Feature", "properties": { "upi": null, "sts_warta": "Dalam Proses", "no_lot": null, "no_pt": null, "seksyen_id": null, "mukim_id": null, "daerah_id": "1001", "negeri_id": "10", "nama": "Jalan Kurau 1D, Telok Gadong Besar", "gtn1": "Tanah Lapang dan Rekreasi", "gtn2": "Tanah Lapang", "gtn3": "Tanah Lapang Lain", "kod_gtn": "TLR107", "no_warta": null, "trkh_warta": null, "serah_PTD": null, "Luas_h": 0.0602, "pemilik": null, "selenggara": null, "catatan": null, "tahun_data": 2024, "PBT": "MBDK" }, "geometry": { "type": "Polygon", "coordinates": [ [ [ 101.423278996164427, 3.028694003152994 ], [ 101.423935004247014, 3.028792997935871 ], [ 101.423333997270618, 3.028553002223946 ], [ 101.423278996164427, 3.028694003152994 ] ] ] } },
{ "type": "Feature", "properties": { "upi": null, "sts_warta": "Dalam Proses", "no_lot": null, "no_pt": null, "seksyen_id": null, "mukim_id": null, "daerah_id": "1001", "negeri_id": "10", "nama": "Jalan Sri Banang 15C, Taman Andalas Jaya", "gtn1": "Tanah Lapang dan Rekreasi", "gtn2": "Tanah Lapang", "gtn3": "Tanah Lapang Lain", "kod_gtn": "TLR107", "no_warta": null, "trkh_warta": null, "serah_PTD": null, "Luas_h": 0.0418, "pemilik": null, "selenggara": null, "catatan": null, "tahun_data": 2024, "PBT": "MBDK" }, "geometry": { "type": "Polygon", "coordinates": [ [ [ 101.456048003003659, 3.024847001780365 ], [ 101.455968002690994, 3.024898997788397 ], [ 101.455853998010284, 3.024972000093919 ], [ 101.455881000478755, 3.025022002537735 ], [ 101.455961999363396, 3.024969002761843 ], [ 101.45604399733088, 3.025096998401141 ], [ 101.456159999128857, 3.025021997569515 ], [ 101.456048003003659, 3.024847001780365 ] ] ] } },
{ "type": "Feature", "properties": { "upi": null, "sts_warta": "Dalam Proses", "no_lot": null, "no_pt": null, "seksyen_id": null, "mukim_id": null, "daerah_id": "1001", "negeri_id": "10", "nama": "Lorong 6, Taman Alam Shah", "gtn1": "Tanah Lapang dan Rekreasi", "gtn2": "Tanah Lapang", "gtn3": "Tanah Lapang Lain", "kod_gtn": "TLR107", "no_warta": null, "trkh_warta": null, "serah_PTD": null, "Luas_h": 0.2619, "pemilik": null, "selenggara": null, "catatan": null, "tahun_data": 2024, "PBT": "MBDK" }, "geometry": { "type": "Polygon", "coordinates": [ [ [ 101.470520004010154, 3.032626000888277 ], [ 101.470008004318487, 3.032428999340265 ], [ 101.469893002632531, 3.032727003842924 ], [ 101.469913996589028, 3.03278399631269 ], [ 101.470151001441906, 3.032902997968935 ], [ 101.470366002938249, 3.033021998829335 ], [ 101.470436004257337, 3.032842000590634 ], [ 101.470471000410242, 3.032752001469095 ], [ 101.470505996524096, 3.032662997124464 ], [ 101.470520004010154, 3.032626000888277 ] ] ] } },
{ "type": "Feature", "properties": { "upi": null, "sts_warta": "Dalam Proses", "no_lot": null, "no_pt": null, "seksyen_id": null, "mukim_id": null, "daerah_id": "1001", "negeri_id": "10", "nama": "Jalan Serunai 7, Taman Klang Jaya", "gtn1": "Tanah Lapang dan Rekreasi", "gtn2": "Tanah Lapang", "gtn3": "Tanah Lapang Lain", "kod_gtn": "TLR107", "no_warta": null, "trkh_warta": null, "serah_PTD": null, "Luas_h": 0.1707, "pemilik": null, "selenggara": null, "catatan": null, "tahun_data": 2024, "PBT": "MBDK" }, "geometry": { "type": "Polygon", "coordinates": [ [ [ 101.444853997884493, 3.01092900110141 ], [ 101.444819002545401, 3.010821002355152 ], [ 101.44473599757066, 3.010567003584226 ], [ 101.44444799892257, 3.010552996873709 ], [ 101.444404998286402, 3.010591998754009 ], [ 101.4443900031618, 3.010901997932876 ], [ 101.444623003658947, 3.010912999088522 ], [ 101.444853997884493, 3.01092900110141 ] ] ] } },
{ "type": "Feature", "properties": { "upi": null, "sts_warta": "Dalam Proses", "no_lot": null, "no_pt": null, "seksyen_id": null, "mukim_id": null, "daerah_id": "1001", "negeri_id": "10", "nama": "Jalan Bukit Badang 20B, Taman Klang Ria", "gtn1": "Tanah Lapang dan Rekreasi", "gtn2": "Kawasan Hijau", "gtn3": "Kawasan Hijau", "kod_gtn": "TLR302", "no_warta": null, "trkh_warta": null, "serah_PTD": null, "Luas_h": 0.1772, "pemilik": null, "selenggara": null, "catatan": null, "tahun_data": 2024, "PBT": "MBDK" }, "geometry": { "type": "Polygon", "coordinates": [ [ [ 101.460436001802407, 3.006839999955282 ], [ 101.460805999782622, 3.006697997468893 ], [ 101.4606770012727, 3.006358003797903 ], [ 101.460307003391407, 3.006499997199331 ], [ 101.460436001802407, 3.006839999955282 ] ] ] } },
{ "type": "Feature", "properties": { "upi": null, "sts_warta": "Dalam Proses", "no_lot": null, "no_pt": null, "seksyen_id": null, "mukim_id": null, "daerah_id": "1001", "negeri_id": "10", "nama": "Jalan Bukit Badang 20B, Taman Klang Ria", "gtn1": "Tanah Lapang dan Rekreasi", "gtn2": "Kawasan Hijau", "gtn3": "Kawasan Hijau", "kod_gtn": "TLR302", "no_warta": null, "trkh_warta": null, "serah_PTD": null, "Luas_h": 0.1769, "pemilik": null, "selenggara": null, "catatan": null, "tahun_data": 2024, "PBT": "MBDK" }, "geometry": { "type": "Polygon", "coordinates": [ [ [ 101.460307003391407, 3.006499997199331 ], [ 101.4606770012727, 3.006358003797903 ], [ 101.460548002841392, 3.006018001067273 ], [ 101.46017900355308, 3.006160003513469 ], [ 101.460307003391407, 3.006499997199331 ] ] ] } },
{ "type": "Feature", "properties": { "upi": null, "sts_warta": "Dalam Proses", "no_lot": null, "no_pt": null, "seksyen_id": null, "mukim_id": null, "daerah_id": "1001", "negeri_id": "10", "nama": "Lorong Seri Tanjung 2, Taman Seri Andalas", "gtn1": "Tanah Lapang dan Rekreasi", "gtn2": "Tanah Lapang", "gtn3": "Lot Permainan", "kod_gtn": "TLR106", "no_warta": null, "trkh_warta": null, "serah_PTD": null, "Luas_h": 0.3651, "pemilik": null, "selenggara": null, "catatan": null, "tahun_data": 2024, "PBT": "MBDK" }, "geometry": { "type": "Polygon", "coordinates": [ [ [ 101.452048995960922, 3.025625003311644 ], [ 101.452013002422021, 3.025666999210212 ], [ 101.4520199982951, 3.025720997931187 ], [ 101.452031999915889, 3.026049998799462 ], [ 101.452409001015866, 3.025970001523117 ], [ 101.452968003134757, 3.025852003635358 ], [ 101.452759002751549, 3.025597004424207 ], [ 101.452048995960922, 3.025625003311644 ] ] ] } },
{ "type": "Feature", "properties": { "upi": null, "sts_warta": "Dalam Proses", "no_lot": null, "no_pt": null, "seksyen_id": null, "mukim_id": null, "daerah_id": "1001", "negeri_id": "10", "nama": "Lengkuk Sri Siantan 50, Taman Seri Andalas", "gtn1": "Tanah Lapang dan Rekreasi", "gtn2": "Tanah Lapang", "gtn3": "Tanah Lapang Lain", "kod_gtn": "TLR107", "no_warta": null, "trkh_warta": null, "serah_PTD": null, "Luas_h": 0.1139, "pemilik": null, "selenggara": null, "catatan": null, "tahun_data": 2024, "PBT": "MBDK" }, "geometry": { "type": "Polygon", "coordinates": [ [ [ 101.449505001077156, 3.018435003623623 ], [ 101.449580003198676, 3.01831599594136 ], [ 101.449732997326265, 3.018185000768685 ], [ 101.449982000987404, 3.018052002973906 ], [ 101.450141998727062, 3.017995001523541 ], [ 101.450138996131344, 3.017957995615559 ], [ 101.450015997856525, 3.017999995942581 ], [ 101.450007003660332, 3.017973995584763 ], [ 101.449392003056673, 3.018185995601703 ], [ 101.449356000039813, 3.018240001106003 ], [ 101.449360997468816, 3.018318001027792 ], [ 101.44949700163879, 3.018309000972203 ], [ 101.449505001077156, 3.018435003623623 ] ] ] } },
{ "type": "Feature", "properties": { "upi": null, "sts_warta": "Dalam Proses", "no_lot": null, "no_pt": null, "seksyen_id": null, "mukim_id": null, "daerah_id": "1001", "negeri_id": "10", "nama": "Jalan Sri Siantan 37, Taman Sri Andalas", "gtn1": "Tanah Lapang dan Rekreasi", "gtn2": "Tanah Lapang", "gtn3": "Lot Permainan", "kod_gtn": "TLR106", "no_warta": null, "trkh_warta": null, "serah_PTD": null, "Luas_h": 0.2942, "pemilik": null, "selenggara": null, "catatan": null, "tahun_data": 2024, "PBT": "MBDK" }, "geometry": { "type": "Polygon", "coordinates": [ [ [ 101.442869997245481, 3.018648002899725 ], [ 101.442920001821491, 3.018676999112474 ], [ 101.443091999445713, 3.018630996242198 ], [ 101.443202997760167, 3.018593002246905 ], [ 101.443262001320775, 3.018562999587375 ], [ 101.443319997608484, 3.018528999666135 ], [ 101.443366002998559, 3.018491996617731 ], [ 101.443479002238064, 3.018385996061256 ], [ 101.443537000301859, 3.01832100426785 ], [ 101.443555002880672, 3.018278003774768 ], [ 101.443562002747143, 3.018254997678818 ], [ 101.443456996846038, 3.018270003644849 ], [ 101.443434002759673, 3.018140002885313 ], [ 101.442821998762341, 3.018310001593602 ], [ 101.442793003125729, 3.018360995822389 ], [ 101.442869997245481, 3.018648002899725 ] ] ] } },
{ "type": "Feature", "properties": { "upi": null, "sts_warta": "Warta", "no_lot": null, "no_pt": null, "seksyen_id": null, "mukim_id": null, "daerah_id": "1001", "negeri_id": "10", "nama": "Jalan Sri Sarawak 25, Taman Sri Andalas", "gtn1": "Tanah Lapang dan Rekreasi", "gtn2": "Tanah Lapang", "gtn3": "Lot Permainan", "kod_gtn": "TLR106", "no_warta": "3635", "trkh_warta": null, "serah_PTD": null, "Luas_h": 0.1045, "pemilik": null, "selenggara": null, "catatan": null, "tahun_data": 2024, "PBT": "MBDK" }, "geometry": { "type": "Polygon", "coordinates": [ [ [ 101.447495999122722, 3.01459600100649 ], [ 101.447522002696488, 3.014974000081232 ], [ 101.447748996483895, 3.014959000367531 ], [ 101.447722001275309, 3.014619001772338 ], [ 101.447677997251944, 3.014580998842698 ], [ 101.447495999122722, 3.01459600100649 ] ] ] } },
{ "type": "Feature", "properties": { "upi": null, "sts_warta": "Dalam Proses", "no_lot": null, "no_pt": null, "seksyen_id": null, "mukim_id": null, "daerah_id": "1001", "negeri_id": "10", "nama": "Jalan Serunai 16, Taman Klang Jaya", "gtn1": "Tanah Lapang dan Rekreasi", "gtn2": "Kawasan Hijau", "gtn3": "Zon Penampan", "kod_gtn": "TLR301", "no_warta": null, "trkh_warta": null, "serah_PTD": null, "Luas_h": 0.8711, "pemilik": null, "selenggara": null, "catatan": null, "tahun_data": 2024, "PBT": "MBDK" }, "geometry": { "type": "Polygon", "coordinates": [ [ [ 101.453175452755644, 3.011135146386323 ], [ 101.453486095243463, 3.011109496412742 ], [ 101.45580922527536, 3.010917507320962 ], [ 101.455756680120118, 3.010778199690662 ], [ 101.455701818312207, 3.010742466474424 ], [ 101.453218298491763, 3.010946565643949 ], [ 101.453148614649578, 3.010125110343026 ], [ 101.453126498903217, 3.009856618547462 ], [ 101.453104383166959, 3.009588117706876 ], [ 101.452937345420438, 3.009603121542137 ], [ 101.452994963653083, 3.010291791428684 ], [ 101.453050478018994, 3.010959796939618 ], [ 101.453160529111827, 3.010953842758856 ], [ 101.453175452755644, 3.011135146386323 ] ] ] } },
{ "type": "Feature", "properties": { "upi": null, "sts_warta": "Dalam Proses", "no_lot": null, "no_pt": null, "seksyen_id": null, "mukim_id": null, "daerah_id": "1001", "negeri_id": "10", "nama": "Lintang Sungai 8, Sungai Bertek", "gtn1": "Tanah Lapang dan Rekreasi", "gtn2": "Tanah Lapang", "gtn3": "Tanah Lapang Lain", "kod_gtn": "TLR107", "no_warta": null, "trkh_warta": null, "serah_PTD": null, "Luas_h": 0.2119, "pemilik": null, "selenggara": null, "catatan": null, "tahun_data": 2024, "PBT": "MBDK" }, "geometry": { "type": "Polygon", "coordinates": [ [ [ 101.428869002865454, 3.051347004293838 ], [ 101.429217997736245, 3.051444997107128 ], [ 101.429171004306852, 3.050932999958429 ], [ 101.428822998424138, 3.050845000194465 ], [ 101.428869002865454, 3.051347004293838 ] ] ] } },
{ "type": "Feature", "properties": { "upi": null, "sts_warta": "Dalam Proses", "no_lot": null, "no_pt": null, "seksyen_id": null, "mukim_id": null, "daerah_id": "1001", "negeri_id": "10", "nama": "Lorong Serampang 10, Teluk Pulai", "gtn1": "Tanah Lapang dan Rekreasi", "gtn2": "Tanah Lapang", "gtn3": "Lot Permainan", "kod_gtn": "TLR106", "no_warta": null, "trkh_warta": null, "serah_PTD": null, "Luas_h": 0.0835, "pemilik": null, "selenggara": null, "catatan": null, "tahun_data": 2024, "PBT": "MBDK" }, "geometry": { "type": "Polygon", "coordinates": [ [ [ 101.426379999426402, 3.03756500416284 ], [ 101.426530995697732, 3.037519997243817 ], [ 101.426665997294236, 3.037479004394986 ], [ 101.426580004250354, 3.037277003911428 ], [ 101.426408003487353, 3.037316004430666 ], [ 101.426288997302862, 3.037342999213964 ], [ 101.426379999426402, 3.03756500416284 ] ] ] } },
{ "type": "Feature", "properties": { "upi": null, "sts_warta": "Dalam Proses", "no_lot": null, "no_pt": null, "seksyen_id": null, "mukim_id": null, "daerah_id": "1001", "negeri_id": "10", "nama": "Jalan Kampung Delek Baru, Kampung Delek", "gtn1": "Tanah Lapang dan Rekreasi", "gtn2": "Tanah Lapang", "gtn3": "Lot Permainan", "kod_gtn": "TLR106", "no_warta": null, "trkh_warta": null, "serah_PTD": null, "Luas_h": 0.0349, "pemilik": null, "selenggara": null, "catatan": null, "tahun_data": 2024, "PBT": "MBDK" }, "geometry": { "type": "Polygon", "coordinates": [ [ [ 101.402826997060544, 3.033148003016962 ], [ 101.40308199949412, 3.033030996631008 ], [ 101.403039998484218, 3.032939002859709 ], [ 101.402784996068874, 3.033056000193083 ], [ 101.402826997060544, 3.033148003016962 ] ] ] } },
{ "type": "Feature", "properties": { "upi": null, "sts_warta": "Dalam Proses", "no_lot": null, "no_pt": null, "seksyen_id": null, "mukim_id": null, "daerah_id": "1001", "negeri_id": "10", "nama": "Jalan Delek Kanan 52/KS3, Kampung Delek", "gtn1": "Tanah Lapang dan Rekreasi", "gtn2": "Tanah Lapang", "gtn3": "Lot Permainan", "kod_gtn": "TLR106", "no_warta": null, "trkh_warta": null, "serah_PTD": null, "Luas_h": 0.108, "pemilik": null, "selenggara": null, "catatan": null, "tahun_data": 2024, "PBT": "MBDK" }, "geometry": { "type": "Polygon", "coordinates": [ [ [ 101.401007998726811, 3.039361002208013 ], [ 101.401034995571337, 3.039353996211117 ], [ 101.400918004460337, 3.039094999115858 ], [ 101.400774003528468, 3.039161001917812 ], [ 101.400633997341473, 3.038852001432204 ], [ 101.400386999840165, 3.038965001724301 ], [ 101.401007998726811, 3.039361002208013 ] ] ] } },
{ "type": "Feature", "properties": { "upi": null, "sts_warta": "Dalam Proses", "no_lot": null, "no_pt": null, "seksyen_id": null, "mukim_id": null, "daerah_id": "1001", "negeri_id": "10", "nama": "Lorong Padang 1B/KS4, Pelabuhan Klang", "gtn1": "Tanah Lapang dan Rekreasi", "gtn2": "Tanah Lapang", "gtn3": "Tanah Lapang Lain", "kod_gtn": "TLR107", "no_warta": null, "trkh_warta": null, "serah_PTD": null, "Luas_h": 0.0239, "pemilik": null, "selenggara": null, "catatan": null, "tahun_data": 2024, "PBT": "MBDK" }, "geometry": { "type": "Polygon", "coordinates": [ [ [ 101.396667997126713, 2.998151002561752 ], [ 101.396748996756003, 2.998189002193677 ], [ 101.396841003118155, 2.997993004187929 ], [ 101.396758996017113, 2.997955004461383 ], [ 101.396749998637546, 2.997974998575734 ], [ 101.396667997126713, 2.998151002561752 ] ] ] } },
{ "type": "Feature", "properties": { "upi": null, "sts_warta": "Dalam Proses", "no_lot": null, "no_pt": null, "seksyen_id": null, "mukim_id": null, "daerah_id": "1001", "negeri_id": "10", "nama": "Jalan Sireh Junjung, Kampung Sungai Sireh", "gtn1": "Tanah Lapang dan Rekreasi", "gtn2": "Tanah Lapang", "gtn3": "Lot Permainan", "kod_gtn": "TLR106", "no_warta": null, "trkh_warta": null, "serah_PTD": null, "Luas_h": 0.5099, "pemilik": null, "selenggara": null, "catatan": null, "tahun_data": 2024, "PBT": "MBDK" }, "geometry": { "type": "Polygon", "coordinates": [ [ [ 101.402092002193484, 3.016211004183217 ], [ 101.402192996635065, 3.016099996816771 ], [ 101.402229002590445, 3.0161329997633 ], [ 101.402236001877668, 3.016124997005002 ], [ 101.402277998286152, 3.016163996321207 ], [ 101.402294002958499, 3.016146996220376 ], [ 101.402515003713603, 3.016351001090697 ], [ 101.402592004471884, 3.0162670040963 ], [ 101.402553003275273, 3.016230998454889 ], [ 101.40260700016556, 3.016171000503468 ], [ 101.402646999771207, 3.016208001016094 ], [ 101.402723002005047, 3.016124003915443 ], [ 101.402526997734356, 3.015942004154758 ], [ 101.402533997018139, 3.015934001394387 ], [ 101.402509000634126, 3.015911001549632 ], [ 101.402517997019942, 3.015902004204512 ], [ 101.402476000613518, 3.015862995854047 ], [ 101.402482999801492, 3.015855996914532 ], [ 101.402447002841939, 3.015823003020625 ], [ 101.402539000730812, 3.015721996783785 ], [ 101.40257399918552, 3.015754999622036 ], [ 101.402584003258781, 3.015744003775549 ], [ 101.402601003378436, 3.015758999415266 ], [ 101.402643997570792, 3.015711001031766 ], [ 101.40262799595564, 3.015695996445306 ], [ 101.402639997224895, 3.015683002192614 ], [ 101.402604000266976, 3.015649999260423 ], [ 101.402694000833236, 3.015552004278676 ], [ 101.40272999779161, 3.015584998164489 ], [ 101.402736997070676, 3.015577004446051 ], [ 101.402780000975596, 3.015616003839858 ], [ 101.402793000841768, 3.015601996817248 ], [ 101.402765000143873, 3.015576998092192 ], [ 101.402757000682541, 3.015507995964338 ], [ 101.402809000232949, 3.015451000226885 ], [ 101.402758000072367, 3.015403996632159 ], [ 101.402500996844012, 3.015320998464463 ], [ 101.402498999551725, 3.015324000690442 ], [ 101.402521999011796, 3.015345996522441 ], [ 101.402514999826579, 3.015353004505824 ], [ 101.402538997790785, 3.015375000433594 ], [ 101.40253000131402, 3.015385001599685 ], [ 101.402572996018492, 3.015425999598138 ], [ 101.402565996738375, 3.015434002358958 ], [ 101.402601004181363, 3.015466996153656 ], [ 101.402512002116552, 3.015565000267336 ], [ 101.402475996170722, 3.015531997330223 ], [ 101.402464003895886, 3.01554500062542 ], [ 101.402438000213579, 3.015520002084525 ], [ 101.402393998521077, 3.015568000362868 ], [ 101.40242100070688, 3.015592999001008 ], [ 101.402409998129144, 3.015604003793224 ], [ 101.40244600407614, 3.01563699768907 ], [ 101.402353997286326, 3.015737000096713 ], [ 101.402318998838808, 3.015703997251595 ], [ 101.402311999650792, 3.015710996190067 ], [ 101.402268995853902, 3.015671002001092 ], [ 101.402252001585424, 3.015688996783545 ], [ 101.40203299791925, 3.015485995877131 ], [ 101.401955997174213, 3.015570001876848 ], [ 101.401995996641361, 3.015607997189485 ], [ 101.401941999841696, 3.015667000333769 ], [ 101.401902000279009, 3.015629999796269 ], [ 101.401824999609659, 3.01571300196522 ], [ 101.402044003281233, 3.015916002913078 ], [ 101.402028997112197, 3.015933003106849 ], [ 101.402072999414017, 3.015972997401752 ], [ 101.402065001622859, 3.015981000062464 ], [ 101.402100998575079, 3.016014003012176 ], [ 101.40199899663385, 3.01612500122926 ], [ 101.402092002193484, 3.016211004183217 ] ] ] } },
{ "type": "Feature", "properties": { "upi": null, "sts_warta": "Dalam Proses", "no_lot": null, "no_pt": null, "seksyen_id": null, "mukim_id": null, "daerah_id": "1001", "negeri_id": "10", "nama": "Jalan Sireh Junjung, Kampung Sungai Sireh", "gtn1": "Tanah Lapang dan Rekreasi", "gtn2": "Tanah Lapang", "gtn3": "Tanah Lapang Lain", "kod_gtn": "TLR107", "no_warta": null, "trkh_warta": null, "serah_PTD": null, "Luas_h": 0.0162, "pemilik": null, "selenggara": null, "catatan": null, "tahun_data": 2024, "PBT": "MBDK" }, "geometry": { "type": "Polygon", "coordinates": [ [ [ 101.399252997504206, 3.014349000793465 ], [ 101.399319999018957, 3.014411000137196 ], [ 101.399297004024888, 3.014436002934023 ], [ 101.399344001381266, 3.014479000050287 ], [ 101.399405996352428, 3.014409001021554 ], [ 101.399405998215343, 3.01439000078007 ], [ 101.399310995913368, 3.014305001228058 ], [ 101.399290998783854, 3.014306003065052 ], [ 101.399252997504206, 3.014349000793465 ] ] ] } },
{ "type": "Feature", "properties": { "upi": null, "sts_warta": "Dalam Proses", "no_lot": null, "no_pt": null, "seksyen_id": null, "mukim_id": null, "daerah_id": "1001", "negeri_id": "10", "nama": "Jalan Sireh Junjung, Kampung Sungai Sireh", "gtn1": "Tanah Lapang dan Rekreasi", "gtn2": "Tanah Lapang", "gtn3": "Tanah Lapang Lain", "kod_gtn": "TLR107", "no_warta": null, "trkh_warta": null, "serah_PTD": null, "Luas_h": 0.0438, "pemilik": null, "selenggara": null, "catatan": null, "tahun_data": 2024, "PBT": "MBDK" }, "geometry": { "type": "Polygon", "coordinates": [ [ [ 101.39933800160334, 3.014660003660493 ], [ 101.399424000011294, 3.014738997482628 ], [ 101.399801002037691, 3.014925003822688 ], [ 101.399494002767327, 3.014651002821823 ], [ 101.399483998770876, 3.014661003862217 ], [ 101.399431001783611, 3.014613999918799 ], [ 101.399458000274066, 3.014583996500272 ], [ 101.399430998179966, 3.014558997791107 ], [ 101.39933800160334, 3.014660003660493 ] ] ] } },
{ "type": "Feature", "properties": { "upi": null, "sts_warta": "Dalam Proses", "no_lot": null, "no_pt": null, "seksyen_id": null, "mukim_id": null, "daerah_id": "1001", "negeri_id": "10", "nama": "Jalan Sireh Junjung, Kampung Sungai Sireh", "gtn1": "Tanah Lapang dan Rekreasi", "gtn2": "Tanah Lapang", "gtn3": "Lot Permainan", "kod_gtn": "TLR106", "no_warta": null, "trkh_warta": null, "serah_PTD": null, "Luas_h": 0.6309, "pemilik": null, "selenggara": null, "catatan": null, "tahun_data": 2024, "PBT": "MBDK" }, "geometry": { "type": "Polygon", "coordinates": [ [ [ 101.401437001317831, 3.014530997273325 ], [ 101.401183997965717, 3.014297001069805 ], [ 101.401010998901185, 3.014176001214211 ], [ 101.400960002749528, 3.014182001071803 ], [ 101.40092999942226, 3.014216001431543 ], [ 101.400839998521676, 3.014316998685618 ], [ 101.400703998043682, 3.014196002398827 ], [ 101.400696001806423, 3.014187998182133 ], [ 101.400379001070263, 3.014545996417774 ], [ 101.400766996959277, 3.014905004284343 ], [ 101.400945002458855, 3.015068997126583 ], [ 101.401437001317831, 3.014530997273325 ] ] ] } },
{ "type": "Feature", "properties": { "upi": null, "sts_warta": "Dalam Proses", "no_lot": null, "no_pt": null, "seksyen_id": null, "mukim_id": null, "daerah_id": "1001", "negeri_id": "10", "nama": "Jalan Sireh Junjung, Kampung Sungai Sireh", "gtn1": "Tanah Lapang dan Rekreasi", "gtn2": "Tanah Lapang", "gtn3": "Tanah Lapang Lain", "kod_gtn": "TLR107", "no_warta": null, "trkh_warta": null, "serah_PTD": null, "Luas_h": 0.0267, "pemilik": null, "selenggara": null, "catatan": null, "tahun_data": 2024, "PBT": "MBDK" }, "geometry": { "type": "Polygon", "coordinates": [ [ [ 101.398960997703057, 3.014312002245704 ], [ 101.398998001908495, 3.014346000171517 ], [ 101.399113003975884, 3.014220000483484 ], [ 101.399212998078966, 3.014312000160747 ], [ 101.399250000856654, 3.01426900233463 ], [ 101.39924900422001, 3.014250001994111 ], [ 101.399119003540775, 3.014133003305238 ], [ 101.398960997703057, 3.014312002245704 ] ] ] } },
{ "type": "Feature", "properties": { "upi": null, "sts_warta": "Dalam Proses", "no_lot": null, "no_pt": null, "seksyen_id": null, "mukim_id": null, "daerah_id": "1001", "negeri_id": "10", "nama": "Lorong Selat Selatan 10, Sobena Jaya", "gtn1": "Tanah Lapang dan Rekreasi", "gtn2": "Tanah Lapang", "gtn3": "Tanah Lapang Lain", "kod_gtn": "TLR107", "no_warta": null, "trkh_warta": null, "serah_PTD": null, "Luas_h": 0.2207, "pemilik": null, "selenggara": null, "catatan": null, "tahun_data": 2024, "PBT": "MBDK" }, "geometry": { "type": "Polygon", "coordinates": [ [ [ 101.409698999658147, 2.994958996306465 ], [ 101.410046998347326, 2.995114999335501 ], [ 101.410032002475688, 2.994712004501112 ], [ 101.41003099780491, 2.994679999699085 ], [ 101.410027004263526, 2.994572997433675 ], [ 101.41002399731434, 2.994499003789787 ], [ 101.410023998455728, 2.994485999331761 ], [ 101.409971998864322, 2.994457001468207 ], [ 101.409738001951311, 2.994465996978051 ], [ 101.409746998587366, 2.994758001216681 ], [ 101.409692999291337, 2.99476000405327 ], [ 101.409698999658147, 2.994958996306465 ] ] ] } },
{ "type": "Feature", "properties": { "upi": null, "sts_warta": "Dalam Proses", "no_lot": null, "no_pt": null, "seksyen_id": null, "mukim_id": null, "daerah_id": "1001", "negeri_id": "10", "nama": "Lorong Selat Selatan 8, Sobena Jaya", "gtn1": "Tanah Lapang dan Rekreasi", "gtn2": "Tanah Lapang", "gtn3": "Padang Permainan", "kod_gtn": "TLR105", "no_warta": null, "trkh_warta": null, "serah_PTD": null, "Luas_h": 0.4443, "pemilik": null, "selenggara": null, "catatan": null, "tahun_data": 2024, "PBT": "MBDK" }, "geometry": { "type": "Polygon", "coordinates": [ [ [ 101.410014996479788, 2.994253998276209 ], [ 101.410016002291499, 2.994272998620398 ], [ 101.41047899731403, 2.994533002153133 ], [ 101.410513001585514, 2.994511997257439 ], [ 101.410502996306079, 2.994230998787677 ], [ 101.410556995574694, 2.994228995910083 ], [ 101.410537997106829, 2.993717000204024 ], [ 101.409995998615116, 2.993737996327831 ], [ 101.410014996479788, 2.994253998276209 ] ] ] } },
{ "type": "Feature", "properties": { "upi": null, "sts_warta": "Dalam Proses", "no_lot": null, "no_pt": null, "seksyen_id": null, "mukim_id": null, "daerah_id": "1001", "negeri_id": "10", "nama": "Jalan Sekinchan, Pandamaran", "gtn1": "Tanah Lapang dan Rekreasi", "gtn2": "Tanah Lapang", "gtn3": "Tanah Lapang Lain", "kod_gtn": "TLR107", "no_warta": null, "trkh_warta": null, "serah_PTD": null, "Luas_h": 0.1317, "pemilik": null, "selenggara": null, "catatan": null, "tahun_data": 2024, "PBT": "MBDK" }, "geometry": { "type": "Polygon", "coordinates": [ [ [ 101.410498001481542, 3.004849001924862 ], [ 101.410569997577412, 3.004784998884892 ], [ 101.41074300273516, 3.004626003509946 ], [ 101.4105269983596, 3.004385998836745 ], [ 101.410281996765335, 3.004613003444814 ], [ 101.410498001481542, 3.004849001924862 ] ] ] } },
{ "type": "Feature", "properties": { "upi": null, "sts_warta": "Dalam Proses", "no_lot": null, "no_pt": null, "seksyen_id": null, "mukim_id": null, "daerah_id": "1001", "negeri_id": "10", "nama": "Jalan Selat Selatan 21, Sobena Jaya", "gtn1": "Tanah Lapang dan Rekreasi", "gtn2": "Tanah Lapang", "gtn3": "Tanah Lapang Lain", "kod_gtn": "TLR107", "no_warta": null, "trkh_warta": null, "serah_PTD": null, "Luas_h": 2.1148, "pemilik": null, "selenggara": null, "catatan": null, "tahun_data": 2024, "PBT": "MBDK" }, "geometry": { "type": "Polygon", "coordinates": [ [ [ 101.411314972555374, 2.990259184572031 ], [ 101.415757517132008, 2.986663604086445 ], [ 101.415959672269125, 2.986505532574637 ], [ 101.415827644572019, 2.986333678214847 ], [ 101.410392492453539, 2.990684452466761 ], [ 101.410389967369625, 2.990757667891602 ], [ 101.41118755516932, 2.990763471536826 ], [ 101.411314972555374, 2.990259184572031 ] ] ] } },
{ "type": "Feature", "properties": { "upi": null, "sts_warta": "Dalam Proses", "no_lot": null, "no_pt": null, "seksyen_id": null, "mukim_id": null, "daerah_id": "1001", "negeri_id": "10", "nama": "Persiaran Casuarina, Bandar Botanik", "gtn1": "Tanah Lapang dan Rekreasi", "gtn2": "Tanah Lapang", "gtn3": "Lot Permainan", "kod_gtn": "TLR106", "no_warta": null, "trkh_warta": null, "serah_PTD": null, "Luas_h": 0.4722, "pemilik": null, "selenggara": null, "catatan": null, "tahun_data": 2024, "PBT": "MBDK" }, "geometry": { "type": "Polygon", "coordinates": [ [ [ 101.426076001784168, 2.987444998746853 ], [ 101.426614999774642, 2.987447000830449 ], [ 101.4266479963336, 2.987421998140053 ], [ 101.426783002493039, 2.987231996324469 ], [ 101.426848999033453, 2.987010002802477 ], [ 101.426848997994455, 2.986899998405891 ], [ 101.426075996610166, 2.986899995885255 ], [ 101.426076001784168, 2.987444998746853 ] ] ] } },
{ "type": "Feature", "properties": { "upi": null, "sts_warta": "Dalam Proses", "no_lot": null, "no_pt": null, "seksyen_id": null, "mukim_id": null, "daerah_id": "1001", "negeri_id": "10", "nama": "Jalan Bentara 3, Taman Saga", "gtn1": "Tanah Lapang dan Rekreasi", "gtn2": "Tanah Lapang", "gtn3": "Tanah Lapang Lain", "kod_gtn": "TLR107", "no_warta": null, "trkh_warta": null, "serah_PTD": null, "Luas_h": 0.2113, "pemilik": null, "selenggara": null, "catatan": null, "tahun_data": 2024, "PBT": "MBDK" }, "geometry": { "type": "Polygon", "coordinates": [ [ [ 101.46858299599073, 3.022305000122491 ], [ 101.468583997443659, 3.022478001170705 ], [ 101.469260998129982, 3.022678002491984 ], [ 101.469286996296319, 3.022650999681886 ], [ 101.469172996871293, 3.02234300327147 ], [ 101.46911799926481, 3.022303002218819 ], [ 101.46858299599073, 3.022305000122491 ] ] ] } },
{ "type": "Feature", "properties": { "upi": null, "sts_warta": "Dalam Proses", "no_lot": null, "no_pt": null, "seksyen_id": null, "mukim_id": null, "daerah_id": "1001", "negeri_id": "10", "nama": "Jalan Impian 11A, Bandar Botanik 2", "gtn1": "Tanah Lapang dan Rekreasi", "gtn2": "Tanah Lapang", "gtn3": "Lot Permainan", "kod_gtn": "TLR106", "no_warta": null, "trkh_warta": null, "serah_PTD": null, "Luas_h": 0.5646, "pemilik": null, "selenggara": null, "catatan": null, "tahun_data": 2024, "PBT": "MBDK" }, "geometry": { "type": "Polygon", "coordinates": [ [ [ 101.459148003647243, 2.995048000279295 ], [ 101.459147999886653, 2.995134998207634 ], [ 101.459036000460856, 2.995509003007987 ], [ 101.459228999053579, 2.995436998502083 ], [ 101.459248004051162, 2.995488004353184 ], [ 101.459364001088773, 2.995444998786785 ], [ 101.459402002060656, 2.995547996219087 ], [ 101.46074000209417, 2.995047996322773 ], [ 101.459148003647243, 2.995048000279295 ] ] ] } },
{ "type": "Feature", "properties": { "upi": null, "sts_warta": "Dalam Proses", "no_lot": null, "no_pt": null, "seksyen_id": null, "mukim_id": null, "daerah_id": "1001", "negeri_id": "10", "nama": "Jalan Dato Dagang 28, Taman Sentosa", "gtn1": "Tanah Lapang dan Rekreasi", "gtn2": "Tanah Lapang", "gtn3": "Tanah Lapang Lain", "kod_gtn": "TLR107", "no_warta": null, "trkh_warta": null, "serah_PTD": null, "Luas_h": 0.0819, "pemilik": null, "selenggara": null, "catatan": null, "tahun_data": 2024, "PBT": "MBDK" }, "geometry": { "type": "Polygon", "coordinates": [ [ [ 101.471529002432547, 2.99997900220696 ], [ 101.471587998194082, 3.000137002131857 ], [ 101.471754001302443, 3.000074001810942 ], [ 101.471692001376582, 2.999905999748317 ], [ 101.47180699993848, 2.999861998049612 ], [ 101.472141003005746, 2.999735997377064 ], [ 101.471989002866408, 2.999322996508259 ], [ 101.471962996900686, 2.999332002947443 ], [ 101.472069996976629, 2.999620998675625 ], [ 101.472006997924453, 2.999757001025251 ], [ 101.47155400234152, 2.999925999389257 ], [ 101.471529002432547, 2.99997900220696 ] ] ] } },
{ "type": "Feature", "properties": { "upi": null, "sts_warta": "Dalam Proses", "no_lot": null, "no_pt": null, "seksyen_id": null, "mukim_id": null, "daerah_id": "1001", "negeri_id": "10", "nama": "Jalan Dato Dagang 23, Taman Sentosa", "gtn1": "Tanah Lapang dan Rekreasi", "gtn2": "Kawasan Hijau", "gtn3": "Kawasan Hijau", "kod_gtn": "TLR302", "no_warta": null, "trkh_warta": null, "serah_PTD": null, "Luas_h": 0.3152, "pemilik": null, "selenggara": null, "catatan": null, "tahun_data": 2024, "PBT": "MBDK" }, "geometry": { "type": "Polygon", "coordinates": [ [ [ 101.471108997930244, 2.99915799751356 ], [ 101.47060499795451, 2.999346003133391 ], [ 101.47068199635352, 2.999411995702837 ], [ 101.471439001160192, 3.000051003191546 ], [ 101.471108997930244, 2.99915799751356 ] ] ] } },
{ "type": "Feature", "properties": { "upi": null, "sts_warta": "Dalam Proses", "no_lot": null, "no_pt": null, "seksyen_id": null, "mukim_id": null, "daerah_id": "1001", "negeri_id": "10", "nama": "Jalan Ikhlas 1F/KS8, Johan Setia", "gtn1": "Tanah Lapang dan Rekreasi", "gtn2": "Tanah Lapang", "gtn3": "Tanah Lapang Lain", "kod_gtn": "TLR107", "no_warta": null, "trkh_warta": null, "serah_PTD": null, "Luas_h": 0.0226, "pemilik": null, "selenggara": null, "catatan": null, "tahun_data": 2024, "PBT": "MBDK" }, "geometry": { "type": "Polygon", "coordinates": [ [ [ 101.476366999365027, 2.976066999881947 ], [ 101.47646299601324, 2.976072998345884 ], [ 101.476475000835379, 2.975882001040521 ], [ 101.476379004203636, 2.975876002577782 ], [ 101.476366999365027, 2.976066999881947 ] ] ] } },
{ "type": "Feature", "properties": { "upi": null, "sts_warta": "Dalam Proses", "no_lot": null, "no_pt": null, "seksyen_id": null, "mukim_id": null, "daerah_id": "1001", "negeri_id": "10", "nama": "Jalan Kebun Nenas 5F, Bandar Putera", "gtn1": "Tanah Lapang dan Rekreasi", "gtn2": "Tanah Lapang", "gtn3": "Lot Permainan", "kod_gtn": "TLR106", "no_warta": null, "trkh_warta": null, "serah_PTD": null, "Luas_h": 0.8829, "pemilik": null, "selenggara": null, "catatan": null, "tahun_data": 2024, "PBT": "MBDK" }, "geometry": { "type": "Polygon", "coordinates": [ [ [ 101.508104844571434, 2.965484774848862 ], [ 101.508053257536076, 2.965454334650205 ], [ 101.507986315989783, 2.965566446395081 ], [ 101.509648328549602, 2.966541779610119 ], [ 101.509705375605705, 2.966528069588645 ], [ 101.509776517728952, 2.966404264547123 ], [ 101.509658015770071, 2.966334973935017 ], [ 101.509759039552435, 2.966160362705263 ], [ 101.508233447482368, 2.965259520393473 ], [ 101.508104844571434, 2.965484774848862 ] ] ] } },
{ "type": "Feature", "properties": { "upi": null, "sts_warta": "Dalam Proses", "no_lot": null, "no_pt": null, "seksyen_id": null, "mukim_id": null, "daerah_id": "1001", "negeri_id": "10", "nama": "Jalan Perigi Nenas 8/4, Taman Perindustrian Pulau", "gtn1": "Tanah Lapang dan Rekreasi", "gtn2": "Tanah Lapang", "gtn3": "Tanah Lapang Lain", "kod_gtn": "TLR107", "no_warta": null, "trkh_warta": null, "serah_PTD": null, "Luas_h": 0.0353, "pemilik": null, "selenggara": null, "catatan": null, "tahun_data": 2024, "PBT": "MBDK" }, "geometry": { "type": "Polygon", "coordinates": [ [ [ 101.312138003219999, 2.952091002786672 ], [ 101.312369001945996, 2.951948003913671 ], [ 101.312382999093273, 2.951890996767975 ], [ 101.312334997298038, 2.951812998036765 ], [ 101.312083999443459, 2.952077997916982 ], [ 101.312138003219999, 2.952091002786672 ] ] ] } },
{ "type": "Feature", "properties": { "upi": null, "sts_warta": "Dalam Proses", "no_lot": null, "no_pt": null, "seksyen_id": null, "mukim_id": null, "daerah_id": "1001", "negeri_id": "10", "nama": "Jalan Samudera 10/8, Taman Samudera", "gtn1": "Tanah Lapang dan Rekreasi", "gtn2": "Tanah Lapang", "gtn3": "Tanah Lapang Lain", "kod_gtn": "TLR107", "no_warta": null, "trkh_warta": null, "serah_PTD": null, "Luas_h": 14.3264, "pemilik": null, "selenggara": null, "catatan": null, "tahun_data": 2024, "PBT": "MBDK" }, "geometry": { "type": "Polygon", "coordinates": [ [ [ 101.349463998322307, 2.931589000995389 ], [ 101.350049997961989, 2.932145995679448 ], [ 101.350535996729107, 2.932613997813309 ], [ 101.351947001487346, 2.934706002102661 ], [ 101.35223199913051, 2.935134003657103 ], [ 101.353727002219927, 2.93737300037198 ], [ 101.354012998781641, 2.937806997448778 ], [ 101.354378004433755, 2.938456998436336 ], [ 101.354382996874605, 2.938455000524126 ], [ 101.354448002571203, 2.938591004446504 ], [ 101.354559996413855, 2.938537003417838 ], [ 101.354650000924025, 2.93872500139852 ], [ 101.354554999658816, 2.938769997512481 ], [ 101.355536998689587, 2.94051799942511 ], [ 101.356318997662612, 2.942203998896581 ], [ 101.357101997294606, 2.943889998022261 ], [ 101.357512002764011, 2.944783995764593 ], [ 101.357742997943646, 2.944680000316543 ], [ 101.357828002100263, 2.944869001219975 ], [ 101.357731003682701, 2.944913002535543 ], [ 101.357809002911196, 2.945085995637737 ], [ 101.357675995543943, 2.945145998970827 ], [ 101.358329995647892, 2.946610000094015 ], [ 101.358366000629474, 2.946692001644467 ], [ 101.358552001461817, 2.946601999243218 ], [ 101.358762002415943, 2.94649999938972 ], [ 101.358432997508032, 2.945518997062644 ], [ 101.357603004459065, 2.944042004075235 ], [ 101.356725999086365, 2.942482003635758 ], [ 101.35659400305093, 2.942245997625323 ], [ 101.355672000551778, 2.940606001274129 ], [ 101.354689000069911, 2.938546001197866 ], [ 101.354533000695127, 2.938220000573557 ], [ 101.353595999905934, 2.936256001902234 ], [ 101.353227998726496, 2.935484004489602 ], [ 101.352629998594622, 2.934584996422519 ], [ 101.351139995777885, 2.932652996236154 ], [ 101.349792000873791, 2.93148500267757 ], [ 101.348444003639329, 2.930929003165518 ], [ 101.345889003805624, 2.930532996552756 ], [ 101.344000997237885, 2.93015400202326 ], [ 101.34189100127422, 2.929393999396635 ], [ 101.340073999920079, 2.928488998403573 ], [ 101.33882999573899, 2.927660000512117 ], [ 101.33790999698175, 2.926880002429935 ], [ 101.33729299697643, 2.926228999805476 ], [ 101.336241001912668, 2.924673995648867 ], [ 101.335782999735144, 2.923522002145988 ], [ 101.335630000053314, 2.922086996241655 ], [ 101.335635004072032, 2.921058000684205 ], [ 101.335705996127018, 2.91989300218417 ], [ 101.335435004223427, 2.919582997532133 ], [ 101.335348999398832, 2.920038003962111 ], [ 101.335335003906167, 2.920273004090796 ], [ 101.335343999623561, 2.921096996541294 ], [ 101.335567996638034, 2.921094001318212 ], [ 101.335570996364424, 2.921302000402334 ], [ 101.335346000888578, 2.921305004513889 ], [ 101.335346997729488, 2.921433999985878 ], [ 101.335358996235499, 2.92238600246529 ], [ 101.335463002289558, 2.923101000096743 ], [ 101.335809001115223, 2.924310999141345 ], [ 101.336220995870107, 2.925160998749165 ], [ 101.336603995555009, 2.925689002903293 ], [ 101.336712998903167, 2.92583900460619 ], [ 101.337292998345802, 2.926639001267217 ], [ 101.337897997377112, 2.927243998213225 ], [ 101.3380459999793, 2.927351004247472 ], [ 101.340048004011976, 2.928799002933086 ], [ 101.340674003060187, 2.929135999904632 ], [ 101.341003995851835, 2.929261001943866 ], [ 101.344103003493828, 2.930432002630987 ], [ 101.34838599673796, 2.931179000342712 ], [ 101.349463998322307, 2.931589000995389 ] ] ] } },
{ "type": "Feature", "properties": { "upi": null, "sts_warta": "Dalam Proses", "no_lot": null, "no_pt": null, "seksyen_id": null, "mukim_id": null, "daerah_id": "1001", "negeri_id": "10", "nama": "Lorong Masjid Sultan 42A, Kampung Perigi Nenas", "gtn1": "Tanah Lapang dan Rekreasi", "gtn2": "Tanah Lapang", "gtn3": "Tanah Lapang Lain", "kod_gtn": "TLR107", "no_warta": null, "trkh_warta": null, "serah_PTD": null, "Luas_h": 0.0634, "pemilik": null, "selenggara": null, "catatan": null, "tahun_data": 2024, "PBT": "MBDK" }, "geometry": { "type": "Polygon", "coordinates": [ [ [ 101.30040300350457, 2.920489996575211 ], [ 101.300533002922919, 2.920352000180841 ], [ 101.30053099745696, 2.920350001219534 ], [ 101.300335998121781, 2.920163996759582 ], [ 101.30020599888438, 2.920300998357357 ], [ 101.300400998038612, 2.920487997613674 ], [ 101.30040300350457, 2.920489996575211 ] ] ] } },
{ "type": "Feature", "properties": { "upi": null, "sts_warta": "Dalam Proses", "no_lot": null, "no_pt": null, "seksyen_id": null, "mukim_id": null, "daerah_id": "1001", "negeri_id": "10", "nama": "Lorong Dato Hormat 27E, Kampung Sungai Pinang", "gtn1": "Tanah Lapang dan Rekreasi", "gtn2": "Tanah Lapang", "gtn3": "Tanah Lapang Lain", "kod_gtn": "TLR107", "no_warta": null, "trkh_warta": null, "serah_PTD": null, "Luas_h": 0.0077, "pemilik": null, "selenggara": null, "catatan": null, "tahun_data": 2024, "PBT": "MBDK" }, "geometry": { "type": "Polygon", "coordinates": [ [ [ 101.340239998022113, 2.947736997707915 ], [ 101.34026400048046, 2.947711001493218 ], [ 101.340137998885638, 2.947589999727304 ], [ 101.340112997985017, 2.947615995789136 ], [ 101.340239998022113, 2.947736997707915 ] ] ] } },
{ "type": "Feature", "properties": { "upi": null, "sts_warta": "Dalam Proses", "no_lot": null, "no_pt": null, "seksyen_id": null, "mukim_id": null, "daerah_id": "1001", "negeri_id": "10", "nama": "Lorong Dato Hormat 27E, Kampung Sungai Pinang", "gtn1": "Tanah Lapang dan Rekreasi", "gtn2": "Tanah Lapang", "gtn3": "Lot Permainan", "kod_gtn": "TLR106", "no_warta": null, "trkh_warta": null, "serah_PTD": null, "Luas_h": 0.0614, "pemilik": null, "selenggara": null, "catatan": null, "tahun_data": 2024, "PBT": "MBDK" }, "geometry": { "type": "Polygon", "coordinates": [ [ [ 101.33974200321444, 2.947535996127133 ], [ 101.33991800097013, 2.947703000280173 ], [ 101.340059001537384, 2.947553000271783 ], [ 101.339884002224863, 2.947385996291199 ], [ 101.33974200321444, 2.947535996127133 ] ] ] } },
{ "type": "Feature", "properties": { "upi": null, "sts_warta": "Dalam Proses", "no_lot": null, "no_pt": null, "seksyen_id": null, "mukim_id": null, "daerah_id": "1001", "negeri_id": "10", "nama": "Lorong Dato Hormat 27E, Kampung Sungai Pinang", "gtn1": "Tanah Lapang dan Rekreasi", "gtn2": "Tanah Lapang", "gtn3": "Tanah Lapang Lain", "kod_gtn": "TLR107", "no_warta": null, "trkh_warta": null, "serah_PTD": null, "Luas_h": 0.0127, "pemilik": null, "selenggara": null, "catatan": null, "tahun_data": 2024, "PBT": "MBDK" }, "geometry": { "type": "Polygon", "coordinates": [ [ [ 101.339968995567318, 2.947688999706537 ], [ 101.339938002963279, 2.947722003509555 ], [ 101.340103999702933, 2.947879998887221 ], [ 101.340135001152348, 2.947847998900164 ], [ 101.339968995567318, 2.947688999706537 ] ] ] } },
{ "type": "Feature", "properties": { "upi": null, "sts_warta": "Warta", "no_lot": "31941", "no_pt": null, "seksyen_id": "100203000", "mukim_id": "100203", "daerah_id": "1002", "negeri_id": "10", "nama": "BANDAR TASIK PUTERI", "gtn1": "Tanah Lapang dan Rekreasi", "gtn2": "Tanah Lapang", "gtn3": "Padang Permainan", "kod_gtn": "TLR105", "no_warta": "WKN 4512", "trkh_warta": "25/7/2024", "serah_PTD": null, "Luas_h": 0.6716, "pemilik": null, "selenggara": null, "catatan": null, "tahun_data": 2024, "PBT": "MPS" }, "geometry": { "type": "Polygon", "coordinates": [ [ [ 101.56503758603003, 3.31850766337723 ], [ 101.56503758603003, 3.31850766337723 ], [ 101.564991443430742, 3.318608685814493 ], [ 101.564973094353476, 3.318649022422812 ], [ 101.565229046126021, 3.31890101478204 ], [ 101.565118658632798, 3.319012538996413 ], [ 101.565215855522467, 3.319108109802622 ], [ 101.565290103152549, 3.319181076335691 ], [ 101.565462087781142, 3.31935051787945 ], [ 101.565520395699451, 3.31935005526657 ], [ 101.56602591074315, 3.31883901544214 ], [ 101.56602832938438, 3.318777972413304 ], [ 101.565835008275812, 3.31854722089983 ], [ 101.565834738331588, 3.318547220948271 ], [ 101.56503758603003, 3.31850766337723 ] ] ] } },
{ "type": "Feature", "properties": { "upi": null, "sts_warta": "Warta", "no_lot": "31949", "no_pt": null, "seksyen_id": "100203000", "mukim_id": "100203", "daerah_id": "1002", "negeri_id": "10", "nama": "BANDAR TASIK PUTERI", "gtn1": "Tanah Lapang dan Rekreasi", "gtn2": "Tanah Lapang", "gtn3": "Tanah Lapang Lain", "kod_gtn": "TLR107", "no_warta": "WKN 3695", "trkh_warta": "25/7/2024", "serah_PTD": "8/10/2024", "Luas_h": 0.0244, "pemilik": null, "selenggara": null, "catatan": null, "tahun_data": 2024, "PBT": "MPS" }, "geometry": { "type": "Polygon", "coordinates": [ [ [ 101.502206291204658, 3.276480736187353 ], [ 101.502272417315027, 3.276414440708071 ], [ 101.502351768611803, 3.276334669086302 ], [ 101.502352038514147, 3.276334397754244 ], [ 101.50228346796473, 3.276266670616848 ], [ 101.502283467985052, 3.276266851484456 ], [ 101.502217341915213, 3.276333418265716 ], [ 101.502137990597731, 3.276413099443356 ], [ 101.502138260540747, 3.276413189846571 ], [ 101.502206291204658, 3.276480736187353 ] ] ] } },
{ "type": "Feature", "properties": { "upi": null, "sts_warta": "Warta", "no_lot": "31949", "no_pt": null, "seksyen_id": "100203000", "mukim_id": "100203", "daerah_id": "1002", "negeri_id": "10", "nama": "BANDAR TASIK PUTERI", "gtn1": "Tanah Lapang dan Rekreasi", "gtn2": "Tanah Lapang", "gtn3": "Tanah Lapang Lain", "kod_gtn": "TLR107", "no_warta": "WKN 3692", "trkh_warta": "25/7/2024", "serah_PTD": null, "Luas_h": 0.0244, "pemilik": null, "selenggara": null, "catatan": null, "tahun_data": 2024, "PBT": "MPS" }, "geometry": { "type": "Polygon", "coordinates": [ [ [ 101.501914511288746, 3.276637310147774 ], [ 101.50198254194315, 3.276704766069705 ], [ 101.502128019393695, 3.27655851813208 ], [ 101.502128289326606, 3.276558518101493 ], [ 101.502128289306299, 3.276558337233885 ], [ 101.502059988699202, 3.276490700484653 ], [ 101.502059718776437, 3.276490790949025 ], [ 101.501979017962512, 3.276572190509761 ], [ 101.501914511288746, 3.276637310147774 ] ] ] } },
{ "type": "Feature", "properties": { "upi": null, "sts_warta": "Warta", "no_lot": "31941", "no_pt": null, "seksyen_id": "100203000", "mukim_id": "100203", "daerah_id": "1002", "negeri_id": "10", "nama": "BANDAR TASIK PUTERI", "gtn1": "Tanah Lapang dan Rekreasi", "gtn2": "Tanah Lapang", "gtn3": "Tanah Lapang Lain", "kod_gtn": "TLR107", "no_warta": "WKN 3709", "trkh_warta": "25/7/2024", "serah_PTD": "24/8/2022", "Luas_h": 0.0244, "pemilik": null, "selenggara": null, "catatan": null, "tahun_data": 2024, "PBT": "MPS" }, "geometry": { "type": "Polygon", "coordinates": [ [ [ 101.502614113637719, 3.276071024727862 ], [ 101.502645962097517, 3.276039007536685 ], [ 101.502759320975528, 3.275924776733412 ], [ 101.502759590877659, 3.27592450540125 ], [ 101.502691290272594, 3.275856868694366 ], [ 101.502611939049203, 3.275936730775458 ], [ 101.502545543079037, 3.276003207174309 ], [ 101.502545813032143, 3.276003388011221 ], [ 101.50261411362753, 3.276070934294059 ], [ 101.502614113637719, 3.276071024727862 ] ] ] } },
{ "type": "Feature", "properties": { "upi": null, "sts_warta": "Warta", "no_lot": "31946", "no_pt": null, "seksyen_id": "100203000", "mukim_id": "100203", "daerah_id": "1002", "negeri_id": "10", "nama": "BANDAR TASIK PUTERI", "gtn1": "Tanah Lapang dan Rekreasi", "gtn2": "Tanah Lapang", "gtn3": "Tanah Lapang Lain", "kod_gtn": "TLR107", "no_warta": "WKN 3708", "trkh_warta": "25/7/2024", "serah_PTD": null, "Luas_h": 0.0244, "pemilik": null, "selenggara": null, "catatan": null, "tahun_data": 2024, "PBT": "MPS" }, "geometry": { "type": "Polygon", "coordinates": [ [ [ 101.501798198482334, 3.276890176217376 ], [ 101.501864594558228, 3.276823699865699 ], [ 101.501943676005709, 3.276744109172931 ], [ 101.501943945918413, 3.276743928274783 ], [ 101.501875645310662, 3.276676291513184 ], [ 101.501730167817186, 3.276822629849322 ], [ 101.501798198482334, 3.276890176217376 ] ] ] } },
{ "type": "Feature", "properties": { "upi": null, "sts_warta": "Warta", "no_lot": "31935", "no_pt": null, "seksyen_id": "100203000", "mukim_id": "100203", "daerah_id": "1002", "negeri_id": "10", "nama": "BANDAR TASIK PUTERI", "gtn1": "Tanah Lapang dan Rekreasi", "gtn2": "Tanah Lapang", "gtn3": "Tanah Lapang Lain", "kod_gtn": "TLR107", "no_warta": "WKN 3693", "trkh_warta": "25/7/2024", "serah_PTD": "24/8/2022", "Luas_h": 0.0244, "pemilik": null, "selenggara": null, "catatan": null, "tahun_data": 2024, "PBT": "MPS" }, "geometry": { "type": "Polygon", "coordinates": [ [ [ 101.502798456803745, 3.275885614436818 ], [ 101.50284110131534, 3.27584256308518 ], [ 101.502943934021701, 3.275739366386065 ], [ 101.502944203923747, 3.275739095053856 ], [ 101.502875633376419, 3.275671367956333 ], [ 101.502875363464156, 3.275671548854721 ], [ 101.502809237471126, 3.275738115673276 ], [ 101.502730156178416, 3.275817796864935 ], [ 101.502730156188605, 3.275817887298738 ], [ 101.502798456803745, 3.275885614436818 ] ] ] } },
{ "type": "Feature", "properties": { "upi": null, "sts_warta": "Warta", "no_lot": "31958", "no_pt": null, "seksyen_id": "100203000", "mukim_id": "100203", "daerah_id": "1002", "negeri_id": "10", "nama": "BANDAR TASIK PUTERI", "gtn1": "Tanah Lapang dan Rekreasi", "gtn2": "Tanah Lapang", "gtn3": "Lot Permainan", "kod_gtn": "TLR106", "no_warta": "WKN 4528", "trkh_warta": "25/7/2024", "serah_PTD": null, "Luas_h": 1.2806, "pemilik": null, "selenggara": null, "catatan": null, "tahun_data": 2024, "PBT": "MPS" }, "geometry": { "type": "Polygon", "coordinates": [ [ [ 101.448402551034476, 3.305432194166299 ], [ 101.447407261329545, 3.305116186936029 ], [ 101.44740726134539, 3.305116458237674 ], [ 101.447406991404804, 3.30511645825359 ], [ 101.447385669992642, 3.305183199715621 ], [ 101.447437769495735, 3.305199746044041 ], [ 101.447396206273623, 3.305330515888592 ], [ 101.44739620628944, 3.305330787190238 ], [ 101.447383248901076, 3.305326718429318 ], [ 101.447137917598283, 3.306096686927344 ], [ 101.447137647683718, 3.306097139112594 ], [ 101.447268841355211, 3.306138640553637 ], [ 101.447217292081916, 3.306300701099468 ], [ 101.447217292081916, 3.306300701099468 ], [ 101.447545540964896, 3.306313342491173 ], [ 101.448139947484819, 3.306256424261209 ], [ 101.448140217425717, 3.306256424245088 ], [ 101.448240346887005, 3.305942160529852 ], [ 101.448240346870932, 3.305941889228215 ], [ 101.448402551045206, 3.305432375034059 ], [ 101.448402551034476, 3.305432194166299 ] ] ] } },
{ "type": "Feature", "properties": { "upi": null, "sts_warta": "Warta", "no_lot": "31953", "no_pt": null, "seksyen_id": "100203000", "mukim_id": "100203", "daerah_id": "1002", "negeri_id": "10", "nama": "BANDAR TASIK PUTERI", "gtn1": "Tanah Lapang dan Rekreasi", "gtn2": "Tanah Lapang", "gtn3": "Tanah Lapang Lain", "kod_gtn": "TLR107", "no_warta": "19", "trkh_warta": "25/7/2024", "serah_PTD": null, "Luas_h": 0.3584, "pemilik": null, "selenggara": null, "catatan": "DATA PLAN MALAYSIA", "tahun_data": 2024, "PBT": "MPS" }, "geometry": { "type": "Polygon", "coordinates": [ [ [ 101.520277141864639, 3.315064597579444 ], [ 101.52073543819489, 3.314554942749787 ], [ 101.520725967072437, 3.314380045289531 ], [ 101.520285693034822, 3.314403978448632 ], [ 101.520102156456204, 3.314592014459763 ], [ 101.520088720731763, 3.315059106176844 ], [ 101.520277141864639, 3.315064597579444 ] ] ] } },
{ "type": "Feature", "properties": { "upi": null, "sts_warta": "Warta", "no_lot": "31946", "no_pt": null, "seksyen_id": "100203000", "mukim_id": "100203", "daerah_id": "1002", "negeri_id": "10", "nama": "BANDAR TASIK PUTERI", "gtn1": "Tanah Lapang dan Rekreasi", "gtn2": "Tanah Lapang", "gtn3": "Tanah Lapang Lain", "kod_gtn": "TLR107", "no_warta": "WKN 3704", "trkh_warta": "25/7/2024", "serah_PTD": null, "Luas_h": 0.0244, "pemilik": null, "selenggara": null, "catatan": null, "tahun_data": 2024, "PBT": "MPS" }, "geometry": { "type": "Polygon", "coordinates": [ [ [ 101.502390904461066, 3.276295416371104 ], [ 101.502536111831944, 3.27614889710613 ], [ 101.502468081169084, 3.276081350787384 ], [ 101.502322333921938, 3.276227779670129 ], [ 101.502390904461066, 3.276295416371104 ] ] ] } },
{ "type": "Feature", "properties": { "upi": null, "sts_warta": "Warta", "no_lot": "31941", "no_pt": null, "seksyen_id": "100203000", "mukim_id": "100203", "daerah_id": "1002", "negeri_id": "10", "nama": "BANDAR TASIK PUTERI", "gtn1": "Tanah Lapang dan Rekreasi", "gtn2": "Tanah Lapang", "gtn3": "Tanah Lapang Lain", "kod_gtn": "TLR107", "no_warta": "WKN 3692", "trkh_warta": "25/7/2024", "serah_PTD": null, "Luas_h": 0.0244, "pemilik": null, "selenggara": null, "catatan": null, "tahun_data": 2024, "PBT": "MPS" }, "geometry": { "type": "Polygon", "coordinates": [ [ [ 101.501914511288746, 3.276637310147774 ], [ 101.50198254194315, 3.276704766069705 ], [ 101.502128019393695, 3.27655851813208 ], [ 101.502128289326606, 3.276558518101493 ], [ 101.502128289306299, 3.276558337233885 ], [ 101.502059988699202, 3.276490700484653 ], [ 101.502059718776437, 3.276490790949025 ], [ 101.501979017962512, 3.276572190509761 ], [ 101.501914511288746, 3.276637310147774 ] ] ] } },
{ "type": "Feature", "properties": { "upi": null, "sts_warta": "Warta", "no_lot": "7032", "no_pt": null, "seksyen_id": "100203000", "mukim_id": "100203", "daerah_id": "1002", "negeri_id": "10", "nama": "TAMAN SRI RAWANG", "gtn1": "Tanah Lapang dan Rekreasi", "gtn2": "Tanah Lapang", "gtn3": "Tanah Lapang Lain", "kod_gtn": "TLR107", "no_warta": "WKN 3704", "trkh_warta": "5/9/2024", "serah_PTD": null, "Luas_h": 0.0244, "pemilik": null, "selenggara": null, "catatan": null, "tahun_data": 2024, "PBT": "MPS" }, "geometry": { "type": "Polygon", "coordinates": [ [ [ 101.502390904461066, 3.276295416371104 ], [ 101.502536111831944, 3.27614889710613 ], [ 101.502468081169084, 3.276081350787384 ], [ 101.502322333921938, 3.276227779670129 ], [ 101.502390904461066, 3.276295416371104 ] ] ] } },
{ "type": "Feature", "properties": { "upi": null, "sts_warta": "Dalam Proses", "no_lot": "87927", "no_pt": null, "seksyen_id": "100201000", "mukim_id": "100201", "daerah_id": "1002", "negeri_id": "10", "nama": "KAMPUNG NAKHODA", "gtn1": "Tanah Lapang dan Rekreasi", "gtn2": "Tanah Lapang", "gtn3": "Tanah Lapang Lain", "kod_gtn": "TLR107", "no_warta": "TIADA", "trkh_warta": null, "serah_PTD": "6/2/2024", "Luas_h": 0.0979, "pemilik": null, "selenggara": null, "catatan": "DALAM PROSES PERMOHONAN", "tahun_data": 2024, "PBT": "MPS" }, "geometry": { "type": "Polygon", "coordinates": [ [ [ 101.677644406886728, 3.251010393257786 ], [ 101.677644406886728, 3.251010393257786 ], [ 101.677637117315356, 3.251004878944519 ], [ 101.677620918205335, 3.250992403856684 ], [ 101.677620918205335, 3.250992403856684 ], [ 101.677577450346291, 3.250958051837309 ], [ 101.677534522393742, 3.250923880526616 ], [ 101.677491324518172, 3.250889709291245 ], [ 101.677491594290132, 3.250889166616562 ], [ 101.677448666343608, 3.250854995301637 ], [ 101.677448396571634, 3.250855537976309 ], [ 101.677405198676396, 3.250821276303796 ], [ 101.677362000809836, 3.250787105062018 ], [ 101.67731907282095, 3.25075275287496 ], [ 101.677319342669961, 3.250752481498945 ], [ 101.677319072718291, 3.250752391143457 ], [ 101.677211946755392, 3.250874596676942 ], [ 101.677213846448964, 3.250910588420201 ], [ 101.677213846474615, 3.250910678853079 ], [ 101.67747951711145, 3.251133881458314 ], [ 101.67753188429154, 3.251139201973106 ], [ 101.677644406886728, 3.251010393257786 ] ] ] } },
{ "type": "Feature", "properties": { "upi": null, "sts_warta": "Dalam Proses", "no_lot": "TIADA", "no_pt": null, "seksyen_id": "100201000", "mukim_id": "100201", "daerah_id": "1002", "negeri_id": "10", "nama": "KAMPUNG DESA AMAN", "gtn1": "Tanah Lapang dan Rekreasi", "gtn2": "Tanah Lapang", "gtn3": "Tanah Lapang Lain", "kod_gtn": "TLR107", "no_warta": "TIADA", "trkh_warta": null, "serah_PTD": "6/2/2024", "Luas_h": 0.7381, "pemilik": null, "selenggara": null, "catatan": "DALAM PROSES PERMOHONAN", "tahun_data": 2024, "PBT": "MPS" }, "geometry": { "type": "Polygon", "coordinates": [ [ [ 101.594951161966051, 3.20282558328804 ], [ 101.594849424428631, 3.2029248093912 ], [ 101.594804638459038, 3.203023300535712 ], [ 101.594803050887151, 3.203183187335827 ], [ 101.594847625529781, 3.203378153035279 ], [ 101.59507336741072, 3.203849356589433 ], [ 101.595156774159435, 3.2038665221127 ], [ 101.595592335441268, 3.203470516057916 ], [ 101.595607987563255, 3.203456224392565 ], [ 101.59558180035225, 3.203428285734552 ], [ 101.595544274311436, 3.203388050411156 ], [ 101.595506748291768, 3.20334790551968 ], [ 101.59546922223889, 3.203307579759557 ], [ 101.595363393491439, 3.203194378388217 ], [ 101.595294280882555, 3.203120598601726 ], [ 101.595509358289547, 3.202902791179692 ], [ 101.595367352777942, 3.202747545533492 ], [ 101.595260443654112, 3.202630365288967 ], [ 101.595258014343855, 3.202629913612165 ], [ 101.595167860151307, 3.202614196389557 ], [ 101.595028342175993, 3.202750417451091 ], [ 101.595006483421855, 3.202771583308328 ], [ 101.594986513789436, 3.20279139228101 ], [ 101.594951161966051, 3.20282558328804 ] ] ] } },
{ "type": "Feature", "properties": { "upi": null, "sts_warta": "Dalam Proses", "no_lot": "83154", "no_pt": null, "seksyen_id": "100201000", "mukim_id": "100201", "daerah_id": "1002", "negeri_id": "10", "nama": "TAMAN SAMUDERA", "gtn1": "Tanah Lapang dan Rekreasi", "gtn2": "Tanah Lapang", "gtn3": "Tanah Lapang Lain", "kod_gtn": "TLR107", "no_warta": "TIADA", "trkh_warta": null, "serah_PTD": "8/8/2024", "Luas_h": 0.5352, "pemilik": null, "selenggara": null, "catatan": "DALAM PROSES PERMOHONAN", "tahun_data": 2024, "PBT": "MPS" }, "geometry": { "type": "Polygon", "coordinates": [ [ [ 101.694159503074573, 3.230114163307041 ], [ 101.694159224705714, 3.230085857930108 ], [ 101.693862582800477, 3.230088479451565 ], [ 101.693857563508018, 3.229549411129968 ], [ 101.694209268853683, 3.229546230426268 ], [ 101.694214566701831, 3.230113604105256 ], [ 101.694215646383967, 3.230113603779635 ], [ 101.694256944117853, 3.230113229592675 ], [ 101.694257483958935, 3.230113229429843 ], [ 101.694298769352088, 3.230071527463903 ], [ 101.694297208065905, 3.229362534925139 ], [ 101.694295858464216, 3.22936253533218 ], [ 101.693869653038917, 3.229358594310439 ], [ 101.693796504412234, 3.229357892876261 ], [ 101.693795154702769, 3.229357531551519 ], [ 101.693795155133984, 3.229358978475977 ], [ 101.69376816059399, 3.229350576354606 ], [ 101.693751154076878, 3.22934542680587 ], [ 101.69351414226729, 3.22927242843918 ], [ 101.693196167342236, 3.229242952519073 ], [ 101.692917879587895, 3.229243307405149 ], [ 101.692917339747282, 3.229243307567224 ], [ 101.692790513738288, 3.229366334237283 ], [ 101.692737894421285, 3.229417354124289 ], [ 101.692737624554653, 3.229417535070858 ], [ 101.692737624554653, 3.229417535070858 ], [ 101.692715767317836, 3.229438793336182 ], [ 101.692695529065205, 3.229458242459459 ], [ 101.692542237035681, 3.229534885018613 ], [ 101.692486093435065, 3.229534359256756 ], [ 101.692485823514687, 3.229534359337685 ], [ 101.692478265717142, 3.229534271170889 ], [ 101.692060967680177, 3.229530598021177 ], [ 101.692060967760582, 3.229530869319556 ], [ 101.692061519286696, 3.229570297855612 ], [ 101.692061791458414, 3.229577894129391 ], [ 101.692062341108624, 3.229610992369912 ], [ 101.692131170623668, 3.229610338729364 ], [ 101.692200270085834, 3.229609775436078 ], [ 101.692199734374398, 3.229623702247691 ], [ 101.692866166056405, 3.229617443399936 ], [ 101.692866166002645, 3.229617262534363 ], [ 101.692863941340704, 3.229397511512188 ], [ 101.692864751101737, 3.229397511269107 ], [ 101.693745498819993, 3.229389288410175 ], [ 101.693746308581041, 3.22938928816639 ], [ 101.693745771031018, 3.229396975115124 ], [ 101.693745502161676, 3.229400502074765 ], [ 101.69374523350794, 3.229404752496637 ], [ 101.693744964584681, 3.22940809859072 ], [ 101.693744967090964, 3.22941650883916 ], [ 101.693745776851998, 3.229416508595373 ], [ 101.693746586613074, 3.229416508351585 ], [ 101.693746586666975, 3.229416689217143 ], [ 101.693747145048931, 3.229478906806461 ], [ 101.693747427905336, 3.229522314458996 ], [ 101.693748258014111, 3.229590590963072 ], [ 101.693748258849581, 3.229593394379208 ], [ 101.693747989468193, 3.229595203116047 ], [ 101.693747449627395, 3.229595203278582 ], [ 101.693747449708255, 3.229595474576918 ], [ 101.693747722458511, 3.229604969937399 ], [ 101.693746917548438, 3.229621248081342 ], [ 101.693747193398096, 3.229641143211348 ], [ 101.693747474045125, 3.229677135375907 ], [ 101.693747754638395, 3.229712946674884 ], [ 101.693748027981712, 3.229724431556463 ], [ 101.693748030488251, 3.229732841804849 ], [ 101.69374857032912, 3.229732841642307 ], [ 101.693749650010858, 3.229732841317222 ], [ 101.693749650064774, 3.229733022182778 ], [ 101.693749655751702, 3.229752103498999 ], [ 101.693750772682378, 3.229877081273326 ], [ 101.693751052872173, 3.229911536080474 ], [ 101.693750513031205, 3.229911536243027 ], [ 101.693750513058163, 3.229911626675804 ], [ 101.693750791145646, 3.229939027726251 ], [ 101.693751330986643, 3.229939027563697 ], [ 101.693751331040517, 3.229939208429252 ], [ 101.693751603710353, 3.229948432491323 ], [ 101.693751610448899, 3.229971040685797 ], [ 101.693752178403699, 3.230065361910469 ], [ 101.693752463958333, 3.230117812840226 ], [ 101.693752464012235, 3.230117993705782 ], [ 101.693957603053505, 3.230116032822441 ], [ 101.694159503074573, 3.230114163307041 ] ] ] } },
{ "type": "Feature", "properties": { "upi": null, "sts_warta": "Dalam Proses", "no_lot": "32059", "no_pt": null, "seksyen_id": "100203000", "mukim_id": "100203", "daerah_id": "1002", "negeri_id": "10", "nama": "BANDAR TASIK PUTERI", "gtn1": "Tanah Lapang dan Rekreasi", "gtn2": "Tanah Lapang", "gtn3": "Tanah Lapang Lain", "kod_gtn": "TLR107", "no_warta": "TIADA", "trkh_warta": null, "serah_PTD": "9/12/2024", "Luas_h": 0.0488, "pemilik": null, "selenggara": null, "catatan": "DALAM PROSES PERMOHONAN", "tahun_data": 2024, "PBT": "MPS" }, "geometry": { "type": "Polygon", "coordinates": [ [ [ 101.497792725425398, 3.280635631956032 ], [ 101.497921769247213, 3.280777779818543 ], [ 101.497921769247213, 3.280777779818543 ], [ 101.498075076774214, 3.280639218462803 ], [ 101.497946032949159, 3.280497070619889 ], [ 101.497946032949159, 3.280497070619889 ], [ 101.497792725425398, 3.280635631956032 ] ] ] } },
{ "type": "Feature", "properties": { "upi": null, "sts_warta": "Dalam Proses", "no_lot": "157", "no_pt": null, "seksyen_id": "100203000", "mukim_id": "100203", "daerah_id": "1002", "negeri_id": "10", "nama": "TEMPLER PARK", "gtn1": "Tanah Lapang dan Rekreasi", "gtn2": "Tanah Lapang", "gtn3": "Tanah Lapang Lain", "kod_gtn": "TLR107", "no_warta": "TIADA", "trkh_warta": null, "serah_PTD": "3/12/2024", "Luas_h": 0.3102, "pemilik": null, "selenggara": null, "catatan": "DALAM PROSES PERMOHONAN", "tahun_data": 2024, "PBT": "MPS" }, "geometry": { "type": "Polygon", "coordinates": [ [ [ 101.639064989682751, 3.299355569068728 ], [ 101.639064989682751, 3.299355569068728 ], [ 101.639186716857296, 3.299294224716616 ], [ 101.63906032449934, 3.299050449036127 ], [ 101.638800248790943, 3.298551504878239 ], [ 101.638299068965537, 3.29893931769568 ], [ 101.638299068988061, 3.29893940812876 ], [ 101.638946432755645, 3.299140549114739 ], [ 101.639064989682751, 3.299355569068728 ] ] ] } },
{ "type": "Feature", "properties": { "upi": null, "sts_warta": "Dalam Proses", "no_lot": "32065", "no_pt": null, "seksyen_id": "100203000", "mukim_id": "100203", "daerah_id": "1002", "negeri_id": "10", "nama": "BANDAR TASIK PUTERI", "gtn1": "Tanah Lapang dan Rekreasi", "gtn2": "Tanah Lapang", "gtn3": "Tanah Lapang Lain", "kod_gtn": "TLR107", "no_warta": "TIADA", "trkh_warta": null, "serah_PTD": "3/12/2024", "Luas_h": 0.0488, "pemilik": null, "selenggara": null, "catatan": "DALAM PROSES PERMOHONAN", "tahun_data": 2024, "PBT": "MPS" }, "geometry": { "type": "Polygon", "coordinates": [ [ [ 101.498353735907344, 3.280393761341427 ], [ 101.498353735887704, 3.28039358047381 ], [ 101.498506773384236, 3.280255199951747 ], [ 101.498506773374402, 3.280255109517938 ], [ 101.498506773374402, 3.280255109517938 ], [ 101.498377729539428, 3.280112961730242 ], [ 101.498377729549247, 3.280113052164051 ], [ 101.498224422122064, 3.280251432696121 ], [ 101.498224422141675, 3.28025161356374 ], [ 101.498353735907344, 3.280393761341427 ] ] ] } },
{ "type": "Feature", "properties": { "upi": null, "sts_warta": "Dalam Proses", "no_lot": "159", "no_pt": null, "seksyen_id": "100203000", "mukim_id": "100203", "daerah_id": "1002", "negeri_id": "10", "nama": "TEMPLER PARK", "gtn1": "Tanah Lapang dan Rekreasi", "gtn2": "Tanah Lapang", "gtn3": "Tanah Lapang Lain", "kod_gtn": "TLR107", "no_warta": "TIADA", "trkh_warta": null, "serah_PTD": "3/12/2024", "Luas_h": 0.2493, "pemilik": null, "selenggara": null, "catatan": "DALAM PROSES PERMOHONAN", "tahun_data": 2024, "PBT": "MPS" }, "geometry": { "type": "Polygon", "coordinates": [ [ [ 101.636756662918458, 3.300130798764458 ], [ 101.637238141981015, 3.299757641742792 ], [ 101.637226531368682, 3.299744622286473 ], [ 101.636961379364848, 3.299454941046945 ], [ 101.63679018862338, 3.299255488462593 ], [ 101.636756662918458, 3.300130798764458 ] ] ] } },
{ "type": "Feature", "properties": { "upi": null, "sts_warta": "Dalam Proses", "no_lot": "32062", "no_pt": null, "seksyen_id": "100203000", "mukim_id": "100203", "daerah_id": "1002", "negeri_id": "10", "nama": "BANDAR TASIK PUTERI", "gtn1": "Tanah Lapang dan Rekreasi", "gtn2": "Tanah Lapang", "gtn3": "Tanah Lapang Lain", "kod_gtn": "TLR107", "no_warta": "TIADA", "trkh_warta": null, "serah_PTD": "3/12/2024", "Luas_h": 0.0487, "pemilik": null, "selenggara": null, "catatan": "DALAM PROSES PERMOHONAN", "tahun_data": 2024, "PBT": "MPS" }, "geometry": { "type": "MultiPolygon", "coordinates": [ [ [ [ 101.497986403668151, 3.280460905175646 ], [ 101.498115447484295, 3.280602962579589 ], [ 101.498268485024838, 3.280464401224923 ], [ 101.498139711149207, 3.280322434244805 ], [ 101.497986403668151, 3.280460905175646 ] ] ], [ [ [ 101.498115447484295, 3.280602962579589 ], [ 101.498115447494101, 3.280603053013399 ], [ 101.498115447494101, 3.280603053013399 ], [ 101.498115447484295, 3.280602962579589 ] ] ] ] } },
{ "type": "Feature", "properties": { "upi": null, "sts_warta": "Dalam Proses", "no_lot": "32020", "no_pt": null, "seksyen_id": "100203000", "mukim_id": "100203", "daerah_id": "1002", "negeri_id": "10", "nama": "BANDAR TASIK PUTERI", "gtn1": "Tanah Lapang dan Rekreasi", "gtn2": "Tanah Lapang", "gtn3": "Tanah Lapang Lain", "kod_gtn": "TLR107", "no_warta": "TIADA", "trkh_warta": null, "serah_PTD": "9/12/2024", "Luas_h": 0.4444, "pemilik": null, "selenggara": null, "catatan": "DALAM PROSES PERMOHONAN", "tahun_data": 2024, "PBT": "MPS" }, "geometry": { "type": "Polygon", "coordinates": [ [ [ 101.49566433185467, 3.276628212798013 ], [ 101.49571670496529, 3.276686084848817 ], [ 101.495757730865606, 3.27664918346238 ], [ 101.495850058733581, 3.276751182938669 ], [ 101.495829545783479, 3.276769633633962 ], [ 101.496184549348143, 3.277162168805797 ], [ 101.496249874563134, 3.277175455561097 ], [ 101.496631811163681, 3.277000334574709 ], [ 101.496673374630106, 3.276942090711808 ], [ 101.496701957298654, 3.276659029768246 ], [ 101.496664972152828, 3.276618428971578 ], [ 101.495664331835556, 3.276628031930366 ], [ 101.49566433185467, 3.276628212798013 ], [ 101.49566433185467, 3.276628212798013 ] ] ] } },
{ "type": "Feature", "properties": { "upi": null, "sts_warta": "Dalam Proses", "no_lot": "3325", "no_pt": null, "seksyen_id": "100203000", "mukim_id": "100203", "daerah_id": "1002", "negeri_id": "10", "nama": "TAMAN TASIK BIRU KUNDANG", "gtn1": "Tanah Lapang dan Rekreasi", "gtn2": "Tanah Lapang", "gtn3": "Tanah Lapang Lain", "kod_gtn": "TLR107", "no_warta": "TIADA", "trkh_warta": null, "serah_PTD": "6/2/2024", "Luas_h": 0.3959, "pemilik": null, "selenggara": null, "catatan": "DALAM PROSES PERMOHONAN", "tahun_data": 2024, "PBT": "MPS" }, "geometry": { "type": "Polygon", "coordinates": [ [ [ 101.530508017920141, 3.248708190898115 ], [ 101.530505048400215, 3.24870574960413 ], [ 101.530146923855355, 3.249185279659165 ], [ 101.530410431597431, 3.24961923426238 ], [ 101.530410431559702, 3.249618962961122 ], [ 101.530871917813641, 3.248997437258246 ], [ 101.530508017920141, 3.248708190898115 ] ] ] } },
{ "type": "Feature", "properties": { "upi": null, "sts_warta": "Dalam Proses", "no_lot": "TIADA", "no_pt": null, "seksyen_id": "100203000", "mukim_id": "100203", "daerah_id": "1002", "negeri_id": "10", "nama": "KAMPUNG SUNGAI BAKAU", "gtn1": "Tanah Lapang dan Rekreasi", "gtn2": "Tanah Lapang", "gtn3": "Tanah Lapang Lain", "kod_gtn": "TLR107", "no_warta": "TIADA", "trkh_warta": null, "serah_PTD": "27/3/2024", "Luas_h": 0.1116, "pemilik": null, "selenggara": null, "catatan": "DALAM PROSES PERMOHONAN", "tahun_data": 2024, "PBT": "MPS" }, "geometry": { "type": "Polygon", "coordinates": [ [ [ 101.530558109885206, 3.320326202215869 ], [ 101.530553250378773, 3.32032267600279 ], [ 101.530464969242047, 3.320257847774892 ], [ 101.530399095889024, 3.320209656109676 ], [ 101.530253040608557, 3.320102513215162 ], [ 101.530114004689509, 3.320000795309655 ], [ 101.530016033505191, 3.320132842435687 ], [ 101.530459598942997, 3.320458972930604 ], [ 101.530462297876099, 3.320455355197965 ], [ 101.530558109885206, 3.320326202215869 ] ] ] } },
{ "type": "Feature", "properties": { "upi": null, "sts_warta": "Dalam Proses", "no_lot": "32068", "no_pt": null, "seksyen_id": "100203000", "mukim_id": "100203", "daerah_id": "1002", "negeri_id": "10", "nama": "BANDAR TASIK PUTERI", "gtn1": "Tanah Lapang dan Rekreasi", "gtn2": "Tanah Lapang", "gtn3": "Tanah Lapang Lain", "kod_gtn": "TLR107", "no_warta": "TIADA", "trkh_warta": null, "serah_PTD": "9/12/2024", "Luas_h": 0.0487, "pemilik": null, "selenggara": null, "catatan": "DALAM PROSES PERMOHONAN", "tahun_data": 2024, "PBT": "MPS" }, "geometry": { "type": "Polygon", "coordinates": [ [ [ 101.498700952507747, 3.280082474230234 ], [ 101.498571908668282, 3.279940326467375 ], [ 101.498419141190482, 3.280078978270216 ], [ 101.498418871227173, 3.280078706998405 ], [ 101.498418871246813, 3.280078887866023 ], [ 101.498548185016944, 3.280221035618787 ], [ 101.498700952507747, 3.280082474230234 ], [ 101.498700952507747, 3.280082474230234 ] ] ] } },
{ "type": "Feature", "properties": { "upi": null, "sts_warta": "Dalam Proses", "no_lot": "32071", "no_pt": null, "seksyen_id": "100203000", "mukim_id": "100203", "daerah_id": "1002", "negeri_id": "10", "nama": "BANDAR TASIK PUTERI", "gtn1": "Tanah Lapang dan Rekreasi", "gtn2": "Tanah Lapang", "gtn3": "Tanah Lapang Lain", "kod_gtn": "TLR107", "no_warta": "TIADA", "trkh_warta": null, "serah_PTD": "9/12/2024", "Luas_h": 0.052, "pemilik": null, "selenggara": null, "catatan": "DALAM PROSES PERMOHONAN", "tahun_data": 2024, "PBT": "MPS" }, "geometry": { "type": "Polygon", "coordinates": [ [ [ 101.49878249349625, 3.280008187083932 ], [ 101.49878249349625, 3.280008187083932 ], [ 101.498946057278232, 3.279860490656254 ], [ 101.498817013433666, 3.279718342924715 ], [ 101.498817013433666, 3.279718342924715 ], [ 101.498653449655151, 3.27986603933149 ], [ 101.498653449655151, 3.27986603933149 ], [ 101.49878249349625, 3.280008187083932 ] ] ] } },
{ "type": "Feature", "properties": { "upi": null, "sts_warta": "Dalam Proses", "no_lot": "32073", "no_pt": null, "seksyen_id": "100203000", "mukim_id": "100203", "daerah_id": "1002", "negeri_id": "10", "nama": "BANDAR TASIK PUTERI", "gtn1": "Tanah Lapang dan Rekreasi", "gtn2": "Tanah Lapang", "gtn3": "Tanah Lapang Lain", "kod_gtn": "TLR107", "no_warta": "TIADA", "trkh_warta": null, "serah_PTD": "9/12/2024", "Luas_h": 0.4179, "pemilik": null, "selenggara": null, "catatan": "DALAM PROSES PERMOHONAN", "tahun_data": 2024, "PBT": "MPS" }, "geometry": { "type": "Polygon", "coordinates": [ [ [ 101.498071143124278, 3.278789165624072 ], [ 101.498071413077369, 3.278789346462187 ], [ 101.499324595523987, 3.280169680759549 ], [ 101.499385594513882, 3.280114328519683 ], [ 101.499389097232793, 3.280055727024939 ], [ 101.499348332161617, 3.280009519860695 ], [ 101.499212256518064, 3.279744473415955 ], [ 101.498666654978166, 3.279143420016548 ], [ 101.498628596102535, 3.279159611851881 ], [ 101.498513059481198, 3.279113231996617 ], [ 101.498464189095813, 3.278999019455898 ], [ 101.498486047799219, 3.27894457590248 ], [ 101.498486047789399, 3.278944485468668 ], [ 101.498249287812911, 3.278683790740813 ], [ 101.498220404764993, 3.278682256528185 ], [ 101.498191251793514, 3.27868081277807 ], [ 101.498131332438618, 3.27873507962185 ], [ 101.498071143124278, 3.278789165624072 ] ] ] } },
{ "type": "Feature", "properties": { "upi": null, "sts_warta": "Dalam Proses", "no_lot": "32053", "no_pt": null, "seksyen_id": "100203000", "mukim_id": "100203", "daerah_id": "1002", "negeri_id": "10", "nama": "BANDAR TASIK PUTERI", "gtn1": "Tanah Lapang dan Rekreasi", "gtn2": "Tanah Lapang", "gtn3": "Tanah Lapang Lain", "kod_gtn": "TLR107", "no_warta": "TIADA", "trkh_warta": null, "serah_PTD": "9/12/2024", "Luas_h": 0.0565, "pemilik": null, "selenggara": null, "catatan": "DALAM PROSES PERMOHONAN", "tahun_data": 2024, "PBT": "MPS" }, "geometry": { "type": "Polygon", "coordinates": [ [ [ 101.497631636584046, 3.281028625153026 ], [ 101.497502592769877, 3.280886477253349 ], [ 101.49750259278936, 3.280886658120969 ], [ 101.497324993451429, 3.281047287881367 ], [ 101.497454037242406, 3.281189254936125 ], [ 101.497631636584046, 3.281028625153026 ], [ 101.497631636584046, 3.281028625153026 ] ] ] } },
{ "type": "Feature", "properties": { "upi": "10088500038290", "sts_warta": "Warta", "no_lot": "38290", "no_pt": null, "seksyen_id": "100885000", "mukim_id": "100885", "daerah_id": "1008", "negeri_id": "10", "nama": null, "gtn1": "Tanah Lapang dan Rekreasi", "gtn2": "Tanah Lapang", "gtn3": "Lot Permainan", "kod_gtn": "TLR106", "no_warta": "1142", "trkh_warta": "14/3/2024", "serah_PTD": null, "Luas_h": 0.8568, "pemilik": null, "selenggara": null, "catatan": null, "tahun_data": 2024, "PBT": "MBSA" }, "geometry": { "type": "Polygon", "coordinates": [ [ [ 101.549623211824326, 3.162485050290019 ], [ 101.549623267404996, 3.162846514293605 ], [ 101.551300174569676, 3.162846523687615 ], [ 101.551300109823828, 3.162429804650537 ], [ 101.54967799363645, 3.162429967576326 ], [ 101.549623211824326, 3.162485050290019 ] ] ] } },
{ "type": "Feature", "properties": { "upi": "10080400088760", "sts_warta": "Warta", "no_lot": "88760", "no_pt": null, "seksyen_id": "100804000", "mukim_id": "100804", "daerah_id": "1008", "negeri_id": "10", "nama": null, "gtn1": "Tanah Lapang dan Rekreasi", "gtn2": "Tanah Lapang", "gtn3": "Lot Permainan", "kod_gtn": "TLR106", "no_warta": "626", "trkh_warta": "8/2/2024", "serah_PTD": null, "Luas_h": 0.1833, "pemilik": null, "selenggara": null, "catatan": null, "tahun_data": 2024, "PBT": "MBSA" }, "geometry": { "type": "Polygon", "coordinates": [ [ [ 101.501114663992965, 3.170178247566353 ], [ 101.501143794747563, 3.1700018981051 ], [ 101.501006410726674, 3.169978942792817 ], [ 101.501046870108866, 3.169733862264571 ], [ 101.501028786169954, 3.169730879906157 ], [ 101.500991533719215, 3.169678793966736 ], [ 101.501074070833141, 3.1691788658594 ], [ 101.501040327646407, 3.169131301239453 ], [ 101.50077176777765, 3.169086565529371 ], [ 101.500752068532577, 3.169121927356782 ], [ 101.500840068156847, 3.169221937828451 ], [ 101.500908088167535, 3.1692596414328 ], [ 101.501029547435721, 3.169279975904817 ], [ 101.500995022149084, 3.169489515228416 ], [ 101.500721904644877, 3.169732540990648 ], [ 101.501062835988378, 3.170119923268615 ], [ 101.501114663992965, 3.170178247566353 ] ] ] } },
{ "type": "Feature", "properties": { "upi": "10084100717192", "sts_warta": "Warta", "no_lot": "17192", "no_pt": null, "seksyen_id": "100841007", "mukim_id": "100841", "daerah_id": "1008", "negeri_id": "10", "nama": null, "gtn1": "Tanah Lapang dan Rekreasi", "gtn2": "Tanah Lapang", "gtn3": "Lot Permainan", "kod_gtn": "TLR107", "no_warta": "3896", "trkh_warta": "8/2/2024", "serah_PTD": null, "Luas_h": 0.2746, "pemilik": null, "selenggara": null, "catatan": null, "tahun_data": 2024, "PBT": "MBSA" }, "geometry": { "type": "Polygon", "coordinates": [ [ [ 101.482937941420218, 3.073060676509298 ], [ 101.483197313207697, 3.073255087150057 ], [ 101.483254796938724, 3.073246671678861 ], [ 101.483517089361328, 3.072893141072072 ], [ 101.483508718002966, 3.072835354351829 ], [ 101.483178902973066, 3.072588226870357 ], [ 101.4830725828174, 3.072731755373046 ], [ 101.482988914549679, 3.072669182285691 ], [ 101.482931706744395, 3.072746508590735 ], [ 101.482997561779925, 3.072795879859924 ], [ 101.483085548431404, 3.072861798630447 ], [ 101.482937941420218, 3.073060676509298 ] ] ] } },
{ "type": "Feature", "properties": { "upi": "100841007539", "sts_warta": "Warta", "no_lot": "539", "no_pt": null, "seksyen_id": "100841007", "mukim_id": "100841", "daerah_id": "1008", "negeri_id": "10", "nama": null, "gtn1": "Tanah Lapang dan Rekreasi", "gtn2": "Tanah Lapang", "gtn3": "Lot Permainan", "kod_gtn": "TLR107", "no_warta": "1912", "trkh_warta": "11/4/2024", "serah_PTD": null, "Luas_h": 1.1003, "pemilik": null, "selenggara": null, "catatan": null, "tahun_data": 2024, "PBT": "MBSA" }, "geometry": { "type": "Polygon", "coordinates": [ [ [ 101.493301858296306, 3.072873507324182 ], [ 101.493539609933237, 3.072743077899477 ], [ 101.494053442036488, 3.072544162531487 ], [ 101.494096082618441, 3.072539546178717 ], [ 101.49400484938829, 3.072398116114058 ], [ 101.493788103029445, 3.072061541424535 ], [ 101.493941363998417, 3.071746001445328 ], [ 101.493287712687248, 3.071719749321308 ], [ 101.492936617710399, 3.07191204674314 ], [ 101.492999780806528, 3.072028158076043 ], [ 101.492843258783878, 3.072113904967908 ], [ 101.492900213579873, 3.072218983940541 ], [ 101.492948249645451, 3.072192572467502 ], [ 101.493066208220696, 3.072410416906907 ], [ 101.493018172148467, 3.072436828385402 ], [ 101.493245991524944, 3.072856963341041 ], [ 101.493301858296306, 3.072873507324182 ] ] ] } },
{ "type": "Feature", "properties": { "upi": "1008410076121", "sts_warta": "Warta", "no_lot": "6121", "no_pt": null, "seksyen_id": "100841007", "mukim_id": "100841", "daerah_id": "1008", "negeri_id": "10", "nama": null, "gtn1": "Tanah Lapang dan Rekreasi", "gtn2": "Tanah Lapang", "gtn3": "Tanah Lapang Lain", "kod_gtn": "TLR107", "no_warta": "1912", "trkh_warta": "11/4/2024", "serah_PTD": null, "Luas_h": 0.0807, "pemilik": null, "selenggara": null, "catatan": null, "tahun_data": 2024, "PBT": "MBSA" }, "geometry": { "type": "Polygon", "coordinates": [ [ [ 101.48918143387904, 3.076885202359952 ], [ 101.489951378178091, 3.076605054826721 ], [ 101.489948408731067, 3.07659700646565 ], [ 101.489394348293942, 3.076652675962668 ], [ 101.48931554791028, 3.076704773496828 ], [ 101.48918143387904, 3.076885202359952 ] ] ] } },
{ "type": "Feature", "properties": { "upi": "10088700034743", "sts_warta": "Warta", "no_lot": "34743", "no_pt": null, "seksyen_id": "100887000", "mukim_id": "100887", "daerah_id": "1008", "negeri_id": "10", "nama": null, "gtn1": "Tanah Lapang dan Rekreasi", "gtn2": "Tanah Lapang", "gtn3": "Tanah Lapang Lain", "kod_gtn": "TLR107", "no_warta": "1889", "trkh_warta": "11/4/2024", "serah_PTD": null, "Luas_h": 0.6029, "pemilik": null, "selenggara": null, "catatan": null, "tahun_data": 2024, "PBT": "MBSA" }, "geometry": { "type": "Polygon", "coordinates": [ [ [ 101.557458164585043, 3.221822897405965 ], [ 101.557548318475824, 3.221829936265635 ], [ 101.557569865990786, 3.221550402155937 ], [ 101.55758629603838, 3.221337699391011 ], [ 101.557594645439764, 3.221227821072055 ], [ 101.557603264728414, 3.221117761840682 ], [ 101.557611614127424, 3.2210078835213 ], [ 101.557620233443387, 3.220898005156875 ], [ 101.557628582825146, 3.220788036403382 ], [ 101.557637202138665, 3.220678158038532 ], [ 101.557645551532914, 3.220568279718304 ], [ 101.55765417081426, 3.220458220485652 ], [ 101.557662520206136, 3.220348342165 ], [ 101.557671139514781, 3.2202384637993 ], [ 101.557679488889406, 3.220128495044535 ], [ 101.55768810819562, 3.220018616678409 ], [ 101.557696457553007, 3.219908557489532 ], [ 101.557704806938958, 3.219798679167821 ], [ 101.557713426241534, 3.219688800801058 ], [ 101.557721775610233, 3.219578832045233 ], [ 101.557730394910379, 3.219468953678046 ], [ 101.557738744261854, 3.219358894488109 ], [ 101.557747363559542, 3.219249016120497 ], [ 101.557755712938359, 3.219139137797515 ], [ 101.557764332218767, 3.219029168995786 ], [ 101.55777268159521, 3.218919290672382 ], [ 101.557781300888053, 3.21880941230392 ], [ 101.55778965023238, 3.218699353112711 ], [ 101.557798269522806, 3.218589474743824 ], [ 101.557808773757486, 3.218452375519913 ], [ 101.557818739196605, 3.218321606743729 ], [ 101.557827627924311, 3.218208834451152 ], [ 101.55783597755962, 3.218100583932609 ], [ 101.557858602111509, 3.217805675897633 ], [ 101.557886614006364, 3.217443936465648 ], [ 101.55789550196539, 3.217326552053027 ], [ 101.557908161369738, 3.21716422146704 ], [ 101.557917318960037, 3.217045118768828 ], [ 101.557928631288604, 3.216898071700422 ], [ 101.557940751580901, 3.216740172453893 ], [ 101.55796041396934, 3.216487587873894 ], [ 101.557966878229237, 3.216404026064456 ], [ 101.557873492428229, 3.216437230747994 ], [ 101.557681181196102, 3.218929434444084 ], [ 101.557458164585043, 3.221822897405965 ] ] ] } },
{ "type": "Feature", "properties": { "upi": "10088700046558", "sts_warta": "Warta", "no_lot": "46558", "no_pt": null, "seksyen_id": "100887000", "mukim_id": "100887", "daerah_id": "1008", "negeri_id": "10", "nama": null, "gtn1": "Tanah Lapang dan Rekreasi", "gtn2": "Tanah Lapang", "gtn3": "Lot Permainan", "kod_gtn": "TLR106", "no_warta": "1887", "trkh_warta": "11/4/2024", "serah_PTD": null, "Luas_h": 0.3157, "pemilik": null, "selenggara": null, "catatan": null, "tahun_data": 2024, "PBT": "MBSA" }, "geometry": { "type": "Polygon", "coordinates": [ [ [ 101.557137798969023, 3.217048865366004 ], [ 101.55716419504472, 3.216708106821753 ], [ 101.557082139207765, 3.216701609166666 ], [ 101.557076752130826, 3.216770430102757 ], [ 101.555988162952133, 3.216685692267259 ], [ 101.555944712488653, 3.216723681560064 ], [ 101.555937174407831, 3.216844230926411 ], [ 101.555975509862904, 3.216888718012408 ], [ 101.557061130213285, 3.216973727641885 ], [ 101.557055743104868, 3.217042367710255 ], [ 101.557137798969023, 3.217048865366004 ] ] ] } },
{ "type": "Feature", "properties": { "upi": "10088700033456", "sts_warta": "Warta", "no_lot": "33456", "no_pt": null, "seksyen_id": "100887000", "mukim_id": "100887", "daerah_id": "1008", "negeri_id": "10", "nama": null, "gtn1": "Tanah Lapang dan Rekreasi", "gtn2": "Tanah Lapang", "gtn3": "Tanah Lapang Lain", "kod_gtn": "TLR107", "no_warta": "1885", "trkh_warta": "11/4/2024", "serah_PTD": null, "Luas_h": 0.3979, "pemilik": null, "selenggara": null, "catatan": null, "tahun_data": 2024, "PBT": "MBSA" }, "geometry": { "type": "Polygon", "coordinates": [ [ [ 101.556941610472037, 3.220599867326309 ], [ 101.557206902485916, 3.220371659203753 ], [ 101.557216868185591, 3.220241975637655 ], [ 101.556357438530114, 3.220175106281071 ], [ 101.556088883909723, 3.220259344279787 ], [ 101.556334275419815, 3.220480595125503 ], [ 101.556649555433452, 3.220577126302368 ], [ 101.556941610472037, 3.220599867326309 ] ] ] } },
{ "type": "Feature", "properties": { "upi": "10080400090522", "sts_warta": "Warta", "no_lot": "90522", "no_pt": null, "seksyen_id": "100804000", "mukim_id": "100804", "daerah_id": "1008", "negeri_id": "10", "nama": null, "gtn1": "Tanah Lapang dan Rekreasi", "gtn2": "Tanah Lapang", "gtn3": "Tanah Lapang Lain", "kod_gtn": "TLR107", "no_warta": "1891", "trkh_warta": "11/4/2024", "serah_PTD": null, "Luas_h": 8.5152, "pemilik": null, "selenggara": null, "catatan": null, "tahun_data": 2024, "PBT": "MBSA" }, "geometry": { "type": "Polygon", "coordinates": [ [ [ 101.521227393067278, 3.18046878327397 ], [ 101.522254628588385, 3.180214802681048 ], [ 101.522528848091952, 3.180164304989037 ], [ 101.522807390373998, 3.180147086340077 ], [ 101.523085667069282, 3.180163418629578 ], [ 101.523360169372651, 3.180213031013343 ], [ 101.523766662865967, 3.180312002943289 ], [ 101.523824148585391, 3.180276726185513 ], [ 101.523839255235671, 3.18021378220848 ], [ 101.523970379398989, 3.179822186208239 ], [ 101.524134703733168, 3.1794434274453 ], [ 101.524327371173555, 3.179087454273625 ], [ 101.524361641964802, 3.179030476405781 ], [ 101.522966381708173, 3.178176058621015 ], [ 101.521570853869619, 3.177321638865784 ], [ 101.520703828448859, 3.178781082310191 ], [ 101.520818811188747, 3.178799335234837 ], [ 101.521227393067278, 3.18046878327397 ] ] ] } },
{ "type": "Feature", "properties": { "upi": "100841016774", "sts_warta": "Warta", "no_lot": "774", "no_pt": null, "seksyen_id": "100841016", "mukim_id": "100841", "daerah_id": "1008", "negeri_id": "10", "nama": null, "gtn1": "Tanah Lapang dan Rekreasi", "gtn2": "Tanah Lapang", "gtn3": "Tanah Lapang Lain", "kod_gtn": "TLR107", "no_warta": "3023", "trkh_warta": "20/6/2024", "serah_PTD": null, "Luas_h": 0.7568, "pemilik": null, "selenggara": null, "catatan": null, "tahun_data": 2024, "PBT": "MBSA" }, "geometry": { "type": "Polygon", "coordinates": [ [ [ 101.502590785926088, 3.056805026292353 ], [ 101.502603426703573, 3.056392012013281 ], [ 101.502599363325928, 3.056246956006303 ], [ 101.502577758058862, 3.056102263597713 ], [ 101.502541579856498, 3.055960918799421 ], [ 101.502488669993255, 3.055825544430211 ], [ 101.502365308226956, 3.055553260158461 ], [ 101.502057389783516, 3.055646349513252 ], [ 101.501974550453838, 3.055766183564932 ], [ 101.501991056697506, 3.056185615600204 ], [ 101.501967064700679, 3.056443626878935 ], [ 101.501926054932454, 3.056552513973231 ], [ 101.502590785926088, 3.056805026292353 ] ] ] } },
{ "type": "Feature", "properties": { "upi": "100102000130751", "sts_warta": "Warta", "no_lot": "130751", "no_pt": null, "seksyen_id": "100102000", "mukim_id": "100102", "daerah_id": "1001", "negeri_id": "10", "nama": null, "gtn1": "Tanah Lapang dan Rekreasi", "gtn2": "Tanah Lapang", "gtn3": "Tanah Lapang Lain", "kod_gtn": "TLR107", "no_warta": "1112", "trkh_warta": "14/3/2024", "serah_PTD": null, "Luas_h": 0.058, "pemilik": null, "selenggara": null, "catatan": null, "tahun_data": 2024, "PBT": "MBSA" }, "geometry": { "type": "Polygon", "coordinates": [ [ [ 101.520468365426154, 2.977390180820303 ], [ 101.520693425567586, 2.977389159075161 ], [ 101.520693118564708, 2.977076075707053 ], [ 101.520643734884871, 2.97707635293065 ], [ 101.520644291071889, 2.977215259886413 ], [ 101.520507204082577, 2.977215728482838 ], [ 101.520507200686069, 2.977187060822888 ], [ 101.520467801676489, 2.977187246408801 ], [ 101.520468365426154, 2.977390180820303 ] ] ] } },
{ "type": "Feature", "properties": { "upi": "100102000161516", "sts_warta": "Warta", "no_lot": "161516", "no_pt": null, "seksyen_id": "100102000", "mukim_id": "100102", "daerah_id": "1001", "negeri_id": "10", "nama": null, "gtn1": "Tanah Lapang dan Rekreasi", "gtn2": "Tanah Lapang", "gtn3": "Tanah Lapang Lain", "kod_gtn": "TLR107", "no_warta": "1115", "trkh_warta": "14/3/2024", "serah_PTD": null, "Luas_h": 0.1035, "pemilik": null, "selenggara": null, "catatan": null, "tahun_data": 2024, "PBT": "MBSA" }, "geometry": { "type": "Polygon", "coordinates": [ [ [ 101.532095019284966, 2.97443921520046 ], [ 101.532249106882674, 2.974439104694365 ], [ 101.532248794734599, 2.974111099818563 ], [ 101.532248770214863, 2.973920916655888 ], [ 101.532248766658881, 2.973893334219021 ], [ 101.532094139437433, 2.973893535225863 ], [ 101.532095019284966, 2.97443921520046 ] ] ] } },
{ "type": "Feature", "properties": { "upi": "100102000161909", "sts_warta": "Warta", "no_lot": "161909", "no_pt": null, "seksyen_id": "100102000", "mukim_id": "100102", "daerah_id": "1001", "negeri_id": "10", "nama": null, "gtn1": "Tanah Lapang dan Rekreasi", "gtn2": "Tanah Lapang", "gtn3": "Tanah Lapang Lain", "kod_gtn": "TLR107", "no_warta": "322", "trkh_warta": "25/1/2024", "serah_PTD": null, "Luas_h": 0.0578, "pemilik": null, "selenggara": null, "catatan": null, "tahun_data": 2024, "PBT": "MBSA" }, "geometry": { "type": "Polygon", "coordinates": [ [ [ 101.554980603170151, 2.968549820712511 ], [ 101.555077992834811, 2.968363963886406 ], [ 101.554872347684608, 2.968255112184084 ], [ 101.554790340898705, 2.968449105749939 ], [ 101.554980603170151, 2.968549820712511 ] ] ] } },
{ "type": "Feature", "properties": { "upi": "100102000142284", "sts_warta": "Warta", "no_lot": "142284", "no_pt": null, "seksyen_id": "100102000", "mukim_id": "100102", "daerah_id": "1001", "negeri_id": "10", "nama": null, "gtn1": "Tanah Lapang dan Rekreasi", "gtn2": "Tanah Lapang", "gtn3": "Lot Permainan", "kod_gtn": "TLR106", "no_warta": "321", "trkh_warta": "25/1/2024", "serah_PTD": null, "Luas_h": 0.0578, "pemilik": null, "selenggara": null, "catatan": null, "tahun_data": 2024, "PBT": "MBSA" }, "geometry": { "type": "Polygon", "coordinates": [ [ [ 101.56034654597704, 2.974842579306516 ], [ 101.560542207373473, 2.974945734082125 ], [ 101.560610725685763, 2.974783484614433 ], [ 101.560590477657527, 2.974726242993472 ], [ 101.560431519651758, 2.974642344961562 ], [ 101.56034654597704, 2.974842579306516 ] ] ] } },
{ "type": "Feature", "properties": { "upi": "10080400071379", "sts_warta": "Warta", "no_lot": "71379", "no_pt": null, "seksyen_id": "100804000", "mukim_id": "100804", "daerah_id": "1008", "negeri_id": "10", "nama": null, "gtn1": "Tanah Lapang dan Rekreasi", "gtn2": "Tanah Lapang", "gtn3": "Lot Permainan", "kod_gtn": "TLR106", "no_warta": "3686", "trkh_warta": "25/7/2024", "serah_PTD": null, "Luas_h": 0.3659, "pemilik": null, "selenggara": null, "catatan": null, "tahun_data": 2024, "PBT": "MBSA" }, "geometry": { "type": "Polygon", "coordinates": [ [ [ 101.53169504371462, 3.169361741412857 ], [ 101.531695063904721, 3.169509239087092 ], [ 101.531695109326563, 3.169841041027162 ], [ 101.531695156833351, 3.170188035858367 ], [ 101.532029568962784, 3.170187989542071 ], [ 101.53202916667837, 3.169223240862461 ], [ 101.53197464594588, 3.169223248418708 ], [ 101.531974650162695, 3.169253995940974 ], [ 101.531845365847644, 3.169254013847656 ], [ 101.53184538060593, 3.169361720609943 ], [ 101.53169504371462, 3.169361741412857 ] ] ] } },
{ "type": "Feature", "properties": { "upi": "10080400042574", "sts_warta": "Warta", "no_lot": "42574", "no_pt": null, "seksyen_id": "100804000", "mukim_id": "100804", "daerah_id": "1008", "negeri_id": "10", "nama": null, "gtn1": "Tanah Lapang dan Rekreasi", "gtn2": "Tanah Lapang", "gtn3": "Lot Permainan", "kod_gtn": "TLR106", "no_warta": "3685", "trkh_warta": "25/7/2024", "serah_PTD": null, "Luas_h": 0.425, "pemilik": null, "selenggara": null, "catatan": null, "tahun_data": 2024, "PBT": "MBSA" }, "geometry": { "type": "Polygon", "coordinates": [ [ [ 101.530757445836869, 3.167750790788777 ], [ 101.530784979806057, 3.167778278912336 ], [ 101.531468917180234, 3.167778365613689 ], [ 101.531468850714646, 3.167291740830075 ], [ 101.530757383464518, 3.167291838762384 ], [ 101.530757445836869, 3.167750790788777 ] ] ] } },
{ "type": "Feature", "properties": { "upi": "10080400070225", "sts_warta": "Warta", "no_lot": "70225", "no_pt": null, "seksyen_id": "100804000", "mukim_id": "100804", "daerah_id": "1008", "negeri_id": "10", "nama": null, "gtn1": "Tanah Lapang dan Rekreasi", "gtn2": "Tanah Lapang", "gtn3": "Tanah Lapang Lain", "kod_gtn": "TLR107", "no_warta": "3680", "trkh_warta": "25/7/2024", "serah_PTD": null, "Luas_h": 0.3755, "pemilik": null, "selenggara": null, "catatan": null, "tahun_data": 2024, "PBT": "MBSA" }, "geometry": { "type": "Polygon", "coordinates": [ [ [ 101.531695109326563, 3.169841041027162 ], [ 101.531695063904721, 3.169509239087092 ], [ 101.530774149100679, 3.169509366046424 ], [ 101.530774194204582, 3.169840987132027 ], [ 101.531695109326563, 3.169841041027162 ] ] ] } },
{ "type": "Feature", "properties": { "upi": "1008410075891", "sts_warta": "Warta", "no_lot": "5891", "no_pt": null, "seksyen_id": "100841007", "mukim_id": "100841", "daerah_id": "1008", "negeri_id": "10", "nama": null, "gtn1": "Tanah Lapang dan Rekreasi", "gtn2": "Tanah Lapang", "gtn3": "Lot Permainan", "kod_gtn": "TLR107", "no_warta": "4487", "trkh_warta": "5/9/2024", "serah_PTD": null, "Luas_h": 0.2121, "pemilik": null, "selenggara": null, "catatan": null, "tahun_data": 2024, "PBT": "MBSA" }, "geometry": { "type": "Polygon", "coordinates": [ [ [ 101.485307645296359, 3.07782155437984 ], [ 101.485645790613361, 3.077644543949667 ], [ 101.485591810031309, 3.077596347427662 ], [ 101.485034737847158, 3.077178772759166 ], [ 101.48495594203699, 3.077284859196683 ], [ 101.484835027199537, 3.077194255032913 ], [ 101.484829365335514, 3.077257469052249 ], [ 101.484834764410607, 3.077273746722245 ], [ 101.485113029743715, 3.077473490751848 ], [ 101.485187785983541, 3.077463988397622 ], [ 101.4852050706276, 3.07760072334796 ], [ 101.485307645296359, 3.07782155437984 ] ] ] } },
{ "type": "Feature", "properties": { "upi": "10080400090584", "sts_warta": "Warta", "no_lot": "90584", "no_pt": null, "seksyen_id": "100804000", "mukim_id": "100804", "daerah_id": "1008", "negeri_id": "10", "nama": null, "gtn1": "Tanah Lapang dan Rekreasi", "gtn2": "Tanah Lapang", "gtn3": "Taman Kejiranan", "kod_gtn": "TLR104", "no_warta": "4506", "trkh_warta": "5/9/2024", "serah_PTD": null, "Luas_h": 1.3998, "pemilik": null, "selenggara": null, "catatan": null, "tahun_data": 2024, "PBT": "MBSA" }, "geometry": { "type": "Polygon", "coordinates": [ [ [ 101.515361198664237, 3.180272013189418 ], [ 101.515134469394795, 3.180214525042762 ], [ 101.514638098141859, 3.180120172777015 ], [ 101.513985958788155, 3.179763038185091 ], [ 101.513693890310194, 3.179523694997222 ], [ 101.513425840745867, 3.179259569914965 ], [ 101.513213129430326, 3.179055214912094 ], [ 101.513009602788401, 3.17891579032554 ], [ 101.512785837369606, 3.17881163736977 ], [ 101.512548311281606, 3.178745739574742 ], [ 101.512303232567149, 3.178719814432988 ], [ 101.512057348971865, 3.178734675038726 ], [ 101.511928066985817, 3.178764352828269 ], [ 101.511976654467091, 3.178799887563098 ], [ 101.51382917167679, 3.180004968012944 ], [ 101.513912577286206, 3.180040046254091 ], [ 101.51445431221309, 3.180294461408844 ], [ 101.514603852179775, 3.180387228372341 ], [ 101.5151050706977, 3.180389337442436 ], [ 101.515361198664237, 3.180272013189418 ] ] ] } },
{ "type": "Feature", "properties": { "upi": "10080400088761", "sts_warta": "Warta", "no_lot": "88761", "no_pt": null, "seksyen_id": "100804000", "mukim_id": "100804", "daerah_id": "1008", "negeri_id": "10", "nama": null, "gtn1": "Tanah Lapang dan Rekreasi", "gtn2": "Tanah Lapang", "gtn3": "Lot Permainan", "kod_gtn": "TLR106", "no_warta": "4498", "trkh_warta": "5/9/2024", "serah_PTD": null, "Luas_h": 0.6625, "pemilik": null, "selenggara": null, "catatan": null, "tahun_data": 2024, "PBT": "MBSA" }, "geometry": { "type": "Polygon", "coordinates": [ [ [ 101.502595640619077, 3.170257305744232 ], [ 101.503358643276258, 3.170089014226528 ], [ 101.503487909440551, 3.169922782215865 ], [ 101.503435504868449, 3.169530666244293 ], [ 101.50277530596, 3.169420590643394 ], [ 101.502728076351943, 3.169454599031207 ], [ 101.502595640619077, 3.170257305744232 ] ] ] } },
{ "type": "Feature", "properties": { "upi": "10080100089095", "sts_warta": "Dalam Proses", "no_lot": "89095", "no_pt": null, "seksyen_id": "100804000", "mukim_id": "100804", "daerah_id": "1001", "negeri_id": "10", "nama": null, "gtn1": "Tanah Lapang dan Rekreasi", "gtn2": "Tanah Lapang", "gtn3": "Lot Permainan", "kod_gtn": "TLR106", "no_warta": null, "trkh_warta": "12:00:00 AM", "serah_PTD": "12:00:00 AM", "Luas_h": 0.1191, "pemilik": null, "selenggara": null, "catatan": null, "tahun_data": 2024, "PBT": "MBSA" }, "geometry": { "type": "Polygon", "coordinates": [ [ [ 101.508285855462688, 3.166402026116959 ], [ 101.50792795356773, 3.166085172342795 ], [ 101.507869906259586, 3.166088871162369 ], [ 101.507813208529257, 3.166153576873496 ], [ 101.507837302228566, 3.166440135626806 ], [ 101.508285855462688, 3.166402026116959 ] ] ] } },
{ "type": "Feature", "properties": { "upi": "10080100088895", "sts_warta": "Dalam Proses", "no_lot": "88895", "no_pt": null, "seksyen_id": "100804000", "mukim_id": "100804", "daerah_id": "1001", "negeri_id": "10", "nama": null, "gtn1": "Tanah Lapang dan Rekreasi", "gtn2": "Tanah Lapang", "gtn3": "Tanah Lapang Lain", "kod_gtn": "TLR107", "no_warta": null, "trkh_warta": "12:00:00 AM", "serah_PTD": "12:00:00 AM", "Luas_h": 1.3468, "pemilik": null, "selenggara": null, "catatan": null, "tahun_data": 2024, "PBT": "MBSA" }, "geometry": { "type": "Polygon", "coordinates": [ [ [ 101.507060797957521, 3.167434342315445 ], [ 101.507077873894531, 3.167437181944096 ], [ 101.507275740623854, 3.16742037015897 ], [ 101.507257261090203, 3.167200642251294 ], [ 101.507229946796741, 3.167202966421319 ], [ 101.507176829443338, 3.166571211374217 ], [ 101.507706929723653, 3.166526165781863 ], [ 101.507679111347883, 3.166195384716439 ], [ 101.507211250881127, 3.165781205517634 ], [ 101.507374362598242, 3.165595028597251 ], [ 101.507428739155543, 3.165532972632385 ], [ 101.507387578826425, 3.165496545769444 ], [ 101.507423817865671, 3.165455172111526 ], [ 101.507360651386392, 3.165399256694964 ], [ 101.507452814413142, 3.165294054560692 ], [ 101.507577725882228, 3.165404628344809 ], [ 101.507630554971513, 3.165344335836727 ], [ 101.507511203521275, 3.165238681674421 ], [ 101.507674315100061, 3.165052504704705 ], [ 101.507764921622595, 3.164949084096528 ], [ 101.507928033110801, 3.164762898042301 ], [ 101.507948617768378, 3.16478112050688 ], [ 101.508093600710097, 3.164615634829723 ], [ 101.508073025050066, 3.164597430454805 ], [ 101.50816365848388, 3.16449398268047 ], [ 101.508326751836279, 3.164307805605113 ], [ 101.508265546678061, 3.164253626576056 ], [ 101.508240202757378, 3.16425523634009 ], [ 101.508070829654471, 3.164448557709952 ], [ 101.507923372575775, 3.164575147646241 ], [ 101.507569655450183, 3.164978882322414 ], [ 101.507110441785841, 3.16560223631397 ], [ 101.506730444348406, 3.166254863645469 ], [ 101.506651308510214, 3.166458259144661 ], [ 101.506588213936567, 3.166643712499788 ], [ 101.506615483224209, 3.166689589762834 ], [ 101.50703557076433, 3.166759567718818 ], [ 101.507013150767918, 3.166895535507671 ], [ 101.506972800157726, 3.16714026848205 ], [ 101.507105637955249, 3.167162397694246 ], [ 101.507060797957521, 3.167434342315445 ] ] ] } },
{ "type": "Feature", "properties": { "upi": "10080100088893", "sts_warta": "Dalam Proses", "no_lot": "88893", "no_pt": null, "seksyen_id": "100804000", "mukim_id": "100804", "daerah_id": "1001", "negeri_id": "10", "nama": null, "gtn1": "Tanah Lapang dan Rekreasi", "gtn2": "Tanah Lapang", "gtn3": "Tanah Lapang Lain", "kod_gtn": "TLR107", "no_warta": null, "trkh_warta": "12:00:00 AM", "serah_PTD": "12:00:00 AM", "Luas_h": 0.3607, "pemilik": null, "selenggara": null, "catatan": null, "tahun_data": 2024, "PBT": "MBSA" }, "geometry": { "type": "Polygon", "coordinates": [ [ [ 101.505620733445795, 3.16733412251911 ], [ 101.505527787479281, 3.167318640077708 ], [ 101.505522704219501, 3.167371960061198 ], [ 101.50551317624668, 3.167660517415037 ], [ 101.506965836752656, 3.167903171183875 ], [ 101.507177162798243, 3.16788515664104 ], [ 101.508613988973437, 3.167757679104784 ], [ 101.508608671750267, 3.167694438495788 ], [ 101.507318988456262, 3.167804028081724 ], [ 101.507298205711137, 3.167556862448888 ], [ 101.507257225260219, 3.16756033514012 ], [ 101.507268975151845, 3.167699983587667 ], [ 101.50710311901004, 3.167714064250495 ], [ 101.507091369140483, 3.167574370583996 ], [ 101.507072349892184, 3.167575980317476 ], [ 101.506978864074128, 3.16756040757285 ], [ 101.506934015029415, 3.167832370273278 ], [ 101.505577746396654, 3.167605036127413 ], [ 101.505620733445795, 3.16733412251911 ] ] ] } },
{ "type": "Feature", "properties": { "upi": "10080100088899", "sts_warta": "Dalam Proses", "no_lot": "88899", "no_pt": null, "seksyen_id": "100804000", "mukim_id": "100804", "daerah_id": "1001", "negeri_id": "10", "nama": null, "gtn1": "Tanah Lapang dan Rekreasi", "gtn2": "Tanah Lapang", "gtn3": "Tanah Lapang Lain", "kod_gtn": "TLR107", "no_warta": null, "trkh_warta": "12:00:00 AM", "serah_PTD": "12:00:00 AM", "Luas_h": 0.122, "pemilik": null, "selenggara": null, "catatan": null, "tahun_data": 2024, "PBT": "MBSA" }, "geometry": { "type": "Polygon", "coordinates": [ [ [ 101.506119481505976, 3.165475619241474 ], [ 101.506832135109278, 3.165807386293032 ], [ 101.506889021811503, 3.165709672160301 ], [ 101.506187677233143, 3.165353361318061 ], [ 101.506119481505976, 3.165475619241474 ] ] ] } },
{ "type": "Feature", "properties": { "upi": "10080100088907", "sts_warta": "Dalam Proses", "no_lot": "88907", "no_pt": null, "seksyen_id": "100804000", "mukim_id": "100804", "daerah_id": "1001", "negeri_id": "10", "nama": null, "gtn1": "Tanah Lapang dan Rekreasi", "gtn2": "Tanah Lapang", "gtn3": "Tanah Lapang Lain", "kod_gtn": "TLR107", "no_warta": null, "trkh_warta": "12:00:00 AM", "serah_PTD": "12:00:00 AM", "Luas_h": 0.0315, "pemilik": null, "selenggara": null, "catatan": null, "tahun_data": 2024, "PBT": "MBSA" }, "geometry": { "type": "Polygon", "coordinates": [ [ [ 101.508265546678061, 3.164253626576056 ], [ 101.508326751836279, 3.164307805605113 ], [ 101.508811301143496, 3.164736734092613 ], [ 101.50880799922389, 3.164684408882552 ], [ 101.508317611026058, 3.164250307566491 ], [ 101.508265546678061, 3.164253626576056 ] ] ] } },
{ "type": "Feature", "properties": { "upi": "10080100089098", "sts_warta": "Dalam Proses", "no_lot": "89098", "no_pt": null, "seksyen_id": "100804000", "mukim_id": "100804", "daerah_id": "1001", "negeri_id": "10", "nama": null, "gtn1": "Tanah Lapang dan Rekreasi", "gtn2": "Tanah Lapang", "gtn3": "Tanah Lapang Lain", "kod_gtn": "TLR107", "no_warta": null, "trkh_warta": "12:00:00 AM", "serah_PTD": "12:00:00 AM", "Luas_h": 0.0286, "pemilik": null, "selenggara": null, "catatan": null, "tahun_data": 2024, "PBT": "MBSA" }, "geometry": { "type": "Polygon", "coordinates": [ [ [ 101.508982348277897, 3.164888220039951 ], [ 101.509466934111771, 3.165317229605273 ], [ 101.509491315332582, 3.165289402945209 ], [ 101.509034403658461, 3.164884900994299 ], [ 101.508982348277897, 3.164888220039951 ] ] ] } },
{ "type": "Feature", "properties": { "upi": "10080100088906", "sts_warta": "Dalam Proses", "no_lot": "88906", "no_pt": null, "seksyen_id": "100804000", "mukim_id": "100804", "daerah_id": "1001", "negeri_id": "10", "nama": null, "gtn1": "Tanah Lapang dan Rekreasi", "gtn2": "Tanah Lapang", "gtn3": "Tanah Lapang Lain", "kod_gtn": "TLR107", "no_warta": null, "trkh_warta": "12:00:00 AM", "serah_PTD": "12:00:00 AM", "Luas_h": 0.0623, "pemilik": null, "selenggara": null, "catatan": null, "tahun_data": 2024, "PBT": "MBSA" }, "geometry": { "type": "Polygon", "coordinates": [ [ [ 101.507338995267432, 3.163746879539587 ], [ 101.507401423915326, 3.163812001159365 ], [ 101.507472579356076, 3.163743090269214 ], [ 101.507606469337688, 3.16374402164562 ], [ 101.507690535188402, 3.163744609398869 ], [ 101.508094544735869, 3.164102239985546 ], [ 101.508091242854249, 3.164049914772518 ], [ 101.507643823867866, 3.163653849693247 ], [ 101.507434648905758, 3.163654238709615 ], [ 101.507338995267432, 3.163746879539587 ] ] ] } },
{ "type": "Feature", "properties": { "upi": "10080100088900", "sts_warta": "Dalam Proses", "no_lot": "88900", "no_pt": null, "seksyen_id": "100804000", "mukim_id": "100804", "daerah_id": "1001", "negeri_id": "10", "nama": null, "gtn1": "Tanah Lapang dan Rekreasi", "gtn2": "Tanah Lapang", "gtn3": "Tanah Lapang Lain", "kod_gtn": "TLR107", "no_warta": null, "trkh_warta": "12:00:00 AM", "serah_PTD": "12:00:00 AM", "Luas_h": 0.4723, "pemilik": null, "selenggara": null, "catatan": null, "tahun_data": 2024, "PBT": "MBSA" }, "geometry": { "type": "Polygon", "coordinates": [ [ [ 101.505423721013045, 3.167645586617166 ], [ 101.50551317624668, 3.167660517415037 ], [ 101.505522704219501, 3.167371960061198 ], [ 101.505527787479281, 3.167318640077708 ], [ 101.505540886992506, 3.167181116843112 ], [ 101.505547832612194, 3.167108145515222 ], [ 101.505587085949969, 3.166860057487251 ], [ 101.505589245197882, 3.166846420016015 ], [ 101.505646762027467, 3.166587796424226 ], [ 101.505648039577665, 3.166583365151001 ], [ 101.505686222129313, 3.166450987644989 ], [ 101.505719546384228, 3.166335421845684 ], [ 101.505871151715851, 3.165968666186936 ], [ 101.50590990096984, 3.165888532496175 ], [ 101.505970026628916, 3.165764176508203 ], [ 101.50604491602769, 3.165609298992151 ], [ 101.506119481505976, 3.165475619241474 ], [ 101.506187677233143, 3.165353361318061 ], [ 101.506239318841736, 3.165260783878529 ], [ 101.506356448082755, 3.165076922206026 ], [ 101.506430446679445, 3.164960768575239 ], [ 101.506453676387494, 3.16492430552213 ], [ 101.506687277907233, 3.164601021468229 ], [ 101.506791982442678, 3.164472668242454 ], [ 101.506879035274508, 3.164365955906649 ], [ 101.506939322678917, 3.164292053087953 ], [ 101.507208938009711, 3.163998449404942 ], [ 101.507281586939868, 3.163928100624124 ], [ 101.507219140298972, 3.163862951866989 ], [ 101.507144584053421, 3.163935154544856 ], [ 101.50687137900691, 3.1642326740117 ], [ 101.506615978429707, 3.164545757130349 ], [ 101.506379273008321, 3.164873345834152 ], [ 101.506162063465155, 3.165214309708948 ], [ 101.50596508754856, 3.165567464079605 ], [ 101.50578903802635, 3.165931606183587 ], [ 101.505634508704759, 3.16630548804038 ], [ 101.505559565089072, 3.166565422907638 ], [ 101.505500833664243, 3.166829535847643 ], [ 101.505458575350488, 3.167096804957253 ], [ 101.505432934110303, 3.167366199289041 ], [ 101.505423721013045, 3.167645586617166 ] ] ] } },
{ "type": "Feature", "properties": { "upi": "10080100089294", "sts_warta": "Dalam Proses", "no_lot": "89294", "no_pt": null, "seksyen_id": "100804000", "mukim_id": "100804", "daerah_id": "1001", "negeri_id": "10", "nama": null, "gtn1": "Tanah Lapang dan Rekreasi", "gtn2": "Tanah Lapang", "gtn3": "Tanah Lapang Lain", "kod_gtn": "TLR107", "no_warta": null, "trkh_warta": "12:00:00 AM", "serah_PTD": "12:00:00 AM", "Luas_h": 0.1432, "pemilik": null, "selenggara": null, "catatan": null, "tahun_data": 2024, "PBT": "MBSA" }, "geometry": { "type": "Polygon", "coordinates": [ [ [ 101.507791199879449, 3.163527341185485 ], [ 101.507925719734928, 3.163646415735158 ], [ 101.507950091961035, 3.163618589110606 ], [ 101.507880492867073, 3.163556985420926 ], [ 101.507884334322156, 3.163396555177862 ], [ 101.508506586187821, 3.162931767856592 ], [ 101.508723641886434, 3.162776265897614 ], [ 101.508671433527184, 3.162702625437923 ], [ 101.508453640102104, 3.162858633818738 ], [ 101.507795437190182, 3.163350252965896 ], [ 101.507791199879449, 3.163527341185485 ] ] ] } },
{ "type": "Feature", "properties": { "upi": "10080100089293", "sts_warta": "Dalam Proses", "no_lot": "89293", "no_pt": null, "seksyen_id": "100804000", "mukim_id": "100804", "daerah_id": "1001", "negeri_id": "10", "nama": null, "gtn1": "Tanah Lapang dan Rekreasi", "gtn2": "Tanah Lapang", "gtn3": "Tanah Lapang Lain", "kod_gtn": "TLR107", "no_warta": null, "trkh_warta": "12:00:00 AM", "serah_PTD": "12:00:00 AM", "Luas_h": 0.2033, "pemilik": null, "selenggara": null, "catatan": null, "tahun_data": 2024, "PBT": "MBSA" }, "geometry": { "type": "Polygon", "coordinates": [ [ [ 101.507950091961035, 3.163618589110606 ], [ 101.508327730846759, 3.163187534092115 ], [ 101.508384563398593, 3.163164373812425 ], [ 101.508691991334501, 3.162813461535595 ], [ 101.508886042908927, 3.16298523184961 ], [ 101.509040859251002, 3.162975356112853 ], [ 101.508887940695899, 3.162719653780122 ], [ 101.508752359636063, 3.162816780357896 ], [ 101.508723641886434, 3.162776265897614 ], [ 101.508506586187821, 3.162931767856592 ], [ 101.507884334322156, 3.163396555177862 ], [ 101.507880492867073, 3.163556985420926 ], [ 101.507950091961035, 3.163618589110606 ] ] ] } },
{ "type": "Feature", "properties": { "upi": "10080400087699", "sts_warta": "Dalam Proses", "no_lot": "87699", "no_pt": null, "seksyen_id": "100804000", "mukim_id": "100804", "daerah_id": "1001", "negeri_id": "10", "nama": null, "gtn1": "Tanah Lapang dan Rekreasi", "gtn2": "Tanah Lapang", "gtn3": "Tanah Lapang Lain", "kod_gtn": "TLR107", "no_warta": null, "trkh_warta": "12:00:00 AM", "serah_PTD": "12:00:00 AM", "Luas_h": 0.104, "pemilik": null, "selenggara": null, "catatan": null, "tahun_data": 2024, "PBT": "MBSA" }, "geometry": { "type": "Polygon", "coordinates": [ [ [ 101.511597644344633, 3.175342437450997 ], [ 101.512353012849147, 3.175342397479596 ], [ 101.512353003243646, 3.175228405219662 ], [ 101.511652479756975, 3.175228444933864 ], [ 101.511597635076242, 3.17528357385559 ], [ 101.511597644344633, 3.175342437450997 ] ] ] } },
{ "type": "Feature", "properties": { "upi": "10080400087332", "sts_warta": "Dalam Proses", "no_lot": "87332", "no_pt": null, "seksyen_id": "100804000", "mukim_id": "100804", "daerah_id": "1001", "negeri_id": "10", "nama": null, "gtn1": "Tanah Lapang dan Rekreasi", "gtn2": "Tanah Lapang", "gtn3": "Tanah Lapang Lain", "kod_gtn": "TLR107", "no_warta": null, "trkh_warta": "12:00:00 AM", "serah_PTD": "12:00:00 AM", "Luas_h": 0.1154, "pemilik": null, "selenggara": null, "catatan": null, "tahun_data": 2024, "PBT": "MBSA" }, "geometry": { "type": "Polygon", "coordinates": [ [ [ 101.512365482491944, 3.175337929964686 ], [ 101.51318869641608, 3.175337879967367 ], [ 101.513188695715613, 3.175223851533894 ], [ 101.51236547288498, 3.175223919617924 ], [ 101.512365482491944, 3.175337929964686 ] ] ] } },
{ "type": "Feature", "properties": { "upi": "10080400087695", "sts_warta": "Dalam Proses", "no_lot": "87695", "no_pt": null, "seksyen_id": "100804000", "mukim_id": "100804", "daerah_id": "1001", "negeri_id": "10", "nama": null, "gtn1": "Tanah Lapang dan Rekreasi", "gtn2": "Tanah Lapang", "gtn3": "Tanah Lapang Lain", "kod_gtn": "TLR107", "no_warta": null, "trkh_warta": "12:00:00 AM", "serah_PTD": "12:00:00 AM", "Luas_h": 0.4869, "pemilik": null, "selenggara": null, "catatan": null, "tahun_data": 2024, "PBT": "MBSA" }, "geometry": { "type": "Polygon", "coordinates": [ [ [ 101.510694295419015, 3.175383814893399 ], [ 101.51069429526423, 3.175342468394939 ], [ 101.511340000877368, 3.175342438619536 ], [ 101.511340000620592, 3.175283611197717 ], [ 101.51128515544481, 3.175228455643209 ], [ 101.510419962200004, 3.175228522352925 ], [ 101.510429563351238, 3.175655018865796 ], [ 101.510376015603853, 3.176137783730631 ], [ 101.510236755538244, 3.176938443032587 ], [ 101.510316521988855, 3.176952460057633 ], [ 101.510306382693258, 3.177010744907257 ], [ 101.510497730327501, 3.177522655831006 ], [ 101.51057262008824, 3.177420266006076 ], [ 101.51052983975562, 3.177388641337148 ], [ 101.510529819911611, 3.176872940551089 ], [ 101.510411033600818, 3.176753549798622 ], [ 101.510411013994471, 3.176289206565344 ], [ 101.510529790398706, 3.176169796877425 ], [ 101.510529761083575, 3.175521637163973 ], [ 101.510529760589364, 3.175383815502662 ], [ 101.510694295419015, 3.175383814893399 ] ] ] } },
{ "type": "Feature", "properties": { "upi": "10080400087694", "sts_warta": "Dalam Proses", "no_lot": "87694", "no_pt": null, "seksyen_id": "100804000", "mukim_id": "100804", "daerah_id": "1001", "negeri_id": "10", "nama": null, "gtn1": "Tanah Lapang dan Rekreasi", "gtn2": "Tanah Lapang", "gtn3": "Tanah Lapang Lain", "kod_gtn": "TLR107", "no_warta": null, "trkh_warta": "12:00:00 AM", "serah_PTD": "12:00:00 AM", "Luas_h": 0.5624, "pemilik": null, "selenggara": null, "catatan": null, "tahun_data": 2024, "PBT": "MBSA" }, "geometry": { "type": "Polygon", "coordinates": [ [ [ 101.510616120176707, 3.177452406145202 ], [ 101.510541419351725, 3.177554524670082 ], [ 101.511218644554191, 3.178048437174791 ], [ 101.511369369657814, 3.178068657593574 ], [ 101.511931126281752, 3.177939849575598 ], [ 101.512308878834276, 3.177917130561577 ], [ 101.512353125592909, 3.17792180576953 ], [ 101.51235311541177, 3.177700187825426 ], [ 101.510929383936713, 3.177700239743307 ], [ 101.510849463723318, 3.177493742706531 ], [ 101.510733430976927, 3.177539113973448 ], [ 101.510616120176707, 3.177452406145202 ] ] ] } },
{ "type": "Feature", "properties": { "upi": "10080200069366", "sts_warta": "Dalam Proses", "no_lot": "69366", "no_pt": null, "seksyen_id": "100804000", "mukim_id": "100804", "daerah_id": "1001", "negeri_id": "10", "nama": null, "gtn1": "Tanah Lapang dan Rekreasi", "gtn2": "Tanah Lapang", "gtn3": "Taman Kejiranan", "kod_gtn": "TLR104", "no_warta": null, "trkh_warta": "12:00:00 AM", "serah_PTD": "12:00:00 AM", "Luas_h": 7.3671, "pemilik": null, "selenggara": null, "catatan": null, "tahun_data": 2024, "PBT": "MBSA" }, "geometry": { "type": "Polygon", "coordinates": [ [ [ 101.52936189979107, 3.099416080675857 ], [ 101.529241433477978, 3.099517107387848 ], [ 101.5301679563932, 3.100003488057696 ], [ 101.530241254487606, 3.099858872965886 ], [ 101.530377162047586, 3.099928495290286 ], [ 101.530386877624778, 3.099912696203453 ], [ 101.530515377048232, 3.099791149641946 ], [ 101.530670829980863, 3.099707250247372 ], [ 101.530842603022677, 3.099666740827551 ], [ 101.53101894718337, 3.099672370846695 ], [ 101.531187816529453, 3.099723769800504 ], [ 101.531336387291631, 3.099640105596496 ], [ 101.531399021686752, 3.099366033994484 ], [ 101.531599360721643, 3.099457214189826 ], [ 101.53174923042765, 3.099525425234167 ], [ 101.531871049620136, 3.099580876646994 ], [ 101.53192045756343, 3.09960933513991 ], [ 101.532063193636418, 3.099691572666434 ], [ 101.532205938727742, 3.099773810173114 ], [ 101.532348674844911, 3.099856047660359 ], [ 101.532488172296851, 3.09993642226067 ], [ 101.532509970523591, 3.09995151521101 ], [ 101.532645447012186, 3.10004534650949 ], [ 101.53278093252095, 3.100139177789959 ], [ 101.532950271447874, 3.100256457822556 ], [ 101.532760842762215, 3.100459993900661 ], [ 101.532762088343617, 3.100628219720717 ], [ 101.532824244381104, 3.100671273948977 ], [ 101.53334573084318, 3.101100570558549 ], [ 101.533830658079722, 3.101572444300168 ], [ 101.534274455890952, 3.102082382671776 ], [ 101.534673273737141, 3.102625303419829 ], [ 101.535038015563714, 3.103220568280583 ], [ 101.53517612448654, 3.103497582838911 ], [ 101.535300783964018, 3.1034347819113 ], [ 101.53537132742558, 3.103576264421976 ], [ 101.535246658939514, 3.103639065358125 ], [ 101.535305713565023, 3.103757523616759 ], [ 101.535391565379669, 3.10377593370682 ], [ 101.535376653640014, 3.103592225926865 ], [ 101.535666185304976, 3.103446356587027 ], [ 101.53576695789944, 3.103648474422228 ], [ 101.535785077358227, 3.103684837545105 ], [ 101.535863539173135, 3.103883483307691 ], [ 101.535946526452889, 3.104093605047368 ], [ 101.53602952276232, 3.104303735822529 ], [ 101.536050827403358, 3.104357688317755 ], [ 101.536107194159385, 3.104544523956596 ], [ 101.5361784781159, 3.104780799591662 ], [ 101.535894152767597, 3.104845051997212 ], [ 101.535747581903522, 3.104711764965415 ], [ 101.535697897485804, 3.104784520702861 ], [ 101.535809650258045, 3.105154936405457 ], [ 101.53588850366792, 3.105194327397218 ], [ 101.535946299319406, 3.104997160999341 ], [ 101.536220755466275, 3.104920998661929 ], [ 101.536258786195205, 3.105047035842044 ], [ 101.536284042015339, 3.105165494986486 ], [ 101.53633117063319, 3.10538656023994 ], [ 101.536378299271078, 3.105607625490163 ], [ 101.53640817081164, 3.10574772542115 ], [ 101.536423683749405, 3.105868111084461 ], [ 101.536452595047678, 3.106092314910946 ], [ 101.536481506358825, 3.106316527778984 ], [ 101.536160322227303, 3.106358371685907 ], [ 101.536070480919349, 3.106197690580055 ], [ 101.536009550848789, 3.106261222347996 ], [ 101.536039091945909, 3.106490327704796 ], [ 101.53604226887083, 3.106535273448146 ], [ 101.536181360152469, 3.106525330845793 ], [ 101.536192519910955, 3.106683192593367 ], [ 101.536053428608497, 3.106693126153924 ], [ 101.536079825782863, 3.106768312470241 ], [ 101.536207542175674, 3.106952921422014 ], [ 101.536283876062996, 3.106966701467155 ], [ 101.536573469907339, 3.106764265243097 ], [ 101.536735353443063, 3.106599498454842 ], [ 101.536899629193812, 3.10640836998396 ], [ 101.537019571945848, 3.106243179310086 ], [ 101.537111076919274, 3.106060517541435 ], [ 101.537129553580783, 3.106000975086262 ], [ 101.537106034724701, 3.10591047819106 ], [ 101.537033531751106, 3.105841614581201 ], [ 101.536852865354334, 3.106049229709589 ], [ 101.536815151935073, 3.106013409772314 ], [ 101.536685555417662, 3.105831957100393 ], [ 101.536681803739413, 3.105823772905558 ], [ 101.536592591184629, 3.105629070452781 ], [ 101.536589199199767, 3.105615206975233 ], [ 101.536539624034518, 3.105412147267301 ], [ 101.53652967752646, 3.105211003643722 ], [ 101.536527316723607, 3.105075822562298 ], [ 101.536519884367337, 3.105024465149705 ], [ 101.536511093312797, 3.104963729741445 ], [ 101.536479405248116, 3.104849177544128 ], [ 101.536743731598236, 3.104775827862285 ], [ 101.536740429631166, 3.104763890632429 ], [ 101.536724287327161, 3.104657404736887 ], [ 101.536456110246448, 3.104718012333371 ], [ 101.536445564678544, 3.10464840537151 ], [ 101.536412698390009, 3.104543565845356 ], [ 101.536404448079693, 3.104517240660862 ], [ 101.536343683858036, 3.104393736282723 ], [ 101.536333166628637, 3.104372348872463 ], [ 101.53625202448859, 3.104198491257066 ], [ 101.536246887316423, 3.104187476506373 ], [ 101.536197969151843, 3.103989444902811 ], [ 101.53619213892145, 3.103965850763749 ], [ 101.536182363343272, 3.103761777055376 ], [ 101.536181211158464, 3.103737757744478 ], [ 101.536219339158279, 3.103479187004099 ], [ 101.536481816788182, 3.103578982901447 ], [ 101.536581703321787, 3.103616962475452 ], [ 101.536679636340608, 3.103607464101837 ], [ 101.536706858546708, 3.103590524989478 ], [ 101.536750155179263, 3.103506501275206 ], [ 101.536735727490353, 3.103268885631309 ], [ 101.536590532844215, 3.103124068302743 ], [ 101.53646384731303, 3.1031148294965 ], [ 101.536239884626227, 3.10308224326955 ], [ 101.536018800315503, 3.103033659091706 ], [ 101.535801727926142, 3.102969357279704 ], [ 101.53558977401461, 3.102889645282145 ], [ 101.535384009154242, 3.10279493907061 ], [ 101.53518551291495, 3.1026857088777 ], [ 101.534995274905583, 3.102562533460283 ], [ 101.534814257745722, 3.102426027750155 ], [ 101.534643379074708, 3.102276906158494 ], [ 101.534483520545436, 3.102115892141145 ], [ 101.534335500838452, 3.101943826720425 ], [ 101.534200066663487, 3.101761587094304 ], [ 101.534077910752586, 3.10157010472268 ], [ 101.5339696628631, 3.101370338197256 ], [ 101.533875862790353, 3.101163318459162 ], [ 101.533796987355515, 3.100950112624566 ], [ 101.53373345040481, 3.100731787810687 ], [ 101.533685575822261, 3.100509456353739 ], [ 101.533653597529593, 3.100284266765311 ], [ 101.53364636196099, 3.100181189955534 ], [ 101.533430361210009, 3.100131302842069 ], [ 101.533029504892554, 3.100038708189078 ], [ 101.533121607330671, 3.099635748816592 ], [ 101.533522472500152, 3.099728334392839 ], [ 101.533442639720604, 3.100077575524882 ], [ 101.53364233020045, 3.10012369194193 ], [ 101.533637677477884, 3.10005735851471 ], [ 101.533637905648334, 3.099829889159263 ], [ 101.533641889583976, 3.099774597537634 ], [ 101.53351818723479, 3.099606284393648 ], [ 101.532428495309148, 3.099354596664047 ], [ 101.531079801308664, 3.099043001084785 ], [ 101.530901342520252, 3.099009978578183 ], [ 101.530720689020754, 3.09899280017793 ], [ 101.530539226223468, 3.09899161054662 ], [ 101.530358366526897, 3.099006409652364 ], [ 101.530179495338444, 3.099037079900212 ], [ 101.53000397107462, 3.09908338613218 ], [ 101.529833170142126, 3.099144957539315 ], [ 101.529668387981019, 3.099221350967792 ], [ 101.529510893040168, 3.099311951439942 ], [ 101.52936189979107, 3.099416080675857 ] ] ] } },
{ "type": "Feature", "properties": { "upi": "10080200069365", "sts_warta": "Dalam Proses", "no_lot": "69365", "no_pt": null, "seksyen_id": "100804000", "mukim_id": "100804", "daerah_id": "1001", "negeri_id": "10", "nama": null, "gtn1": "Tanah Lapang dan Rekreasi", "gtn2": "Tanah Lapang", "gtn3": "Taman Kejiranan", "kod_gtn": "TLR104", "no_warta": null, "trkh_warta": "12:00:00 AM", "serah_PTD": "12:00:00 AM", "Luas_h": 6.299, "pemilik": null, "selenggara": null, "catatan": null, "tahun_data": 2024, "PBT": "MBSA" }, "geometry": { "type": "Polygon", "coordinates": [ [ [ 101.530454300611169, 3.100149053737517 ], [ 101.529737083685518, 3.101752894468639 ], [ 101.529763561252466, 3.101828008606059 ], [ 101.529777550566166, 3.101835098348675 ], [ 101.529849661003126, 3.101675218006934 ], [ 101.529874552412807, 3.101620034463308 ], [ 101.529899443819914, 3.101564850919054 ], [ 101.529924335224479, 3.101509667374187 ], [ 101.529949226626471, 3.101454483828678 ], [ 101.529974118025919, 3.101399300282554 ], [ 101.529999009422781, 3.101344116735803 ], [ 101.530023900817099, 3.101288933188426 ], [ 101.530048792208845, 3.101233749640421 ], [ 101.530073683598047, 3.101178566091788 ], [ 101.530098574984692, 3.101123382542529 ], [ 101.530123457372525, 3.101068198992832 ], [ 101.530148348754068, 3.10101301544233 ], [ 101.530220144228224, 3.100853858554819 ], [ 101.530454003765684, 3.10096044822009 ], [ 101.530578872812853, 3.101017364746902 ], [ 101.530562644402252, 3.101053330827092 ], [ 101.530768192849905, 3.101159767321469 ], [ 101.530792572942502, 3.101172391392335 ], [ 101.531007171760535, 3.101283521172559 ], [ 101.531125246720521, 3.101253204881902 ], [ 101.531644580334671, 3.101581912331497 ], [ 101.531669340760331, 3.101700299263928 ], [ 101.531111106807657, 3.102530200552855 ], [ 101.531124728916538, 3.102608308325379 ], [ 101.531441771182131, 3.102840219662943 ], [ 101.531717988958832, 3.10308831960558 ], [ 101.531797488811506, 3.10308590312605 ], [ 101.532351185853656, 3.102524338186095 ], [ 101.532350851120611, 3.102446374802622 ], [ 101.53246666601062, 3.102328906901917 ], [ 101.532583512113547, 3.102445329138276 ], [ 101.532790305400695, 3.10266989045502 ], [ 101.532808937132828, 3.102690120143027 ], [ 101.532971251848153, 3.102866390615846 ], [ 101.533093286411798, 3.102881924184743 ], [ 101.533453248083404, 3.103383508851254 ], [ 101.533432577652945, 3.103502168188129 ], [ 101.532622172165418, 3.104058512913276 ], [ 101.532605090161752, 3.10413687463204 ], [ 101.532790429794545, 3.1044475479812 ], [ 101.532867411391862, 3.104469621083942 ], [ 101.533750518390505, 3.104013186101104 ], [ 101.533864771933835, 3.104052476862191 ], [ 101.534128251089371, 3.104619908951512 ], [ 101.534082597964755, 3.104734418013206 ], [ 101.534171046788614, 3.104986944381119 ], [ 101.534180151684595, 3.105012934954315 ], [ 101.53427470947679, 3.105282933054236 ], [ 101.534378429095895, 3.105343693128481 ], [ 101.534530230268047, 3.105958208101199 ], [ 101.534463093730778, 3.106061901803905 ], [ 101.53450082186086, 3.106319982132834 ], [ 101.534504807924804, 3.106347247960387 ], [ 101.534541663281473, 3.106599404864578 ], [ 101.534561629605662, 3.106735978172064 ], [ 101.534600122606804, 3.10699930366112 ], [ 101.534416238899311, 3.107015867020667 ], [ 101.534356206804944, 3.107021267521274 ], [ 101.534296174710207, 3.107026677061892 ], [ 101.534236142614617, 3.107032077555656 ], [ 101.534176101522348, 3.107037487089664 ], [ 101.534116069425536, 3.107042887576587 ], [ 101.534056037328355, 3.107048297103513 ], [ 101.533996005230321, 3.107053697583582 ], [ 101.533935964135637, 3.107059107103899 ], [ 101.533875932036366, 3.10706450757714 ], [ 101.533815899936741, 3.107069917090369 ], [ 101.533755858839967, 3.107075317556989 ], [ 101.53369582673912, 3.107080727063379 ], [ 101.53356007304231, 3.107092948196438 ], [ 101.533572822156799, 3.10714742547607 ], [ 101.53363898469533, 3.107298801713397 ], [ 101.533681620077132, 3.1073762123589 ], [ 101.533803617064024, 3.107308320227125 ], [ 101.533886206840151, 3.107458303338325 ], [ 101.533755689959136, 3.107510713351193 ], [ 101.533769077059929, 3.107535021739413 ], [ 101.533807923411359, 3.107549101357995 ], [ 101.533910785973703, 3.107507788336842 ], [ 101.534032729468336, 3.107458824072503 ], [ 101.53409459633302, 3.107433971131312 ], [ 101.534156472191341, 3.107409127229696 ], [ 101.534218339050454, 3.107384283324684 ], [ 101.534280214902992, 3.107359439415801 ], [ 101.534342081756108, 3.107334586460113 ], [ 101.534403957602848, 3.107309742543974 ], [ 101.534465824450436, 3.107284898624468 ], [ 101.534527700291179, 3.107260045657665 ], [ 101.534589567132969, 3.107235201730876 ], [ 101.534721487345422, 3.107182221841744 ], [ 101.534797725548003, 3.107320385290375 ], [ 101.534857316831818, 3.107314722516836 ], [ 101.534863417913684, 3.107375168619058 ], [ 101.534892738233097, 3.107428297968776 ], [ 101.534940518526156, 3.10746550134909 ], [ 101.534904192761985, 3.107513323961634 ], [ 101.535009013613561, 3.107703269290976 ], [ 101.53502375826254, 3.107692814693931 ], [ 101.535213703152536, 3.107585482189121 ], [ 101.534929820488713, 3.107071054486353 ], [ 101.534891428135523, 3.10687481314875 ], [ 101.534859037128584, 3.106709219822752 ], [ 101.534821027909999, 3.106712639251489 ], [ 101.534731674917765, 3.106641162381497 ], [ 101.534659924843069, 3.10611870741841 ], [ 101.534728959838091, 3.106024843858227 ], [ 101.534682065437309, 3.105804167394 ], [ 101.534676343097587, 3.105777218132816 ], [ 101.534628962859841, 3.105554235603932 ], [ 101.534605338791266, 3.105560087325902 ], [ 101.534506495232122, 3.105503649904397 ], [ 101.534352402857934, 3.104995892641458 ], [ 101.534405568134744, 3.104892334962218 ], [ 101.534428985223457, 3.104884484652786 ], [ 101.534347851423703, 3.104674823960695 ], [ 101.534337909881572, 3.104649140887207 ], [ 101.53425640724673, 3.104438530636589 ], [ 101.534148540943306, 3.104397168807979 ], [ 101.533929568791791, 3.103925876252754 ], [ 101.533965335164979, 3.103817535068847 ], [ 101.53483719545342, 3.103346756591641 ], [ 101.534857722973285, 3.10327318776181 ], [ 101.534523173935369, 3.102727226811676 ], [ 101.534510587732001, 3.102710089847516 ], [ 101.534432913753079, 3.10269711456981 ], [ 101.533618308408919, 3.10326387819921 ], [ 101.533503623628889, 3.103244094094346 ], [ 101.533200160410928, 3.10282166515178 ], [ 101.533214659574085, 3.102708983678389 ], [ 101.533081763231422, 3.102558983666729 ], [ 101.533063527322739, 3.10253840127997 ], [ 101.532930801956525, 3.102388600199568 ], [ 101.53290783507876, 3.102410910905612 ], [ 101.532791387600653, 3.10241002752985 ], [ 101.532442162753071, 3.102060290559669 ], [ 101.532438570509683, 3.10194649719336 ], [ 101.533094675273048, 3.101200262561025 ], [ 101.533088564944322, 3.101124035658571 ], [ 101.532750389540652, 3.100845633064635 ], [ 101.532674947322235, 3.100854723565116 ], [ 101.532069600726714, 3.101661990821078 ], [ 101.53195481807245, 3.101679564948794 ], [ 101.531554658444605, 3.101390790639065 ], [ 101.53153305586946, 3.101278860636627 ], [ 101.531540936285396, 3.10126636243393 ], [ 101.531367549363452, 3.10116290062976 ], [ 101.531343969896398, 3.101148838648506 ], [ 101.531170214161875, 3.101045150734203 ], [ 101.531152204435784, 3.101077626101219 ], [ 101.531043026858654, 3.10111156860487 ], [ 101.530610473861643, 3.100895051666297 ], [ 101.530574207748245, 3.10079282557205 ], [ 101.530327627444478, 3.100681045289172 ], [ 101.53037682542643, 3.100571383577863 ], [ 101.53040159983135, 3.100516154806516 ], [ 101.530426383229752, 3.100460916990909 ], [ 101.5304511576294, 3.100405679174897 ], [ 101.5304759410229, 3.100350450401487 ], [ 101.530500715417446, 3.100295212584231 ], [ 101.530525498805872, 3.100239983809578 ], [ 101.530550273195303, 3.100184745991053 ], [ 101.530575056578414, 3.100129508171746 ], [ 101.53059983096297, 3.100074279395442 ], [ 101.530624614340994, 3.100019041574867 ], [ 101.530672175029935, 3.099913006300672 ], [ 101.530622012664722, 3.099940083460233 ], [ 101.530528273935303, 3.100028747346785 ], [ 101.530454300611169, 3.100149053737517 ] ] ] } },
{ "type": "Feature", "properties": { "upi": "10080200069367", "sts_warta": "Dalam Proses", "no_lot": "69367", "no_pt": null, "seksyen_id": "100804000", "mukim_id": "100804", "daerah_id": "1001", "negeri_id": "10", "nama": null, "gtn1": "Tanah Lapang dan Rekreasi", "gtn2": "Tanah Lapang", "gtn3": "Tanah Lapang Lain", "kod_gtn": "TLR107", "no_warta": null, "trkh_warta": "12:00:00 AM", "serah_PTD": "12:00:00 AM", "Luas_h": 0.6754, "pemilik": null, "selenggara": null, "catatan": null, "tahun_data": 2024, "PBT": "MBSA" }, "geometry": { "type": "Polygon", "coordinates": [ [ [ 101.529321601354511, 3.103038200648935 ], [ 101.529251685452465, 3.103180003092401 ], [ 101.53022586474097, 3.10366534264222 ], [ 101.530966926383599, 3.104223920334479 ], [ 101.531020210100337, 3.104172923221201 ], [ 101.531165505585534, 3.104033886211035 ], [ 101.531250005399514, 3.103943015890418 ], [ 101.53129869196745, 3.1038906623556 ], [ 101.531370768230616, 3.103813167543843 ], [ 101.531398853860821, 3.103782961839413 ], [ 101.53147092111297, 3.10370545797754 ], [ 101.531519616655515, 3.103653104432228 ], [ 101.531656896137648, 3.103505485329213 ], [ 101.531764416493871, 3.103380565917862 ], [ 101.531731615293239, 3.103344537678899 ], [ 101.531614184682454, 3.103239057911446 ], [ 101.531592135453792, 3.103264660374899 ], [ 101.531627419489922, 3.103295361980808 ], [ 101.531629408392973, 3.103326652193994 ], [ 101.53155421970412, 3.103413950172633 ], [ 101.531497588807468, 3.103437591022733 ], [ 101.531040051208194, 3.10396878547143 ], [ 101.530927031414862, 3.103980137569632 ], [ 101.530890766840542, 3.103951959079432 ], [ 101.530805493768753, 3.104062869624853 ], [ 101.53069517066146, 3.103977149483681 ], [ 101.530780443737939, 3.103866238946972 ], [ 101.530469824428835, 3.103624894976462 ], [ 101.529626611347823, 3.103083076614111 ], [ 101.529275043250877, 3.102920600906213 ], [ 101.529202731934589, 3.102947850295606 ], [ 101.52919134321256, 3.102973316831064 ], [ 101.529321601354511, 3.103038200648935 ] ] ] } },
{ "type": "Feature", "properties": { "upi": "10080200069363", "sts_warta": "Dalam Proses", "no_lot": "69363", "no_pt": null, "seksyen_id": "100804000", "mukim_id": "100804", "daerah_id": "1001", "negeri_id": "10", "nama": null, "gtn1": "Tanah Lapang dan Rekreasi", "gtn2": "Tanah Lapang", "gtn3": "Tanah Lapang Lain", "kod_gtn": "TLR107", "no_warta": null, "trkh_warta": "12:00:00 AM", "serah_PTD": "12:00:00 AM", "Luas_h": 0.5258, "pemilik": null, "selenggara": null, "catatan": null, "tahun_data": 2024, "PBT": "MBSA" }, "geometry": { "type": "Polygon", "coordinates": [ [ [ 101.532835361816836, 3.106842264503086 ], [ 101.53281360886939, 3.106845330763144 ], [ 101.532880440666347, 3.107512390371829 ], [ 101.532878094212037, 3.107576689195703 ], [ 101.533148215560942, 3.107884701581949 ], [ 101.533238882805264, 3.107988083761724 ], [ 101.533282399130613, 3.108037712993012 ], [ 101.533325915459812, 3.108087333178981 ], [ 101.533369431793119, 3.108136953363071 ], [ 101.533412957127027, 3.108186582588483 ], [ 101.533456473468476, 3.108236202768798 ], [ 101.533499989814047, 3.108285822947245 ], [ 101.533543506163909, 3.108335452167233 ], [ 101.533587031513932, 3.108385072341675 ], [ 101.533630547871752, 3.108434692514467 ], [ 101.533674064233864, 3.108484321728798 ], [ 101.533717580599841, 3.108533941897817 ], [ 101.533761105966235, 3.108583562064721 ], [ 101.533860634946322, 3.10869705451216 ], [ 101.534067338349217, 3.108515945507298 ], [ 101.533966792752608, 3.108401295546736 ], [ 101.533802227136192, 3.108547125042938 ], [ 101.533666226121838, 3.108392051846061 ], [ 101.533557430736721, 3.108267987849114 ], [ 101.533438721173255, 3.108132628851579 ], [ 101.53342399381232, 3.108115835581064 ], [ 101.533332479802908, 3.107969044990246 ], [ 101.53332067618885, 3.107950108352234 ], [ 101.533244546086408, 3.10781188149015 ], [ 101.533164871303526, 3.107667188660665 ], [ 101.533107661296597, 3.107563308248525 ], [ 101.533078880525764, 3.107497463776637 ], [ 101.532996145951358, 3.107308195957968 ], [ 101.533247193692674, 3.107197308215706 ], [ 101.533374893500238, 3.107096054787749 ], [ 101.533357096939, 3.107019990972778 ], [ 101.533331461924988, 3.106836238225987 ], [ 101.533186935490605, 3.106792697760728 ], [ 101.532835361816836, 3.106842264503086 ] ] ] } },
{ "type": "Feature", "properties": { "upi": "10080200069364", "sts_warta": "Dalam Proses", "no_lot": "69364", "no_pt": null, "seksyen_id": "100804000", "mukim_id": "100804", "daerah_id": "1001", "negeri_id": "10", "nama": null, "gtn1": "Tanah Lapang dan Rekreasi", "gtn2": "Tanah Lapang", "gtn3": "Tanah Lapang Lain", "kod_gtn": "TLR107", "no_warta": null, "trkh_warta": "12:00:00 AM", "serah_PTD": "12:00:00 AM", "Luas_h": 1.2989, "pemilik": null, "selenggara": null, "catatan": null, "tahun_data": 2024, "PBT": "MBSA" }, "geometry": { "type": "Polygon", "coordinates": [ [ [ 101.536870000935807, 3.106920735220149 ], [ 101.536770796091275, 3.106822228004153 ], [ 101.536690434559517, 3.106904019042967 ], [ 101.536274976054628, 3.107194451376605 ], [ 101.535120499522137, 3.107846839737027 ], [ 101.535046515381438, 3.107899320732689 ], [ 101.534021671338095, 3.1087973057819 ], [ 101.534063361430128, 3.10884484599522 ], [ 101.534175796167318, 3.109152247230105 ], [ 101.534237944461395, 3.10922217842707 ], [ 101.534518656030755, 3.108869468380522 ], [ 101.534666331740652, 3.108578926308389 ], [ 101.534890161752756, 3.108315132638555 ], [ 101.535684403697928, 3.107786785086124 ], [ 101.536754939798755, 3.107289013970631 ], [ 101.537161017293457, 3.107076047712888 ], [ 101.536986958293724, 3.106801711330009 ], [ 101.536870000935807, 3.106920735220149 ] ] ] } },
{ "type": "Feature", "properties": { "upi": "10080200069370", "sts_warta": "Dalam Proses", "no_lot": "69370", "no_pt": null, "seksyen_id": "100804000", "mukim_id": "100804", "daerah_id": "1001", "negeri_id": "10", "nama": null, "gtn1": "Tanah Lapang dan Rekreasi", "gtn2": "Tanah Lapang", "gtn3": "Tanah Lapang Lain", "kod_gtn": "TLR107", "no_warta": null, "trkh_warta": "12:00:00 AM", "serah_PTD": "12:00:00 AM", "Luas_h": 0.5883, "pemilik": null, "selenggara": null, "catatan": null, "tahun_data": 2024, "PBT": "MBSA" }, "geometry": { "type": "Polygon", "coordinates": [ [ [ 101.53328444650036, 3.109329023844622 ], [ 101.533049015904311, 3.109441955019989 ], [ 101.533005043884231, 3.109520543494745 ], [ 101.533030446699883, 3.109772845419272 ], [ 101.5329806291126, 3.109934606432515 ], [ 101.532923306325216, 3.110004576850443 ], [ 101.53280149152674, 3.110179714870299 ], [ 101.53263616162684, 3.110359936352565 ], [ 101.532605592558255, 3.11037707439713 ], [ 101.532549414901339, 3.110556144663334 ], [ 101.53289067220787, 3.110554119558727 ], [ 101.532884113308469, 3.110530389770626 ], [ 101.532810202009657, 3.110263366349837 ], [ 101.532997165816113, 3.109994563938244 ], [ 101.533197102330519, 3.109730617487032 ], [ 101.533612209266551, 3.109339587298798 ], [ 101.534105989960267, 3.109351891731241 ], [ 101.534134148423689, 3.10935258734303 ], [ 101.534237944461395, 3.10922217842707 ], [ 101.534175796167318, 3.109152247230105 ], [ 101.534063361430128, 3.10884484599522 ], [ 101.534021671338095, 3.1087973057819 ], [ 101.533843071704013, 3.108953797847279 ], [ 101.533934692774793, 3.109059458882529 ], [ 101.533809233087382, 3.109169394008266 ], [ 101.533717603022964, 3.109063723919075 ], [ 101.53366891609403, 3.109106383008376 ], [ 101.53328444650036, 3.109329023844622 ] ] ] } },
{ "type": "Feature", "properties": { "upi": "10080200069362", "sts_warta": "Dalam Proses", "no_lot": "69362", "no_pt": null, "seksyen_id": "100804000", "mukim_id": "100804", "daerah_id": "1001", "negeri_id": "10", "nama": null, "gtn1": "Tanah Lapang dan Rekreasi", "gtn2": "Tanah Lapang", "gtn3": "Tanah Lapang Lain", "kod_gtn": "TLR107", "no_warta": null, "trkh_warta": "12:00:00 AM", "serah_PTD": "12:00:00 AM", "Luas_h": 0.6679, "pemilik": null, "selenggara": null, "catatan": null, "tahun_data": 2024, "PBT": "MBSA" }, "geometry": { "type": "Polygon", "coordinates": [ [ [ 101.531717717414793, 3.10455389750147 ], [ 101.531510328301579, 3.104633502640386 ], [ 101.53214705064552, 3.105113431237513 ], [ 101.53217491178728, 3.105100254292273 ], [ 101.532653831840932, 3.104873713821457 ], [ 101.532749720188917, 3.10475487178145 ], [ 101.532702316378192, 3.104653604648575 ], [ 101.532549121697997, 3.10439682028394 ], [ 101.532429527067947, 3.104468908363673 ], [ 101.532338157301496, 3.104315751095883 ], [ 101.532093353150131, 3.104409718219389 ], [ 101.531917540705095, 3.10447720448607 ], [ 101.531850932944707, 3.10450276279979 ], [ 101.531784325181349, 3.104528330152739 ], [ 101.531717717414793, 3.10455389750147 ] ] ] } },
{ "type": "Feature", "properties": { "upi": "10080200071329", "sts_warta": "Dalam Proses", "no_lot": "71329", "no_pt": null, "seksyen_id": "100804000", "mukim_id": "100804", "daerah_id": "1001", "negeri_id": "10", "nama": null, "gtn1": "Tanah Lapang dan Rekreasi", "gtn2": "Tanah Lapang", "gtn3": "Tanah Lapang Lain", "kod_gtn": "TLR107", "no_warta": null, "trkh_warta": "12:00:00 AM", "serah_PTD": "12:00:00 AM", "Luas_h": 0.0767, "pemilik": null, "selenggara": null, "catatan": null, "tahun_data": 2024, "PBT": "MBSA" }, "geometry": { "type": "Polygon", "coordinates": [ [ [ 101.532087151626385, 3.105792747812559 ], [ 101.532474089781743, 3.10576077896902 ], [ 101.532174612402343, 3.105372144944386 ], [ 101.53219823452558, 3.105661072834994 ], [ 101.532087151626385, 3.105792747812559 ] ] ] } },
{ "type": "Feature", "properties": { "upi": "10080200064054", "sts_warta": "Dalam Proses", "no_lot": "64054", "no_pt": null, "seksyen_id": "100804000", "mukim_id": "100804", "daerah_id": "1001", "negeri_id": "10", "nama": null, "gtn1": "Tanah Lapang dan Rekreasi", "gtn2": "Tanah Lapang", "gtn3": "Tanah Lapang Lain", "kod_gtn": "TLR107", "no_warta": null, "trkh_warta": "12:00:00 AM", "serah_PTD": "12:00:00 AM", "Luas_h": 0.2161, "pemilik": null, "selenggara": null, "catatan": null, "tahun_data": 2024, "PBT": "MBSA" }, "geometry": { "type": "Polygon", "coordinates": [ [ [ 101.558393258220732, 3.108739671633809 ], [ 101.558461990649718, 3.108568530501366 ], [ 101.55852153894665, 3.108420233505357 ], [ 101.558643612166563, 3.108469758325103 ], [ 101.558780195353663, 3.108129565097543 ], [ 101.558747841445765, 3.108063721526103 ], [ 101.55842056072143, 3.107972860278402 ], [ 101.558369984940938, 3.108001702240172 ], [ 101.558375434075046, 3.108688830378727 ], [ 101.558393258220732, 3.108739671633809 ] ] ] } },
{ "type": "Feature", "properties": { "upi": "10080200064193", "sts_warta": "Dalam Proses", "no_lot": "64193", "no_pt": null, "seksyen_id": "100804000", "mukim_id": "100804", "daerah_id": "1001", "negeri_id": "10", "nama": null, "gtn1": "Tanah Lapang dan Rekreasi", "gtn2": "Tanah Lapang", "gtn3": "Tanah Lapang Lain", "kod_gtn": "TLR107", "no_warta": null, "trkh_warta": "12:00:00 AM", "serah_PTD": "12:00:00 AM", "Luas_h": 0.129, "pemilik": null, "selenggara": null, "catatan": null, "tahun_data": 2024, "PBT": "MBSA" }, "geometry": { "type": "Polygon", "coordinates": [ [ [ 101.558383873080743, 3.107031061792557 ], [ 101.558391807914603, 3.107033267998836 ], [ 101.558442383648838, 3.107004426036269 ], [ 101.558963139703266, 3.105107813369272 ], [ 101.558923238319508, 3.105048345786538 ], [ 101.558903491390311, 3.105046058778063 ], [ 101.55880795452947, 3.105486442106454 ], [ 101.558383873080743, 3.107031061792557 ] ] ] } },
{ "type": "Feature", "properties": { "upi": "10080200064196", "sts_warta": "Dalam Proses", "no_lot": "64196", "no_pt": null, "seksyen_id": "100804000", "mukim_id": "100804", "daerah_id": "1001", "negeri_id": "10", "nama": null, "gtn1": "Tanah Lapang dan Rekreasi", "gtn2": "Tanah Lapang", "gtn3": "Tanah Lapang Lain", "kod_gtn": "TLR107", "no_warta": null, "trkh_warta": "12:00:00 AM", "serah_PTD": "12:00:00 AM", "Luas_h": 0.1436, "pemilik": null, "selenggara": null, "catatan": null, "tahun_data": 2024, "PBT": "MBSA" }, "geometry": { "type": "Polygon", "coordinates": [ [ [ 101.558979906351539, 3.104692149613289 ], [ 101.558942049612739, 3.104866680541386 ], [ 101.558971566534154, 3.104869898537609 ], [ 101.559040628602915, 3.104823077302345 ], [ 101.55921713074116, 3.104180487988656 ], [ 101.559099682903195, 3.104147901328252 ], [ 101.559081985272272, 3.103375449036775 ], [ 101.559038419786845, 3.103627735621636 ], [ 101.559051501280734, 3.104196141348546 ], [ 101.558979906351539, 3.104692149613289 ] ] ] } },
{ "type": "Feature", "properties": { "upi": "10080200034727", "sts_warta": "Dalam Proses", "no_lot": "34727", "no_pt": null, "seksyen_id": "100804000", "mukim_id": "100804", "daerah_id": "1001", "negeri_id": "10", "nama": null, "gtn1": "Tanah Lapang dan Rekreasi", "gtn2": "Tanah Lapang", "gtn3": "Tanah Lapang Lain", "kod_gtn": "TLR107", "no_warta": null, "trkh_warta": "12:00:00 AM", "serah_PTD": "12:00:00 AM", "Luas_h": 0.113, "pemilik": null, "selenggara": null, "catatan": null, "tahun_data": 2024, "PBT": "MBSA" }, "geometry": { "type": "Polygon", "coordinates": [ [ [ 101.557783330325648, 3.102433748520214 ], [ 101.558224221143661, 3.10285991657878 ], [ 101.558395085370009, 3.10319762588397 ], [ 101.558370953141093, 3.102923927808681 ], [ 101.558318979538399, 3.102691785631817 ], [ 101.557783330325648, 3.102433748520214 ] ] ] } },
{ "type": "Feature", "properties": { "upi": "10010200075126", "sts_warta": "Dalam Proses", "no_lot": "75126", "no_pt": null, "seksyen_id": "100804000", "mukim_id": "100804", "daerah_id": "1001", "negeri_id": "10", "nama": null, "gtn1": "Tanah Lapang dan Rekreasi", "gtn2": "Tanah Lapang", "gtn3": "Tanah Lapang Lain", "kod_gtn": "TLR107", "no_warta": null, "trkh_warta": "12:00:00 AM", "serah_PTD": "12:00:00 AM", "Luas_h": 2.0446, "pemilik": null, "selenggara": null, "catatan": null, "tahun_data": 2024, "PBT": "MBSA" }, "geometry": { "type": "Polygon", "coordinates": [ [ [ 101.507003939854698, 2.985626139682329 ], [ 101.508297209912101, 2.985990969473141 ], [ 101.508965766784044, 2.986179605643519 ], [ 101.509185672841554, 2.985395104127008 ], [ 101.507224512843351, 2.984839296298189 ], [ 101.507003939854698, 2.985626139682329 ] ] ] } },
{ "type": "Feature", "properties": { "upi": "10010200075127", "sts_warta": "Dalam Proses", "no_lot": "75127", "no_pt": null, "seksyen_id": "100804000", "mukim_id": "100804", "daerah_id": "1001", "negeri_id": "10", "nama": null, "gtn1": "Tanah Lapang dan Rekreasi", "gtn2": "Tanah Lapang", "gtn3": "Tanah Lapang Lain", "kod_gtn": "TLR107", "no_warta": null, "trkh_warta": "12:00:00 AM", "serah_PTD": "12:00:00 AM", "Luas_h": 2.4946, "pemilik": null, "selenggara": null, "catatan": null, "tahun_data": 2024, "PBT": "MBSA" }, "geometry": { "type": "Polygon", "coordinates": [ [ [ 101.508965766784044, 2.986179605643519 ], [ 101.509653222996349, 2.986373586033316 ], [ 101.510521808757076, 2.986618498089564 ], [ 101.511348243024159, 2.986877065237269 ], [ 101.511573931408591, 2.986071917035973 ], [ 101.509185672841554, 2.985395104127008 ], [ 101.508965766784044, 2.986179605643519 ] ] ] } },
{ "type": "Feature", "properties": { "upi": "10010200075170", "sts_warta": "Dalam Proses", "no_lot": "75170", "no_pt": null, "seksyen_id": "100804000", "mukim_id": "100804", "daerah_id": "1001", "negeri_id": "10", "nama": null, "gtn1": "Tanah Lapang dan Rekreasi", "gtn2": "Tanah Lapang", "gtn3": "Tanah Lapang Lain", "kod_gtn": "TLR107", "no_warta": null, "trkh_warta": "12:00:00 AM", "serah_PTD": "12:00:00 AM", "Luas_h": 0.6649, "pemilik": null, "selenggara": null, "catatan": null, "tahun_data": 2024, "PBT": "MBSA" }, "geometry": { "type": "Polygon", "coordinates": [ [ [ 101.510019013701566, 2.988553074094971 ], [ 101.511759137466868, 2.988554496452865 ], [ 101.510951393919811, 2.988251101183339 ], [ 101.510167245658877, 2.988003648011663 ], [ 101.510019389782855, 2.987961921987738 ], [ 101.510019273407053, 2.988155307079915 ], [ 101.510019013701566, 2.988553074094971 ] ] ] } },
{ "type": "Feature", "properties": { "upi": "10080200071316", "sts_warta": "Dalam Proses", "no_lot": "71316", "no_pt": null, "seksyen_id": "100804000", "mukim_id": "100804", "daerah_id": "1001", "negeri_id": "10", "nama": null, "gtn1": "Tanah Lapang dan Rekreasi", "gtn2": "Tanah Lapang", "gtn3": "Tanah Lapang Lain", "kod_gtn": "TLR107", "no_warta": null, "trkh_warta": "12:00:00 AM", "serah_PTD": "12:00:00 AM", "Luas_h": 0.2715, "pemilik": null, "selenggara": null, "catatan": null, "tahun_data": 2024, "PBT": "MBSA" }, "geometry": { "type": "Polygon", "coordinates": [ [ [ 101.530610114547272, 3.104135845480446 ], [ 101.530820355608782, 3.10446178392346 ], [ 101.530905788184697, 3.104639313497633 ], [ 101.531007812433742, 3.104927651800254 ], [ 101.53159611344708, 3.104879047766951 ], [ 101.531173353395786, 3.104560385342732 ], [ 101.530610114547272, 3.104135845480446 ] ] ] } },
{ "type": "Feature", "properties": { "upi": null, "sts_warta": "Belum Warta", "no_lot": "49120", "no_pt": null, "seksyen_id": "100102000", "mukim_id": "100102", "daerah_id": "1001", "negeri_id": "10", "nama": "Jalan Lombong Emas 3", "gtn1": "Tanah Lapang dan Rekreasi", "gtn2": "Kawasan Hijau", "gtn3": "Zon Penampan", "kod_gtn": "TLR301", "no_warta": null, "trkh_warta": null, "serah_PTD": null, "Luas_h": 0.0493, "pemilik": "Hana Sakina Izham", "selenggara": "Majlis Bandaraya Shah Alam", "catatan": "Belum Bina", "tahun_data": 2024, "PBT": "MBSA" }, "geometry": { "type": "Polygon", "coordinates": [ [ [ 101.551841898996159, 2.965441820716659 ], [ 101.551780758958785, 2.965409511293942 ], [ 101.550645539393727, 2.964809602491146 ], [ 101.550644407596849, 2.964764731036349 ], [ 101.550618501487506, 2.964751041293753 ], [ 101.550592354431842, 2.964812637118533 ], [ 101.551831084283876, 2.965467246067357 ], [ 101.551841898996159, 2.965441820716659 ] ] ] } },
{ "type": "Feature", "properties": { "upi": null, "sts_warta": "Belum Warta", "no_lot": "49120", "no_pt": null, "seksyen_id": "100102000", "mukim_id": "100102", "daerah_id": "1001", "negeri_id": "10", "nama": "Jalan Lombong Emas 3, Seksyen 29", "gtn1": "Tanah Lapang dan Rekreasi", "gtn2": "Kawasan Hijau", "gtn3": "Kawasan Hijau", "kod_gtn": "TLR302", "no_warta": null, "trkh_warta": null, "serah_PTD": null, "Luas_h": 0.0293, "pemilik": "Hana Sakina Izham", "selenggara": "Majlis Bandaraya Shah Alam", "catatan": "Belum Bina", "tahun_data": 2024, "PBT": "MBSA" }, "geometry": { "type": "Polygon", "coordinates": [ [ [ 101.552000940104278, 2.964988371226502 ], [ 101.551994561654325, 2.965000570832269 ], [ 101.551780758958785, 2.965409511293941 ], [ 101.551841898996159, 2.965441820716657 ], [ 101.552028570731778, 2.965002964117461 ], [ 101.552000940104278, 2.964988371226502 ] ] ] } },
{ "type": "Feature", "properties": { "upi": null, "sts_warta": "Belum Warta", "no_lot": "49120", "no_pt": null, "seksyen_id": "100102000", "mukim_id": "100102", "daerah_id": "1001", "negeri_id": "10", "nama": "Jalan Lombong Emas 3", "gtn1": "Tanah Lapang dan Rekreasi", "gtn2": "Kawasan Hijau", "gtn3": "Zon Penampan", "kod_gtn": "TLR301", "no_warta": null, "trkh_warta": null, "serah_PTD": null, "Luas_h": 0.0232, "pemilik": "Hana Sakina Izham", "selenggara": "Majlis Bandaraya Shah Alam", "catatan": "Belum Bina", "tahun_data": 2024, "PBT": "MBSA" }, "geometry": { "type": "Polygon", "coordinates": [ [ [ 101.552000940104278, 2.964988371226502 ], [ 101.550789376268199, 2.964348495604205 ], [ 101.550783978350196, 2.964361212343193 ], [ 101.551994561654325, 2.965000570832269 ], [ 101.552000940104278, 2.964988371226502 ] ] ] } },
{ "type": "Feature", "properties": { "upi": null, "sts_warta": "Belum Warta", "no_lot": "PT 145476", "no_pt": null, "seksyen_id": "100102000", "mukim_id": "100102", "daerah_id": "1001", "negeri_id": "10", "nama": "Jalan Tanjung Rhu (Lorong Hj.Husin)", "gtn1": "Tanah Lapang dan Rekreasi", "gtn2": "Tanah Lapang", "gtn3": "Tanah Lapang Lain", "kod_gtn": "TLR107", "no_warta": null, "trkh_warta": null, "serah_PTD": null, "Luas_h": 0.0316, "pemilik": "Mohd Azizi BIin Alis @ Alias", "selenggara": "Majlis Bandaraya Shah Alam", "catatan": "Dalam Pembinaan", "tahun_data": 2024, "PBT": "MBSA" }, "geometry": { "type": "Polygon", "coordinates": [ [ [ 101.535744389839465, 2.965493073861285 ], [ 101.535805687960178, 2.965492992448149 ], [ 101.535806540719022, 2.965220051909173 ], [ 101.535654607842147, 2.96522025480716 ], [ 101.535654375290406, 2.965319148276444 ], [ 101.535744798684277, 2.965319025914356 ], [ 101.535744389839465, 2.965493073861285 ] ] ] } },
{ "type": "Feature", "properties": { "upi": null, "sts_warta": "Belum Warta", "no_lot": null, "no_pt": null, "seksyen_id": "100102000", "mukim_id": "100102", "daerah_id": "1001", "negeri_id": "10", "nama": "Jalan Tanjung Rhu (Lorong Ehsan)", "gtn1": "Tanah Lapang dan Rekreasi", "gtn2": "Tanah Lapang", "gtn3": "Tanah Lapang Lain", "kod_gtn": "TLR107", "no_warta": null, "trkh_warta": null, "serah_PTD": null, "Luas_h": 0.0607, "pemilik": "Golden Armani Sdn. Bhd.", "selenggara": "Majlis Bandaraya Shah Alam", "catatan": "Belum Bina", "tahun_data": 2024, "PBT": "MBSA" }, "geometry": { "type": "Polygon", "coordinates": [ [ [ 101.532325214701288, 2.978232785712622 ], [ 101.532324996759499, 2.97802884754618 ], [ 101.532107654292119, 2.978029055864689 ], [ 101.532107809746194, 2.978174249784395 ], [ 101.532022180659112, 2.978174381221759 ], [ 101.532022277273114, 2.978233039553777 ], [ 101.532325214701288, 2.978232785712622 ] ] ] } },
{ "type": "Feature", "properties": { "upi": null, "sts_warta": "Belum Warta", "no_lot": "4559", "no_pt": null, "seksyen_id": "100102000", "mukim_id": "100102", "daerah_id": "1001", "negeri_id": "10", "nama": "Jalan Kebun", "gtn1": "Tanah Lapang dan Rekreasi", "gtn2": "Kawasan Hijau", "gtn3": "Kawasan Hijau", "kod_gtn": "TLR302", "no_warta": null, "trkh_warta": null, "serah_PTD": null, "Luas_h": 0.0602, "pemilik": "Nurul  Atiqah Binti Shafie & Siti Rabaah Binti Sha", "selenggara": "Majlis Bandaraya Shah Alam", "catatan": "Belum Bina", "tahun_data": 2024, "PBT": "MBSA" }, "geometry": { "type": "Polygon", "coordinates": [ [ [ 101.519317611493278, 2.961722240410618 ], [ 101.519106276947824, 2.961603440107727 ], [ 101.519007327452968, 2.961781484327099 ], [ 101.519212336260736, 2.961896727708835 ], [ 101.519215476652391, 2.961898493520033 ], [ 101.519217287898528, 2.961895367897336 ], [ 101.519317611493278, 2.961722240410618 ] ] ] } },
{ "type": "Feature", "properties": { "upi": null, "sts_warta": "Belum Warta", "no_lot": "PT 3213", "no_pt": null, "seksyen_id": "100102000", "mukim_id": "100102", "daerah_id": "1001", "negeri_id": "10", "nama": "Jalan Tanjung Gelang (Lorong Haji Tahir)", "gtn1": "Tanah Lapang dan Rekreasi", "gtn2": "Tanah Lapang", "gtn3": "Tanah Lapang Lain", "kod_gtn": "TLR107", "no_warta": null, "trkh_warta": null, "serah_PTD": null, "Luas_h": 0.0605, "pemilik": "Selaman Sdn. Bhd.", "selenggara": "Majlis Bandaraya Shah Alam", "catatan": "Belum Bina", "tahun_data": 2024, "PBT": "MBSA" }, "geometry": { "type": "Polygon", "coordinates": [ [ [ 101.528968774155004, 2.96023341262995 ], [ 101.528760461761564, 2.960111788658184 ], [ 101.528658722601747, 2.960288588744577 ], [ 101.528867144766082, 2.960410277832871 ], [ 101.528966522279632, 2.960237333240376 ], [ 101.528968774155004, 2.96023341262995 ] ] ] } },
{ "type": "Feature", "properties": { "upi": null, "sts_warta": "Belum Warta", "no_lot": "PT 3213", "no_pt": null, "seksyen_id": "100102000", "mukim_id": "100102", "daerah_id": "1001", "negeri_id": "10", "nama": "Jalan Tanjung Gelang (Lorong Haji Tahir)", "gtn1": "Tanah Lapang dan Rekreasi", "gtn2": "Tanah Lapang", "gtn3": "Tanah Lapang Lain", "kod_gtn": "TLR107", "no_warta": null, "trkh_warta": null, "serah_PTD": null, "Luas_h": 0.0291, "pemilik": "Selaman Sdn. Bhd.", "selenggara": "Majlis Bandaraya Shah Alam", "catatan": "Belum Bina", "tahun_data": 2024, "PBT": "MBSA" }, "geometry": { "type": "Polygon", "coordinates": [ [ [ 101.528923248414216, 2.959811073238729 ], [ 101.528821528191074, 2.959987841684176 ], [ 101.528851715167534, 2.960005467116194 ], [ 101.528901410225998, 2.959919128663707 ], [ 101.528990955194502, 2.959882590017308 ], [ 101.529045151767278, 2.959914141989216 ], [ 101.529057834918049, 2.960008130511966 ], [ 101.529007256779082, 2.960096281385431 ], [ 101.52903744376151, 2.960113906812088 ], [ 101.529139044322648, 2.959937107615744 ], [ 101.528923248414216, 2.959811073238729 ] ] ] } },
{ "type": "Feature", "properties": { "upi": null, "sts_warta": "Belum Warta", "no_lot": "2953", "no_pt": null, "seksyen_id": "100102000", "mukim_id": "100102", "daerah_id": "1001", "negeri_id": "10", "nama": "Jalan Sungai Long 32/220", "gtn1": "Tanah Lapang dan Rekreasi", "gtn2": "Kawasan Hijau", "gtn3": "Kawasan Hijau", "kod_gtn": "TLR302", "no_warta": null, "trkh_warta": null, "serah_PTD": null, "Luas_h": 0.0606, "pemilik": "Puan Fauziah Binti Ali", "selenggara": "Majlis Bandaraya Shah Alam", "catatan": "Belum Bina", "tahun_data": 2024, "PBT": "MBSA" }, "geometry": { "type": "Polygon", "coordinates": [ [ [ 101.508756617191992, 2.992974949774702 ], [ 101.508561547791174, 2.992974649194546 ], [ 101.5085606405585, 2.993227536082884 ], [ 101.508755708213201, 2.993227912626391 ], [ 101.508756617191992, 2.992974949774702 ] ] ] } },
{ "type": "Feature", "properties": { "upi": null, "sts_warta": "Belum Warta", "no_lot": "10325", "no_pt": null, "seksyen_id": "100102000", "mukim_id": "100102", "daerah_id": "1001", "negeri_id": "10", "nama": "Jalan Wayer 31/15", "gtn1": "Tanah Lapang dan Rekreasi", "gtn2": "Kawasan Hijau", "gtn3": "Kawasan Hijau", "kod_gtn": "TLR302", "no_warta": null, "trkh_warta": null, "serah_PTD": null, "Luas_h": 0.0631, "pemilik": "Noble Land Assets (Shah Alam) Sdn. Bhd.", "selenggara": "Majlis Bandaraya Shah Alam", "catatan": "Belum Bina", "tahun_data": 2024, "PBT": "MBSA" }, "geometry": { "type": "Polygon", "coordinates": [ [ [ 101.496925149459813, 3.0072994401101 ], [ 101.496923742773816, 3.006577748401572 ], [ 101.49689627332971, 3.00654993082651 ], [ 101.496854642340011, 3.006549545183647 ], [ 101.496854730434322, 3.006594765032607 ], [ 101.496856101113124, 3.007298323767096 ], [ 101.496925149459813, 3.0072994401101 ] ] ] } },
{ "type": "Feature", "properties": { "upi": null, "sts_warta": "Belum Warta", "no_lot": "1886", "no_pt": null, "seksyen_id": "100102000", "mukim_id": "100102", "daerah_id": "1001", "negeri_id": "10", "nama": "Jalan Ngah Ibrahim 35/69", "gtn1": "Tanah Lapang dan Rekreasi", "gtn2": "Kawasan Hijau", "gtn3": "Kawasan Hijau", "kod_gtn": "TLR302", "no_warta": null, "trkh_warta": null, "serah_PTD": null, "Luas_h": 0.1135, "pemilik": "Sejiwaraga Sdn. Bhd.", "selenggara": "Majlis Bandaraya Shah Alam", "catatan": "Belum Bina", "tahun_data": 2024, "PBT": "MBSA" }, "geometry": { "type": "Polygon", "coordinates": [ [ [ 101.497137765368521, 3.035704413941084 ], [ 101.497128837192449, 3.035478450418913 ], [ 101.496721108250071, 3.035494732349222 ], [ 101.496729379647036, 3.035720603700474 ], [ 101.497137765368521, 3.035704413941084 ] ] ] } },
{ "type": "Feature", "properties": { "upi": null, "sts_warta": "Belum Warta", "no_lot": "1885", "no_pt": null, "seksyen_id": "100102000", "mukim_id": "100102", "daerah_id": "1001", "negeri_id": "10", "nama": "Jalan Ngah Ibrahim 36/69", "gtn1": "Tanah Lapang dan Rekreasi", "gtn2": "Kawasan Hijau", "gtn3": "Kawasan Hijau", "kod_gtn": "TLR302", "no_warta": null, "trkh_warta": null, "serah_PTD": null, "Luas_h": 0.0918, "pemilik": null, "selenggara": "Majlis Bandaraya Shah Alam", "catatan": "Belum Bina", "tahun_data": 2024, "PBT": "MBSA" }, "geometry": { "type": "Polygon", "coordinates": [ [ [ 101.496734189321074, 3.035903363189286 ], [ 101.497143096847395, 3.035887034104561 ], [ 101.497135889371563, 3.035704628062235 ], [ 101.496727503649964, 3.035720817820883 ], [ 101.496734189321074, 3.035903363189286 ] ] ] } },
{ "type": "Feature", "properties": { "upi": null, "sts_warta": "Belum Warta", "no_lot": null, "no_pt": null, "seksyen_id": "100102000", "mukim_id": "100102", "daerah_id": "1001", "negeri_id": "10", "nama": "Alam Impian", "gtn1": "Tanah Lapang dan Rekreasi", "gtn2": "Kawasan Hijau", "gtn3": "Kawasan Hijau", "kod_gtn": "TLR302", "no_warta": null, "trkh_warta": null, "serah_PTD": null, "Luas_h": 1.7645, "pemilik": "I & P Alam Impian Sdn. Bhd.", "selenggara": "Majlis Bandaraya Shah Alam", "catatan": "Dalam Pembinaan", "tahun_data": 2024, "PBT": "MBSA" }, "geometry": { "type": "Polygon", "coordinates": [ [ [ 101.509458627510526, 3.023350054990003 ], [ 101.509389309114283, 3.023078889362599 ], [ 101.509180957577897, 3.022700377481891 ], [ 101.509173174007955, 3.02271956125412 ], [ 101.509159783209242, 3.022752563094224 ], [ 101.509002974112306, 3.023139031261357 ], [ 101.508844668991543, 3.023205960191384 ], [ 101.508856528409609, 3.023210824238493 ], [ 101.508874019319535, 3.023217996447077 ], [ 101.508824313228871, 3.023340502346003 ], [ 101.508684681010777, 3.023283242195108 ], [ 101.508734387114757, 3.023160736301955 ], [ 101.508680772291129, 3.023183404148109 ], [ 101.508552611603136, 3.023499264373275 ], [ 101.508330793015801, 3.02413455674327 ], [ 101.508061535631796, 3.024338294038631 ], [ 101.508058280851614, 3.024361477210558 ], [ 101.508053408120091, 3.024396192732942 ], [ 101.508079666496343, 3.024431265659497 ], [ 101.50789815999245, 3.024550624447353 ], [ 101.507883151022881, 3.024527556327103 ], [ 101.50772253167375, 3.02463317944817 ], [ 101.507561912293937, 3.02473880254634 ], [ 101.507132177091094, 3.025021396862922 ], [ 101.507127176046495, 3.025034443450981 ], [ 101.507058162339646, 3.025214488353385 ], [ 101.506989148611169, 3.025394533251645 ], [ 101.507041325315171, 3.025414746838833 ], [ 101.506992029786943, 3.0255433505956 ], [ 101.506945863294632, 3.02552546503174 ], [ 101.506876849529945, 3.025705509923321 ], [ 101.506807835743729, 3.025885555715112 ], [ 101.506854002249199, 3.02590344037989 ], [ 101.506804706679063, 3.02603204412868 ], [ 101.506758540168789, 3.026014158557663 ], [ 101.50668952544585, 3.026194203438171 ], [ 101.506620511600886, 3.026374248314465 ], [ 101.506662303374085, 3.026390438725401 ], [ 101.506667232484929, 3.026377578441722 ], [ 101.506791832356242, 3.026425848602615 ], [ 101.506737606747294, 3.026567312632616 ], [ 101.506613006861997, 3.026519042466128 ], [ 101.505298757894309, 3.026009899840816 ], [ 101.505178048000076, 3.025963137527589 ], [ 101.503932069928723, 3.025480441472402 ], [ 101.503674422551512, 3.025380627632784 ], [ 101.503628564899813, 3.025339215425069 ], [ 101.503521646493738, 3.025242661983906 ], [ 101.503423953013652, 3.025076577190646 ], [ 101.503326258664657, 3.024910492386998 ], [ 101.503302520745081, 3.024924604447126 ], [ 101.50313618306231, 3.024881662140803 ], [ 101.502940718943137, 3.024549362247755 ], [ 101.502851296608313, 3.024171617893955 ], [ 101.502806861302204, 3.023983910024253 ], [ 101.50279416473245, 3.02393027933304 ], [ 101.502769144108669, 3.023936265095141 ], [ 101.502754155122304, 3.023939851485351 ], [ 101.502665283682234, 3.023564435731365 ], [ 101.502617674298435, 3.023363319497891 ], [ 101.502528802959645, 3.022987903725158 ], [ 101.502481193630075, 3.022786787481592 ], [ 101.502339811977961, 3.022189549220416 ], [ 101.502289970843307, 3.021979005426368 ], [ 101.502234898312665, 3.021746363663111 ], [ 101.50218411752418, 3.021756428881158 ], [ 101.502190279991453, 3.021796000454734 ], [ 101.502637020181723, 3.023683159871661 ], [ 101.502530326107703, 3.023708687099119 ], [ 101.502644172164764, 3.024189607157644 ], [ 101.502927062198665, 3.024742769067033 ], [ 101.503659845879113, 3.025404516478571 ], [ 101.505268592110596, 3.0260277511867 ], [ 101.506759263286668, 3.026605241099465 ], [ 101.506779803836878, 3.026613197976595 ], [ 101.506850690383374, 3.02658158077197 ], [ 101.506930675761424, 3.026372912252975 ], [ 101.506977207168447, 3.025746421364004 ], [ 101.508362067494133, 3.024253404661479 ], [ 101.508704699021393, 3.023489742913308 ], [ 101.509458627510526, 3.023350054990003 ] ] ] } },
{ "type": "Feature", "properties": { "upi": null, "sts_warta": "Belum Warta", "no_lot": null, "no_pt": null, "seksyen_id": "100102000", "mukim_id": "100102", "daerah_id": "1001", "negeri_id": "10", "nama": "Alam Impian", "gtn1": "Tanah Lapang dan Rekreasi", "gtn2": "Kawasan Hijau", "gtn3": "Kawasan Hijau", "kod_gtn": "TLR302", "no_warta": null, "trkh_warta": null, "serah_PTD": null, "Luas_h": 1.7035, "pemilik": "I & P Alam Impian Sdn. Bhd.", "selenggara": "Majlis Bandaraya Shah Alam", "catatan": "Dalam Pembinaan", "tahun_data": 2024, "PBT": "MBSA" }, "geometry": { "type": "Polygon", "coordinates": [ [ [ 101.503734276724188, 3.020384236174355 ], [ 101.503651663238344, 3.020289696826812 ], [ 101.503531868206636, 3.020176098771291 ], [ 101.503402237753861, 3.020073995028937 ], [ 101.503263858632039, 3.019984243702701 ], [ 101.503117891344374, 3.019907596175701 ], [ 101.502965560250061, 3.019844697112329 ], [ 101.502808144567936, 3.019796073607415 ], [ 101.502646963083848, 3.019762132474686 ], [ 101.502483369653021, 3.019743159343062 ], [ 101.502313328863949, 3.019739187190325 ], [ 101.502020402623771, 3.019745837589577 ], [ 101.501994531600729, 3.019773996089349 ], [ 101.502049434976328, 3.019772749601084 ], [ 101.502107796924832, 3.020804994406889 ], [ 101.502354166111175, 3.020790916058658 ], [ 101.502351831982139, 3.020749637590142 ], [ 101.50261026773677, 3.02073486881161 ], [ 101.502705289623663, 3.020785821246735 ], [ 101.502796701667634, 3.020941226512598 ], [ 101.502871815797448, 3.020960618568039 ], [ 101.502925713018627, 3.020928577469208 ], [ 101.503046778745087, 3.020805333590147 ], [ 101.503196245243203, 3.020716477942286 ], [ 101.503383921576685, 3.02065617646846 ], [ 101.503720008325132, 3.020456376179434 ], [ 101.503734276724188, 3.020384236174355 ] ] ] } },
{ "type": "Feature", "properties": { "upi": null, "sts_warta": "Belum Warta", "no_lot": null, "no_pt": null, "seksyen_id": "100102000", "mukim_id": "100102", "daerah_id": "1001", "negeri_id": "10", "nama": "Alam Impian", "gtn1": "Tanah Lapang dan Rekreasi", "gtn2": "Kawasan Hijau", "gtn3": "Kawasan Hijau", "kod_gtn": "TLR302", "no_warta": null, "trkh_warta": null, "serah_PTD": null, "Luas_h": 1.2436, "pemilik": "I & P Alam Impian Sdn. Bhd.", "selenggara": "Majlis Bandaraya Shah Alam", "catatan": "Dalam Pembinaan", "tahun_data": 2024, "PBT": "MBSA" }, "geometry": { "type": "Polygon", "coordinates": [ [ [ 101.505178048000076, 3.025963137527588 ], [ 101.505298757894309, 3.026009899840816 ], [ 101.50567741441634, 3.025022057679814 ], [ 101.505771846443025, 3.024860054453438 ], [ 101.50588962520122, 3.024702491729125 ], [ 101.506028423113307, 3.024562366054936 ], [ 101.506185058789455, 3.02444298946928 ], [ 101.507286150581876, 3.023718912824575 ], [ 101.507277204797674, 3.023688740422743 ], [ 101.506938026874963, 3.0236887774655 ], [ 101.506938047696025, 3.023881727934838 ], [ 101.506809176812396, 3.02388174198224 ], [ 101.506699502526985, 3.023881753925036 ], [ 101.50658982824153, 3.023881765856697 ], [ 101.506480153956119, 3.023881777777224 ], [ 101.506370479670665, 3.02388178968662 ], [ 101.506260805385239, 3.023881801584881 ], [ 101.506151131099784, 3.023881813472008 ], [ 101.506022260216128, 3.023881827425546 ], [ 101.506022239556884, 3.023688876949847 ], [ 101.506008530273661, 3.023688878433226 ], [ 101.506008515519611, 3.023551056664392 ], [ 101.5060222248011, 3.023551055181081 ], [ 101.506022204144131, 3.023358104704205 ], [ 101.506022183488483, 3.023165154226609 ], [ 101.505850046608032, 3.023165172836399 ], [ 101.50585555363547, 3.023358046757673 ], [ 101.505861995304627, 3.023550888020791 ], [ 101.505875693742141, 3.023550425325933 ], [ 101.505880295323934, 3.023688169730614 ], [ 101.505884712807728, 3.023820400379635 ], [ 101.505733995774079, 3.023825489115678 ], [ 101.505729578308461, 3.023693258465378 ], [ 101.505637054471762, 3.023696382098909 ], [ 101.505596860172503, 3.023703021592948 ], [ 101.505627976455315, 3.023893419377234 ], [ 101.505482227955582, 3.023926439964534 ], [ 101.50536849939472, 3.023952206974621 ], [ 101.505268142071955, 3.023996677952347 ], [ 101.505167784741062, 3.024041148921031 ], [ 101.505264928657468, 3.024206299426593 ], [ 101.505340860159137, 3.024194721103412 ], [ 101.505374773159588, 3.024207858452495 ], [ 101.505443787086875, 3.024027813645935 ], [ 101.505576578360007, 3.024079257321138 ], [ 101.505678917392672, 3.024118903502897 ], [ 101.505781256432812, 3.024158549674608 ], [ 101.505901507356015, 3.024205135631588 ], [ 101.505832493494111, 3.024385180464299 ], [ 101.505858078036283, 3.024395092004198 ], [ 101.505808782410014, 3.024523695713035 ], [ 101.505783197865256, 3.024513784172092 ], [ 101.50571418396629, 3.024693828997705 ], [ 101.505645169146121, 3.024873873819328 ], [ 101.505595873475357, 3.025002477519128 ], [ 101.505493855517898, 3.024962955193548 ], [ 101.505424841545661, 3.025143000002142 ], [ 101.505355826652249, 3.025323044806738 ], [ 101.505376291601536, 3.025330972781263 ], [ 101.505399880178302, 3.025384421393861 ], [ 101.505178048000076, 3.025963137527588 ] ] ] } },
{ "type": "Feature", "properties": { "upi": null, "sts_warta": "Belum Warta", "no_lot": null, "no_pt": null, "seksyen_id": "100102000", "mukim_id": "100102", "daerah_id": "1001", "negeri_id": "10", "nama": "Alam Impian", "gtn1": "Tanah Lapang dan Rekreasi", "gtn2": "Kawasan Hijau", "gtn3": "Kawasan Hijau", "kod_gtn": "TLR302", "no_warta": null, "trkh_warta": null, "serah_PTD": null, "Luas_h": 0.5475, "pemilik": "I & P Alam Impian Sdn. Bhd.", "selenggara": "Majlis Bandaraya Shah Alam", "catatan": "Dalam Pembinaan", "tahun_data": 2024, "PBT": "MBSA" }, "geometry": { "type": "Polygon", "coordinates": [ [ [ 101.503882219861381, 3.020583828759233 ], [ 101.503802843935091, 3.020567247921816 ], [ 101.503453702711425, 3.020774808875475 ], [ 101.503310715292542, 3.020911083975244 ], [ 101.503161248777715, 3.020999939639301 ], [ 101.502995493222528, 3.021047209002164 ], [ 101.502941596897188, 3.021079250104452 ], [ 101.502922307461574, 3.021154763826396 ], [ 101.50379793758222, 3.020634210478572 ], [ 101.503993324740463, 3.020966379135841 ], [ 101.50409799612946, 3.021144327227288 ], [ 101.504223602202487, 3.021357864378484 ], [ 101.504400361204389, 3.021549979422013 ], [ 101.504360174192826, 3.021573869198301 ], [ 101.504464846603099, 3.021751817247609 ], [ 101.504585283513393, 3.021680218454451 ], [ 101.504710889747244, 3.021893755540885 ], [ 101.504786476630954, 3.021848819725475 ], [ 101.504924457278818, 3.021926907578838 ], [ 101.504991445036111, 3.02204079056735 ], [ 101.504861640706793, 3.022117958444987 ], [ 101.504794652058422, 3.022004075448348 ], [ 101.504766152259748, 3.022021018639516 ], [ 101.504870824781662, 3.022198965739486 ], [ 101.50513044873118, 3.022044620921508 ], [ 101.505138648583596, 3.022039746540347 ], [ 101.50543440928152, 3.022153773127775 ], [ 101.505759157508223, 3.022226668822185 ], [ 101.506022085114012, 3.022246039464554 ], [ 101.506022092029411, 3.022310659246266 ], [ 101.506150962727659, 3.022310645299991 ], [ 101.506260636855359, 3.022310633419052 ], [ 101.506370310983002, 3.022310621526984 ], [ 101.506479985110687, 3.022310609623788 ], [ 101.50658965923833, 3.022310597709465 ], [ 101.506699333366001, 3.022310585784015 ], [ 101.506809007493672, 3.022310573847435 ], [ 101.506918681621329, 3.022310561899729 ], [ 101.507028355749, 3.022310549940896 ], [ 101.507138029876629, 3.022310537970935 ], [ 101.507247704004286, 3.022310525989845 ], [ 101.507376574702491, 3.022310511897452 ], [ 101.507376595591509, 3.022503462368637 ], [ 101.507419671839898, 3.022503457654394 ], [ 101.507541120047705, 3.022625525137517 ], [ 101.507541163596429, 3.023027167056302 ], [ 101.507565300556095, 3.023027164410847 ], [ 101.507610949602181, 3.022986064284088 ], [ 101.507622399105998, 3.022885847433922 ], [ 101.507578490837346, 3.022795418019265 ], [ 101.507578465372191, 3.022560620015776 ], [ 101.507622354007964, 3.022470180975143 ], [ 101.507622350502785, 3.022437871538454 ], [ 101.507596134878938, 3.02228215209535 ], [ 101.507532147016562, 3.022227801804871 ], [ 101.506084379375068, 3.022227959443387 ], [ 101.505762447496082, 3.022204241681043 ], [ 101.505440920670068, 3.022132069114587 ], [ 101.505133320411105, 3.02201347777474 ], [ 101.504846238083331, 3.021851009072646 ], [ 101.504585827954443, 3.021648144988575 ], [ 101.504357668653142, 3.021409232120224 ], [ 101.504166650713643, 3.021139391258272 ], [ 101.504105147838416, 3.021018267462553 ], [ 101.503950596757036, 3.0207016989208 ], [ 101.503895921427741, 3.020604940988172 ], [ 101.503882219861381, 3.020583828759233 ] ] ] } },
{ "type": "Feature", "properties": { "upi": null, "sts_warta": "Belum Warta", "no_lot": null, "no_pt": null, "seksyen_id": "100102000", "mukim_id": "100102", "daerah_id": "1001", "negeri_id": "10", "nama": "Alam Impian", "gtn1": "Tanah Lapang dan Rekreasi", "gtn2": "Kawasan Hijau", "gtn3": "Kawasan Hijau", "kod_gtn": "TLR302", "no_warta": null, "trkh_warta": null, "serah_PTD": null, "Luas_h": 0.3499, "pemilik": "I & P Alam Impian Sdn. Bhd.", "selenggara": "Majlis Bandaraya Shah Alam", "catatan": "Dalam Pembinaan", "tahun_data": 2024, "PBT": "MBSA" }, "geometry": { "type": "Polygon", "coordinates": [ [ [ 101.507780860428738, 3.022227774528831 ], [ 101.507735174178691, 3.022282136845661 ], [ 101.507759441921237, 3.022426282725808 ], [ 101.507759446687515, 3.022470165934824 ], [ 101.507803354957062, 3.022560595342596 ], [ 101.507803380470563, 3.022795393344164 ], [ 101.507760673593395, 3.022883398676683 ], [ 101.507743392409196, 3.023034650011557 ], [ 101.507631118844259, 3.023560180150636 ], [ 101.507560020637129, 3.023703476459063 ], [ 101.507680508503896, 3.023612308255068 ], [ 101.50783385634216, 3.023496275154883 ], [ 101.507785177600454, 3.023496280502536 ], [ 101.507785162623122, 3.023358458742023 ], [ 101.507785141656001, 3.023165508276748 ], [ 101.50778512069023, 3.022972557810788 ], [ 101.50778511236139, 3.022895903047054 ], [ 101.507814797445079, 3.022834732788099 ], [ 101.507895521132028, 3.02283472391864 ], [ 101.507895500149061, 3.022641773452276 ], [ 101.507895479167445, 3.022448822985225 ], [ 101.507895464181388, 3.0223110012226 ], [ 101.508404384697869, 3.022310945176184 ], [ 101.509093208293748, 3.022593416200582 ], [ 101.509159783209242, 3.022752563094224 ], [ 101.509173174007955, 3.02271956125412 ], [ 101.509180957577897, 3.022700377481891 ], [ 101.509389309114283, 3.023078889362599 ], [ 101.509458627510526, 3.023350054990003 ], [ 101.50948565690733, 3.023345046445043 ], [ 101.509414993984564, 3.023068621314921 ], [ 101.509150351227944, 3.022587845437774 ], [ 101.509034061402687, 3.022478443787549 ], [ 101.508801298916694, 3.022339040812144 ], [ 101.508544314501165, 3.022252758812117 ], [ 101.508270596931141, 3.022227720652861 ], [ 101.507780860428738, 3.022227774528831 ] ] ] } },
{ "type": "Feature", "properties": { "upi": null, "sts_warta": "Belum Warta", "no_lot": null, "no_pt": null, "seksyen_id": "100102000", "mukim_id": "100102", "daerah_id": "1001", "negeri_id": "10", "nama": "Alam Impian", "gtn1": "Tanah Lapang dan Rekreasi", "gtn2": "Kawasan Hijau", "gtn3": "Kawasan Hijau", "kod_gtn": "TLR302", "no_warta": null, "trkh_warta": null, "serah_PTD": null, "Luas_h": 0.3046, "pemilik": "I & P Alam Impian Sdn. Bhd.", "selenggara": "Majlis Bandaraya Shah Alam", "catatan": "Dalam Pembinaan", "tahun_data": 2024, "PBT": "MBSA" }, "geometry": { "type": "Polygon", "coordinates": [ [ [ 101.505794122087607, 3.022779277911731 ], [ 101.505795983829501, 3.022834999668737 ], [ 101.505802426381067, 3.023027840934506 ], [ 101.505816832762235, 3.023027354651303 ], [ 101.506022168735257, 3.023027332456509 ], [ 101.506022148081883, 3.022834381977768 ], [ 101.50602212742983, 3.022641431498306 ], [ 101.506008418159766, 3.022641432981167 ], [ 101.506008403410831, 3.022503611209669 ], [ 101.506022112679176, 3.022503609726873 ], [ 101.506022092029411, 3.022310659246266 ], [ 101.506022085114012, 3.022246039464554 ], [ 101.505759157508223, 3.022226668822185 ], [ 101.50543440928152, 3.022153773127775 ], [ 101.505138648583596, 3.022039746540347 ], [ 101.50513044873118, 3.022044620921508 ], [ 101.505294087212917, 3.022322814329781 ], [ 101.505356079808593, 3.022360811748305 ], [ 101.505911224933413, 3.022393364296379 ], [ 101.505911266196279, 3.022779265257884 ], [ 101.505794122087607, 3.022779277911731 ] ] ] } },
{ "type": "Feature", "properties": { "upi": null, "sts_warta": "Belum Warta", "no_lot": null, "no_pt": null, "seksyen_id": "100102000", "mukim_id": "100102", "daerah_id": "1001", "negeri_id": "10", "nama": "Alam Impian", "gtn1": "Tanah Lapang dan Rekreasi", "gtn2": "Kawasan Hijau", "gtn3": "Kawasan Hijau", "kod_gtn": "TLR302", "no_warta": null, "trkh_warta": null, "serah_PTD": null, "Luas_h": 0.2752, "pemilik": "I & P Alam Impian Sdn. Bhd.", "selenggara": "Majlis Bandaraya Shah Alam", "catatan": "Dalam Pembinaan", "tahun_data": 2024, "PBT": "MBSA" }, "geometry": { "type": "Polygon", "coordinates": [ [ [ 101.50279416473245, 3.023930279333039 ], [ 101.502806861302204, 3.023983910024252 ], [ 101.502948993558562, 3.023949904442369 ], [ 101.503055688545814, 3.02392437807742 ], [ 101.50316238262846, 3.023898850797816 ], [ 101.503269077605793, 3.023873324412149 ], [ 101.50337577167852, 3.023847797111861 ], [ 101.503489897719689, 3.023820491981602 ], [ 101.503590876862233, 3.02376046098551 ], [ 101.503685280625575, 3.023704339245496 ], [ 101.50377968437931, 3.023648217497546 ], [ 101.50387408722392, 3.023592095741758 ], [ 101.503968490958471, 3.023535973977938 ], [ 101.504105372803494, 3.023454599351045 ], [ 101.504203066232776, 3.023620684089241 ], [ 101.504314498439626, 3.023554439081838 ], [ 101.504216804100153, 3.023388354354033 ], [ 101.504360746103998, 3.02330278279521 ], [ 101.504455149789123, 3.023246660990493 ], [ 101.504549553464528, 3.023190538273491 ], [ 101.504643956230893, 3.023134416453009 ], [ 101.504738359887227, 3.023078294624534 ], [ 101.504849272994832, 3.023012358000952 ], [ 101.504970972477537, 3.022969791129979 ], [ 101.505074556411827, 3.022933560203599 ], [ 101.505178140339311, 3.022897329267564 ], [ 101.50530922544165, 3.022851479492902 ], [ 101.5054479269795, 3.022846771034114 ], [ 101.505557555787618, 3.022843049614971 ], [ 101.505667185496634, 3.02283934808017 ], [ 101.505795983829501, 3.022834999668737 ], [ 101.505794122087607, 3.022779277911731 ], [ 101.505348631922729, 3.022779325917393 ], [ 101.50482607794595, 3.022962100753093 ], [ 101.504172438377452, 3.023350683271001 ], [ 101.504055760889841, 3.023152325471862 ], [ 101.503999383665857, 3.023185840970441 ], [ 101.50411606114703, 3.0233841987758 ], [ 101.503469128675363, 3.023768792924984 ], [ 101.50279416473245, 3.023930279333039 ] ] ] } },
{ "type": "Feature", "properties": { "upi": null, "sts_warta": "Belum Warta", "no_lot": null, "no_pt": null, "seksyen_id": "100102000", "mukim_id": "100102", "daerah_id": "1001", "negeri_id": "10", "nama": "Alam Impian", "gtn1": "Tanah Lapang dan Rekreasi", "gtn2": "Kawasan Hijau", "gtn3": "Kawasan Hijau", "kod_gtn": "TLR302", "no_warta": null, "trkh_warta": null, "serah_PTD": null, "Luas_h": 0.2475, "pemilik": "I & P Alam Impian Sdn. Bhd.", "selenggara": "Majlis Bandaraya Shah Alam", "catatan": "Dalam Pembinaan", "tahun_data": 2024, "PBT": "MBSA" }, "geometry": { "type": "Polygon", "coordinates": [ [ [ 101.502159818061017, 3.021602714904948 ], [ 101.502161835969005, 3.021613346144158 ], [ 101.50218411752418, 3.021756428881158 ], [ 101.502234898312665, 3.021746363663111 ], [ 101.502500527734114, 3.02169371576508 ], [ 101.502894507790728, 3.021459499414502 ], [ 101.502908974872497, 3.021402863445333 ], [ 101.50279569341923, 3.02147020818024 ], [ 101.502718935008147, 3.021339713299894 ], [ 101.50283221555334, 3.021272368573296 ], [ 101.502804560069961, 3.021225352003654 ], [ 101.502730123896029, 3.021211792881972 ], [ 101.502675108590239, 3.021158080718492 ], [ 101.502654796960954, 3.021083737761054 ], [ 101.502678842725729, 3.021011625680031 ], [ 101.502606852856701, 3.020889238622765 ], [ 101.502579668530714, 3.020874661665978 ], [ 101.50253754432714, 3.020877068923031 ], [ 101.502498817528448, 3.02092069484822 ], [ 101.502536161926486, 3.021581210015315 ], [ 101.502159818061017, 3.021602714904948 ] ] ] } },
{ "type": "Feature", "properties": { "upi": null, "sts_warta": "Belum Warta", "no_lot": null, "no_pt": null, "seksyen_id": "100102000", "mukim_id": "100102", "daerah_id": "1001", "negeri_id": "10", "nama": "Alam Impian", "gtn1": "Tanah Lapang dan Rekreasi", "gtn2": "Kawasan Hijau", "gtn3": "Kawasan Hijau", "kod_gtn": "TLR302", "no_warta": null, "trkh_warta": null, "serah_PTD": null, "Luas_h": 0.1436, "pemilik": "I & P Alam Impian Sdn. Bhd.", "selenggara": "Majlis Bandaraya Shah Alam", "catatan": "Dalam Pembinaan", "tahun_data": 2024, "PBT": "MBSA" }, "geometry": { "type": "Polygon", "coordinates": [ [ [ 101.503628564899813, 3.025339215425069 ], [ 101.503674422551512, 3.025380627632784 ], [ 101.503932069928723, 3.025480441472401 ], [ 101.50398136581498, 3.02535183784128 ], [ 101.504050380037228, 3.025171793115932 ], [ 101.504196216446289, 3.025228290842132 ], [ 101.50425505820705, 3.025251085753384 ], [ 101.504324072378409, 3.025071041012154 ], [ 101.50421447355545, 3.025028582068993 ], [ 101.504140694962615, 3.025034760257939 ], [ 101.503628564899813, 3.025339215425069 ] ] ] } },
{ "type": "Feature", "properties": { "upi": null, "sts_warta": "Belum Warta", "no_lot": null, "no_pt": null, "seksyen_id": "100102000", "mukim_id": "100102", "daerah_id": "1001", "negeri_id": "10", "nama": "Alam Impian", "gtn1": "Tanah Lapang dan Rekreasi", "gtn2": "Kawasan Hijau", "gtn3": "Kawasan Hijau", "kod_gtn": "TLR302", "no_warta": null, "trkh_warta": null, "serah_PTD": null, "Luas_h": 0.0756, "pemilik": "I & P Alam Impian Sdn. Bhd.", "selenggara": "Majlis Bandaraya Shah Alam", "catatan": "Dalam Pembinaan", "tahun_data": 2024, "PBT": "MBSA" }, "geometry": { "type": "Polygon", "coordinates": [ [ [ 101.508030159929874, 3.023529291903335 ], [ 101.508255483758518, 3.023830252077261 ], [ 101.508293837619917, 3.023824273761965 ], [ 101.508365302351976, 3.023619599660204 ], [ 101.50834084186981, 3.0235649710444 ], [ 101.5082113148475, 3.023511854318145 ], [ 101.508132105165075, 3.023496242342575 ], [ 101.508046555294627, 3.023496251762897 ], [ 101.508030159929874, 3.023529291903335 ] ] ] } },
{ "type": "Feature", "properties": { "upi": null, "sts_warta": "Belum Warta", "no_lot": null, "no_pt": null, "seksyen_id": "100102000", "mukim_id": "100102", "daerah_id": "1001", "negeri_id": "10", "nama": "Alam Impian", "gtn1": "Tanah Lapang dan Rekreasi", "gtn2": "Kawasan Hijau", "gtn3": "Kawasan Hijau", "kod_gtn": "TLR302", "no_warta": null, "trkh_warta": null, "serah_PTD": null, "Luas_h": 0.0718, "pemilik": "I & P Alam Impian Sdn. Bhd.", "selenggara": "Majlis Bandaraya Shah Alam", "catatan": "Dalam Pembinaan", "tahun_data": 2024, "PBT": "MBSA" }, "geometry": { "type": "Polygon", "coordinates": [ [ [ 101.50450129181695, 3.024991995230234 ], [ 101.504570305932944, 3.0248119504746 ], [ 101.504690556877478, 3.024858536565043 ], [ 101.504792895952093, 3.024898182828559 ], [ 101.50486191001464, 3.024718138056097 ], [ 101.504786087476532, 3.024688764096562 ], [ 101.504712308909873, 3.024694942323586 ], [ 101.504361922555759, 3.024903243484094 ], [ 101.504364898495027, 3.024939156410185 ], [ 101.50450129181695, 3.024991995230234 ] ] ] } },
{ "type": "Feature", "properties": { "upi": null, "sts_warta": "Belum Warta", "no_lot": null, "no_pt": null, "seksyen_id": "100102000", "mukim_id": "100102", "daerah_id": "1001", "negeri_id": "10", "nama": "Alam Impian", "gtn1": "Tanah Lapang dan Rekreasi", "gtn2": "Kawasan Hijau", "gtn3": "Kawasan Hijau", "kod_gtn": "TLR302", "no_warta": null, "trkh_warta": null, "serah_PTD": null, "Luas_h": 0.0703, "pemilik": "I & P Alam Impian Sdn. Bhd.", "selenggara": "Majlis Bandaraya Shah Alam", "catatan": "Dalam Pembinaan", "tahun_data": 2024, "PBT": "MBSA" }, "geometry": { "type": "Polygon", "coordinates": [ [ [ 101.505187448634103, 3.024696551736524 ], [ 101.50525646262011, 3.024516506941158 ], [ 101.505283922505257, 3.02435512409832 ], [ 101.504933536366707, 3.024563424532781 ], [ 101.504936512323511, 3.024599338361156 ], [ 101.505187448634103, 3.024696551736524 ] ] ] } },
{ "type": "Feature", "properties": { "upi": null, "sts_warta": "Belum Warta", "no_lot": null, "no_pt": null, "seksyen_id": "100102000", "mukim_id": "100102", "daerah_id": "1001", "negeri_id": "10", "nama": "Alam Impian", "gtn1": "Tanah Lapang dan Rekreasi", "gtn2": "Kawasan Hijau", "gtn3": "Kawasan Hijau", "kod_gtn": "TLR302", "no_warta": null, "trkh_warta": null, "serah_PTD": null, "Luas_h": 0.0702, "pemilik": "I & P Alam Impian Sdn. Bhd.", "selenggara": "Majlis Bandaraya Shah Alam", "catatan": "Dalam Pembinaan", "tahun_data": 2024, "PBT": "MBSA" }, "geometry": { "type": "Polygon", "coordinates": [ [ [ 101.506354054964731, 3.024496546185716 ], [ 101.50635643331799, 3.024537649189411 ], [ 101.506747720795175, 3.024734056015089 ], [ 101.506762003172, 3.024717924610443 ], [ 101.506561393278929, 3.024409607322438 ], [ 101.506504460646696, 3.02439763911509 ], [ 101.506354054964731, 3.024496546185716 ] ] ] } },
{ "type": "Feature", "properties": { "upi": null, "sts_warta": "Belum Warta", "no_lot": null, "no_pt": null, "seksyen_id": "100102000", "mukim_id": "100102", "daerah_id": "1001", "negeri_id": "10", "nama": "Alam Impian", "gtn1": "Tanah Lapang dan Rekreasi", "gtn2": "Kawasan Hijau", "gtn3": "Kawasan Hijau", "kod_gtn": "TLR302", "no_warta": null, "trkh_warta": null, "serah_PTD": null, "Luas_h": 0.0595, "pemilik": "I & P Alam Impian Sdn. Bhd.", "selenggara": "Majlis Bandaraya Shah Alam", "catatan": "Dalam Pembinaan", "tahun_data": 2024, "PBT": "MBSA" }, "geometry": { "type": "Polygon", "coordinates": [ [ [ 101.507404085774539, 3.023165003834931 ], [ 101.507404106674301, 3.023357954302913 ], [ 101.507404127575427, 3.023550904770172 ], [ 101.507440581310632, 3.0235509007785 ], [ 101.507500716463497, 3.023514230346355 ], [ 101.507566692615356, 3.023205410122362 ], [ 101.50753420156299, 3.023164989583472 ], [ 101.507404085774539, 3.023165003834931 ] ] ] } },
{ "type": "Feature", "properties": { "upi": null, "sts_warta": "Belum Warta", "no_lot": "PT 55942", "no_pt": null, "seksyen_id": "100102000", "mukim_id": "100102", "daerah_id": "1001", "negeri_id": "10", "nama": "Elmina", "gtn1": "Tanah Lapang dan Rekreasi", "gtn2": "Kawasan Hijau", "gtn3": "Zon Penampan", "kod_gtn": "TLR301", "no_warta": null, "trkh_warta": null, "serah_PTD": null, "Luas_h": 0.1634, "pemilik": "Sime Darby Property (City Of Elmina) Sdn. Bhd.", "selenggara": "Majlis Bandaraya Shah Alam", "catatan": "Dalam Pembinaan", "tahun_data": 2024, "PBT": "MBSA" }, "geometry": { "type": "Polygon", "coordinates": [ [ [ 101.502807104882763, 3.201016246048139 ], [ 101.502742934317666, 3.200913056313341 ], [ 101.50274980184895, 3.200888995599586 ], [ 101.502736843820244, 3.200885258502943 ], [ 101.502570355559342, 3.201468545176134 ], [ 101.502565233957256, 3.201488965728622 ], [ 101.502578509461401, 3.201491528054996 ], [ 101.502546244712832, 3.201620155831272 ], [ 101.502493557388888, 3.201830204453952 ], [ 101.502426709414181, 3.202194998869429 ], [ 101.50240988750619, 3.202334016689691 ], [ 101.502506667551856, 3.202284509636869 ], [ 101.502516099642193, 3.202206558152507 ], [ 101.502581579947972, 3.201849229205948 ], [ 101.50267028123821, 3.20149560546241 ], [ 101.502807104882763, 3.201016246048139 ] ] ] } },
{ "type": "Feature", "properties": { "upi": null, "sts_warta": "Belum Warta", "no_lot": "PT 55942", "no_pt": null, "seksyen_id": "100102000", "mukim_id": "100102", "daerah_id": "1001", "negeri_id": "10", "nama": "Elmina", "gtn1": "Tanah Lapang dan Rekreasi", "gtn2": "Kawasan Hijau", "gtn3": "Zon Penampan", "kod_gtn": "TLR301", "no_warta": null, "trkh_warta": null, "serah_PTD": null, "Luas_h": 0.1417, "pemilik": "Sime Darby Property (City Of Elmina) Sdn. Bhd.", "selenggara": "Majlis Bandaraya Shah Alam", "catatan": "Dalam Pembinaan", "tahun_data": 2024, "PBT": "MBSA" }, "geometry": { "type": "Polygon", "coordinates": [ [ [ 101.503085389038134, 3.19948220951538 ], [ 101.503031651190497, 3.199913459699934 ], [ 101.502841192543684, 3.200580727855352 ], [ 101.502809920828781, 3.200690285724781 ], [ 101.502821738887235, 3.200693693768013 ], [ 101.502832255609846, 3.200661230429999 ], [ 101.502941076772672, 3.200607937339023 ], [ 101.502962986118405, 3.200531175473472 ], [ 101.503133326885006, 3.199934389234731 ], [ 101.503170449222011, 3.199636481224247 ], [ 101.503096484664823, 3.199502332541679 ], [ 101.503085389038134, 3.19948220951538 ] ] ] } },
{ "type": "Feature", "properties": { "upi": null, "sts_warta": "Warta", "no_lot": "30578", "no_pt": null, "seksyen_id": "100201000", "mukim_id": "100201", "daerah_id": "1002", "negeri_id": "10", "nama": "JALAN PAHLAWAN 4,TAMAN PAHLAWAN", "gtn1": "Tanah Lapang dan Rekreasi", "gtn2": "Tanah Lapang", "gtn3": "Lot Permainan", "kod_gtn": "TLR106", "no_warta": "1119", "trkh_warta": "14/3/2024", "serah_PTD": "19/9/2022", "Luas_h": 0.0638, "pemilik": null, "selenggara": null, "catatan": null, "tahun_data": 2024, "PBT": "MBSA" }, "geometry": { "type": "Polygon", "coordinates": [ [ [ 101.481348853341842, 2.911618868934927 ], [ 101.481599301051475, 2.911557272391367 ], [ 101.481552979014793, 2.911365039177858 ], [ 101.481313981583597, 2.911403606374493 ], [ 101.481348853341842, 2.911618868934927 ] ] ] } },
{ "type": "Feature", "properties": { "upi": null, "sts_warta": "Warta", "no_lot": "28208", "no_pt": null, "seksyen_id": "100201000", "mukim_id": "100201", "daerah_id": "1002", "negeri_id": "10", "nama": "JALAN BANGAU 4/28, TAMAN BENTARA", "gtn1": "Tanah Lapang dan Rekreasi", "gtn2": "Tanah Lapang", "gtn3": "Lot Permainan", "kod_gtn": "TLR106", "no_warta": "118", "trkh_warta": "14/3/2024", "serah_PTD": "19/9/2022", "Luas_h": 0.0461, "pemilik": null, "selenggara": null, "catatan": "MDKL/JPP/15/29/2016(13)", "tahun_data": 2024, "PBT": "MBSA" }, "geometry": { "type": "Polygon", "coordinates": [ [ [ 101.503159769731383, 2.931782980919387 ], [ 101.503287654705233, 2.931831517342442 ], [ 101.503373283022327, 2.931549745019982 ], [ 101.50326262325224, 2.931507819952814 ], [ 101.503159769731383, 2.931782980919387 ] ] ] } },
{ "type": "Feature", "properties": { "upi": null, "sts_warta": "Warta", "no_lot": "242910", "no_pt": null, "seksyen_id": "100201000", "mukim_id": "100201", "daerah_id": "1002", "negeri_id": "10", "nama": "JALAN PIPIT 6/21,TAMAN BENTARA", "gtn1": "Tanah Lapang dan Rekreasi", "gtn2": "Tanah Lapang", "gtn3": "Lot Permainan", "kod_gtn": "TLR106", "no_warta": "1129", "trkh_warta": "14/3/2024", "serah_PTD": "4/7/2022", "Luas_h": 0.0637, "pemilik": null, "selenggara": null, "catatan": "KEMUKAKAN PERMOHONAN WARTA KE PTD JULAI 2022", "tahun_data": 2024, "PBT": "MBSA" }, "geometry": { "type": "Polygon", "coordinates": [ [ [ 101.510123721073541, 2.935436129196866 ], [ 101.509908325371057, 2.935356150881715 ], [ 101.509832348891564, 2.935562980726173 ], [ 101.510060374464231, 2.935645479777286 ], [ 101.510123721073541, 2.935436129196866 ] ] ] } },
{ "type": "Feature", "properties": { "upi": null, "sts_warta": "Warta", "no_lot": "30231", "no_pt": null, "seksyen_id": "100201000", "mukim_id": "100201", "daerah_id": "1002", "negeri_id": "10", "nama": "JALAN BAHTERA 2/13,TAMAN BANTING BARU", "gtn1": "Tanah Lapang dan Rekreasi", "gtn2": "Tanah Lapang", "gtn3": "Lot Permainan", "kod_gtn": "TLR106", "no_warta": "1266", "trkh_warta": "14/3/2024", "serah_PTD": "19/9/2022", "Luas_h": 0.0415, "pemilik": null, "selenggara": null, "catatan": null, "tahun_data": 2024, "PBT": "MBSA" }, "geometry": { "type": "Polygon", "coordinates": [ [ [ 101.486225929005812, 2.910307845066318 ], [ 101.486576722710382, 2.910318242402919 ], [ 101.48658112603259, 2.910225301853672 ], [ 101.486231464116585, 2.910208231917545 ], [ 101.486225929005812, 2.910307845066318 ] ] ] } },
{ "type": "Feature", "properties": { "upi": null, "sts_warta": "Warta", "no_lot": "2349", "no_pt": null, "seksyen_id": "100201000", "mukim_id": "100201", "daerah_id": "1002", "negeri_id": "10", "nama": "PERSIARAN BANTING UTAMA,TAMAN BANTING BARU", "gtn1": "Tanah Lapang dan Rekreasi", "gtn2": "Tanah Lapang", "gtn3": "Zon Penampan", "kod_gtn": "TLR301", "no_warta": "1270", "trkh_warta": "14/3/2024", "serah_PTD": null, "Luas_h": 0.096, "pemilik": null, "selenggara": null, "catatan": "KEMUKAKAN PERMOHONAN WARTA KE PTD MEI 2022", "tahun_data": 2024, "PBT": "MBSA" }, "geometry": { "type": "Polygon", "coordinates": [ [ [ 101.454398981360953, 2.818055336840565 ], [ 101.454309016361279, 2.817964211885938 ], [ 101.454309013782733, 2.817964534773794 ], [ 101.454308240844668, 2.818873670579244 ], [ 101.454399092756788, 2.81887375011592 ], [ 101.454399069754373, 2.818713161922968 ], [ 101.454399040401867, 2.818500649503846 ], [ 101.454398978942152, 2.818055659726037 ], [ 101.454398981360953, 2.818055336840565 ] ] ] } },
{ "type": "Feature", "properties": { "upi": null, "sts_warta": "Warta", "no_lot": "2349", "no_pt": null, "seksyen_id": "100201000", "mukim_id": "100201", "daerah_id": "1002", "negeri_id": "10", "nama": "PERSIARAN BANTING UTAMA,TAMAN BANTING BARU", "gtn1": "Tanah Lapang dan Rekreasi", "gtn2": "Tanah Lapang", "gtn3": "Zon Penampan", "kod_gtn": "TLR301", "no_warta": "1131", "trkh_warta": "14/3/2024", "serah_PTD": null, "Luas_h": 0.0849, "pemilik": null, "selenggara": null, "catatan": "KEMUKAKAN PERMOHONAN WARTA KE PTD MEI 2022", "tahun_data": 2024, "PBT": "MBSA" }, "geometry": { "type": "Polygon", "coordinates": [ [ [ 101.454307979421998, 2.816968861586335 ], [ 101.454214426348742, 2.816949705347491 ], [ 101.454214741165984, 2.816950093696117 ], [ 101.454308892389335, 2.817066235663142 ], [ 101.454308889970491, 2.817066558548703 ], [ 101.454308929707267, 2.817354394716925 ], [ 101.454308935869918, 2.817399033263014 ], [ 101.454308994294578, 2.817822212098171 ], [ 101.454308997339439, 2.817826423348402 ], [ 101.454398937189225, 2.817735548088673 ], [ 101.454398940481198, 2.817731336842753 ], [ 101.454399517344569, 2.817291357524417 ], [ 101.454399748321961, 2.817115189558015 ], [ 101.454399750974744, 2.817114866669191 ], [ 101.454342175704937, 2.817073103022705 ], [ 101.454337309409709, 2.817058268967134 ], [ 101.454332664749984, 2.817044110528494 ], [ 101.454327472953352, 2.817028284237565 ], [ 101.454307979421998, 2.816968861586335 ] ] ] } },
{ "type": "Feature", "properties": { "upi": null, "sts_warta": "Warta", "no_lot": "2351", "no_pt": null, "seksyen_id": "100201000", "mukim_id": "100201", "daerah_id": "1002", "negeri_id": "10", "nama": "PERSIARAN BANTING BARU,TAMAN BANTING BARU", "gtn1": "Tanah Lapang dan Rekreasi", "gtn2": "Tanah Lapang", "gtn3": "Zon Penampan", "kod_gtn": "TLR301", "no_warta": "1128", "trkh_warta": "14/3/2024", "serah_PTD": null, "Luas_h": 0.1081, "pemilik": null, "selenggara": null, "catatan": "DA WARTA KL (ZON PENAMPAN)", "tahun_data": 2024, "PBT": "MBSA" }, "geometry": { "type": "Polygon", "coordinates": [ [ [ 101.454764044497168, 2.81702636085132 ], [ 101.454764045684499, 2.817026037965982 ], [ 101.454745155693217, 2.817026040234676 ], [ 101.454729870315944, 2.817073146946064 ], [ 101.454673206007229, 2.817114110579409 ], [ 101.454673204819954, 2.817114431684423 ], [ 101.454673216831367, 2.817210147068494 ], [ 101.454673252755981, 2.817469787190539 ], [ 101.454673325392491, 2.817994727621159 ], [ 101.454764192397931, 2.81808576202723 ], [ 101.454764088468593, 2.817343400708597 ], [ 101.454764044497168, 2.81702636085132 ] ] ] } },
{ "type": "Feature", "properties": { "upi": null, "sts_warta": "Warta", "no_lot": "29058", "no_pt": null, "seksyen_id": "100201000", "mukim_id": "100201", "daerah_id": "1002", "negeri_id": "10", "nama": "JALAN MURAI 3/25,TAMAN BENTARA", "gtn1": "Tanah Lapang dan Rekreasi", "gtn2": "Tanah Lapang", "gtn3": "Lot Permainan", "kod_gtn": "TLR106", "no_warta": "1125", "trkh_warta": "14/3/2024", "serah_PTD": "19/9/2022", "Luas_h": 0.0562, "pemilik": null, "selenggara": null, "catatan": "MDKL/JPP/15/24/2017 (30.8.2018)", "tahun_data": 2024, "PBT": "MBSA" }, "geometry": { "type": "Polygon", "coordinates": [ [ [ 101.498361418445924, 2.928600217768055 ], [ 101.498328983244463, 2.92875519956631 ], [ 101.498359401553756, 2.928808819824139 ], [ 101.498499690751785, 2.92885641348104 ], [ 101.498528470641673, 2.928770352015968 ], [ 101.498588407684082, 2.92879068380168 ], [ 101.498622486408905, 2.928688777020523 ], [ 101.498361418445924, 2.928600217768055 ] ] ] } },
{ "type": "Feature", "properties": { "upi": null, "sts_warta": "Warta", "no_lot": null, "no_pt": null, "seksyen_id": "100201000", "mukim_id": "100201", "daerah_id": "1002", "negeri_id": "10", "nama": "JALAN BALAM 5/57,TAMAN BENTARA", "gtn1": "Tanah Lapang dan Rekreasi", "gtn2": "Tanah Lapang", "gtn3": "Lot Permainan", "kod_gtn": "TLR106", "no_warta": "278", "trkh_warta": "25/1/2024", "serah_PTD": null, "Luas_h": 0.0556, "pemilik": null, "selenggara": null, "catatan": null, "tahun_data": 2024, "PBT": "MBSA" }, "geometry": { "type": "Polygon", "coordinates": [ [ [ 101.509919085621632, 2.921713838312144 ], [ 101.509767970491453, 2.921659648376165 ], [ 101.509755905516059, 2.921693475746109 ], [ 101.509696761995556, 2.921671889597794 ], [ 101.509640173741431, 2.921829367952385 ], [ 101.509868518768997, 2.921912752416614 ], [ 101.509919085621632, 2.921713838312144 ] ] ] } },
{ "type": "Feature", "properties": { "upi": null, "sts_warta": "Warta", "no_lot": "24847", "no_pt": null, "seksyen_id": "100201000", "mukim_id": "100201", "daerah_id": "1002", "negeri_id": "10", "nama": "JALAN PIPIT 6/47,TAMAN BENTARA", "gtn1": "Tanah Lapang dan Rekreasi", "gtn2": "Tanah Lapang", "gtn3": "Lot Permainan", "kod_gtn": "TLR106", "no_warta": "280", "trkh_warta": "25/1/2024", "serah_PTD": "4/7/2022", "Luas_h": 0.0496, "pemilik": null, "selenggara": null, "catatan": "KEMUKAKAN PERMOHONAN WARTA KE PTD JULAI 2022", "tahun_data": 2024, "PBT": "MBSA" }, "geometry": { "type": "Polygon", "coordinates": [ [ [ 101.512052812133291, 2.928237503119635 ], [ 101.512258173685481, 2.928319024332878 ], [ 101.51231075525979, 2.928135071708704 ], [ 101.512123543899079, 2.928059426794983 ], [ 101.512052812133291, 2.928237503119635 ] ] ] } },
{ "type": "Feature", "properties": { "upi": null, "sts_warta": "Warta", "no_lot": "29584", "no_pt": null, "seksyen_id": "100201000", "mukim_id": "100201", "daerah_id": "1002", "negeri_id": "10", "nama": "JALAN BALAM 5/53,TAMAN BENTARA", "gtn1": "Tanah Lapang dan Rekreasi", "gtn2": "Tanah Lapang", "gtn3": "Lot Permainan", "kod_gtn": "TLR106", "no_warta": "279", "trkh_warta": "25/1/2024", "serah_PTD": "11/1/2023", "Luas_h": 0.0584, "pemilik": null, "selenggara": null, "catatan": null, "tahun_data": 2024, "PBT": "MBSA" }, "geometry": { "type": "Polygon", "coordinates": [ [ [ 101.509467497693038, 2.922577747220188 ], [ 101.50968079833099, 2.922653968706349 ], [ 101.509735475001349, 2.922440330245243 ], [ 101.50954207244628, 2.922370535542073 ], [ 101.509467497693038, 2.922577747220188 ] ] ] } },
{ "type": "Feature", "properties": { "upi": null, "sts_warta": "Warta", "no_lot": "44887", "no_pt": null, "seksyen_id": "100201000", "mukim_id": "100201", "daerah_id": "1002", "negeri_id": "10", "nama": "JALAN JP 17,TAMAN JENJAROM PERMAI", "gtn1": "Tanah Lapang dan Rekreasi", "gtn2": "Tanah Lapang", "gtn3": "Lot Permainan", "kod_gtn": "TLR106", "no_warta": "1859", "trkh_warta": "11/4/2024", "serah_PTD": "1/2/2014", "Luas_h": 0.1641, "pemilik": null, "selenggara": null, "catatan": null, "tahun_data": 2024, "PBT": "MBSA" }, "geometry": { "type": "Polygon", "coordinates": [ [ [ 101.510810261103117, 2.892145619551919 ], [ 101.510626746382684, 2.89214405490082 ], [ 101.510626881389598, 2.892871570948591 ], [ 101.510810397129802, 2.892873167246666 ], [ 101.510810397120153, 2.892873076812238 ], [ 101.510810261103117, 2.892145619551919 ] ] ] } }
]
}
