{
"type": "FeatureCollection",
"name": "kawasan_lapang_2025",
"crs": { "type": "name", "properties": { "name": "urn:ogc:def:crs:OGC:1.3:CRS84" } },
"features": [
{ "type": "Feature", "properties": { "Tarikh_Moh": "26/08/2021", "Daerah": "MPSp", "UPI": null, "sts_warta": "Warta", "no_lot": "126851", "no_pt": null, "nama": "Abadi Height", "gtn1": "Tanah Lapang dan Rekreasi", "gtn2": "Tanah Lapang", "gtn3": "Tanah Lapang Lain", "kod_gtn": "TLR107", "no_warta": "WKNS 130", "trkh_warta": "2025-01-09T00:00:00", "serah_PTD": null, "luas_h": 1.2671, "selenggara": null, "catatan": null, "tahun_data": 2025, "PBT": "MPSp" }, "geometry": { "type": "Polygon", "coordinates": [ [ [ 101.633586095495332, 2.975487525508161 ], [ 101.633850228754639, 2.97523479497137 ], [ 101.633605183820791, 2.9751632260933 ], [ 101.633407227688934, 2.974473713355097 ], [ 101.633829255049136, 2.974351262632699 ], [ 101.633951053553702, 2.974775550292293 ], [ 101.633581914442843, 2.974882796441571 ], [ 101.633649430381283, 2.975118722870967 ], [ 101.633896364418803, 2.975190833920686 ], [ 101.633805401829633, 2.975094904066585 ], [ 101.633914940270856, 2.974990428755758 ], [ 101.63400563300435, 2.975086358661079 ], [ 101.634412759454989, 2.974696950825679 ], [ 101.633506585927876, 2.973481000750109 ], [ 101.633109164215142, 2.973824194480279 ], [ 101.633586095495332, 2.975487525508161 ] ] ] } },
{ "type": "Feature", "properties": { "Tarikh_Moh": "08/2022", "Daerah": "MPSp", "UPI": null, "sts_warta": "Warta", "no_lot": "102263", "no_pt": null, "nama": "Puncak Pinggiran Putra", "gtn1": "Tanah Lapang dan Rekreasi", "gtn2": "Tanah Lapang", "gtn3": "Tanah Lapang Lain", "kod_gtn": "TLR107", "no_warta": "WKNS 138", "trkh_warta": "2025-01-09T00:00:00", "serah_PTD": null, "luas_h": 0.3761, "selenggara": null, "catatan": null, "tahun_data": 2025, "PBT": "MPSp" }, "geometry": { "type": "Polygon", "coordinates": [ [ [ 101.727008067610896, 2.923609930365809 ], [ 101.727038549692523, 2.923575737468963 ], [ 101.727022499885067, 2.922242217139571 ], [ 101.726980662600752, 2.922203434023768 ], [ 101.726924537180039, 2.922209962163742 ], [ 101.726814759548432, 2.922372322594633 ], [ 101.726747942034308, 2.922718972524181 ], [ 101.726763162401554, 2.923084136435091 ], [ 101.726860679596655, 2.923431098433211 ], [ 101.72696973926368, 2.923574582649592 ], [ 101.727008067610896, 2.923609930365809 ] ] ] } },
{ "type": "Feature", "properties": { "Tarikh_Moh": null, "Daerah": "MPSp", "UPI": null, "sts_warta": "Warta", "no_lot": "39020", "no_pt": null, "nama": "Taman Dataran Abadi", "gtn1": "Tanah Lapang dan Rekreasi", "gtn2": "Tanah Lapang", "gtn3": "Tanah Lapang Lain", "kod_gtn": "TLR107", "no_warta": "WKNS 139", "trkh_warta": "2025-01-09T00:00:00", "serah_PTD": null, "luas_h": 0.149, "selenggara": null, "catatan": null, "tahun_data": 2025, "PBT": "MPSp" }, "geometry": { "type": "Polygon", "coordinates": [ [ [ 101.709618410441735, 2.784820681493039 ], [ 101.710133253246084, 2.784980336463587 ], [ 101.71020118876153, 2.784770241120418 ], [ 101.709688502428349, 2.784602808308976 ], [ 101.709618410441735, 2.784820681493039 ] ] ] } },
{ "type": "Feature", "properties": { "Tarikh_Moh": null, "Daerah": "MPSp", "UPI": null, "sts_warta": "Warta", "no_lot": "126853", "no_pt": null, "nama": "Abadi Height", "gtn1": "Tanah Lapang dan Rekreasi", "gtn2": "Tanah Lapang", "gtn3": "Tanah Lapang Lain", "kod_gtn": "TLR107", "no_warta": "WKNS 135", "trkh_warta": "2025-01-09T00:00:00", "serah_PTD": null, "luas_h": 0.1295, "selenggara": null, "catatan": null, "tahun_data": 2025, "PBT": "MPSp" }, "geometry": { "type": "Polygon", "coordinates": [ [ [ 101.633672689566254, 2.971676992725859 ], [ 101.633626013123603, 2.971715527857936 ], [ 101.63448354363392, 2.97262555172421 ], [ 101.634514840850471, 2.972598414633126 ], [ 101.63389157321761, 2.971818653585021 ], [ 101.633870230502268, 2.971708962282973 ], [ 101.633768783606172, 2.97179344992459 ], [ 101.633672689566254, 2.971676992725859 ] ] ] } },
{ "type": "Feature", "properties": { "Tarikh_Moh": null, "Daerah": "MPSp", "UPI": null, "sts_warta": "Warta", "no_lot": "126855", "no_pt": null, "nama": "Abadi Height", "gtn1": "Tanah Lapang dan Rekreasi", "gtn2": "Tanah Lapang", "gtn3": "Lot Permainan", "kod_gtn": "TLR107", "no_warta": "WKNS 6366", "trkh_warta": "2024-12-26T00:00:00", "serah_PTD": null, "luas_h": 0.1344, "selenggara": null, "catatan": null, "tahun_data": 2025, "PBT": "MPSp" }, "geometry": { "type": "Polygon", "coordinates": [ [ [ 101.635519846080783, 2.971671244639558 ], [ 101.635543060112042, 2.971700539944633 ], [ 101.635665820495362, 2.971593891122159 ], [ 101.636250307444328, 2.971508300063159 ], [ 101.636112133587417, 2.971471886349743 ], [ 101.636118604156621, 2.971445116530829 ], [ 101.635677905937683, 2.971332354241266 ], [ 101.635511161327031, 2.971448508457522 ], [ 101.635622642429396, 2.971588203484263 ], [ 101.635519846080783, 2.971671244639558 ] ] ] } },
{ "type": "Feature", "properties": { "Tarikh_Moh": null, "Daerah": "MPSp", "UPI": null, "sts_warta": "Warta", "no_lot": "105884", "no_pt": null, "nama": "Taman Nusa Putra", "gtn1": "Tanah Lapang dan Rekreasi", "gtn2": "Tanah Lapang", "gtn3": "Taman Kejiranan", "kod_gtn": "TLR107", "no_warta": "WKNS 134", "trkh_warta": "2025-01-09T00:00:00", "serah_PTD": null, "luas_h": 1.0641, "selenggara": null, "catatan": null, "tahun_data": 2025, "PBT": "MPSp" }, "geometry": { "type": "Polygon", "coordinates": [ [ [ 101.616247887242508, 2.935857542000176 ], [ 101.615466132176053, 2.935807600957695 ], [ 101.61472136345516, 2.935844016201155 ], [ 101.614705376240408, 2.935513574104838 ], [ 101.614541041435842, 2.935521565588914 ], [ 101.614498127990586, 2.935482235550354 ], [ 101.614418462379689, 2.933830296232446 ], [ 101.614375279198072, 2.933791147104958 ], [ 101.61423010348318, 2.933798049441256 ], [ 101.614181809622465, 2.933840834425141 ], [ 101.614130325162705, 2.934121461130069 ], [ 101.61410641235652, 2.934639018998333 ], [ 101.614159672163979, 2.935139559692786 ], [ 101.614311973734559, 2.935680504274251 ], [ 101.614355971619716, 2.935745065148795 ], [ 101.614549750689918, 2.935891619198514 ], [ 101.61459211296598, 2.93587361427535 ], [ 101.614681166755048, 2.935895933388786 ], [ 101.614709507701363, 2.935931196849333 ], [ 101.61488517594988, 2.935922389131377 ], [ 101.615567626515769, 2.935967015196977 ], [ 101.616138902873828, 2.936023872101333 ], [ 101.616247900776017, 2.935924553483017 ], [ 101.616247887242508, 2.935857542000176 ] ] ] } },
{ "type": "Feature", "properties": { "Tarikh_Moh": null, "Daerah": "MPSp", "UPI": null, "sts_warta": "Warta", "no_lot": "105885", "no_pt": null, "nama": "Taman Nusa Putra", "gtn1": "Tanah Lapang dan Rekreasi", "gtn2": "Tanah Lapang", "gtn3": "Tanah Lapang Lain", "kod_gtn": "TLR107", "no_warta": "WKNS 136", "trkh_warta": "2025-01-09T00:00:00", "serah_PTD": null, "luas_h": 0.3826, "selenggara": null, "catatan": null, "tahun_data": 2025, "PBT": "MPSp" }, "geometry": { "type": "Polygon", "coordinates": [ [ [ 101.614469426519989, 2.93229878834007 ], [ 101.61442814303048, 2.932313175676422 ], [ 101.614384010386615, 2.932923070625608 ], [ 101.614398327735088, 2.933000659990059 ], [ 101.614471740266865, 2.933073082666835 ], [ 101.61454864895903, 2.933086360880023 ], [ 101.615083473705354, 2.933039046011735 ], [ 101.615101274372762, 2.932993463731568 ], [ 101.614469426519989, 2.93229878834007 ] ] ] } },
{ "type": "Feature", "properties": { "Tarikh_Moh": null, "Daerah": "MPSp", "UPI": null, "sts_warta": "Warta", "no_lot": "36190", "no_pt": null, "nama": "Desa Salak Mentari", "gtn1": "Tanah Lapang dan Rekreasi", "gtn2": "Tanah Lapang", "gtn3": "Tanah Lapang Lain", "kod_gtn": "TLR107", "no_warta": "WKNS 133", "trkh_warta": "2025-01-09T00:00:00", "serah_PTD": null, "luas_h": 0.0818, "selenggara": null, "catatan": null, "tahun_data": 2025, "PBT": "MPSp" }, "geometry": { "type": "Polygon", "coordinates": [ [ [ 101.74724474658457, 2.793175121330515 ], [ 101.747338651230166, 2.793207196287046 ], [ 101.74730807874171, 2.792931204074344 ], [ 101.747501016612532, 2.793002496610498 ], [ 101.747422301890694, 2.793235657056933 ], [ 101.747455492343065, 2.793247041445755 ], [ 101.747563051299252, 2.792928955552149 ], [ 101.747202540886775, 2.792795858163567 ], [ 101.74724474658457, 2.793175121330515 ] ] ] } },
{ "type": "Feature", "properties": { "Tarikh_Moh": null, "Daerah": "MPSp", "UPI": null, "sts_warta": "Warta", "no_lot": "102255", "no_pt": null, "nama": "Puncak Pinggiran Putra", "gtn1": "Tanah Lapang dan Rekreasi", "gtn2": "Tanah Lapang", "gtn3": "Tanah Lapang Lain", "kod_gtn": "TLR107", "no_warta": "WKNS 137", "trkh_warta": "2025-01-09T00:00:00", "serah_PTD": null, "luas_h": 0.0649, "selenggara": null, "catatan": null, "tahun_data": 2025, "PBT": "MPSp" }, "geometry": { "type": "Polygon", "coordinates": [ [ [ 101.7254149839723, 2.924758458265659 ], [ 101.725418188423617, 2.924645416021646 ], [ 101.725327251071278, 2.924645352967245 ], [ 101.724859349445055, 2.924670181938701 ], [ 101.724859370933331, 2.924742437921964 ], [ 101.7254149839723, 2.924758458265659 ] ] ] } },
{ "type": "Feature", "properties": { "Tarikh_Moh": "13/03/2023", "Daerah": "MPSp", "UPI": null, "sts_warta": "Warta", "no_lot": "116110", "no_pt": null, "nama": "D'Island", "gtn1": "Tanah Lapang dan Rekreasi", "gtn2": "Kawasan Hijau", "gtn3": "Zon Penampan", "kod_gtn": "TLR301", "no_warta": "WKNS 131", "trkh_warta": "2025-01-09T00:00:00", "serah_PTD": null, "luas_h": 0.3988, "selenggara": null, "catatan": null, "tahun_data": 2025, "PBT": "MPSp" }, "geometry": { "type": "Polygon", "coordinates": [ [ [ 101.59890284603695, 2.962555960560019 ], [ 101.598903126665235, 2.962613205174714 ], [ 101.599196186555872, 2.962611611999787 ], [ 101.599140656666748, 2.961496753282814 ], [ 101.599407334326756, 2.960401547766781 ], [ 101.599547009090088, 2.95982518579729 ], [ 101.599660873184362, 2.959753540420102 ], [ 101.599580359099406, 2.959233289458339 ], [ 101.59941737328694, 2.959258822886458 ], [ 101.599432773706241, 2.959358839864628 ], [ 101.599270327542314, 2.95938419230187 ], [ 101.59924925343168, 2.959248002833261 ], [ 101.599330206670032, 2.959235417105082 ], [ 101.599325883892305, 2.959208106885092 ], [ 101.599317519604369, 2.959214077116468 ], [ 101.599269218478511, 2.959226747061669 ], [ 101.599227391535067, 2.959227388061376 ], [ 101.599192578717847, 2.959217266088334 ], [ 101.599173688021224, 2.959211662780322 ], [ 101.599127544075898, 2.959215650652705 ], [ 101.598983462900179, 2.95932094313771 ], [ 101.599566917877596, 2.959505678976715 ], [ 101.599597177857731, 2.95969938265405 ], [ 101.599525393864766, 2.959681761727945 ], [ 101.599467690460202, 2.959920156530028 ], [ 101.599240464393191, 2.959864311656333 ], [ 101.599227251720706, 2.95991785105097 ], [ 101.599454747633288, 2.959973605441252 ], [ 101.599251166829632, 2.960810157951135 ], [ 101.599023940623042, 2.960754493913799 ], [ 101.599010997768019, 2.960807942821231 ], [ 101.599238224019118, 2.96086378772827 ], [ 101.599085605738381, 2.961491428162688 ], [ 101.59909373217819, 2.961655292870381 ], [ 101.598820104239778, 2.961669181318441 ], [ 101.598822543273073, 2.961724255110004 ], [ 101.599096441077549, 2.961710366609013 ], [ 101.599138427295486, 2.962554559203866 ], [ 101.59890284603695, 2.962555960560019 ] ] ] } },
{ "type": "Feature", "properties": { "Tarikh_Moh": "13/03/2023", "Daerah": "MPSp", "UPI": null, "sts_warta": "Warta", "no_lot": "116106", "no_pt": null, "nama": "D'Island", "gtn1": "Tanah Lapang dan Rekreasi", "gtn2": "Tanah Lapang", "gtn3": "Tanah Lapang Lain", "kod_gtn": "TLR107", "no_warta": "WKNS 132", "trkh_warta": "2025-01-09T00:00:00", "serah_PTD": null, "luas_h": 0.053, "selenggara": null, "catatan": null, "tahun_data": 2025, "PBT": "MPSp" }, "geometry": { "type": "Polygon", "coordinates": [ [ [ 101.599546469402839, 2.959825276334108 ], [ 101.600145254601628, 2.959736627200688 ], [ 101.600136338652732, 2.959679384238918 ], [ 101.600100404520376, 2.959447789858067 ], [ 101.600046435696356, 2.959456210526749 ], [ 101.600082099965775, 2.95968780496169 ], [ 101.599838430685281, 2.959725924189389 ], [ 101.599660603383413, 2.959753811773317 ], [ 101.599546469402839, 2.959825276334108 ] ] ] } },
{ "type": "Feature", "properties": { "Tarikh_Moh": null, "Daerah": "MPSp", "UPI": null, "sts_warta": "Dalam Proses", "no_lot": "44002", "no_pt": null, "nama": "Cyberjaya", "gtn1": "Tanah Lapang dan Rekreasi", "gtn2": "Tanah Lapang", "gtn3": "Tanah Lapang Lain", "kod_gtn": "TLR107", "no_warta": null, "trkh_warta": null, "serah_PTD": null, "luas_h": 3.7368, "selenggara": null, "catatan": null, "tahun_data": 2025, "PBT": "MPSp" }, "geometry": { "type": "Polygon", "coordinates": [ [ [ 101.664491818735229, 2.920316496993328 ], [ 101.664340420291921, 2.920247895195875 ], [ 101.664314623676248, 2.920692744153434 ], [ 101.663906887272034, 2.920676385505317 ], [ 101.663922203595334, 2.920410145375476 ], [ 101.663615388045812, 2.920392043573056 ], [ 101.663590572529927, 2.920433287362318 ], [ 101.663541470576405, 2.920472095404494 ], [ 101.663481300064745, 2.920490287310286 ], [ 101.663419235079218, 2.920485509555372 ], [ 101.663201457940687, 2.920427504602962 ], [ 101.66328863177965, 2.920487892850954 ], [ 101.662314840130847, 2.921896995561941 ], [ 101.661718387425438, 2.921484311949815 ], [ 101.662685432373053, 2.920070780116941 ], [ 101.662937507547241, 2.920244893470248 ], [ 101.663437018630901, 2.920378070133705 ], [ 101.663469670187737, 2.920380503831024 ], [ 101.66349098617944, 2.920373987386503 ], [ 101.663508522595691, 2.920360146751123 ], [ 101.663520121155869, 2.920340881559159 ], [ 101.66352416339673, 2.920318633913737 ], [ 101.663519840558862, 2.92029656918762 ], [ 101.663504183781015, 2.920272246403059 ], [ 101.663224563433658, 2.920010961990056 ], [ 101.663181379544696, 2.91997353307924 ], [ 101.663137117362211, 2.919940535674806 ], [ 101.663090697252528, 2.91991088483842 ], [ 101.663041309621988, 2.919884309467413 ], [ 101.662987604797635, 2.919858910787149 ], [ 101.662933090557587, 2.919833964469968 ], [ 101.662880736045537, 2.919813087131462 ], [ 101.662827572927128, 2.919796008197585 ], [ 101.662774140952578, 2.919782998836915 ], [ 101.66246542959064, 2.919735506257571 ], [ 101.662286246507009, 2.919703898277634 ], [ 101.662205097134773, 2.920007141824271 ], [ 101.662086162461435, 2.920280189779559 ], [ 101.661928095217533, 2.920531181482907 ], [ 101.661744655207102, 2.920751160642451 ], [ 101.66156741552021, 2.920946269036634 ], [ 101.661431730922558, 2.92113865428166 ], [ 101.661354336161736, 2.921346851197329 ], [ 101.661335769995105, 2.921566880584759 ], [ 101.661376568548135, 2.921783820774682 ], [ 101.661474299409008, 2.921981665609169 ], [ 101.661621403461581, 2.922145766676735 ], [ 101.661806814219773, 2.922264008559981 ], [ 101.662017037395572, 2.922327622480568 ], [ 101.662238579667687, 2.922331909179318 ], [ 101.662474678987607, 2.922276325259585 ], [ 101.662747740966637, 2.922196676918849 ], [ 101.662881850781645, 2.922187510292444 ], [ 101.663082981792982, 2.921478190660931 ], [ 101.663848404185174, 2.920975915785957 ], [ 101.66435140182071, 2.921019381065988 ], [ 101.664359748782203, 2.920944771337415 ], [ 101.664387715215554, 2.920545500354538 ], [ 101.664491818735229, 2.920316496993328 ] ] ] } },
{ "type": "Feature", "properties": { "Tarikh_Moh": "26/2/2025", "Daerah": "MPSp", "UPI": null, "sts_warta": "Dalam Proses", "no_lot": "115983", "no_pt": null, "nama": "Taman Seri Sentosa", "gtn1": "Tanah Lapang dan Rekreasi", "gtn2": "Tanah Lapang", "gtn3": "Tanah Lapang Lain", "kod_gtn": "TLR107", "no_warta": null, "trkh_warta": null, "serah_PTD": null, "luas_h": 0.102, "selenggara": null, "catatan": null, "tahun_data": 2025, "PBT": "MPSp" }, "geometry": { "type": "Polygon", "coordinates": [ [ [ 101.713378859755053, 2.64759402205859 ], [ 101.713466510452889, 2.647486292644183 ], [ 101.713413082677945, 2.647443169885942 ], [ 101.713443827602561, 2.647404456239225 ], [ 101.713166435014941, 2.647180706085412 ], [ 101.713108163968187, 2.647186690006839 ], [ 101.713041009887789, 2.647268640450055 ], [ 101.713046960065725, 2.647326425933268 ], [ 101.713378859755053, 2.64759402205859 ] ] ] } },
{ "type": "Feature", "properties": { "Tarikh_Moh": "26/2/2025", "Daerah": "MPSp", "UPI": null, "sts_warta": "Dalam Proses", "no_lot": "115981", "no_pt": null, "nama": "Taman Seri Sentosa", "gtn1": "Tanah Lapang dan Rekreasi", "gtn2": "Kawasan Hijau", "gtn3": "Zon Penampan", "kod_gtn": "TLR301", "no_warta": null, "trkh_warta": null, "serah_PTD": null, "luas_h": 0.0105, "selenggara": null, "catatan": null, "tahun_data": 2025, "PBT": "MPSp" }, "geometry": { "type": "Polygon", "coordinates": [ [ [ 101.713550746100509, 2.647732701931099 ], [ 101.713586094707154, 2.647760907901057 ], [ 101.713705299918757, 2.647615459376291 ], [ 101.713670221047508, 2.647587072471415 ], [ 101.713550746100509, 2.647732701931099 ] ] ] } },
{ "type": "Feature", "properties": { "Tarikh_Moh": "26/2/2025", "Daerah": "MPSp", "UPI": null, "sts_warta": "Dalam Proses", "no_lot": "115056", "no_pt": null, "nama": "Taman Sentosa", "gtn1": "Tanah Lapang dan Rekreasi", "gtn2": "Tanah Lapang", "gtn3": "Tanah Lapang Lain", "kod_gtn": "TLR107", "no_warta": null, "trkh_warta": null, "serah_PTD": null, "luas_h": 0.1141, "selenggara": null, "catatan": null, "tahun_data": 2025, "PBT": "MPSp" }, "geometry": { "type": "Polygon", "coordinates": [ [ [ 101.71079378194294, 2.65057692713213 ], [ 101.711084666805505, 2.650811526269547 ], [ 101.711241360209286, 2.650619856564488 ], [ 101.710948046984882, 2.65038390159217 ], [ 101.71079378194294, 2.65057692713213 ] ] ] } },
{ "type": "Feature", "properties": { "Tarikh_Moh": "26/3/2025", "Daerah": "MPSp", "UPI": null, "sts_warta": "Dalam Proses", "no_lot": "115011", "no_pt": null, "nama": "Taman Sentosa", "gtn1": "Tanah Lapang dan Rekreasi", "gtn2": "Kawasan Hijau", "gtn3": "Zon Penampan", "kod_gtn": "TLR301", "no_warta": null, "trkh_warta": null, "serah_PTD": null, "luas_h": 0.0326, "selenggara": null, "catatan": null, "tahun_data": 2025, "PBT": "MPSp" }, "geometry": { "type": "Polygon", "coordinates": [ [ [ 101.710778386736422, 2.650508472934107 ], [ 101.710512057137677, 2.6502934009557 ], [ 101.710639893368537, 2.650138093148013 ], [ 101.710604544754602, 2.650109887094745 ], [ 101.71044866030131, 2.650300200009848 ], [ 101.710750068785174, 2.650543658988873 ], [ 101.710778386736422, 2.650508472934107 ] ] ] } },
{ "type": "Feature", "properties": { "Tarikh_Moh": null, "Daerah": "MPSp", "UPI": null, "sts_warta": "Dalam Proses", "no_lot": "131178", "no_pt": null, "nama": "Taman Putra Prima", "gtn1": "Tanah Lapang dan Rekreasi", "gtn2": "Tanah Lapang", "gtn3": "Tanah Lapang Lain", "kod_gtn": "TLR107", "no_warta": null, "trkh_warta": null, "serah_PTD": null, "luas_h": 0.0432, "selenggara": null, "catatan": null, "tahun_data": 2025, "PBT": "MPSp" }, "geometry": { "type": "Polygon", "coordinates": [ [ [ 101.59487955011474, 2.979720715721519 ], [ 101.594879526520899, 2.97959365608251 ], [ 101.594840391838844, 2.979564453273712 ], [ 101.594481772546828, 2.979675663786511 ], [ 101.594542495799288, 2.979704952997235 ], [ 101.59476593709914, 2.979703373728969 ], [ 101.59487955011474, 2.979720715721519 ] ] ] } },
{ "type": "Feature", "properties": { "Tarikh_Moh": null, "Daerah": "MPSp", "UPI": null, "sts_warta": "Dalam Proses", "no_lot": "125099", "no_pt": null, "nama": "Bandar Bayu Serenia", "gtn1": "Tanah Lapang dan Rekreasi", "gtn2": "Tanah Lapang", "gtn3": "Padang Permainan", "kod_gtn": "TLR107", "no_warta": null, "trkh_warta": null, "serah_PTD": null, "luas_h": 0.4495, "selenggara": null, "catatan": null, "tahun_data": 2025, "PBT": "MPSp" }, "geometry": { "type": "Polygon", "coordinates": [ [ [ 101.684710632081789, 2.842011706240306 ], [ 101.684656035741526, 2.841650619275689 ], [ 101.683958810104158, 2.841650617475772 ], [ 101.683958848218523, 2.841800827536102 ], [ 101.683825555073511, 2.84180086172317 ], [ 101.68382539585933, 2.842236932181259 ], [ 101.684177210342298, 2.842093595215098 ], [ 101.684710632081789, 2.842011706240306 ] ] ] } },
{ "type": "Feature", "properties": { "Tarikh_Moh": null, "Daerah": "MPSp", "UPI": null, "sts_warta": "Dalam Proses", "no_lot": "119334", "no_pt": null, "nama": "Pusat Perindustrian Cipta Selatan", "gtn1": "Tanah Lapang dan Rekreasi", "gtn2": "Tanah Lapang", "gtn3": "Tanah Lapang Lain", "kod_gtn": "TLR107", "no_warta": null, "trkh_warta": null, "serah_PTD": null, "luas_h": 0.183, "selenggara": null, "catatan": null, "tahun_data": 2025, "PBT": "MPSp" }, "geometry": { "type": "Polygon", "coordinates": [ [ [ 101.685741071788499, 2.841936923532585 ], [ 101.685744293818246, 2.841874794885671 ], [ 101.686236665537649, 2.841650030892383 ], [ 101.685294478970363, 2.841804644060832 ], [ 101.685342587771956, 2.842118797656307 ], [ 101.685741071788499, 2.841936923532585 ] ] ] } },
{ "type": "Feature", "properties": { "Tarikh_Moh": null, "Daerah": "MPSp", "UPI": null, "sts_warta": "Dalam Proses", "no_lot": "121635", "no_pt": null, "nama": "Bandar Sunsuria", "gtn1": "Tanah Lapang dan Rekreasi", "gtn2": "Tanah Lapang", "gtn3": "Taman Kejiranan", "kod_gtn": "TLR107", "no_warta": null, "trkh_warta": null, "serah_PTD": null, "luas_h": 1.1921, "selenggara": null, "catatan": null, "tahun_data": 2025, "PBT": "MPSp" }, "geometry": { "type": "Polygon", "coordinates": [ [ [ 101.707917142061788, 2.840065256206366 ], [ 101.708739121251071, 2.839432537484472 ], [ 101.708684589517802, 2.839332985561441 ], [ 101.70854180486802, 2.839158398495166 ], [ 101.708369617517519, 2.839013029525739 ], [ 101.708173695096249, 2.838901760467668 ], [ 101.707911133476969, 2.838816645067314 ], [ 101.707786735286533, 2.838781772268796 ], [ 101.707783230777309, 2.8387934391376 ], [ 101.70754050276409, 2.839206696183954 ], [ 101.707786645426637, 2.839438589485128 ], [ 101.707824036770972, 2.840006590790306 ], [ 101.706997602518584, 2.84112493712785 ], [ 101.707111206968221, 2.841156105204326 ], [ 101.707917142061788, 2.840065256206366 ] ] ] } },
{ "type": "Feature", "properties": { "Tarikh_Moh": null, "Daerah": "MPSp", "UPI": null, "sts_warta": "Dalam Proses", "no_lot": "121636", "no_pt": null, "nama": "Bandar Sunsuria", "gtn1": "Tanah Lapang dan Rekreasi", "gtn2": "Tanah Lapang", "gtn3": "Taman Kejiranan", "kod_gtn": "TLR107", "no_warta": null, "trkh_warta": null, "serah_PTD": null, "luas_h": 1.0608, "selenggara": null, "catatan": null, "tahun_data": 2025, "PBT": "MPSp" }, "geometry": { "type": "Polygon", "coordinates": [ [ [ 101.707459544453044, 2.83916566186294 ], [ 101.707699845265765, 2.838756746302527 ], [ 101.707377115015078, 2.838678701230188 ], [ 101.707106197805146, 2.83862587264175 ], [ 101.706833664717536, 2.838584167732182 ], [ 101.706559515670449, 2.838553315201251 ], [ 101.706284290377027, 2.838533586199903 ], [ 101.706008528476232, 2.83852498057964 ], [ 101.705841513837086, 2.838547273165172 ], [ 101.705750860575833, 2.838574518549598 ], [ 101.706496831462474, 2.839230045102125 ], [ 101.706755031290925, 2.839151839441237 ], [ 101.707459544453044, 2.83916566186294 ] ] ] } },
{ "type": "Feature", "properties": { "Tarikh_Moh": null, "Daerah": "MPSp", "UPI": null, "sts_warta": "Dalam Proses", "no_lot": "123913", "no_pt": null, "nama": "Cybersouth", "gtn1": "Tanah Lapang dan Rekreasi", "gtn2": "Kawasan Hijau", "gtn3": "Zon Penampan", "kod_gtn": "TLR301", "no_warta": null, "trkh_warta": null, "serah_PTD": null, "luas_h": 0.4506, "selenggara": null, "catatan": null, "tahun_data": 2025, "PBT": "MPSp" }, "geometry": { "type": "Polygon", "coordinates": [ [ [ 101.660534613615866, 2.867158052157981 ], [ 101.661907654392195, 2.867770864328282 ], [ 101.661476426821935, 2.868747289219616 ], [ 101.661486141745954, 2.868751627710775 ], [ 101.661599752448083, 2.868802605104301 ], [ 101.661603797657335, 2.868793108603072 ], [ 101.662085995843782, 2.867701911160448 ], [ 101.660589359899902, 2.867034054566825 ], [ 101.660534613615866, 2.867158052157981 ] ] ] } },
{ "type": "Feature", "properties": { "Tarikh_Moh": "26/2/2025", "Daerah": "MPSp", "UPI": null, "sts_warta": "Dalam Proses", "no_lot": "7033", "no_pt": null, "nama": "Taman Sri Bayu", "gtn1": "Tanah Lapang dan Rekreasi", "gtn2": "Tanah Lapang", "gtn3": "Lot Permainan", "kod_gtn": "TLR107", "no_warta": null, "trkh_warta": null, "serah_PTD": null, "luas_h": 0.1884, "selenggara": null, "catatan": null, "tahun_data": 2025, "PBT": "MPSp" }, "geometry": { "type": "Polygon", "coordinates": [ [ [ 101.692697969947631, 2.600435180199227 ], [ 101.692739794432484, 2.600477221805918 ], [ 101.692954532749908, 2.600481239382886 ], [ 101.69295985825606, 2.600189046475153 ], [ 101.692965183767626, 2.599896853566332 ], [ 101.692732640659017, 2.59989265941633 ], [ 101.692691645217948, 2.599933093237738 ], [ 101.692697969947631, 2.600435180199227 ] ] ] } },
{ "type": "Feature", "properties": { "Tarikh_Moh": "26/2/2025", "Daerah": "MPSp", "UPI": null, "sts_warta": "Dalam Proses", "no_lot": "115337", "no_pt": null, "nama": "Taman Lestari Indah", "gtn1": "Tanah Lapang dan Rekreasi", "gtn2": "Tanah Lapang", "gtn3": "Tanah Lapang Lain", "kod_gtn": "TLR107", "no_warta": null, "trkh_warta": null, "serah_PTD": null, "luas_h": 0.0533, "selenggara": null, "catatan": null, "tahun_data": 2025, "PBT": "MPSp" }, "geometry": { "type": "Polygon", "coordinates": [ [ [ 101.71095274826898, 2.65082910485542 ], [ 101.71101342993127, 2.650755023902503 ], [ 101.71066102215579, 2.650470792769219 ], [ 101.710600340484334, 2.65054487370599 ], [ 101.71095274826898, 2.65082910485542 ] ] ] } },
{ "type": "Feature", "properties": { "Tarikh_Moh": "26/3/2025", "Daerah": "MPSp", "UPI": null, "sts_warta": "Dalam Proses", "no_lot": "116414", "no_pt": null, "nama": "Taman Sentosa", "gtn1": "Tanah Lapang dan Rekreasi", "gtn2": "Kawasan Hijau", "gtn3": "Zon Penampan", "kod_gtn": "TLR301", "no_warta": null, "trkh_warta": null, "serah_PTD": null, "luas_h": 0.0147, "selenggara": null, "catatan": null, "tahun_data": 2025, "PBT": "MPSp" }, "geometry": { "type": "Polygon", "coordinates": [ [ [ 101.711914024281469, 2.651003028382838 ], [ 101.711924003051891, 2.650990907669894 ], [ 101.711358693175725, 2.650535180055852 ], [ 101.711348444785358, 2.650547933870058 ], [ 101.711913484882771, 2.651003661559157 ], [ 101.711914024281469, 2.651003028382838 ] ] ] } },
{ "type": "Feature", "properties": { "Tarikh_Moh": "26/3/2025", "Daerah": "MPSp", "UPI": null, "sts_warta": "Dalam Proses", "no_lot": "115057", "no_pt": null, "nama": "Taman Sentosa", "gtn1": "Tanah Lapang dan Rekreasi", "gtn2": "Kawasan Hijau", "gtn3": "Zon Penampan", "kod_gtn": "TLR301", "no_warta": null, "trkh_warta": null, "serah_PTD": null, "luas_h": 0.0153, "selenggara": null, "catatan": null, "tahun_data": 2025, "PBT": "MPSp" }, "geometry": { "type": "Polygon", "coordinates": [ [ [ 101.710699481170465, 2.650006948909027 ], [ 101.711274774670031, 2.650471265467221 ], [ 101.711285562552959, 2.650458240211805 ], [ 101.710710269102648, 2.64999410452545 ], [ 101.710699481170465, 2.650006948909027 ] ] ] } },
{ "type": "Feature", "properties": { "Tarikh_Moh": "26/2/2025", "Daerah": "MPSp", "UPI": null, "sts_warta": "Dalam Proses", "no_lot": "115710", "no_pt": null, "nama": "Pusat Perdagangan Harmoni", "gtn1": "Tanah Lapang dan Rekreasi", "gtn2": "Tanah Lapang", "gtn3": "Tanah Lapang Lain", "kod_gtn": "TLR107", "no_warta": null, "trkh_warta": null, "serah_PTD": null, "luas_h": 0.0233, "selenggara": null, "catatan": null, "tahun_data": 2025, "PBT": "MPSp" }, "geometry": { "type": "Polygon", "coordinates": [ [ [ 101.721289201303605, 2.646968197205303 ], [ 101.721300253346826, 2.646934552972108 ], [ 101.721284327871231, 2.646902905539641 ], [ 101.721256279440368, 2.646935740447443 ], [ 101.72067935538746, 2.646433989751685 ], [ 101.720707673604267, 2.646401154783739 ], [ 101.720705514856647, 2.646399256260503 ], [ 101.720694727462444, 2.646413638084848 ], [ 101.720679078038174, 2.646405503275704 ], [ 101.720661813151494, 2.646409486988582 ], [ 101.720649406714045, 2.64642251274523 ], [ 101.720668295737454, 2.646439056999172 ], [ 101.720555292635282, 2.64657039679288 ], [ 101.720522641640116, 2.646541919012512 ], [ 101.720517520063609, 2.646557927116756 ], [ 101.720524808097608, 2.646572846685854 ], [ 101.720527506502165, 2.646575106798422 ], [ 101.720539373213242, 2.646561448153196 ], [ 101.72055286535624, 2.646573200883246 ], [ 101.720540998669222, 2.646586949962083 ], [ 101.720551522483348, 2.646595900051121 ], [ 101.720649961867963, 2.646481203933604 ], [ 101.720707963546246, 2.64647702840677 ], [ 101.720784868720116, 2.646543838087745 ], [ 101.720826154713805, 2.646579909952282 ], [ 101.720867710490424, 2.646615981742573 ], [ 101.720909266269572, 2.646652053531141 ], [ 101.720950552270821, 2.646688125390543 ], [ 101.720992108030984, 2.646724106742186 ], [ 101.721033663841794, 2.646760268959071 ], [ 101.721074949826559, 2.646796250379856 ], [ 101.721116505618355, 2.646832322159817 ], [ 101.721157791632209, 2.646868394010664 ], [ 101.721199347429078, 2.646904465787185 ], [ 101.721234696856911, 2.646935203657067 ], [ 101.721238759067745, 2.646993441729564 ], [ 101.721246040902315, 2.646985029454743 ], [ 101.7212625012926, 2.646999223080547 ], [ 101.721289201303605, 2.646968197205303 ] ] ] } },
{ "type": "Feature", "properties": { "Tarikh_Moh": "26/2/2025", "Daerah": "MPSp", "UPI": null, "sts_warta": "Dalam Proses", "no_lot": "115707", "no_pt": null, "nama": "Pusat Perdagangan Harmoni", "gtn1": "Tanah Lapang dan Rekreasi", "gtn2": "Tanah Lapang", "gtn3": "Tanah Lapang Lain", "kod_gtn": "TLR107", "no_warta": null, "trkh_warta": null, "serah_PTD": null, "luas_h": 0.0217, "selenggara": null, "catatan": null, "tahun_data": 2025, "PBT": "MPSp" }, "geometry": { "type": "Polygon", "coordinates": [ [ [ 101.721005740818683, 2.64726453361025 ], [ 101.720947739105128, 2.647268709155542 ], [ 101.720912389697929, 2.647238061711387 ], [ 101.720870833897052, 2.647201989925751 ], [ 101.720829547879234, 2.647165918065842 ], [ 101.720787992083416, 2.647129846276764 ], [ 101.720746436290113, 2.647093774485962 ], [ 101.720705150279869, 2.647057702620917 ], [ 101.72066359449164, 2.647021630826675 ], [ 101.72062230848644, 2.646985558958209 ], [ 101.72058075270327, 2.646949487160526 ], [ 101.72053919692263, 2.646913415361118 ], [ 101.72049791092499, 2.646877343487519 ], [ 101.720456355149423, 2.646841271684672 ], [ 101.720421005767719, 2.646810624223162 ], [ 101.720416943572715, 2.646752295709402 ], [ 101.720515652784684, 2.646637689960811 ], [ 101.720505128922412, 2.646628559004509 ], [ 101.720493532014842, 2.64664230801055 ], [ 101.720479770067143, 2.646630464918854 ], [ 101.720491636779187, 2.646616806273965 ], [ 101.720488938398617, 2.646614636594813 ], [ 101.720473289717475, 2.646609305221388 ], [ 101.7204584537877, 2.646616815185831 ], [ 101.720490835003147, 2.646645293040261 ], [ 101.720378101598769, 2.64677645188259 ], [ 101.720358942793084, 2.646759907696887 ], [ 101.720350316876932, 2.646786497460683 ], [ 101.720362733404329, 2.64681145377189 ], [ 101.72037918494631, 2.646792367886982 ], [ 101.720404550144124, 2.646814336415418 ], [ 101.720420740741872, 2.646828530126434 ], [ 101.720437201096473, 2.646842633331249 ], [ 101.720453391743021, 2.646857007908715 ], [ 101.720469852098418, 2.646871111112992 ], [ 101.720486042673699, 2.646885214389465 ], [ 101.720502233297438, 2.64689949853265 ], [ 101.720518693678002, 2.646913692169614 ], [ 101.720534884254477, 2.646927795445294 ], [ 101.720551344683869, 2.646942169948697 ], [ 101.720567535261125, 2.646956273223849 ], [ 101.720583995619222, 2.646970376426252 ], [ 101.720600186245306, 2.646984660567851 ], [ 101.72061637684773, 2.646998854275701 ], [ 101.720632837207035, 2.647012957477302 ], [ 101.7206490278583, 2.647027332051596 ], [ 101.720665488218373, 2.64704143525266 ], [ 101.720681678798329, 2.647055538525965 ], [ 101.720698139207272, 2.647069822593466 ], [ 101.720714329788009, 2.647083925866243 ], [ 101.720730520393161, 2.647098119572244 ], [ 101.720746980827315, 2.647112494072427 ], [ 101.720763171385187, 2.647126506910928 ], [ 101.720779631772047, 2.647140700543602 ], [ 101.72079582240282, 2.647154984682031 ], [ 101.720812282790476, 2.647169178314169 ], [ 101.720828473373928, 2.647183281585098 ], [ 101.720844664005853, 2.647197565722736 ], [ 101.720861124370629, 2.647211668920585 ], [ 101.720877314979305, 2.647225862624209 ], [ 101.720893775417025, 2.647240237121975 ], [ 101.720909966002409, 2.647254340391587 ], [ 101.720926426368763, 2.647268443588364 ], [ 101.720946664649645, 2.647286253541642 ], [ 101.7209558392817, 2.647294118787093 ], [ 101.720927521054094, 2.647326953762002 ], [ 101.720942630931148, 2.647335088711357 ], [ 101.720947482362746, 2.647317724176161 ], [ 101.720959892268965, 2.647317720837569 ], [ 101.72097041190689, 2.647310935495686 ], [ 101.720992257372387, 2.647285517807651 ], [ 101.721005749576449, 2.647297451398045 ], [ 101.72101464959222, 2.647287139585534 ], [ 101.720998458981114, 2.647272945884027 ], [ 101.721005740818683, 2.64726453361025 ] ] ] } },
{ "type": "Feature", "properties": { "Tarikh_Moh": "26/2/2025", "Daerah": "MPSp", "UPI": null, "sts_warta": "Dalam Proses", "no_lot": "115706", "no_pt": null, "nama": "Pusat Perdagangan Harmoni", "gtn1": "Tanah Lapang dan Rekreasi", "gtn2": "Tanah Lapang", "gtn3": "Tanah Lapang Lain", "kod_gtn": "TLR107", "no_warta": null, "trkh_warta": null, "serah_PTD": null, "luas_h": 0.0272, "selenggara": null, "catatan": null, "tahun_data": 2025, "PBT": "MPSp" }, "geometry": { "type": "Polygon", "coordinates": [ [ [ 101.721608320050564, 2.647861774923201 ], [ 101.721591868515318, 2.647880860823579 ], [ 101.721612104140604, 2.647888632647409 ], [ 101.721629099022351, 2.647883744657094 ], [ 101.721640966214238, 2.647871894671034 ], [ 101.721600759561568, 2.647836907753714 ], [ 101.72155920371867, 2.647800835996673 ], [ 101.721517647878287, 2.647764764237906 ], [ 101.721476361821104, 2.647728692404707 ], [ 101.721434805985794, 2.647692620642497 ], [ 101.721393519933656, 2.647656548805876 ], [ 101.721351964103391, 2.647620477040225 ], [ 101.721310408275684, 2.647584405272847 ], [ 101.721269122231107, 2.647548333431089 ], [ 101.721227566408444, 2.647512261660269 ], [ 101.721186010588326, 2.647476189887722 ], [ 101.721150661144691, 2.647445452018505 ], [ 101.721146598909783, 2.647387123512326 ], [ 101.721245308073577, 2.64727242727517 ], [ 101.721207799957114, 2.647240062185397 ], [ 101.721080772615466, 2.647387774264748 ], [ 101.721061883570641, 2.647371230019888 ], [ 101.721056759736925, 2.647378737378371 ], [ 101.721053794412541, 2.647387238924335 ], [ 101.721052987453149, 2.647396192056894 ], [ 101.721054338738455, 2.647405144608634 ], [ 101.721036264160873, 2.647407862477341 ], [ 101.721040583802633, 2.647419708101956 ], [ 101.721047331084819, 2.647430106137413 ], [ 101.721075109942603, 2.647397994772981 ], [ 101.721608320050564, 2.647861774923201 ] ] ] } },
{ "type": "Feature", "properties": { "Tarikh_Moh": "26/2/2025", "Daerah": "MPSp", "UPI": null, "sts_warta": "Dalam Proses", "no_lot": "115717", "no_pt": null, "nama": "Pusat Perdagangan Harmoni", "gtn1": "Tanah Lapang dan Rekreasi", "gtn2": "Tanah Lapang", "gtn3": "Tanah Lapang Lain", "kod_gtn": "TLR107", "no_warta": null, "trkh_warta": null, "serah_PTD": null, "luas_h": 0.0117, "selenggara": null, "catatan": null, "tahun_data": 2025, "PBT": "MPSp" }, "geometry": { "type": "Polygon", "coordinates": [ [ [ 101.722082494867976, 2.64748842802103 ], [ 101.721854477330709, 2.647290078496907 ], [ 101.721836947045205, 2.647310521192522 ], [ 101.721840185208009, 2.647313504623949 ], [ 101.721854479212183, 2.647297132307966 ], [ 101.72201746456409, 2.647439068894801 ], [ 101.722003440365398, 2.647455531573232 ], [ 101.722005065203149, 2.647478591672098 ], [ 101.722048229255137, 2.647475414849798 ], [ 101.7220512084278, 2.647518822115795 ], [ 101.722008314154948, 2.647521998865571 ], [ 101.722006705318222, 2.647558896159584 ], [ 101.721820344657118, 2.647775444199522 ], [ 101.721833836874993, 2.647787377779086 ], [ 101.722082494867976, 2.64748842802103 ] ] ] } },
{ "type": "Feature", "properties": { "Tarikh_Moh": null, "Daerah": "MPSp", "UPI": null, "sts_warta": "Dalam Proses", "no_lot": "129706", "no_pt": null, "nama": "Meranti Residensi", "gtn1": "Tanah Lapang dan Rekreasi", "gtn2": "Kawasan Hijau", "gtn3": "Zon Penampan", "kod_gtn": "TLR301", "no_warta": null, "trkh_warta": null, "serah_PTD": null, "luas_h": 0.0288, "selenggara": null, "catatan": "PA telah dibeli. Tindakan untuk proses pewartaan - Heda", "tahun_data": 2025, "PBT": "MPSp" }, "geometry": { "type": "Polygon", "coordinates": [ [ [ 101.630118273040893, 2.964730479162519 ], [ 101.630108769293116, 2.964458366185222 ], [ 101.630063974509142, 2.964462355064671 ], [ 101.630072393334643, 2.964709056405856 ], [ 101.630072393334643, 2.964709056405856 ], [ 101.629595022752028, 2.964709070264266 ], [ 101.629549147683775, 2.964709080275794 ], [ 101.629549152310858, 2.96473051306667 ], [ 101.630118273040893, 2.964730479162519 ] ] ] } },
{ "type": "Feature", "properties": { "Tarikh_Moh": null, "Daerah": "MPSp", "UPI": null, "sts_warta": "Dalam Proses", "no_lot": "119734", "no_pt": null, "nama": "Cyberjaya", "gtn1": "Tanah Lapang dan Rekreasi", "gtn2": "Tanah Lapang", "gtn3": "Lot Permainan", "kod_gtn": "TLR107", "no_warta": null, "trkh_warta": null, "serah_PTD": null, "luas_h": 2.0373, "selenggara": null, "catatan": null, "tahun_data": 2025, "PBT": "MPSp" }, "geometry": { "type": "Polygon", "coordinates": [ [ [ 101.641057551299525, 2.903089060059949 ], [ 101.641127991809611, 2.903146107975737 ], [ 101.641279131651359, 2.903282448192984 ], [ 101.64137143420912, 2.903362461360919 ], [ 101.641465083144212, 2.903429723060802 ], [ 101.641564396775451, 2.903488301841787 ], [ 101.641668565484906, 2.903537745715594 ], [ 101.641776509735038, 2.903577241019896 ], [ 101.64189119788962, 2.903607420122993 ], [ 101.642007772527975, 2.903626837175278 ], [ 101.64212596374783, 2.90363522093596 ], [ 101.642244152513541, 2.903632571769146 ], [ 101.642361799043599, 2.903618437627993 ], [ 101.642477554322426, 2.903593632720391 ], [ 101.642590608830858, 2.903558157229588 ], [ 101.642699613372741, 2.903512011460764 ], [ 101.642807535888394, 2.903453928673799 ], [ 101.643159628344989, 2.903243500369644 ], [ 101.643159610306455, 2.903162743054891 ], [ 101.643199256557835, 2.903073114278206 ], [ 101.64327209825889, 2.903007262073013 ], [ 101.643300429184464, 2.902997760131805 ], [ 101.643301228191106, 2.902950734413228 ], [ 101.642857938132209, 2.903195819442351 ], [ 101.642223301069805, 2.902087968270694 ], [ 101.641681592727267, 2.902660264229261 ], [ 101.641396658830459, 2.902730323860313 ], [ 101.64111474361151, 2.903028275777091 ], [ 101.641057551299525, 2.903089060059949 ] ] ] } },
{ "type": "Feature", "properties": { "Tarikh_Moh": null, "Daerah": "MPSp", "UPI": null, "sts_warta": "Dalam Proses", "no_lot": "119735", "no_pt": null, "nama": "Laman View", "gtn1": "Tanah Lapang dan Rekreasi", "gtn2": "Tanah Lapang", "gtn3": "Tanah Lapang Lain", "kod_gtn": "TLR107", "no_warta": null, "trkh_warta": null, "serah_PTD": null, "luas_h": 0.482, "selenggara": null, "catatan": null, "tahun_data": 2025, "PBT": "MPSp" }, "geometry": { "type": "Polygon", "coordinates": [ [ [ 101.639417834284203, 2.902281038702739 ], [ 101.639507967148646, 2.902312127864835 ], [ 101.639679596809003, 2.902368610762375 ], [ 101.639857432630563, 2.902424459213192 ], [ 101.640053891031414, 2.902497124159538 ], [ 101.640246573995398, 2.902580099359235 ], [ 101.640434402293167, 2.902673927657306 ], [ 101.64061710585068, 2.902777523911171 ], [ 101.640793875195953, 2.902891069171528 ], [ 101.640964710191909, 2.903013930404688 ], [ 101.641057551299525, 2.903089060059949 ], [ 101.64111474361151, 2.903028275777091 ], [ 101.640686419224011, 2.902618706759464 ], [ 101.63991648601467, 2.902237429055787 ], [ 101.639953119156402, 2.901943149463366 ], [ 101.640117916008265, 2.90160606613518 ], [ 101.639417834284203, 2.902281038702739 ] ] ] } },
{ "type": "Feature", "properties": { "Tarikh_Moh": null, "Daerah": "MPSp", "UPI": null, "sts_warta": "Dalam Proses", "no_lot": "119731", "no_pt": null, "nama": "Laman View", "gtn1": "Tanah Lapang dan Rekreasi", "gtn2": "Tanah Lapang", "gtn3": "Tanah Lapang Lain", "kod_gtn": "TLR107", "no_warta": null, "trkh_warta": null, "serah_PTD": null, "luas_h": 0.0978, "selenggara": null, "catatan": null, "tahun_data": 2025, "PBT": "MPSp" }, "geometry": { "type": "Polygon", "coordinates": [ [ [ 101.641640386052146, 2.900582558281317 ], [ 101.641420147056664, 2.900351549431323 ], [ 101.641315472241914, 2.900452225635425 ], [ 101.641270688738203, 2.900495553427723 ], [ 101.64175105303832, 2.900733105638875 ], [ 101.641817700737931, 2.900722781237528 ], [ 101.641934515548968, 2.900609984142221 ], [ 101.641935847446234, 2.90053212039266 ], [ 101.641795831513818, 2.900667169394251 ], [ 101.64167950425184, 2.900545109939189 ], [ 101.641640386052146, 2.900582558281317 ] ] ] } },
{ "type": "Feature", "properties": { "Tarikh_Moh": null, "Daerah": "MPSp", "UPI": null, "sts_warta": "Dalam Proses", "no_lot": "119733", "no_pt": null, "nama": "Laman View", "gtn1": "Tanah Lapang dan Rekreasi", "gtn2": "Tanah Lapang", "gtn3": "Tanah Lapang Lain", "kod_gtn": "TLR107", "no_warta": null, "trkh_warta": null, "serah_PTD": null, "luas_h": 0.1957, "selenggara": null, "catatan": null, "tahun_data": 2025, "PBT": "MPSp" }, "geometry": { "type": "Polygon", "coordinates": [ [ [ 101.642664039621948, 2.901292233082491 ], [ 101.642652973095167, 2.901278037478456 ], [ 101.642561744141517, 2.901171798380881 ], [ 101.642461339180898, 2.901058688375044 ], [ 101.642358506121226, 2.90094747801286 ], [ 101.642253245123527, 2.900838890763526 ], [ 101.642144477539233, 2.900736092049615 ], [ 101.642064605568677, 2.900736471729521 ], [ 101.641983671583347, 2.900814895959705 ], [ 101.641983684300357, 2.900872140514072 ], [ 101.642549385336949, 2.901413168801687 ], [ 101.642664039621948, 2.901292233082491 ] ] ] } },
{ "type": "Feature", "properties": { "Tarikh_Moh": null, "Daerah": "MPSp", "UPI": null, "sts_warta": "Dalam Proses", "no_lot": "119720", "no_pt": null, "nama": "Laman View", "gtn1": "Tanah Lapang dan Rekreasi", "gtn2": "Tanah Lapang", "gtn3": "Tanah Lapang Lain", "kod_gtn": "TLR107", "no_warta": null, "trkh_warta": null, "serah_PTD": null, "luas_h": 0.3104, "selenggara": null, "catatan": null, "tahun_data": 2025, "PBT": "MPSp" }, "geometry": { "type": "Polygon", "coordinates": [ [ [ 101.638303106815954, 2.902166525624742 ], [ 101.63850062442404, 2.902147942955009 ], [ 101.63860776571515, 2.902218457543253 ], [ 101.638691156957535, 2.902269443694875 ], [ 101.638791549335792, 2.902326394696175 ], [ 101.638897338134953, 2.902381716682219 ], [ 101.639074636568168, 2.902448146128761 ], [ 101.639248156469122, 2.902510868601361 ], [ 101.639422485327799, 2.902570968286651 ], [ 101.639597353384275, 2.902628806979417 ], [ 101.639770601630872, 2.902683028654131 ], [ 101.63995410668808, 2.902750541775693 ], [ 101.640133296566532, 2.902828093974175 ], [ 101.640308171130499, 2.902915052215052 ], [ 101.640477920907827, 2.903011597548327 ], [ 101.64064254582172, 2.903117368241046 ], [ 101.640800966300418, 2.9032313697655 ], [ 101.640856023263623, 2.903276031716993 ], [ 101.640878413702609, 2.903248173113735 ], [ 101.640870031530454, 2.903170582837369 ], [ 101.640855727503208, 2.903158920085024 ], [ 101.64069325875127, 2.903041754291834 ], [ 101.64052485556509, 2.902933542738908 ], [ 101.640350518002052, 2.902834556725065 ], [ 101.640171325532975, 2.90274533860949 ], [ 101.639987548052503, 2.902666159631294 ], [ 101.639799725213479, 2.902596929234651 ], [ 101.639625397465906, 2.902541984333598 ], [ 101.639451339056407, 2.902484688066489 ], [ 101.639278089623119, 2.902424859445882 ], [ 101.639105919065116, 2.902362769713376 ], [ 101.638934287666785, 2.90229823812167 ], [ 101.638834436072315, 2.902246351304009 ], [ 101.638737012278384, 2.902191027455304 ], [ 101.638640936932191, 2.902132266815429 ], [ 101.638554849341617, 2.902090505500137 ], [ 101.638461750519397, 2.902069545496242 ], [ 101.638365958032438, 2.902070109316406 ], [ 101.638303106815954, 2.902166525624742 ] ] ] } },
{ "type": "Feature", "properties": { "Tarikh_Moh": null, "Daerah": "MPSp", "UPI": null, "sts_warta": "Dalam Proses", "no_lot": "119721", "no_pt": null, "nama": "Laman View", "gtn1": "Tanah Lapang dan Rekreasi", "gtn2": "Tanah Lapang", "gtn3": "Tanah Lapang Lain", "kod_gtn": "TLR107", "no_warta": null, "trkh_warta": null, "serah_PTD": null, "luas_h": 0.138, "selenggara": null, "catatan": null, "tahun_data": 2025, "PBT": "MPSp" }, "geometry": { "type": "Polygon", "coordinates": [ [ [ 101.640962358901859, 2.903362824311671 ], [ 101.641100543853824, 2.903487230197843 ], [ 101.641203911967892, 2.903577007744168 ], [ 101.641317532184658, 2.903658734378127 ], [ 101.641438165897299, 2.903729969112171 ], [ 101.641564733527872, 2.903789717415432 ], [ 101.641696155698185, 2.90383788909483 ], [ 101.641740142025611, 2.903849635602695 ], [ 101.641835130812396, 2.903874573976469 ], [ 101.641976801407267, 2.903898145342627 ], [ 101.64210686574188, 2.903907340337256 ], [ 101.642106318015976, 2.903871166966865 ], [ 101.642050178419396, 2.903812126363518 ], [ 101.641987305007689, 2.903807709246498 ], [ 101.641853999746345, 2.903785582940905 ], [ 101.641722850467886, 2.903751157146683 ], [ 101.641599524050477, 2.903705606230872 ], [ 101.641480512694159, 2.903649383151427 ], [ 101.641366895736454, 2.903582397233688 ], [ 101.641260022533544, 2.903505371646536 ], [ 101.641160163106079, 2.903419120234906 ], [ 101.641060032894075, 2.903328528053972 ], [ 101.640984749299705, 2.90333478483894 ], [ 101.640962358901859, 2.903362824311671 ] ] ] } },
{ "type": "Feature", "properties": { "Tarikh_Moh": null, "Daerah": "MPSp", "UPI": null, "sts_warta": "Dalam Proses", "no_lot": "119727", "no_pt": null, "nama": "Laman View", "gtn1": "Tanah Lapang dan Rekreasi", "gtn2": "Tanah Lapang", "gtn3": "Tanah Lapang Lain", "kod_gtn": "TLR107", "no_warta": null, "trkh_warta": null, "serah_PTD": null, "luas_h": 0.1615, "selenggara": null, "catatan": null, "tahun_data": 2025, "PBT": "MPSp" }, "geometry": { "type": "Polygon", "coordinates": [ [ [ 101.643572684745763, 2.902946151370588 ], [ 101.643573205830805, 2.902863042659227 ], [ 101.643568853397227, 2.902706502864657 ], [ 101.643552357164936, 2.90254517282781 ], [ 101.643524258333017, 2.902385834954771 ], [ 101.643507243347514, 2.902318013506094 ], [ 101.643484557027421, 2.902229031846609 ], [ 101.643431903272656, 2.902071236891372 ], [ 101.643359281399952, 2.901912994273816 ], [ 101.64331635765646, 2.901825916287719 ], [ 101.643290981466109, 2.901774917395028 ], [ 101.64321111885377, 2.901817529712253 ], [ 101.643277529145223, 2.901952170541413 ], [ 101.643347721231848, 2.902104897256349 ], [ 101.643397404996364, 2.902254825153066 ], [ 101.643436025502155, 2.902405207714837 ], [ 101.643463043492645, 2.902557944173323 ], [ 101.643478458781374, 2.902712220626243 ], [ 101.643482810130763, 2.902863967435012 ], [ 101.643481760909935, 2.902998713923739 ], [ 101.64354680039483, 2.903036229214367 ], [ 101.64360402393433, 2.903115617083263 ], [ 101.64360942653353, 2.903141660773949 ], [ 101.643704411920268, 2.903151496560667 ], [ 101.643688474926947, 2.903077706247891 ], [ 101.643608577924581, 2.902966943009625 ], [ 101.643572684745763, 2.902946151370588 ] ] ] } },
{ "type": "Feature", "properties": { "Tarikh_Moh": null, "Daerah": "MPSp", "UPI": null, "sts_warta": "Dalam Proses", "no_lot": "119723", "no_pt": null, "nama": "Laman View", "gtn1": "Tanah Lapang dan Rekreasi", "gtn2": "Tanah Lapang", "gtn3": "Tanah Lapang Lain", "kod_gtn": "TLR107", "no_warta": null, "trkh_warta": null, "serah_PTD": null, "luas_h": 0.1592, "selenggara": null, "catatan": null, "tahun_data": 2025, "PBT": "MPSp" }, "geometry": { "type": "Polygon", "coordinates": [ [ [ 101.64320799584911, 2.903540654674175 ], [ 101.643642434739419, 2.9035344069709 ], [ 101.643640789901255, 2.903419104345106 ], [ 101.643750886660669, 2.903430654947552 ], [ 101.64391333493711, 2.903454763970605 ], [ 101.644070117946683, 2.903484842879092 ], [ 101.644200727891729, 2.903520625024357 ], [ 101.644338084928336, 2.903561379477522 ], [ 101.644409597294555, 2.903584152547902 ], [ 101.644421192724181, 2.903550146838313 ], [ 101.64438609824812, 2.903481334742549 ], [ 101.644364779451308, 2.903474466617197 ], [ 101.644225533411955, 2.903433079558707 ], [ 101.644090335955966, 2.903396122816806 ], [ 101.643928425781084, 2.903364959866682 ], [ 101.643762199655058, 2.903340309097432 ], [ 101.643593546567033, 2.90332271268245 ], [ 101.643547148728871, 2.90338711198844 ], [ 101.643462430378804, 2.903436236657812 ], [ 101.643365290749358, 2.903446477626633 ], [ 101.643272459482347, 2.903416203304399 ], [ 101.643253566957696, 2.903399115598025 ], [ 101.643205272306488, 2.903428065299318 ], [ 101.643186130673087, 2.903503762652011 ], [ 101.64320799584911, 2.903540654674175 ] ] ] } },
{ "type": "Feature", "properties": { "Tarikh_Moh": null, "Daerah": "MPSp", "UPI": null, "sts_warta": "Dalam Proses", "no_lot": "119724", "no_pt": null, "nama": "Laman View", "gtn1": "Tanah Lapang dan Rekreasi", "gtn2": "Tanah Lapang", "gtn3": "Tanah Lapang Lain", "kod_gtn": "TLR107", "no_warta": null, "trkh_warta": null, "serah_PTD": null, "luas_h": 0.1115, "selenggara": null, "catatan": null, "tahun_data": 2025, "PBT": "MPSp" }, "geometry": { "type": "Polygon", "coordinates": [ [ [ 101.644565845533563, 2.903635935597962 ], [ 101.644602816218651, 2.903648316621141 ], [ 101.644787943704003, 2.903728941434498 ], [ 101.644908304995795, 2.903787695985822 ], [ 101.644866234093655, 2.903894146034101 ], [ 101.645326080542219, 2.904076898348672 ], [ 101.645355476198574, 2.904002464708085 ], [ 101.645150374652786, 2.903895618766184 ], [ 101.645109627860023, 2.903890563752436 ], [ 101.645038109455569, 2.903841112785545 ], [ 101.64499788614394, 2.903764072412238 ], [ 101.644997878594111, 2.903730521506103 ], [ 101.644825702558165, 2.903646366869757 ], [ 101.644646242224738, 2.903568092050901 ], [ 101.644577171140526, 2.903602020382152 ], [ 101.644565845533563, 2.903635935597962 ] ] ] } },
{ "type": "Feature", "properties": { "Tarikh_Moh": null, "Daerah": "MPSp", "UPI": null, "sts_warta": "Dalam Proses", "no_lot": "119728", "no_pt": null, "nama": "Laman View", "gtn1": "Tanah Lapang dan Rekreasi", "gtn2": "Tanah Lapang", "gtn3": "Tanah Lapang Lain", "kod_gtn": "TLR107", "no_warta": null, "trkh_warta": null, "serah_PTD": null, "luas_h": 0.0169, "selenggara": null, "catatan": null, "tahun_data": 2025, "PBT": "MPSp" }, "geometry": { "type": "Polygon", "coordinates": [ [ [ 101.643265605823586, 2.901726360212085 ], [ 101.643238610790476, 2.901676175586785 ], [ 101.643209725983738, 2.901621921869305 ], [ 101.643183541500335, 2.901576349179438 ], [ 101.643153053921267, 2.901594894974628 ], [ 101.6431333728098, 2.901671406351783 ], [ 101.643185473375283, 2.901768972588235 ], [ 101.643265605823586, 2.901726360212085 ] ] ] } },
{ "type": "Feature", "properties": { "Tarikh_Moh": null, "Daerah": "MPSp", "UPI": null, "sts_warta": "Dalam Proses", "no_lot": "121399", "no_pt": null, "nama": "Selangor Cyber Valley", "gtn1": "Tanah Lapang dan Rekreasi", "gtn2": "Kawasan Hijau", "gtn3": "Zon Penampan", "kod_gtn": "TLR301", "no_warta": null, "trkh_warta": null, "serah_PTD": null, "luas_h": 0.288, "selenggara": null, "catatan": null, "tahun_data": 2025, "PBT": "MPSp" }, "geometry": { "type": "Polygon", "coordinates": [ [ [ 101.625000013061324, 2.914852467398007 ], [ 101.624902313037879, 2.914768655796686 ], [ 101.624790250335664, 2.914391118114491 ], [ 101.624870037580493, 2.913978903920355 ], [ 101.62452076812211, 2.913521653412008 ], [ 101.624208218392326, 2.913165952272004 ], [ 101.623470029542474, 2.912325343347626 ], [ 101.623337264748187, 2.912310178194959 ], [ 101.62332107669377, 2.912321757107808 ], [ 101.62412025200075, 2.913174471493451 ], [ 101.624226592921545, 2.913288124536275 ], [ 101.624478410383475, 2.913556841067939 ], [ 101.62481175482506, 2.913993023854959 ], [ 101.624734123918799, 2.914393842930222 ], [ 101.624947178435036, 2.915113199255643 ], [ 101.625000013061324, 2.914852467398007 ] ] ] } },
{ "type": "Feature", "properties": { "Tarikh_Moh": null, "Daerah": "MPSp", "UPI": null, "sts_warta": "Dalam Proses", "no_lot": "121394", "no_pt": null, "nama": "Selangor Cyber Valley", "gtn1": "Tanah Lapang dan Rekreasi", "gtn2": "Kawasan Hijau", "gtn3": "Zon Penampan", "kod_gtn": "TLR301", "no_warta": null, "trkh_warta": null, "serah_PTD": null, "luas_h": 0.147, "selenggara": null, "catatan": null, "tahun_data": 2025, "PBT": "MPSp" }, "geometry": { "type": "Polygon", "coordinates": [ [ [ 101.622184226342156, 2.910954453169883 ], [ 101.622087052525515, 2.910802273168147 ], [ 101.621999096158561, 2.910858812586361 ], [ 101.621797730639145, 2.910544054095303 ], [ 101.621680901414607, 2.91060087077604 ], [ 101.621659866546935, 2.910662731895302 ], [ 101.621944909561464, 2.911108873447308 ], [ 101.622184226342156, 2.910954453169883 ] ] ] } },
{ "type": "Feature", "properties": { "Tarikh_Moh": null, "Daerah": "MPSp", "UPI": null, "sts_warta": "Dalam Proses", "no_lot": "121397", "no_pt": null, "nama": "Selangor Cyber Valley", "gtn1": "Tanah Lapang dan Rekreasi", "gtn2": "Kawasan Hijau", "gtn3": "Zon Penampan", "kod_gtn": "TLR301", "no_warta": null, "trkh_warta": null, "serah_PTD": null, "luas_h": 0.0588, "selenggara": null, "catatan": null, "tahun_data": 2025, "PBT": "MPSp" }, "geometry": { "type": "Polygon", "coordinates": [ [ [ 101.622349582357685, 2.910681218134866 ], [ 101.622303949666602, 2.910536895183846 ], [ 101.622055672268075, 2.910418659258614 ], [ 101.622026262589131, 2.910432863478079 ], [ 101.62221089276828, 2.910721942186347 ], [ 101.622233026815962, 2.910756664189359 ], [ 101.622349582357685, 2.910681218134866 ] ] ] } },
{ "type": "Feature", "properties": { "Tarikh_Moh": null, "Daerah": "MPSp", "UPI": null, "sts_warta": "Dalam Proses", "no_lot": "121398", "no_pt": null, "nama": "Selangor Cyber Valley", "gtn1": "Tanah Lapang dan Rekreasi", "gtn2": "Kawasan Hijau", "gtn3": "Zon Penampan", "kod_gtn": "TLR301", "no_warta": null, "trkh_warta": null, "serah_PTD": null, "luas_h": 0.2225, "selenggara": null, "catatan": null, "tahun_data": 2025, "PBT": "MPSp" }, "geometry": { "type": "Polygon", "coordinates": [ [ [ 101.623252747968536, 2.912036000416335 ], [ 101.622556627660884, 2.911058917292378 ], [ 101.622443258224507, 2.910881780951799 ], [ 101.622373068809011, 2.910731494476905 ], [ 101.622262718756787, 2.910802869721263 ], [ 101.622308066612391, 2.910874212610643 ], [ 101.622465974028643, 2.911120973772916 ], [ 101.623215808229844, 2.91217373887652 ], [ 101.623231996283337, 2.912162159965244 ], [ 101.623252747968536, 2.912036000416335 ] ] ] } },
{ "type": "Feature", "properties": { "Tarikh_Moh": null, "Daerah": "MPSp", "UPI": null, "sts_warta": "Dalam Proses", "no_lot": "119774", "no_pt": null, "nama": "Selangor Cyber Valley", "gtn1": "Tanah Lapang dan Rekreasi", "gtn2": "Kawasan Hijau", "gtn3": "Zon Penampan", "kod_gtn": "TLR301", "no_warta": null, "trkh_warta": null, "serah_PTD": null, "luas_h": 0.0976, "selenggara": null, "catatan": null, "tahun_data": 2025, "PBT": "MPSp" }, "geometry": { "type": "Polygon", "coordinates": [ [ [ 101.62763101143193, 2.906081819342359 ], [ 101.629095192576159, 2.90623877208987 ], [ 101.629042021340268, 2.906177740613921 ], [ 101.627638015786573, 2.906027195823487 ], [ 101.627635591390714, 2.906047001346437 ], [ 101.62763101143193, 2.906081819342359 ] ] ] } },
{ "type": "Feature", "properties": { "Tarikh_Moh": "26/2/2025", "Daerah": "MPSp", "UPI": null, "sts_warta": "Dalam Proses", "no_lot": "6908", "no_pt": null, "nama": "Taman Sri Bayu", "gtn1": "Tanah Lapang dan Rekreasi", "gtn2": "Tanah Lapang", "gtn3": "Tanah Lapang Lain", "kod_gtn": "TLR107", "no_warta": null, "trkh_warta": null, "serah_PTD": null, "luas_h": 0.0334, "selenggara": null, "catatan": null, "tahun_data": 2025, "PBT": "MPSp" }, "geometry": { "type": "Polygon", "coordinates": [ [ [ 101.696408518311031, 2.60094911708282 ], [ 101.696299800242954, 2.600947063712856 ], [ 101.696295536072697, 2.601162658874183 ], [ 101.696335742035558, 2.601204519872162 ], [ 101.696403994347605, 2.60120585967271 ], [ 101.696408518311031, 2.60094911708282 ] ] ] } },
{ "type": "Feature", "properties": { "Tarikh_Moh": "26/2/2025", "Daerah": "MPSp", "UPI": null, "sts_warta": "Dalam Proses", "no_lot": "7022", "no_pt": null, "nama": "Taman Sri Bayu", "gtn1": "Tanah Lapang dan Rekreasi", "gtn2": "Tanah Lapang", "gtn3": "Lot Permainan", "kod_gtn": "TLR107", "no_warta": null, "trkh_warta": null, "serah_PTD": null, "luas_h": 0.4736, "selenggara": null, "catatan": null, "tahun_data": 2025, "PBT": "MPSp" }, "geometry": { "type": "Polygon", "coordinates": [ [ [ 101.693819579770377, 2.601159011925156 ], [ 101.694140878015645, 2.601164631223225 ], [ 101.694145667732855, 2.600889259161143 ], [ 101.694150190942821, 2.600627452231795 ], [ 101.694153125314088, 2.600489630418168 ], [ 101.69415791432651, 2.600211274038693 ], [ 101.694160841403772, 2.600043066471415 ], [ 101.694037825496906, 2.600040654633619 ], [ 101.694039953875006, 2.599916578950223 ], [ 101.693841671731775, 2.59991291929042 ], [ 101.693836616322855, 2.600205654716326 ], [ 101.69383155746938, 2.600484011168411 ], [ 101.693829162582574, 2.600621742420699 ], [ 101.69382436953569, 2.600883549422233 ], [ 101.693819579770377, 2.601159011925156 ] ] ] } },
{ "type": "Feature", "properties": { "Tarikh_Moh": "26/2/2025", "Daerah": "MPSp", "UPI": null, "sts_warta": "Dalam Proses", "no_lot": "116415", "no_pt": null, "nama": "Taman Sentosa", "gtn1": "Tanah Lapang dan Rekreasi", "gtn2": "Tanah Lapang", "gtn3": "Tanah Lapang Lain", "kod_gtn": "TLR107", "no_warta": null, "trkh_warta": null, "serah_PTD": null, "luas_h": 0.0896, "selenggara": null, "catatan": null, "tahun_data": 2025, "PBT": "MPSp" }, "geometry": { "type": "Polygon", "coordinates": [ [ [ 101.711084127149377, 2.6508111646763 ], [ 101.711314298685949, 2.65099694548504 ], [ 101.711468833262074, 2.65080310591205 ], [ 101.711241360209286, 2.650619856564488 ], [ 101.711084127149377, 2.6508111646763 ], [ 101.711084127125986, 2.650811074242732 ], [ 101.711084127149377, 2.6508111646763 ] ] ] } },
{ "type": "Feature", "properties": { "Tarikh_Moh": "26/2/2025", "Daerah": "MPSp", "UPI": null, "sts_warta": "Dalam Proses", "no_lot": "115307", "no_pt": null, "nama": "Taman Seri Sentosa", "gtn1": "Tanah Lapang dan Rekreasi", "gtn2": "Tanah Lapang", "gtn3": "Lot Permainan", "kod_gtn": "TLR107", "no_warta": null, "trkh_warta": null, "serah_PTD": null, "luas_h": 0.0503, "selenggara": null, "catatan": null, "tahun_data": 2025, "PBT": "MPSp" }, "geometry": { "type": "Polygon", "coordinates": [ [ [ 101.71219399714964, 2.6466063462593 ], [ 101.712234721347002, 2.646557501467138 ], [ 101.712261705289364, 2.646580283659746 ], [ 101.712290562729194, 2.646545278310128 ], [ 101.712284612594416, 2.64648749281775 ], [ 101.712084663592833, 2.646326302113672 ], [ 101.712013194355833, 2.646413498781299 ], [ 101.711992427865411, 2.646439006482833 ], [ 101.71219399714964, 2.6466063462593 ] ] ] } },
{ "type": "Feature", "properties": { "Tarikh_Moh": "26/2/2025", "Daerah": "MPSp", "UPI": null, "sts_warta": "Dalam Proses", "no_lot": "22559", "no_pt": null, "nama": "Taman Harmoni Impian", "gtn1": "Tanah Lapang dan Rekreasi", "gtn2": "Tanah Lapang", "gtn3": "Tanah Lapang Lain", "kod_gtn": "TLR107", "no_warta": null, "trkh_warta": null, "serah_PTD": null, "luas_h": 0.1065, "selenggara": null, "catatan": null, "tahun_data": 2025, "PBT": "MPSp" }, "geometry": { "type": "Polygon", "coordinates": [ [ [ 101.718693907453883, 2.645926647068483 ], [ 101.719008005240141, 2.646204827055973 ], [ 101.719178188770783, 2.646023824098757 ], [ 101.718972028398269, 2.645841384397315 ], [ 101.718888689788173, 2.645930302809612 ], [ 101.718780482556895, 2.645834381763169 ], [ 101.718693907453883, 2.645926647068483 ] ] ] } },
{ "type": "Feature", "properties": { "Tarikh_Moh": "26/3/2025", "Daerah": "MPSp", "UPI": null, "sts_warta": "Dalam Proses", "no_lot": "106915", "no_pt": null, "nama": "Ampar Tenang", "gtn1": "Tanah Lapang dan Rekreasi", "gtn2": "Kawasan Hijau", "gtn3": "Zon Penampan", "kod_gtn": "TLR301", "no_warta": null, "trkh_warta": null, "serah_PTD": null, "luas_h": 0.0628, "selenggara": null, "catatan": null, "tahun_data": 2025, "PBT": "MPSp" }, "geometry": { "type": "Polygon", "coordinates": [ [ [ 101.698470917614983, 2.87347247650682 ], [ 101.698571833868911, 2.873469645603844 ], [ 101.698781369091137, 2.873009734991951 ], [ 101.698729803094963, 2.872905117657909 ], [ 101.698628945583977, 2.873125892913617 ], [ 101.698561527596354, 2.873274041085561 ], [ 101.698470917614983, 2.87347247650682 ] ] ] } },
{ "type": "Feature", "properties": { "Tarikh_Moh": "26/3/2025", "Daerah": "MPSp", "UPI": null, "sts_warta": "Dalam Proses", "no_lot": "106916", "no_pt": null, "nama": "Ampar Tenang", "gtn1": "Tanah Lapang dan Rekreasi", "gtn2": "Kawasan Hijau", "gtn3": "Zon Penampan", "kod_gtn": "TLR301", "no_warta": null, "trkh_warta": null, "serah_PTD": null, "luas_h": 0.0316, "selenggara": null, "catatan": null, "tahun_data": 2025, "PBT": "MPSp" }, "geometry": { "type": "Polygon", "coordinates": [ [ [ 101.698710256394307, 2.873465628843737 ], [ 101.698810902815495, 2.873462797993156 ], [ 101.698904479226684, 2.873258212275585 ], [ 101.698852643374224, 2.873153595023536 ], [ 101.698710256394307, 2.873465628843737 ] ] ] } },
{ "type": "Feature", "properties": { "Tarikh_Moh": "26/3/2025", "Daerah": "MPSp", "UPI": null, "sts_warta": "Dalam Proses", "no_lot": "106917", "no_pt": null, "nama": "Ampar Tenang", "gtn1": "Tanah Lapang dan Rekreasi", "gtn2": "Tanah Lapang", "gtn3": "Tanah Lapang Lain", "kod_gtn": "TLR107", "no_warta": null, "trkh_warta": null, "serah_PTD": null, "luas_h": 0.0238, "selenggara": null, "catatan": null, "tahun_data": 2025, "PBT": "MPSp" }, "geometry": { "type": "Polygon", "coordinates": [ [ [ 101.698810902815495, 2.873462797993156 ], [ 101.698931246770243, 2.873459328731771 ], [ 101.69900302143175, 2.873457319633228 ], [ 101.698904479226684, 2.873258212275585 ], [ 101.698810902815495, 2.873462797993156 ] ] ] } },
{ "type": "Feature", "properties": { "Tarikh_Moh": null, "Daerah": "MPSp", "UPI": null, "sts_warta": "Dalam Proses", "no_lot": "119726", "no_pt": null, "nama": "Laman View", "gtn1": "Tanah Lapang dan Rekreasi", "gtn2": "Tanah Lapang", "gtn3": "Tanah Lapang Lain", "kod_gtn": "TLR107", "no_warta": null, "trkh_warta": null, "serah_PTD": null, "luas_h": 0.0102, "selenggara": null, "catatan": null, "tahun_data": 2025, "PBT": "MPSp" }, "geometry": { "type": "Polygon", "coordinates": [ [ [ 101.643351754907101, 2.903250058632553 ], [ 101.643389805709035, 2.903265966369192 ], [ 101.643428119232595, 2.903250041373609 ], [ 101.643443761297334, 2.903211693938061 ], [ 101.643428102064689, 2.90317326314429 ], [ 101.643389781447084, 2.903157445903398 ], [ 101.643351737744354, 2.903173280402777 ], [ 101.643335825858557, 2.903211718331993 ], [ 101.643351754907101, 2.903250058632553 ] ] ] } },
{ "type": "Feature", "properties": { "Tarikh_Moh": null, "Daerah": "MPSp", "UPI": null, "sts_warta": "Dalam Proses", "no_lot": "119725", "no_pt": null, "nama": "Laman View", "gtn1": "Tanah Lapang dan Rekreasi", "gtn2": "Tanah Lapang", "gtn3": "Tanah Lapang Lain", "kod_gtn": "TLR107", "no_warta": null, "trkh_warta": null, "serah_PTD": null, "luas_h": 0.0102, "selenggara": null, "catatan": null, "tahun_data": 2025, "PBT": "MPSp" }, "geometry": { "type": "Polygon", "coordinates": [ [ [ 101.645119843415273, 2.903720365179726 ], [ 101.645135502714226, 2.903758795943832 ], [ 101.645173823377107, 2.903774613121136 ], [ 101.645211867073854, 2.903758778560775 ], [ 101.645227778902267, 2.903720340610345 ], [ 101.645211849782498, 2.903682000342866 ], [ 101.645173798940647, 2.903666092671472 ], [ 101.645135485428028, 2.903682017725465 ], [ 101.645119843415273, 2.903720365179726 ] ] ] } },
{ "type": "Feature", "properties": { "Tarikh_Moh": "26/2/2025", "Daerah": "MPSp", "UPI": null, "sts_warta": "Dalam Proses", "no_lot": "115809", "no_pt": null, "nama": "Taman Perdana", "gtn1": "Tanah Lapang dan Rekreasi", "gtn2": "Tanah Lapang", "gtn3": "Lot Permainan", "kod_gtn": "TLR107", "no_warta": null, "trkh_warta": null, "serah_PTD": null, "luas_h": 0.0548, "selenggara": null, "catatan": null, "tahun_data": 2025, "PBT": "MPSp" }, "geometry": { "type": "Polygon", "coordinates": [ [ [ 101.714096379904944, 2.650329086347507 ], [ 101.714181111120823, 2.65040538990893 ], [ 101.714356956982783, 2.650208017504902 ], [ 101.714225003329602, 2.650090579151773 ], [ 101.714169983563508, 2.650150370242075 ], [ 101.714120897870245, 2.650205909388542 ], [ 101.714073430412057, 2.65025972986934 ], [ 101.714120383428167, 2.650302221252374 ], [ 101.714096379904944, 2.650329086347507 ] ] ] } },
{ "type": "Feature", "properties": { "Tarikh_Moh": null, "Daerah": "MPSp", "UPI": null, "sts_warta": "Dalam Proses", "no_lot": "119732", "no_pt": null, "nama": "Laman View", "gtn1": "Tanah Lapang dan Rekreasi", "gtn2": "Tanah Lapang", "gtn3": "Tanah Lapang Lain", "kod_gtn": "TLR107", "no_warta": null, "trkh_warta": null, "serah_PTD": null, "luas_h": 0.0021, "selenggara": null, "catatan": null, "tahun_data": 2025, "PBT": "MPSp" }, "geometry": { "type": "Polygon", "coordinates": [ [ [ 101.641797756072449, 2.900827960154142 ], [ 101.641797493320979, 2.900859883323673 ], [ 101.641827717349798, 2.900869643384745 ], [ 101.641846330452069, 2.900843865591065 ], [ 101.641827705905527, 2.900818096155071 ], [ 101.641797756072449, 2.900827960154142 ] ] ] } },
{ "type": "Feature", "properties": { "Tarikh_Moh": null, "Daerah": "MPSp", "UPI": null, "sts_warta": "Warta", "no_lot": "111170", "no_pt": null, "nama": "Taman Tasik Puchong", "gtn1": "Tanah Lapang dan Rekreasi", "gtn2": "Tanah Lapang", "gtn3": "Tanah Lapang Lain", "kod_gtn": "TLR107", "no_warta": "WKNS1060", "trkh_warta": "2025-03-20T00:00:00", "serah_PTD": null, "luas_h": 0.3717, "selenggara": null, "catatan": null, "tahun_data": 2025, "PBT": "MPSp" }, "geometry": { "type": "Polygon", "coordinates": [ [ [ 101.611278884248719, 2.968520586305603 ], [ 101.61127915417066, 2.968617070700316 ], [ 101.61330292920708, 2.968645589603432 ], [ 101.613598004521464, 2.968537609516231 ], [ 101.613607051179969, 2.968512042846122 ], [ 101.611319889273034, 2.968479823645074 ], [ 101.611278884248719, 2.968520586305603 ] ] ] } },
{ "type": "Feature", "properties": { "Tarikh_Moh": null, "Daerah": "MPSp", "UPI": null, "sts_warta": "Warta", "no_lot": "111171", "no_pt": null, "nama": "Taman Tasik Puchong", "gtn1": "Tanah Lapang dan Rekreasi", "gtn2": "Tanah Lapang", "gtn3": "Tanah Lapang Lain", "kod_gtn": "TLR107", "no_warta": "WKNS1061", "trkh_warta": "2025-03-20T00:00:00", "serah_PTD": null, "luas_h": 0.2099, "selenggara": null, "catatan": null, "tahun_data": 2025, "PBT": "MPSp" }, "geometry": { "type": "Polygon", "coordinates": [ [ [ 101.612773585438291, 2.96640443312072 ], [ 101.613010480905004, 2.967156887473557 ], [ 101.613656241757454, 2.967535383204937 ], [ 101.613826209512027, 2.967864656268772 ], [ 101.613847418958699, 2.96766637688214 ], [ 101.613738935415853, 2.967456217982972 ], [ 101.613052892132345, 2.967054113776023 ], [ 101.612848280937996, 2.966404208887788 ], [ 101.612773585438291, 2.96640443312072 ] ] ] } },
{ "type": "Feature", "properties": { "Tarikh_Moh": null, "Daerah": "MPSp", "UPI": null, "sts_warta": "Warta", "no_lot": "6927", "no_pt": null, "nama": "Taman Salak Indah, Labu", "gtn1": "Tanah Lapang dan Rekreasi", "gtn2": "Tanah Lapang", "gtn3": "Lot Permainan", "kod_gtn": "TLR107", "no_warta": "WKNS1055", "trkh_warta": "2025-03-20T00:00:00", "serah_PTD": null, "luas_h": 0.0985, "selenggara": null, "catatan": null, "tahun_data": 2025, "PBT": "MPSp" }, "geometry": { "type": "Polygon", "coordinates": [ [ [ 101.749266352352507, 2.78865974707464 ], [ 101.749516295887844, 2.788390211070187 ], [ 101.749511149268244, 2.788335562879149 ], [ 101.749371788414336, 2.788233048650532 ], [ 101.749115093288665, 2.78860370930701 ], [ 101.749204566765187, 2.788666361545309 ], [ 101.749266352352507, 2.78865974707464 ] ] ] } },
{ "type": "Feature", "properties": { "Tarikh_Moh": null, "Daerah": "MPSp", "UPI": null, "sts_warta": "Warta", "no_lot": "37008", "no_pt": null, "nama": "Taman Desa Salak Maju", "gtn1": "Tanah Lapang dan Rekreasi", "gtn2": "Tanah Lapang", "gtn3": "Tanah Lapang Lain", "kod_gtn": "TLR107", "no_warta": "WKNS1054", "trkh_warta": "2025-03-20T00:00:00", "serah_PTD": null, "luas_h": 0.1137, "selenggara": null, "catatan": null, "tahun_data": 2025, "PBT": "MPSp" }, "geometry": { "type": "Polygon", "coordinates": [ [ [ 101.74601357778252, 2.799401461119945 ], [ 101.745962234240935, 2.799234584756487 ], [ 101.745959813310364, 2.799226717495378 ], [ 101.745840692612191, 2.798838825290527 ], [ 101.745800256747486, 2.798707125503658 ], [ 101.745721995025221, 2.798452479398918 ], [ 101.745640016454942, 2.798185752063596 ], [ 101.745536474489938, 2.797848400176447 ], [ 101.74552342383042, 2.797845174351662 ], [ 101.745511266833105, 2.797858145072955 ], [ 101.745911961903886, 2.799161017963495 ], [ 101.745525782912026, 2.799281102950536 ], [ 101.74601357778252, 2.799401461119945 ] ] ] } },
{ "type": "Feature", "properties": { "Tarikh_Moh": null, "Daerah": "MPSp", "UPI": null, "sts_warta": "Warta", "no_lot": "7624", "no_pt": null, "nama": "Taman Desa Salak Harmoni", "gtn1": "Tanah Lapang dan Rekreasi", "gtn2": "Tanah Lapang", "gtn3": "Tanah Lapang Lain", "kod_gtn": "TLR107", "no_warta": "WKNS1071", "trkh_warta": "2025-03-20T00:00:00", "serah_PTD": null, "luas_h": 0.0618, "selenggara": null, "catatan": null, "tahun_data": 2025, "PBT": "MPSp" }, "geometry": { "type": "Polygon", "coordinates": [ [ [ 101.742889373735352, 2.796184753686656 ], [ 101.742787541811666, 2.796028513324967 ], [ 101.742356689435454, 2.796048821335619 ], [ 101.742347325720289, 2.795862511053359 ], [ 101.742206531798672, 2.796017027874081 ], [ 101.742889373735352, 2.796184753686656 ] ] ] } },
{ "type": "Feature", "properties": { "Tarikh_Moh": null, "Daerah": "MPSp", "UPI": null, "sts_warta": "Warta", "no_lot": "7861", "no_pt": null, "nama": "Taman Desa Salak Villa", "gtn1": "Tanah Lapang dan Rekreasi", "gtn2": "Tanah Lapang", "gtn3": "Lot Permainan", "kod_gtn": "TLR107", "no_warta": "WKNS1058", "trkh_warta": "2025-03-20T00:00:00", "serah_PTD": null, "luas_h": 0.0649, "selenggara": null, "catatan": null, "tahun_data": 2025, "PBT": "MPSp" }, "geometry": { "type": "Polygon", "coordinates": [ [ [ 101.750002336293164, 2.790235017722009 ], [ 101.749893299306194, 2.790119085922237 ], [ 101.749767908148442, 2.789985767050092 ], [ 101.749733607438685, 2.790080340983303 ], [ 101.749633841453743, 2.790044341828451 ], [ 101.74961672691353, 2.7900908736625 ], [ 101.749643233841368, 2.79014624089102 ], [ 101.74977729580533, 2.790195996977642 ], [ 101.749902893889185, 2.790329532844842 ], [ 101.750002336293164, 2.790235017722009 ] ] ] } },
{ "type": "Feature", "properties": { "Tarikh_Moh": null, "Daerah": "MPSp", "UPI": null, "sts_warta": "Warta", "no_lot": "36976", "no_pt": null, "nama": "Taman Desa Salak Pekerti", "gtn1": "Tanah Lapang dan Rekreasi", "gtn2": "Tanah Lapang", "gtn3": "Tanah Lapang Lain", "kod_gtn": "TLR107", "no_warta": "WKNS6182", "trkh_warta": "2025-01-09T00:00:00", "serah_PTD": null, "luas_h": 0.0581, "selenggara": null, "catatan": null, "tahun_data": 2025, "PBT": "MPSp" }, "geometry": { "type": "Polygon", "coordinates": [ [ [ 101.707098853668256, 2.793718687133089 ], [ 101.707283873647597, 2.793772463788995 ], [ 101.707336437537521, 2.7937447457238 ], [ 101.707374048312545, 2.793631814042111 ], [ 101.707352722864471, 2.793624628178803 ], [ 101.707367006686908, 2.793581732770619 ], [ 101.707155462864733, 2.793520617411435 ], [ 101.707098853668256, 2.793718687133089 ] ] ] } },
{ "type": "Feature", "properties": { "Tarikh_Moh": null, "Daerah": "MPSp", "UPI": null, "sts_warta": "Warta", "no_lot": "107498", "no_pt": null, "nama": "DÍsland Residence", "gtn1": "Tanah Lapang dan Rekreasi", "gtn2": "Tanah Lapang", "gtn3": "Tanah Lapang Lain", "kod_gtn": "TLR107", "no_warta": "WKNS1063", "trkh_warta": "2025-03-20T00:00:00", "serah_PTD": null, "luas_h": 0.0597, "selenggara": null, "catatan": null, "tahun_data": 2025, "PBT": "MPSp" }, "geometry": { "type": "Polygon", "coordinates": [ [ [ 101.604031812800386, 2.958315711464031 ], [ 101.604354169425577, 2.958529053950252 ], [ 101.604388528934066, 2.958510439515105 ], [ 101.604388522529248, 2.958334309483375 ], [ 101.604347393500703, 2.958292966510803 ], [ 101.604038584099925, 2.958292975659996 ], [ 101.604031812800386, 2.958315711464031 ] ] ] } },
{ "type": "Feature", "properties": { "Tarikh_Moh": null, "Daerah": "MPSp", "UPI": null, "sts_warta": "Warta", "no_lot": "107497", "no_pt": null, "nama": "D Island Residence", "gtn1": "Tanah Lapang dan Rekreasi", "gtn2": "Tanah Lapang", "gtn3": "Tanah Lapang Lain", "kod_gtn": "TLR107", "no_warta": "WKNS1064", "trkh_warta": "2025-03-20T00:00:00", "serah_PTD": null, "luas_h": 0.3501, "selenggara": null, "catatan": null, "tahun_data": 2025, "PBT": "MPSp" }, "geometry": { "type": "Polygon", "coordinates": [ [ [ 101.603030852448271, 2.958222271888931 ], [ 101.603227135186941, 2.95834432312097 ], [ 101.604377642976019, 2.959105580198804 ], [ 101.604478940504976, 2.959152253475821 ], [ 101.604555284045048, 2.95917973877448 ], [ 101.604627705097371, 2.959199899229292 ], [ 101.604739695035903, 2.959215299320237 ], [ 101.604791648480358, 2.959191790810455 ], [ 101.604816281392687, 2.959139689368665 ], [ 101.604816259935291, 2.958895398938711 ], [ 101.604840930429432, 2.958759220635494 ], [ 101.604840893100928, 2.958334278455736 ], [ 101.604799773051468, 2.958292944543205 ], [ 101.604799775940592, 2.958428297703969 ], [ 101.604799781266308, 2.958488952053024 ], [ 101.604799786591329, 2.958549597358561 ], [ 101.604799790086616, 2.958691841619624 ], [ 101.604799790773569, 2.958802099234818 ], [ 101.604799805985166, 2.95907774327068 ], [ 101.604698413598626, 2.95907774322319 ], [ 101.604638092684951, 2.959077748570693 ], [ 101.604577771770508, 2.959077744871451 ], [ 101.604435307912652, 2.959077757480131 ], [ 101.604320983003376, 2.959002092082077 ], [ 101.60422494613394, 2.958938534223646 ], [ 101.60412889128466, 2.958874967314556 ], [ 101.60407850702093, 2.958841619549304 ], [ 101.604028122760283, 2.958808271781644 ], [ 101.603977738502635, 2.958774924011549 ], [ 101.603927354248853, 2.958741585282475 ], [ 101.603876969997302, 2.95870823750755 ], [ 101.603803700992174, 2.958659743979245 ], [ 101.603954447199968, 2.958429520920711 ], [ 101.603908650707325, 2.95839921133873 ], [ 101.603757895500465, 2.958629452478989 ], [ 101.60367765493227, 2.958576347399728 ], [ 101.603519674589421, 2.958471791953247 ], [ 101.603519667107292, 2.958281644584961 ], [ 101.603519661852303, 2.958220999276804 ], [ 101.603519665592472, 2.95816035396779 ], [ 101.60351965796896, 2.958072370340514 ], [ 101.603793824408569, 2.957935103049866 ], [ 101.603880995505506, 2.957935095390632 ], [ 101.603880990712028, 2.957879975624507 ], [ 101.603880989526743, 2.957659469427602 ], [ 101.603811568305673, 2.957689526878415 ], [ 101.603352332024755, 2.958177831493503 ], [ 101.603361477104457, 2.958248342395915 ], [ 101.60327391824751, 2.958341452264203 ], [ 101.603107230836216, 2.958237792817158 ], [ 101.603030852448271, 2.958222271888931 ] ] ] } },
{ "type": "Feature", "properties": { "Tarikh_Moh": null, "Daerah": "MPSp", "UPI": null, "sts_warta": "Warta", "no_lot": "107797", "no_pt": null, "nama": "D Island Residence", "gtn1": "Tanah Lapang dan Rekreasi", "gtn2": "Tanah Lapang", "gtn3": "Tanah Lapang Lain", "kod_gtn": "TLR107", "no_warta": "WKNS1066", "trkh_warta": "2025-03-20T00:00:00", "serah_PTD": null, "luas_h": 0.063, "selenggara": null, "catatan": null, "tahun_data": 2025, "PBT": "MPSp" }, "geometry": { "type": "Polygon", "coordinates": [ [ [ 101.605517459946697, 2.958779390527783 ], [ 101.605775015607165, 2.958779367469384 ], [ 101.605832192126002, 2.958721873198778 ], [ 101.605832193822522, 2.958639623118172 ], [ 101.605774998115237, 2.958582130059448 ], [ 101.605697199822572, 2.958582137030406 ], [ 101.605612491649353, 2.95866484686736 ], [ 101.605476324388206, 2.958664859045081 ], [ 101.605476330859375, 2.958738047599532 ], [ 101.605517459946697, 2.958779390527783 ] ] ] } },
{ "type": "Feature", "properties": { "Tarikh_Moh": null, "Daerah": "MPSp", "UPI": null, "sts_warta": "Warta", "no_lot": "107807", "no_pt": null, "nama": "D Island Residence", "gtn1": "Tanah Lapang dan Rekreasi", "gtn2": "Tanah Lapang", "gtn3": "Tanah Lapang Lain", "kod_gtn": "TLR107", "no_warta": "WKNS1065", "trkh_warta": "2025-03-20T00:00:00", "serah_PTD": null, "luas_h": 0.4877, "selenggara": null, "catatan": null, "tahun_data": 2025, "PBT": "MPSp" }, "geometry": { "type": "Polygon", "coordinates": [ [ [ 101.603881772349311, 2.956938200753716 ], [ 101.60393663889846, 2.957004249217396 ], [ 101.603936600251629, 2.956456515182206 ], [ 101.604181809845571, 2.956406845112271 ], [ 101.604436295996535, 2.956285025604112 ], [ 101.604766652279253, 2.956026453458956 ], [ 101.604996225928446, 2.955846785148498 ], [ 101.60512241836858, 2.956062776491934 ], [ 101.605164745841421, 2.956026499487668 ], [ 101.605039803895664, 2.955812642289752 ], [ 101.60539440885168, 2.955535112758444 ], [ 101.605439721031004, 2.955480513468722 ], [ 101.605269796569473, 2.955591500671832 ], [ 101.60508849899324, 2.955664388848517 ], [ 101.604907936525535, 2.955709251310219 ], [ 101.604719002198266, 2.955783053492887 ], [ 101.604577656459611, 2.955912269635653 ], [ 101.604524656063944, 2.956099437359746 ], [ 101.604390867185131, 2.956241069454885 ], [ 101.604203630948845, 2.956293664535783 ], [ 101.604054510441784, 2.956182651355177 ], [ 101.604075757920612, 2.9559897076883 ], [ 101.604127589022269, 2.955802431564719 ], [ 101.604062872948603, 2.955632990321722 ], [ 101.603881650427681, 2.955638965881689 ], [ 101.603881772349311, 2.956938200753716 ] ] ] } },
{ "type": "Feature", "properties": { "Tarikh_Moh": null, "Daerah": "MPSp", "UPI": null, "sts_warta": "Warta", "no_lot": "107801", "no_pt": null, "nama": "D Islanf Residence", "gtn1": "Tanah Lapang dan Rekreasi", "gtn2": "Tanah Lapang", "gtn3": "Tanah Lapang Lain", "kod_gtn": "TLR107", "no_warta": "WKNS1059", "trkh_warta": "2025-03-20T00:00:00", "serah_PTD": null, "luas_h": 0.1637, "selenggara": null, "catatan": null, "tahun_data": 2025, "PBT": "MPSp" }, "geometry": { "type": "Polygon", "coordinates": [ [ [ 101.605072212311015, 2.958155396745801 ], [ 101.605297610492556, 2.9581553766648 ], [ 101.605339172969821, 2.958113583222875 ], [ 101.6050650125852, 2.958113607652076 ], [ 101.60506500445068, 2.958021201786847 ], [ 101.605064999112997, 2.957960565524648 ], [ 101.605064993774633, 2.957899920218943 ], [ 101.605064988436368, 2.957839274913163 ], [ 101.605064983098217, 2.957778629607321 ], [ 101.605064977760165, 2.957717984301427 ], [ 101.605064972422241, 2.957657338995433 ], [ 101.605064960951538, 2.957527013987103 ], [ 101.605031288639324, 2.957483527080622 ], [ 101.604896554436323, 2.957309516143164 ], [ 101.604803930880394, 2.95718987965593 ], [ 101.604877775172866, 2.957132085521804 ], [ 101.604947765452394, 2.957129709924452 ], [ 101.605126116018397, 2.956990126658555 ], [ 101.605133297953429, 2.95693210330973 ], [ 101.605112624980023, 2.956905399871903 ], [ 101.605056459276369, 2.956898360028955 ], [ 101.604953437038006, 2.956978557367601 ], [ 101.604919627255072, 2.957008231897026 ], [ 101.60486744266862, 2.957061647086319 ], [ 101.604818146098083, 2.957122007378794 ], [ 101.604785480442928, 2.957171785369543 ], [ 101.60476674902219, 2.957231853558236 ], [ 101.604771710834882, 2.957294985371595 ], [ 101.604772391014478, 2.957358244172763 ], [ 101.604781742562494, 2.957423066719759 ], [ 101.604800068274443, 2.957454843741449 ], [ 101.604908244339924, 2.957370187542407 ], [ 101.605009297243797, 2.957500693484738 ], [ 101.604883240235139, 2.957599341482901 ], [ 101.604943948134903, 2.957704827814517 ], [ 101.604984139141493, 2.957819612622334 ], [ 101.605010028374224, 2.957938468247904 ], [ 101.605027080478877, 2.958114235024016 ], [ 101.605072212311015, 2.958155396745801 ] ] ] } },
{ "type": "Feature", "properties": { "Tarikh_Moh": null, "Daerah": "MPKL", "UPI": null, "sts_warta": "Belum Warta", "no_lot": "Lot 4634", "no_pt": null, "nama": "TAMAN SERI CHANGGANG 2", "gtn1": "Tanah Lapang dan Rekreasi", "gtn2": "Tanah Lapang", "gtn3": "Tanah Lapang Lain", "kod_gtn": "TLR107", "no_warta": null, "trkh_warta": null, "serah_PTD": null, "luas_h": 0.058, "selenggara": null, "catatan": null, "tahun_data": 2025, "PBT": "MPKL" }, "geometry": { "type": "Polygon", "coordinates": [ [ [ 101.643507556053351, 2.820089646390999 ], [ 101.643341594024321, 2.81997874356849 ], [ 101.64320304142808, 2.820162723245468 ], [ 101.643355789987069, 2.820285376363456 ], [ 101.643507556053351, 2.820089646390999 ] ] ] } },
{ "type": "Feature", "properties": { "Tarikh_Moh": null, "Daerah": "MPKL", "UPI": null, "sts_warta": "Belum Warta", "no_lot": "LOT 4321", "no_pt": null, "nama": "TAMAN BENTARA", "gtn1": "Tanah Lapang dan Rekreasi", "gtn2": "Tanah Lapang", "gtn3": "Lot Permainan", "kod_gtn": "TLR107", "no_warta": null, "trkh_warta": null, "serah_PTD": null, "luas_h": 0.0703, "selenggara": null, "catatan": null, "tahun_data": 2025, "PBT": "MPKL" }, "geometry": { "type": "Polygon", "coordinates": [ [ [ 101.512854999511674, 2.925581359220903 ], [ 101.512899956296735, 2.92545730631541 ], [ 101.51304120462747, 2.925509540008714 ], [ 101.513065982676537, 2.925428376932614 ], [ 101.51273582879783, 2.925306365116003 ], [ 101.512661570263717, 2.925509966427381 ], [ 101.512854999511674, 2.925581359220903 ] ] ] } },
{ "type": "Feature", "properties": { "Tarikh_Moh": null, "Daerah": "MPKL", "UPI": null, "sts_warta": "Belum Warta", "no_lot": "LOT 3754", "no_pt": null, "nama": null, "gtn1": "Tanah Lapang dan Rekreasi", "gtn2": "Tanah Lapang", "gtn3": "Tanah Lapang Lain", "kod_gtn": "TLR107", "no_warta": null, "trkh_warta": null, "serah_PTD": null, "luas_h": 0.4173, "selenggara": null, "catatan": null, "tahun_data": 2025, "PBT": "MPKL" }, "geometry": { "type": "Polygon", "coordinates": [ [ [ 101.50036784031299, 2.924543255265172 ], [ 101.50025158406963, 2.924812480249777 ], [ 101.501365196505944, 2.925308098971437 ], [ 101.501426384002457, 2.925032755237181 ], [ 101.50036784031299, 2.924543255265172 ] ] ] } },
{ "type": "Feature", "properties": { "Tarikh_Moh": null, "Daerah": "MPKL", "UPI": null, "sts_warta": "Belum Warta", "no_lot": "Lot 31033\n", "no_pt": null, "nama": "Taman Dato Hormat\n", "gtn1": "Tanah Lapang dan Rekreasi", "gtn2": "Tanah Lapang", "gtn3": "Tanah Lapang Lain", "kod_gtn": "TLR107", "no_warta": null, "trkh_warta": null, "serah_PTD": null, "luas_h": 0.1278, "selenggara": null, "catatan": null, "tahun_data": 2025, "PBT": "MPKL" }, "geometry": { "type": "Polygon", "coordinates": [ [ [ 101.457615895533735, 2.90101985718908 ], [ 101.457615895533749, 2.900733564113346 ], [ 101.457255211343849, 2.900742581218093 ], [ 101.457252957067652, 2.901031128570014 ], [ 101.457615895533735, 2.90101985718908 ] ] ] } },
{ "type": "Feature", "properties": { "Tarikh_Moh": null, "Daerah": "MPKL", "UPI": null, "sts_warta": "Belum Warta", "no_lot": "Lot 29652", "no_pt": null, "nama": "Taman Bentara", "gtn1": "Tanah Lapang dan Rekreasi", "gtn2": "Tanah Lapang", "gtn3": "Lot Permainan", "kod_gtn": "TLR107", "no_warta": null, "trkh_warta": null, "serah_PTD": null, "luas_h": 0.0607, "selenggara": null, "catatan": null, "tahun_data": 2025, "PBT": "MPKL" }, "geometry": { "type": "Polygon", "coordinates": [ [ [ 101.523380390772829, 2.944171015468958 ], [ 101.523472456323105, 2.943923892149756 ], [ 101.523290748000164, 2.943863322708775 ], [ 101.523203528005155, 2.944103177695059 ], [ 101.523380390772829, 2.944171015468958 ] ] ] } },
{ "type": "Feature", "properties": { "Tarikh_Moh": null, "Daerah": "MPKL", "UPI": null, "sts_warta": "Belum Warta", "no_lot": "PT 54293", "no_pt": null, "nama": "Taman Desa Idaman", "gtn1": "Tanah Lapang dan Rekreasi", "gtn2": "Tanah Lapang", "gtn3": "Tanah Lapang Lain", "kod_gtn": "TLR107", "no_warta": null, "trkh_warta": null, "serah_PTD": null, "luas_h": 0.0925, "selenggara": null, "catatan": null, "tahun_data": 2025, "PBT": "MPKL" }, "geometry": { "type": "Polygon", "coordinates": [ [ [ 101.576883384353948, 2.839676199473684 ], [ 101.576864645683145, 2.839482566542049 ], [ 101.576496118490681, 2.83949505898925 ], [ 101.576514857161484, 2.839707430591691 ], [ 101.576883384353948, 2.839676199473684 ] ] ] } },
{ "type": "Feature", "properties": { "Tarikh_Moh": null, "Daerah": "MPKL", "UPI": null, "sts_warta": "Belum Warta", "no_lot": "PT 46833\n", "no_pt": null, "nama": null, "gtn1": "Tanah Lapang dan Rekreasi", "gtn2": "Tanah Lapang", "gtn3": "Tanah Lapang Lain", "kod_gtn": "TLR107", "no_warta": null, "trkh_warta": null, "serah_PTD": null, "luas_h": 0.1329, "selenggara": null, "catatan": null, "tahun_data": 2025, "PBT": "MPKL" }, "geometry": { "type": "Polygon", "coordinates": [ [ [ 101.496621571985102, 2.865700963507452 ], [ 101.496760512373498, 2.865525459858951 ], [ 101.496447979093645, 2.865151885080211 ], [ 101.496308222951242, 2.865340615597308 ], [ 101.496621571985102, 2.865700963507452 ] ] ] } },
{ "type": "Feature", "properties": { "Tarikh_Moh": null, "Daerah": "MPKL", "UPI": null, "sts_warta": "Belum Warta", "no_lot": "LOT 3923", "no_pt": null, "nama": "TAMAN SRIKANDI", "gtn1": "Tanah Lapang dan Rekreasi", "gtn2": "Tanah Lapang", "gtn3": "Tanah Lapang Lain", "kod_gtn": "TLR107", "no_warta": null, "trkh_warta": null, "serah_PTD": null, "luas_h": 0.0623, "selenggara": null, "catatan": null, "tahun_data": 2025, "PBT": "MPKL" }, "geometry": { "type": "Polygon", "coordinates": [ [ [ 101.506639035692132, 2.908305661862975 ], [ 101.506429506628976, 2.908112878399002 ], [ 101.506229603814276, 2.908112911331436 ], [ 101.506229040263435, 2.908202418008956 ], [ 101.506293138216549, 2.908202049024616 ], [ 101.50635604969699, 2.908201684819869 ], [ 101.506355757975086, 2.908249627304956 ], [ 101.506355469372551, 2.908324013132479 ], [ 101.506623139975488, 2.908323535218748 ], [ 101.506639035692132, 2.908305661862975 ] ] ] } },
{ "type": "Feature", "properties": { "Tarikh_Moh": null, "Daerah": "MPKL", "UPI": null, "sts_warta": "Belum Warta", "no_lot": "Lot 32734", "no_pt": null, "nama": "Taman Langat Utama 4", "gtn1": "Tanah Lapang dan Rekreasi", "gtn2": "Tanah Lapang", "gtn3": "Tanah Lapang Lain", "kod_gtn": "TLR107", "no_warta": null, "trkh_warta": null, "serah_PTD": null, "luas_h": 0.3786, "selenggara": null, "catatan": null, "tahun_data": 2025, "PBT": "MPKL" }, "geometry": { "type": "Polygon", "coordinates": [ [ [ 101.663855732006141, 2.815465325044133 ], [ 101.663151056004764, 2.814566888637173 ], [ 101.662958315390796, 2.814751470918286 ], [ 101.663674209099852, 2.815669283365804 ], [ 101.663855732006141, 2.815465325044133 ] ] ] } },
{ "type": "Feature", "properties": { "Tarikh_Moh": null, "Daerah": "MPKL", "UPI": null, "sts_warta": "Belum Warta", "no_lot": "PT 19723", "no_pt": null, "nama": "TAMAN BENTARA", "gtn1": "Tanah Lapang dan Rekreasi", "gtn2": "Tanah Lapang", "gtn3": "Lot Permainan", "kod_gtn": "TLR107", "no_warta": null, "trkh_warta": null, "serah_PTD": null, "luas_h": 0.0289, "selenggara": null, "catatan": null, "tahun_data": 2025, "PBT": "MPKL" }, "geometry": { "type": "Polygon", "coordinates": [ [ [ 101.507755241466356, 2.930373474037908 ], [ 101.507873880604549, 2.930417183194088 ], [ 101.507937883297529, 2.930245468651946 ], [ 101.507814561035445, 2.930201759495766 ], [ 101.507755241466356, 2.930373474037908 ] ] ] } },
{ "type": "Feature", "properties": { "Tarikh_Moh": null, "Daerah": "MPKL", "UPI": null, "sts_warta": "Belum Warta", "no_lot": "3008", "no_pt": null, "nama": "Taman Telok", "gtn1": "Tanah Lapang dan Rekreasi", "gtn2": "Tanah Lapang", "gtn3": "Tanah Lapang Lain", "kod_gtn": "TLR107", "no_warta": null, "trkh_warta": null, "serah_PTD": null, "luas_h": 0.1381, "selenggara": null, "catatan": null, "tahun_data": 2025, "PBT": "MPKL" }, "geometry": { "type": "Polygon", "coordinates": [ [ [ 101.470493577897329, 2.904174743082351 ], [ 101.470880843760597, 2.904370458088521 ], [ 101.470989111636342, 2.904133101591677 ], [ 101.470589353325892, 2.903941550734574 ], [ 101.470493577897329, 2.904174743082351 ] ] ] } },
{ "type": "Feature", "properties": { "Tarikh_Moh": null, "Daerah": "MPKL", "UPI": null, "sts_warta": "Belum Warta", "no_lot": "Lot 84869\n", "no_pt": null, "nama": "Taman Bajuri", "gtn1": "Tanah Lapang dan Rekreasi", "gtn2": "Tanah Lapang", "gtn3": "Tanah Lapang Lain", "kod_gtn": "TLR107", "no_warta": null, "trkh_warta": null, "serah_PTD": null, "luas_h": 0.0271, "selenggara": null, "catatan": null, "tahun_data": 2025, "PBT": "MPKL" }, "geometry": { "type": "Polygon", "coordinates": [ [ [ 101.600657883174392, 2.836646534502821 ], [ 101.600836941584291, 2.836615303384815 ], [ 101.600815079801677, 2.836491419950059 ], [ 101.60064539072718, 2.836523692105332 ], [ 101.600657883174392, 2.836646534502821 ] ] ] } },
{ "type": "Feature", "properties": { "Tarikh_Moh": null, "Daerah": "MPKL", "UPI": null, "sts_warta": "Belum Warta", "no_lot": "PT 2656", "no_pt": null, "nama": "Taman Yayasan Sg Jarom", "gtn1": "Tanah Lapang dan Rekreasi", "gtn2": "Tanah Lapang", "gtn3": "Tanah Lapang Lain", "kod_gtn": "TLR107", "no_warta": null, "trkh_warta": null, "serah_PTD": null, "luas_h": 0.7715, "selenggara": null, "catatan": null, "tahun_data": 2025, "PBT": "MPKL" }, "geometry": { "type": "Polygon", "coordinates": [ [ [ 101.498761360962447, 2.864731656831049 ], [ 101.498374222721992, 2.865215579631628 ], [ 101.499167231698408, 2.865830629900751 ], [ 101.499554369938878, 2.865318608356912 ], [ 101.498761360962447, 2.864731656831049 ] ] ] } },
{ "type": "Feature", "properties": { "Tarikh_Moh": null, "Daerah": "MPKL", "UPI": null, "sts_warta": "Belum Warta", "no_lot": "11194", "no_pt": null, "nama": "Taman Dato Hormat", "gtn1": "Tanah Lapang dan Rekreasi", "gtn2": "Tanah Lapang", "gtn3": "Tanah Lapang Lain", "kod_gtn": "TLR107", "no_warta": null, "trkh_warta": null, "serah_PTD": null, "luas_h": 0.034, "selenggara": null, "catatan": null, "tahun_data": 2025, "PBT": "MPKL" }, "geometry": { "type": "Polygon", "coordinates": [ [ [ 101.465426210540315, 2.902101466183853 ], [ 101.465419836842756, 2.901930141193651 ], [ 101.465255395445894, 2.901929376349944 ], [ 101.465265593361977, 2.902098661756931 ], [ 101.465426210540315, 2.902101466183853 ] ] ] } },
{ "type": "Feature", "properties": { "Tarikh_Moh": null, "Daerah": "MPKL", "UPI": null, "sts_warta": "Belum Warta", "no_lot": "PT20484", "no_pt": null, "nama": "TAMAN DATO' HORMAT", "gtn1": "Tanah Lapang dan Rekreasi", "gtn2": "Tanah Lapang", "gtn3": "Tanah Lapang Lain", "kod_gtn": "TLR107", "no_warta": null, "trkh_warta": null, "serah_PTD": null, "luas_h": 0.0552, "selenggara": null, "catatan": null, "tahun_data": 2025, "PBT": "MPKL" }, "geometry": { "type": "Polygon", "coordinates": [ [ [ 101.457358797615996, 2.899071407763893 ], [ 101.457379547111088, 2.898902329655107 ], [ 101.457109147754764, 2.898910747924972 ], [ 101.457096008288389, 2.899079769242498 ], [ 101.457358797615996, 2.899071407763893 ] ] ] } },
{ "type": "Feature", "properties": { "Tarikh_Moh": null, "Daerah": "MPKL", "UPI": null, "sts_warta": "Belum Warta", "no_lot": "PT 17033\n", "no_pt": null, "nama": "Taman Bentara\n", "gtn1": "Tanah Lapang dan Rekreasi", "gtn2": "Tanah Lapang", "gtn3": "Tanah Lapang Lain", "kod_gtn": "TLR107", "no_warta": null, "trkh_warta": null, "serah_PTD": null, "luas_h": 0.0474, "selenggara": null, "catatan": null, "tahun_data": 2025, "PBT": "MPKL" }, "geometry": { "type": "Polygon", "coordinates": [ [ [ 101.520534838435481, 2.941472041178841 ], [ 101.520605098987019, 2.941309715077012 ], [ 101.520396740110044, 2.941234608970197 ], [ 101.52032647955852, 2.941389666739107 ], [ 101.520534838435481, 2.941472041178841 ] ] ] } },
{ "type": "Feature", "properties": { "Tarikh_Moh": null, "Daerah": "MPKL", "UPI": null, "sts_warta": "Belum Warta", "no_lot": "Lot 7666", "no_pt": null, "nama": "Taman Langat Utama 4", "gtn1": "Tanah Lapang dan Rekreasi", "gtn2": "Tanah Lapang", "gtn3": "Tanah Lapang Lain", "kod_gtn": "TLR107", "no_warta": null, "trkh_warta": null, "serah_PTD": null, "luas_h": 0.4131, "selenggara": null, "catatan": null, "tahun_data": 2025, "PBT": "MPKL" }, "geometry": { "type": "Polygon", "coordinates": [ [ [ 101.66142367117294, 2.815920362240333 ], [ 101.661166856743151, 2.816149314727243 ], [ 101.661883998924367, 2.816986384401599 ], [ 101.662087512246075, 2.81682163552213 ], [ 101.66142367117294, 2.815920362240333 ] ] ] } },
{ "type": "Feature", "properties": { "Tarikh_Moh": null, "Daerah": "MPKL", "UPI": null, "sts_warta": "Belum Warta", "no_lot": "Lot 3270", "no_pt": null, "nama": "Taman Seri Changgang 3", "gtn1": "Tanah Lapang dan Rekreasi", "gtn2": "Tanah Lapang", "gtn3": "Tanah Lapang Lain", "kod_gtn": "TLR107", "no_warta": null, "trkh_warta": null, "serah_PTD": null, "luas_h": 0.287, "selenggara": null, "catatan": null, "tahun_data": 2025, "PBT": "MPKL" }, "geometry": { "type": "Polygon", "coordinates": [ [ [ 101.647154043417501, 2.83706304451027 ], [ 101.647194927790167, 2.837067587218344 ], [ 101.647794565255879, 2.836245357057028 ], [ 101.647499289231092, 2.835950081032245 ], [ 101.647154043417501, 2.83706304451027 ] ] ] } },
{ "type": "Feature", "properties": { "Tarikh_Moh": null, "Daerah": "MPKL", "UPI": null, "sts_warta": "Belum Warta", "no_lot": "16112", "no_pt": null, "nama": "Taman Delima", "gtn1": "Tanah Lapang dan Rekreasi", "gtn2": "Tanah Lapang", "gtn3": "Tanah Lapang Lain", "kod_gtn": "TLR107", "no_warta": null, "trkh_warta": null, "serah_PTD": null, "luas_h": 0.0694, "selenggara": null, "catatan": null, "tahun_data": 2025, "PBT": "MPKL" }, "geometry": { "type": "Polygon", "coordinates": [ [ [ 101.499529600212128, 2.817429967386118 ], [ 101.49988875806919, 2.817113492056993 ], [ 101.499817186757085, 2.817022141036825 ], [ 101.499452433324706, 2.817339657403218 ], [ 101.499529600212128, 2.817429967386118 ] ] ] } },
{ "type": "Feature", "properties": { "Tarikh_Moh": null, "Daerah": "MPKL", "UPI": null, "sts_warta": "Belum Warta", "no_lot": null, "no_pt": null, "nama": "Taman Bentara", "gtn1": "Tanah Lapang dan Rekreasi", "gtn2": "Tanah Lapang", "gtn3": "Tanah Lapang Lain", "kod_gtn": "TLR107", "no_warta": null, "trkh_warta": null, "serah_PTD": null, "luas_h": 0.0493, "selenggara": null, "catatan": null, "tahun_data": 2025, "PBT": "MPKL" }, "geometry": { "type": "Polygon", "coordinates": [ [ [ 101.503204627862715, 2.932560339904429 ], [ 101.503104240125538, 2.932517316588503 ], [ 101.502997578154805, 2.932868673668561 ], [ 101.503104240125538, 2.932904526431833 ], [ 101.503204627862715, 2.932560339904429 ] ] ] } },
{ "type": "Feature", "properties": { "Tarikh_Moh": null, "Daerah": "MPKL", "UPI": null, "sts_warta": "Belum Warta", "no_lot": "PT 53194", "no_pt": null, "nama": "TAMAN SERI CHANGGANG 3", "gtn1": "Tanah Lapang dan Rekreasi", "gtn2": "Tanah Lapang", "gtn3": "Tanah Lapang Lain", "kod_gtn": "TLR107", "no_warta": null, "trkh_warta": null, "serah_PTD": null, "luas_h": 0.0549, "selenggara": null, "catatan": null, "tahun_data": 2025, "PBT": "MPKL" }, "geometry": { "type": "Polygon", "coordinates": [ [ [ 101.643928385727065, 2.83752039641654 ], [ 101.644130540574366, 2.837668305078974 ], [ 101.644233569299658, 2.837518445114924 ], [ 101.644027902109428, 2.837376390357335 ], [ 101.643928385727065, 2.83752039641654 ] ] ] } },
{ "type": "Feature", "properties": { "Tarikh_Moh": null, "Daerah": "MPKL", "UPI": null, "sts_warta": "Belum Warta", "no_lot": "Lot 7667\n", "no_pt": null, "nama": "Taman Langat Utama 4", "gtn1": "Tanah Lapang dan Rekreasi", "gtn2": "Tanah Lapang", "gtn3": "Tanah Lapang Lain", "kod_gtn": "TLR107", "no_warta": null, "trkh_warta": null, "serah_PTD": null, "luas_h": 0.3737, "selenggara": null, "catatan": null, "tahun_data": 2025, "PBT": "MPKL" }, "geometry": { "type": "Polygon", "coordinates": [ [ [ 101.661440630616383, 2.815915516685056 ], [ 101.662094780579011, 2.816809521633936 ], [ 101.662341903898195, 2.816608431089878 ], [ 101.661629607272261, 2.81577741835962 ], [ 101.661440630616383, 2.815915516685056 ] ] ] } },
{ "type": "Feature", "properties": { "Tarikh_Moh": null, "Daerah": "MPKL", "UPI": "10020700031390", "sts_warta": "Dalam Proses", "no_lot": "31390", "no_pt": null, "nama": "Jalan Merbuk 6/22 Taman Bentara", "gtn1": "Tanah Lapang dan Rekreasi", "gtn2": "Tanah Lapang", "gtn3": "Lot Permainan", "kod_gtn": "TLR107", "no_warta": null, "trkh_warta": "1899-12-30T00:00:00", "serah_PTD": "1899-12-30T00:00:00", "luas_h": 0.0556, "selenggara": null, "catatan": null, "tahun_data": 2025, "PBT": "MPKL" }, "geometry": { "type": "Polygon", "coordinates": [ [ [ 101.510377942227407, 2.934607975480688 ], [ 101.51057100836114, 2.934682357275178 ], [ 101.510646015907398, 2.934484024969093 ], [ 101.510440123106719, 2.934405311413514 ], [ 101.510377942227407, 2.934607975480688 ] ] ] } },
{ "type": "Feature", "properties": { "Tarikh_Moh": null, "Daerah": "MPKL", "UPI": "10020700031393", "sts_warta": "Dalam Proses", "no_lot": "31393", "no_pt": null, "nama": "Jalan Merbuk 6/22 Taman Bentara", "gtn1": "Tanah Lapang dan Rekreasi", "gtn2": "Tanah Lapang", "gtn3": "Tanah Lapang Lain", "kod_gtn": "TLR107", "no_warta": null, "trkh_warta": "1899-12-30T00:00:00", "serah_PTD": "1899-12-30T00:00:00", "luas_h": 0.0302, "selenggara": null, "catatan": null, "tahun_data": 2025, "PBT": "MPKL" }, "geometry": { "type": "Polygon", "coordinates": [ [ [ 101.510537293615812, 2.934088582104652 ], [ 101.510472504287691, 2.934299756079791 ], [ 101.510505830312965, 2.934312498200006 ], [ 101.510557388332685, 2.934144642425786 ], [ 101.510738455228577, 2.934213860418531 ], [ 101.510676436187509, 2.934377719029463 ], [ 101.51070974422764, 2.934390452100146 ], [ 101.510787746993017, 2.934184333356706 ], [ 101.510537293615812, 2.934088582104652 ] ] ] } },
{ "type": "Feature", "properties": { "Tarikh_Moh": null, "Daerah": "MPKL", "UPI": "10020700030390", "sts_warta": "Dalam Proses", "no_lot": "30390", "no_pt": null, "nama": "Jalan Pipit 5/26 Taman Bentara", "gtn1": "Tanah Lapang dan Rekreasi", "gtn2": "Tanah Lapang", "gtn3": "Lot Permainan", "kod_gtn": "TLR107", "no_warta": null, "trkh_warta": "1899-12-30T00:00:00", "serah_PTD": "1899-12-30T00:00:00", "luas_h": 0.0526, "selenggara": null, "catatan": null, "tahun_data": 2025, "PBT": "MPKL" }, "geometry": { "type": "Polygon", "coordinates": [ [ [ 101.507653439277561, 2.932132307430468 ], [ 101.507467632620859, 2.932063495891573 ], [ 101.50740869846004, 2.932235339697908 ], [ 101.507433893067102, 2.932288705124393 ], [ 101.507576812294658, 2.932341582127878 ], [ 101.507653439277561, 2.932132307430468 ] ] ] } },
{ "type": "Feature", "properties": { "Tarikh_Moh": null, "Daerah": "MPKL", "UPI": null, "sts_warta": "Dalam Proses", "no_lot": "28948", "no_pt": null, "nama": "Jalan Tiung, Taman Mamanda", "gtn1": "Tanah Lapang dan Rekreasi", "gtn2": "Tanah Lapang", "gtn3": "Tanah Lapang Lain", "kod_gtn": "TLR107", "no_warta": null, "trkh_warta": "1899-12-30T00:00:00", "serah_PTD": "1899-12-30T00:00:00", "luas_h": 0.0561, "selenggara": null, "catatan": null, "tahun_data": 2025, "PBT": "MPKL" }, "geometry": { "type": "Polygon", "coordinates": [ [ [ 101.500473633516549, 2.938407457793681 ], [ 101.500445390393452, 2.938489306826566 ], [ 101.500667082793242, 2.938657738426265 ], [ 101.500734140667774, 2.938709195773935 ], [ 101.500787329830132, 2.938552665263426 ], [ 101.500682951913959, 2.938512271265406 ], [ 101.500691581085306, 2.938482009559553 ], [ 101.500691581085306, 2.938482009559553 ], [ 101.500473633516549, 2.938407457793681 ] ] ] } },
{ "type": "Feature", "properties": { "Tarikh_Moh": null, "Daerah": "MBDK", "UPI": null, "sts_warta": "Dalam Proses", "no_lot": "Plot 1", "no_pt": null, "nama": "Lorong Durian, Telok Gadong Besar", "gtn1": "Tanah Lapang dan Rekreasi", "gtn2": "Tanah Lapang", "gtn3": "Tanah Lapang Lain", "kod_gtn": "TLR107", "no_warta": null, "trkh_warta": null, "serah_PTD": null, "luas_h": 0.0588, "selenggara": null, "catatan": null, "tahun_data": 2025, "PBT": "MBDK" }, "geometry": { "type": "Polygon", "coordinates": [ [ [ 101.430875698581701, 3.032985031090795 ], [ 101.431090481423112, 3.03308970596298 ], [ 101.431176537757423, 3.032907460145235 ], [ 101.430961737034622, 3.032804919541566 ], [ 101.430875698581701, 3.032985031090795 ] ] ] } },
{ "type": "Feature", "properties": { "Tarikh_Moh": null, "Daerah": "MBDK", "UPI": null, "sts_warta": "Dalam Proses", "no_lot": "Plot 1", "no_pt": null, "nama": "Jalan Tengku Diaudin, Bandar Klang", "gtn1": "Tanah Lapang dan Rekreasi", "gtn2": "Tanah Lapang", "gtn3": "Tanah Lapang Lain", "kod_gtn": "TLR107", "no_warta": null, "trkh_warta": null, "serah_PTD": null, "luas_h": 0.2634, "selenggara": null, "catatan": null, "tahun_data": 2025, "PBT": "MBDK" }, "geometry": { "type": "Polygon", "coordinates": [ [ [ 101.44554783753442, 3.044080541487419 ], [ 101.445730695304931, 3.0442362163848 ], [ 101.44580359249089, 3.044150624570346 ], [ 101.445839231680694, 3.044180822331248 ], [ 101.446220182918168, 3.043729052744478 ], [ 101.445933777941391, 3.043526409104571 ], [ 101.44554783753442, 3.044080541487419 ] ] ] } },
{ "type": "Feature", "properties": { "Tarikh_Moh": null, "Daerah": "MBDK", "UPI": null, "sts_warta": "Dalam Proses", "no_lot": "Plot 1", "no_pt": null, "nama": "Jalan Sri Damak 55, Taman Sri Andalas", "gtn1": "Tanah Lapang dan Rekreasi", "gtn2": "Tanah Lapang", "gtn3": "Tanah Lapang Lain", "kod_gtn": "TLR107", "no_warta": null, "trkh_warta": null, "serah_PTD": null, "luas_h": 0.6621, "selenggara": null, "catatan": null, "tahun_data": 2025, "PBT": "MBDK" }, "geometry": { "type": "Polygon", "coordinates": [ [ [ 101.451613211316342, 3.017279723728201 ], [ 101.451657836076222, 3.017321424964367 ], [ 101.452521941245294, 3.017272426189017 ], [ 101.452561812036279, 3.017223458160176 ], [ 101.45254595060814, 3.016718354157209 ], [ 101.452503008177899, 3.016679646236764 ], [ 101.451613838912237, 3.016786349898627 ], [ 101.451581578193739, 3.016833138890339 ], [ 101.451613211316342, 3.017279723728201 ] ] ] } },
{ "type": "Feature", "properties": { "Tarikh_Moh": null, "Daerah": "MBDK", "UPI": null, "sts_warta": "Dalam Proses", "no_lot": "Plot 1", "no_pt": null, "nama": "Jalan Damar 2, Taman Kg Pendamar", "gtn1": "Tanah Lapang dan Rekreasi", "gtn2": "Tanah Lapang", "gtn3": "Tanah Lapang Lain", "kod_gtn": "TLR107", "no_warta": null, "trkh_warta": null, "serah_PTD": null, "luas_h": 0.7486, "selenggara": null, "catatan": null, "tahun_data": 2025, "PBT": "MBDK" }, "geometry": { "type": "Polygon", "coordinates": [ [ [ 101.429939096931221, 2.979644332532704 ], [ 101.429938043819405, 2.980431700287399 ], [ 101.429981127270565, 2.980476522526466 ], [ 101.430491095011263, 2.980469512806139 ], [ 101.430493353029078, 2.979945418744899 ], [ 101.430920410732583, 2.979943459102818 ], [ 101.430961647775547, 2.979900786024876 ], [ 101.430961922886624, 2.979825553579281 ], [ 101.430813078777831, 2.979826320709924 ], [ 101.430813193355519, 2.979596300631579 ], [ 101.429983932145305, 2.97960305295213 ], [ 101.429939096931221, 2.979644332532704 ] ] ] } },
{ "type": "Feature", "properties": { "Tarikh_Moh": null, "Daerah": "MBDK", "UPI": null, "sts_warta": "Dalam Proses", "no_lot": "Plot 1", "no_pt": null, "nama": "Jalan Damar 19A, Taman Kg Pendamar", "gtn1": "Tanah Lapang dan Rekreasi", "gtn2": "Tanah Lapang", "gtn3": "Tanah Lapang Lain", "kod_gtn": "TLR107", "no_warta": null, "trkh_warta": null, "serah_PTD": null, "luas_h": 0.0895, "selenggara": null, "catatan": null, "tahun_data": 2025, "PBT": "MBDK" }, "geometry": { "type": "Polygon", "coordinates": [ [ [ 101.435368010622241, 2.98014682852603 ], [ 101.435770475659908, 2.98015061604551 ], [ 101.435772328717178, 2.98000202400453 ], [ 101.435735550169241, 2.979965720654184 ], [ 101.435406612301378, 2.979963140031074 ], [ 101.435369863894294, 2.980002088088688 ], [ 101.435368010622241, 2.98014682852603 ] ] ] } },
{ "type": "Feature", "properties": { "Tarikh_Moh": null, "Daerah": "MBDK", "UPI": null, "sts_warta": "Dalam Proses", "no_lot": "Plot 6", "no_pt": null, "nama": "Jalan Cempakasari 6, Taman Cempakasari", "gtn1": "Tanah Lapang dan Rekreasi", "gtn2": "Tanah Lapang", "gtn3": "Taman Permainan", "kod_gtn": "TLR107", "no_warta": null, "trkh_warta": null, "serah_PTD": null, "luas_h": 0.6434, "selenggara": null, "catatan": null, "tahun_data": 2025, "PBT": "MBDK" }, "geometry": { "type": "Polygon", "coordinates": [ [ [ 101.41016152827909, 3.080491976080008 ], [ 101.411005648561314, 3.080477429810192 ], [ 101.411003094975811, 3.080364766788709 ], [ 101.410971885143596, 3.08028699030092 ], [ 101.41090717974194, 3.08005026442848 ], [ 101.410943984886416, 3.080028590182487 ], [ 101.410943894406415, 3.079826433306412 ], [ 101.41014322566582, 3.079844131203358 ], [ 101.41016152827909, 3.080491976080008 ] ] ] } },
{ "type": "Feature", "properties": { "Tarikh_Moh": null, "Daerah": "MBDK", "UPI": null, "sts_warta": "Dalam Proses", "no_lot": "Plot 5", "no_pt": null, "nama": "Jalan Padang, Pekan Kapar", "gtn1": "Tanah Lapang dan Rekreasi", "gtn2": "Tanah Lapang", "gtn3": "Padang Permainan", "kod_gtn": "TLR107", "no_warta": null, "trkh_warta": null, "serah_PTD": null, "luas_h": 0.7839, "selenggara": null, "catatan": null, "tahun_data": 2025, "PBT": "MBDK" }, "geometry": { "type": "Polygon", "coordinates": [ [ [ 101.372419247543661, 3.138777099952127 ], [ 101.372767009431229, 3.139767794268498 ], [ 101.373323050849322, 3.139556611816895 ], [ 101.373012282318044, 3.138567992813585 ], [ 101.372419247543661, 3.138777099952127 ] ] ] } },
{ "type": "Feature", "properties": { "Tarikh_Moh": null, "Daerah": "MBDK", "UPI": null, "sts_warta": "Dalam Proses", "no_lot": "Plot 4", "no_pt": null, "nama": "Jalan Kerayong 9, Taman Seri Kerayong", "gtn1": "Tanah Lapang dan Rekreasi", "gtn2": "Tanah Lapang", "gtn3": "Lot Permainan", "kod_gtn": "TLR107", "no_warta": null, "trkh_warta": null, "serah_PTD": null, "luas_h": 0.2781, "selenggara": null, "catatan": null, "tahun_data": 2025, "PBT": "MBDK" }, "geometry": { "type": "Polygon", "coordinates": [ [ [ 101.362368823128008, 3.142897189654726 ], [ 101.362245548595638, 3.142529694410514 ], [ 101.361746447297435, 3.142706794079788 ], [ 101.361713988845366, 3.14276220769031 ], [ 101.361796968407148, 3.143058824126688 ], [ 101.361853589625369, 3.143084090217182 ], [ 101.362368823128008, 3.142897189654726 ] ] ] } },
{ "type": "Feature", "properties": { "Tarikh_Moh": null, "Daerah": "MBDK", "UPI": null, "sts_warta": "Dalam Proses", "no_lot": "Plot 1", "no_pt": null, "nama": "Jalan Seri Kenangan 1, Taman Meru 3", "gtn1": "Tanah Lapang dan Rekreasi", "gtn2": "Tanah Lapang", "gtn3": "Tanah Lapang Lain", "kod_gtn": "TLR107", "no_warta": null, "trkh_warta": null, "serah_PTD": null, "luas_h": 0.2149, "selenggara": null, "catatan": null, "tahun_data": 2025, "PBT": "MBDK" }, "geometry": { "type": "Polygon", "coordinates": [ [ [ 101.443391051050526, 3.13562390030567 ], [ 101.443921941580697, 3.135688764471129 ], [ 101.443904876839255, 3.135824776580135 ], [ 101.44404979120695, 3.135842049113758 ], [ 101.444096774794701, 3.135482006425427 ], [ 101.443418603882392, 3.135398177844524 ], [ 101.443391051050526, 3.13562390030567 ] ] ] } },
{ "type": "Feature", "properties": { "Tarikh_Moh": null, "Daerah": "MBDK", "UPI": null, "sts_warta": "Dalam Proses", "no_lot": "Plot 3", "no_pt": null, "nama": "Jalan Kerayong 5, Taman Seri Kerayong", "gtn1": "Tanah Lapang dan Rekreasi", "gtn2": "Tanah Lapang", "gtn3": "Lot Permainan", "kod_gtn": "TLR107", "no_warta": null, "trkh_warta": null, "serah_PTD": null, "luas_h": 1.011, "selenggara": null, "catatan": null, "tahun_data": 2025, "PBT": "MBDK" }, "geometry": { "type": "Polygon", "coordinates": [ [ [ 101.364988634741977, 3.142005510017862 ], [ 101.365767014221234, 3.141712718078708 ], [ 101.365500819473965, 3.141001509385366 ], [ 101.3654442896799, 3.140832607737476 ], [ 101.365431465907847, 3.140794966917216 ], [ 101.364629803733322, 3.141093669751775 ], [ 101.364988634741977, 3.142005510017862 ] ] ] } },
{ "type": "Feature", "properties": { "Tarikh_Moh": null, "Daerah": "MBDK", "UPI": null, "sts_warta": "Dalam Proses", "no_lot": "Plot 2", "no_pt": null, "nama": "Jalan Seri Kenangan 6, Taman Meru 3", "gtn1": "Tanah Lapang dan Rekreasi", "gtn2": "Tanah Lapang", "gtn3": "Padang Permainan", "kod_gtn": "TLR107", "no_warta": null, "trkh_warta": null, "serah_PTD": null, "luas_h": 0.911, "selenggara": null, "catatan": null, "tahun_data": 2025, "PBT": "MBDK" }, "geometry": { "type": "Polygon", "coordinates": [ [ [ 101.443459113134978, 3.135130459781168 ], [ 101.444249532570481, 3.135229677018059 ], [ 101.444259061033407, 3.135217070892213 ], [ 101.444366585075699, 3.13434700147265 ], [ 101.444359966219892, 3.134310501679769 ], [ 101.443609103845745, 3.134220591741383 ], [ 101.443568832840214, 3.134257658299562 ], [ 101.443459113134978, 3.135130459781168 ] ] ] } },
{ "type": "Feature", "properties": { "Tarikh_Moh": null, "Daerah": "MBDK", "UPI": null, "sts_warta": "Dalam Proses", "no_lot": "Plot 1", "no_pt": null, "nama": "Lorong Durian, Telok Gadong Besar", "gtn1": "Tanah Lapang dan Rekreasi", "gtn2": "Tanah Lapang", "gtn3": "Tanah Lapang Lain", "kod_gtn": "TLR107", "no_warta": null, "trkh_warta": null, "serah_PTD": null, "luas_h": 0.0588, "selenggara": null, "catatan": null, "tahun_data": 2025, "PBT": "MBDK" }, "geometry": { "type": "Polygon", "coordinates": [ [ [ 101.430875698581701, 3.032985031090795 ], [ 101.431090481423112, 3.03308970596298 ], [ 101.431176537757423, 3.032907460145235 ], [ 101.430961737034622, 3.032804919541566 ], [ 101.430875698581701, 3.032985031090795 ] ] ] } },
{ "type": "Feature", "properties": { "Tarikh_Moh": null, "Daerah": "MBDK", "UPI": null, "sts_warta": "Dalam Proses", "no_lot": "Plot 1", "no_pt": null, "nama": "Jalan Tengku Diaudin, Bandar Klang", "gtn1": "Tanah Lapang dan Rekreasi", "gtn2": "Tanah Lapang", "gtn3": "Tanah Lapang Lain", "kod_gtn": "TLR107", "no_warta": null, "trkh_warta": null, "serah_PTD": null, "luas_h": 0.2634, "selenggara": null, "catatan": null, "tahun_data": 2025, "PBT": "MBDK" }, "geometry": { "type": "Polygon", "coordinates": [ [ [ 101.44554783753442, 3.044080541487419 ], [ 101.445730695304931, 3.0442362163848 ], [ 101.44580359249089, 3.044150624570346 ], [ 101.445839231680694, 3.044180822331248 ], [ 101.446220182918168, 3.043729052744478 ], [ 101.445933777941391, 3.043526409104571 ], [ 101.44554783753442, 3.044080541487419 ] ] ] } },
{ "type": "Feature", "properties": { "Tarikh_Moh": null, "Daerah": "MBDK", "UPI": null, "sts_warta": "Dalam Proses", "no_lot": "Plot 1", "no_pt": null, "nama": "Jalan Sri Damak 55, Taman Sri Andalas", "gtn1": "Tanah Lapang dan Rekreasi", "gtn2": "Tanah Lapang", "gtn3": "Tanah Lapang Lain", "kod_gtn": "TLR107", "no_warta": null, "trkh_warta": null, "serah_PTD": null, "luas_h": 0.6621, "selenggara": null, "catatan": null, "tahun_data": 2025, "PBT": "MBDK" }, "geometry": { "type": "Polygon", "coordinates": [ [ [ 101.451613211316342, 3.017279723728201 ], [ 101.451657836076222, 3.017321424964367 ], [ 101.452521941245294, 3.017272426189017 ], [ 101.452561812036279, 3.017223458160176 ], [ 101.45254595060814, 3.016718354157209 ], [ 101.452503008177899, 3.016679646236764 ], [ 101.451613838912237, 3.016786349898627 ], [ 101.451581578193739, 3.016833138890339 ], [ 101.451613211316342, 3.017279723728201 ] ] ] } },
{ "type": "Feature", "properties": { "Tarikh_Moh": null, "Daerah": "MBDK", "UPI": null, "sts_warta": "Dalam Proses", "no_lot": "Plot 1", "no_pt": null, "nama": "Jalan Damar 2, Taman Kg Pendamar", "gtn1": "Tanah Lapang dan Rekreasi", "gtn2": "Tanah Lapang", "gtn3": "Tanah Lapang Lain", "kod_gtn": "TLR107", "no_warta": null, "trkh_warta": null, "serah_PTD": null, "luas_h": 0.7486, "selenggara": null, "catatan": null, "tahun_data": 2025, "PBT": "MBDK" }, "geometry": { "type": "Polygon", "coordinates": [ [ [ 101.429939096931221, 2.979644332532704 ], [ 101.429938043819405, 2.980431700287399 ], [ 101.429981127270565, 2.980476522526466 ], [ 101.430491095011263, 2.980469512806139 ], [ 101.430493353029078, 2.979945418744899 ], [ 101.430920410732583, 2.979943459102818 ], [ 101.430961647775547, 2.979900786024876 ], [ 101.430961922886624, 2.979825553579281 ], [ 101.430813078777831, 2.979826320709924 ], [ 101.430813193355519, 2.979596300631579 ], [ 101.429983932145305, 2.97960305295213 ], [ 101.429939096931221, 2.979644332532704 ] ] ] } },
{ "type": "Feature", "properties": { "Tarikh_Moh": null, "Daerah": "MBDK", "UPI": null, "sts_warta": "Dalam Proses", "no_lot": "Plot 1", "no_pt": null, "nama": "Jalan Damar 19A, Taman Kg Pendamar", "gtn1": "Tanah Lapang dan Rekreasi", "gtn2": "Tanah Lapang", "gtn3": "Tanah Lapang Lain", "kod_gtn": "TLR107", "no_warta": null, "trkh_warta": null, "serah_PTD": null, "luas_h": 0.0895, "selenggara": null, "catatan": null, "tahun_data": 2025, "PBT": "MBDK" }, "geometry": { "type": "Polygon", "coordinates": [ [ [ 101.435368010622241, 2.98014682852603 ], [ 101.435770475659908, 2.98015061604551 ], [ 101.435772328717178, 2.98000202400453 ], [ 101.435735550169241, 2.979965720654184 ], [ 101.435406612301378, 2.979963140031074 ], [ 101.435369863894294, 2.980002088088688 ], [ 101.435368010622241, 2.98014682852603 ] ] ] } },
{ "type": "Feature", "properties": { "Tarikh_Moh": null, "Daerah": "MPHS", "UPI": "1007450284531", "sts_warta": "Warta", "no_lot": "4531", "no_pt": null, "nama": null, "gtn1": "Tanah Lapang dan Rekreasi", "gtn2": "Tanah Lapang", "gtn3": "Lot Permainan", "kod_gtn": "TLR106", "no_warta": "3668", "trkh_warta": null, "serah_PTD": null, "luas_h": 0.3874, "selenggara": null, "catatan": null, "tahun_data": 2025, "PBT": "MPHS" }, "geometry": { "type": "Polygon", "coordinates": [ [ [ 101.596424841753588, 3.359501131302287 ], [ 101.596469843831727, 3.359541554089299 ], [ 101.59705842262855, 3.359531190335014 ], [ 101.597084518180623, 3.359491936812312 ], [ 101.596896381605418, 3.359014609453254 ], [ 101.596840580418089, 3.358979794974439 ], [ 101.596423898285764, 3.359016370748921 ], [ 101.596386103622933, 3.359061142179874 ], [ 101.596424841753588, 3.359501131302287 ] ] ] } },
{ "type": "Feature", "properties": { "Tarikh_Moh": null, "Daerah": "MPHS", "UPI": null, "sts_warta": "Warta", "no_lot": "10159", "no_pt": null, "nama": null, "gtn1": "Tanah Lapang dan Rekreasi", "gtn2": "Tanah Lapang", "gtn3": "Lot Permainan", "kod_gtn": "TLR106", "no_warta": "3683", "trkh_warta": null, "serah_PTD": null, "luas_h": 0.2358, "selenggara": null, "catatan": null, "tahun_data": 2025, "PBT": "MPHS" }, "geometry": { "type": "Polygon", "coordinates": [ [ [ 101.663477148849765, 3.416729595183184 ], [ 101.662846263624786, 3.416917631840916 ], [ 101.662824671664083, 3.416971175862489 ], [ 101.662788677654632, 3.417014140719903 ], [ 101.662817494396208, 3.417114343682502 ], [ 101.662868800163054, 3.417142462258684 ], [ 101.663472686713021, 3.416965915852463 ], [ 101.663509648192147, 3.417342773690783 ], [ 101.663528580068629, 3.417538121201053 ], [ 101.663542102859964, 3.417677758496128 ], [ 101.663561034752661, 3.417873106003802 ], [ 101.663597996287933, 3.418249782948306 ], [ 101.663624995733727, 3.418242000714786 ], [ 101.663477148849765, 3.416729595183184 ] ] ] } },
{ "type": "Feature", "properties": { "Tarikh_Moh": null, "Daerah": "MPHS", "UPI": null, "sts_warta": "Warta", "no_lot": "10599", "no_pt": null, "nama": null, "gtn1": "Tanah Lapang dan Rekreasi", "gtn2": "Kawasan Hijau", "gtn3": "Kawasan Hijau", "kod_gtn": "TLR302", "no_warta": "262", "trkh_warta": null, "serah_PTD": null, "luas_h": 0.3157, "selenggara": null, "catatan": null, "tahun_data": 2025, "PBT": "MPHS" }, "geometry": { "type": "Polygon", "coordinates": [ [ [ 101.660825243558733, 3.413936688841424 ], [ 101.660850442940827, 3.413929359177295 ], [ 101.660791910400761, 3.413731033357701 ], [ 101.660745084421521, 3.413572589754331 ], [ 101.66064783030032, 3.413242137094584 ], [ 101.660601004357673, 3.413083603040337 ], [ 101.660502850352685, 3.412753331381464 ], [ 101.660460526586164, 3.412607729536281 ], [ 101.660363272716566, 3.41227754815263 ], [ 101.661145351259535, 3.41204444993805 ], [ 101.661203883740242, 3.412242685304182 ], [ 101.661205683661152, 3.412241961495963 ], [ 101.661233576084157, 3.412190587062786 ], [ 101.661093998467933, 3.411716612749512 ], [ 101.661046294387546, 3.411696542654779 ], [ 101.660742114253111, 3.411859383308594 ], [ 101.660738522523317, 3.411912291342905 ], [ 101.660721429947984, 3.411961493481503 ], [ 101.660691736841926, 3.412008888822752 ], [ 101.660653041933983, 3.41204597542301 ], [ 101.660603545260614, 3.412073205767987 ], [ 101.660545946319544, 3.412087052262669 ], [ 101.660491045009792, 3.412085523506955 ], [ 101.660434341232261, 3.412068529775951 ], [ 101.660488364186151, 3.412207708518392 ], [ 101.660358769684308, 3.412258827765303 ], [ 101.660304746731683, 3.412119558574886 ], [ 101.660274148025778, 3.412131591965473 ], [ 101.660565904308299, 3.413087859308169 ], [ 101.660594719430364, 3.413180103632498 ], [ 101.660825243558733, 3.413936688841424 ] ] ] } },
{ "type": "Feature", "properties": { "Tarikh_Moh": null, "Daerah": "MPHS", "UPI": null, "sts_warta": "Warta", "no_lot": "10601", "no_pt": null, "nama": null, "gtn1": "Tanah Lapang dan Rekreasi", "gtn2": "Kawasan Hijau", "gtn3": "Kawasan Hijau", "kod_gtn": "TLR302", "no_warta": "2416", "trkh_warta": null, "serah_PTD": null, "luas_h": 0.5556, "selenggara": null, "catatan": null, "tahun_data": 2025, "PBT": "MPHS" }, "geometry": { "type": "Polygon", "coordinates": [ [ [ 101.661246081231042, 3.41158924880801 ], [ 101.661219091029494, 3.411654460433477 ], [ 101.661223593646085, 3.411670467613275 ], [ 101.661257797242939, 3.411689092813456 ], [ 101.661940877909061, 3.411485402814469 ], [ 101.661932773360775, 3.41145772944293 ], [ 101.66197237220851, 3.411445784997349 ], [ 101.661980476786553, 3.411473639248712 ], [ 101.662093873542034, 3.411439796450503 ], [ 101.662158694569214, 3.411564322061085 ], [ 101.662104696093721, 3.411580338631349 ], [ 101.662185722189889, 3.411734706870331 ], [ 101.662282053762596, 3.411921450196192 ], [ 101.662336052282797, 3.411905614495509 ], [ 101.662416178500067, 3.412060435056286 ], [ 101.662489101690184, 3.412196987868438 ], [ 101.662653854457957, 3.412507351745131 ], [ 101.662733079808874, 3.412656203371706 ], [ 101.662780795098811, 3.412745912251126 ], [ 101.662888832975923, 3.412969191412255 ], [ 101.662961758564208, 3.413119852834203 ], [ 101.66302748165343, 3.413255683237613 ], [ 101.663098612405236, 3.413438541609908 ], [ 101.663171543962349, 3.413626012128434 ], [ 101.663232770459075, 3.413783277542958 ], [ 101.663284098607107, 3.413952030446644 ], [ 101.663331824999446, 3.414110202438817 ], [ 101.663413769686045, 3.414377620512495 ], [ 101.663427280171859, 3.414441107266587 ], [ 101.663462406947502, 3.414603079774557 ], [ 101.663528156732184, 3.414903963291143 ], [ 101.663535362792288, 3.414940680798531 ], [ 101.663569589689445, 3.415103286525853 ], [ 101.663636243437182, 3.415428226945589 ], [ 101.663694741998683, 3.415410943389505 ], [ 101.663587556127439, 3.41489192512184 ], [ 101.663472268537305, 3.414362507534489 ], [ 101.663289468398375, 3.413762919343554 ], [ 101.663083278751657, 3.413230350991793 ], [ 101.662833891527768, 3.412716872412355 ], [ 101.662468374568618, 3.412029405701275 ], [ 101.662044336444708, 3.411212257104523 ], [ 101.661984032337685, 3.411193455239609 ], [ 101.661246081231042, 3.41158924880801 ] ] ] } },
{ "type": "Feature", "properties": { "Tarikh_Moh": null, "Daerah": "MPHS", "UPI": null, "sts_warta": "Warta", "no_lot": "10403", "no_pt": null, "nama": null, "gtn1": "Tanah Lapang dan Rekreasi", "gtn2": "Kawasan Hijau", "gtn3": "Kawasan Hijau", "kod_gtn": "TLR302", "no_warta": "2415", "trkh_warta": null, "serah_PTD": null, "luas_h": 0.4523, "selenggara": null, "catatan": null, "tahun_data": 2025, "PBT": "MPHS" }, "geometry": { "type": "Polygon", "coordinates": [ [ [ 101.660861263228782, 3.414056425796954 ], [ 101.660861263228782, 3.414056425796954 ], [ 101.66101794759868, 3.4145690153046 ], [ 101.661113400100476, 3.414887710980742 ], [ 101.661322313055706, 3.415571404739697 ], [ 101.661533925101011, 3.416246958389096 ], [ 101.661584323729002, 3.416230761537038 ], [ 101.661507780327028, 3.415968587961678 ], [ 101.661337585056316, 3.415392421343291 ], [ 101.6612421313353, 3.415066852251068 ], [ 101.661052124635205, 3.414418969722687 ], [ 101.661011603499091, 3.414290822565733 ], [ 101.661742385175501, 3.414075277369176 ], [ 101.661769377872048, 3.414025621427351 ], [ 101.661718048907247, 3.413850085423578 ], [ 101.661666743223833, 3.413821152813445 ], [ 101.661671243319432, 3.413821152092423 ], [ 101.660861263228782, 3.414056425796954 ] ] ] } },
{ "type": "Feature", "properties": { "Tarikh_Moh": null, "Daerah": "MPHS", "UPI": "10074502011210", "sts_warta": "Warta", "no_lot": "11201", "no_pt": null, "nama": null, "gtn1": "Tanah Lapang dan Rekreasi", "gtn2": "Tanah Lapang", "gtn3": "Tanah Lapang Lain", "kod_gtn": "TLR107", "no_warta": "1154", "trkh_warta": null, "serah_PTD": null, "luas_h": 1.8569, "selenggara": null, "catatan": null, "tahun_data": 2025, "PBT": "MPHS" }, "geometry": { "type": "Polygon", "coordinates": [ [ [ 101.562704872401426, 3.409081242030908 ], [ 101.563777690294486, 3.409087240010549 ], [ 101.563834388122572, 3.409033243812687 ], [ 101.563854118103492, 3.407808137130283 ], [ 101.563800114137749, 3.407753152500667 ], [ 101.562711997661253, 3.407750139923699 ], [ 101.56270575694856, 3.408806212748868 ], [ 101.562704872401426, 3.409081242030908 ] ] ] } },
{ "type": "Feature", "properties": { "Tarikh_Moh": null, "Daerah": "MPHS", "UPI": "1007450209419", "sts_warta": "Warta", "no_lot": "9419", "no_pt": null, "nama": null, "gtn1": "Tanah Lapang dan Rekreasi", "gtn2": "Tanah Lapang", "gtn3": "Tanah Lapang Lain", "kod_gtn": "TLR107", "no_warta": "1471", "trkh_warta": null, "serah_PTD": null, "luas_h": 3.631, "selenggara": null, "catatan": null, "tahun_data": 2025, "PBT": "MPHS" }, "geometry": { "type": "Polygon", "coordinates": [ [ [ 101.552902730821103, 3.407319155515235 ], [ 101.552893648625627, 3.405537932063091 ], [ 101.551295227927724, 3.405528961034135 ], [ 101.551239429658608, 3.405583951306268 ], [ 101.551230501185174, 3.40719912702526 ], [ 101.551340307707591, 3.407310182923583 ], [ 101.552902730821103, 3.407319155515235 ] ] ] } },
{ "type": "Feature", "properties": { "Tarikh_Moh": null, "Daerah": "MPHS", "UPI": null, "sts_warta": "Dalam Proses", "no_lot": null, "no_pt": null, "nama": null, "gtn1": "Tanah Lapang dan Rekreasi", "gtn2": "Tanah Lapang", "gtn3": "Lot Permainan", "kod_gtn": "TLR106", "no_warta": null, "trkh_warta": null, "serah_PTD": null, "luas_h": 1.7824, "selenggara": null, "catatan": null, "tahun_data": 2025, "PBT": "MPHS" }, "geometry": { "type": "Polygon", "coordinates": [ [ [ 101.652429527129215, 3.459655095788352 ], [ 101.652387217981214, 3.459613861579735 ], [ 101.651638366342169, 3.459613794632502 ], [ 101.651596969698701, 3.459655132018363 ], [ 101.651597085692487, 3.460427037860065 ], [ 101.651555689026992, 3.460468465685014 ], [ 101.650837438853699, 3.460468393488237 ], [ 101.650837447101011, 3.460523561921117 ], [ 101.650782543278098, 3.46052366064671 ], [ 101.650897787511482, 3.460765570399781 ], [ 101.650545888820645, 3.460939811024315 ], [ 101.65070975030001, 3.461274233649074 ], [ 101.650765557149242, 3.461293669841488 ], [ 101.651076956756725, 3.46114403495237 ], [ 101.65239095425791, 3.46051410127375 ], [ 101.652428747958183, 3.460454947713819 ], [ 101.652429527129215, 3.459655095788352 ] ] ] } },
{ "type": "Feature", "properties": { "Tarikh_Moh": null, "Daerah": "MPHS", "UPI": null, "sts_warta": "Dalam Proses", "no_lot": null, "no_pt": null, "nama": null, "gtn1": "Tanah Lapang dan Rekreasi", "gtn2": "Tanah Lapang", "gtn3": "Lot Permainan", "kod_gtn": "TLR106", "no_warta": null, "trkh_warta": null, "serah_PTD": null, "luas_h": 0.4585, "selenggara": null, "catatan": null, "tahun_data": 2025, "PBT": "MPHS" }, "geometry": { "type": "Polygon", "coordinates": [ [ [ 101.653700477777221, 3.460068121573165 ], [ 101.65306773394893, 3.460068761412264 ], [ 101.653067761162319, 3.460248013582748 ], [ 101.652937252080747, 3.460248033579195 ], [ 101.652936421368054, 3.460705208147432 ], [ 101.652974227927942, 3.460730977769298 ], [ 101.653700533160375, 3.460431328785585 ], [ 101.653700477777221, 3.460068121573165 ] ] ] } },
{ "type": "Feature", "properties": { "Tarikh_Moh": null, "Daerah": "MPHS", "UPI": null, "sts_warta": "Dalam Proses", "no_lot": "27408", "no_pt": null, "nama": null, "gtn1": "Tanah Lapang dan Rekreasi", "gtn2": "Tanah Lapang", "gtn3": "Tanah Lapang Lain", "kod_gtn": "TLR107", "no_warta": null, "trkh_warta": null, "serah_PTD": null, "luas_h": 0.736, "selenggara": null, "catatan": null, "tahun_data": 2025, "PBT": "MPHS" }, "geometry": { "type": "Polygon", "coordinates": [ [ [ 101.652880171537191, 3.457763382806856 ], [ 101.652877407204173, 3.4573399428995 ], [ 101.651413009683452, 3.457339623116998 ], [ 101.651414854032339, 3.457634547871329 ], [ 101.651593065945349, 3.457634520868902 ], [ 101.65159038529363, 3.457764574079111 ], [ 101.652500346286956, 3.457764706996962 ], [ 101.652880171537191, 3.457763382806856 ] ] ] } },
{ "type": "Feature", "properties": { "Tarikh_Moh": null, "Daerah": "MPHS", "UPI": null, "sts_warta": "Dalam Proses", "no_lot": null, "no_pt": null, "nama": null, "gtn1": "Tanah Lapang dan Rekreasi", "gtn2": "Tanah Lapang", "gtn3": "Tanah Lapang Lain", "kod_gtn": "TLR107", "no_warta": null, "trkh_warta": null, "serah_PTD": null, "luas_h": 0.3412, "selenggara": null, "catatan": null, "tahun_data": 2025, "PBT": "MPHS" }, "geometry": { "type": "Polygon", "coordinates": [ [ [ 101.609824742872021, 3.370732518826151 ], [ 101.609972327466437, 3.37061692057422 ], [ 101.609972312163649, 3.37046959322696 ], [ 101.609311669604665, 3.369908027636996 ], [ 101.609122697085411, 3.37013107324775 ], [ 101.609786941388933, 3.370709822254221 ], [ 101.609824742872021, 3.370732518826151 ] ] ] } },
{ "type": "Feature", "properties": { "Tarikh_Moh": null, "Daerah": "MPHS", "UPI": null, "sts_warta": "Dalam Proses", "no_lot": "15724", "no_pt": null, "nama": null, "gtn1": "Tanah Lapang dan Rekreasi", "gtn2": "Tanah Lapang", "gtn3": "Tanah Lapang Lain", "kod_gtn": "TLR107", "no_warta": null, "trkh_warta": null, "serah_PTD": null, "luas_h": 0.1073, "selenggara": null, "catatan": null, "tahun_data": 2025, "PBT": "MPHS" }, "geometry": { "type": "Polygon", "coordinates": [ [ [ 101.64147154248829, 3.448689575581181 ], [ 101.64205206438352, 3.448607374192741 ], [ 101.641992619535898, 3.448310829453394 ], [ 101.641555239465461, 3.448633310063696 ], [ 101.64147154248829, 3.448689575581181 ] ] ] } },
{ "type": "Feature", "properties": { "Tarikh_Moh": null, "Daerah": "MPHS", "UPI": null, "sts_warta": "Dalam Proses", "no_lot": "15722", "no_pt": null, "nama": null, "gtn1": "Tanah Lapang dan Rekreasi", "gtn2": "Tanah Lapang", "gtn3": "Lot Permainan", "kod_gtn": "TLR106", "no_warta": null, "trkh_warta": null, "serah_PTD": null, "luas_h": 0.4275, "selenggara": null, "catatan": null, "tahun_data": 2025, "PBT": "MPHS" }, "geometry": { "type": "Polygon", "coordinates": [ [ [ 101.641335541357307, 3.448018438592633 ], [ 101.641424734914793, 3.448654491394336 ], [ 101.641523731359484, 3.44858809443729 ], [ 101.641961111471005, 3.448265975602057 ], [ 101.641980910667414, 3.448252135472045 ], [ 101.641871928029829, 3.447704626391076 ], [ 101.641853924665881, 3.447687807066807 ], [ 101.641486746973754, 3.447997073488104 ], [ 101.641335541357307, 3.448018438592633 ] ] ] } },
{ "type": "Feature", "properties": { "Tarikh_Moh": null, "Daerah": "MPHS", "UPI": null, "sts_warta": "Warta", "no_lot": "18615", "no_pt": null, "nama": null, "gtn1": "Tanah Lapang dan Rekreasi", "gtn2": "Tanah Lapang", "gtn3": "Tanah Lapang Lain", "kod_gtn": "TLR107", "no_warta": "169", "trkh_warta": null, "serah_PTD": null, "luas_h": 0.7092, "selenggara": null, "catatan": null, "tahun_data": 2025, "PBT": "MPHS" }, "geometry": { "type": "Polygon", "coordinates": [ [ [ 101.581347676498766, 3.419650127408469 ], [ 101.581561866531217, 3.419441917345354 ], [ 101.582017259597919, 3.419189825090269 ], [ 101.582032555694852, 3.419133389138566 ], [ 101.581931738323448, 3.418941120752726 ], [ 101.581875935545185, 3.418924122267676 ], [ 101.581584339637814, 3.419079882942976 ], [ 101.580422430635437, 3.419374445112797 ], [ 101.580303625969563, 3.419354918960751 ], [ 101.579723082686499, 3.418981896124107 ], [ 101.579721287445949, 3.419046832425008 ], [ 101.579804093568285, 3.419099643391792 ], [ 101.580775266452221, 3.419724332087728 ], [ 101.581109151218058, 3.419401434683844 ], [ 101.581347676498766, 3.419650127408469 ] ] ] } },
{ "type": "Feature", "properties": { "Tarikh_Moh": null, "Daerah": "MPHS", "UPI": null, "sts_warta": "Warta", "no_lot": "32933", "no_pt": null, "nama": null, "gtn1": "Tanah Lapang dan Rekreasi", "gtn2": "Tanah Lapang", "gtn3": "Lot Permainan", "kod_gtn": "TLR106", "no_warta": "4466", "trkh_warta": null, "serah_PTD": null, "luas_h": 0.7799, "selenggara": null, "catatan": null, "tahun_data": 2025, "PBT": "MPHS" }, "geometry": { "type": "Polygon", "coordinates": [ [ [ 101.546469850523636, 3.440444580853891 ], [ 101.545756138693022, 3.441034642162352 ], [ 101.545882145052417, 3.441037712151301 ], [ 101.545880350689799, 3.441183682952042 ], [ 101.547441927760516, 3.441171681684672 ], [ 101.546745273701589, 3.440686588120124 ], [ 101.546495953274501, 3.440481569908165 ], [ 101.546469850523636, 3.440444580853891 ] ] ] } },
{ "type": "Feature", "properties": { "Tarikh_Moh": null, "Daerah": "MPHS", "UPI": null, "sts_warta": "Warta", "no_lot": "13349", "no_pt": null, "nama": null, "gtn1": "Tanah Lapang dan Rekreasi", "gtn2": "Tanah Lapang", "gtn3": "Tanah Lapang Lain", "kod_gtn": "TLR107", "no_warta": "1471", "trkh_warta": null, "serah_PTD": null, "luas_h": 4.3391, "selenggara": null, "catatan": null, "tahun_data": 2025, "PBT": "MPHS" }, "geometry": { "type": "Polygon", "coordinates": [ [ [ 101.598204435254729, 3.412116459117087 ], [ 101.597174653098378, 3.410352788144672 ], [ 101.595818407038081, 3.411213814451652 ], [ 101.59603898499428, 3.412027847604282 ], [ 101.596075007492558, 3.41226796335378 ], [ 101.596079574340507, 3.413003152293398 ], [ 101.596134480424794, 3.413057773209314 ], [ 101.596528688259738, 3.413055204626139 ], [ 101.596570085307448, 3.413013598263405 ], [ 101.596565539894129, 3.412517262216197 ], [ 101.597265753414007, 3.41251267538672 ], [ 101.598204435254729, 3.412116459117087 ] ] ] } },
{ "type": "Feature", "properties": { "Tarikh_Moh": null, "Daerah": "MPHS", "UPI": null, "sts_warta": "Warta", "no_lot": "13045", "no_pt": null, "nama": null, "gtn1": "Tanah Lapang dan Rekreasi", "gtn2": "Tanah Lapang", "gtn3": "Tanah Lapang Lain", "kod_gtn": "TLR107", "no_warta": "1471", "trkh_warta": null, "serah_PTD": null, "luas_h": 3.6319, "selenggara": null, "catatan": null, "tahun_data": 2025, "PBT": "MPHS" }, "geometry": { "type": "Polygon", "coordinates": [ [ [ 101.597526339295541, 3.417716857978712 ], [ 101.596165505680929, 3.417725666302668 ], [ 101.596112409373418, 3.417781020651467 ], [ 101.596125194139219, 3.419807515458556 ], [ 101.59754003380128, 3.419816337931641 ], [ 101.597526339295541, 3.417716857978712 ] ] ] } },
{ "type": "Feature", "properties": { "Tarikh_Moh": null, "Daerah": "MPHS", "UPI": null, "sts_warta": "Warta", "no_lot": "24040", "no_pt": null, "nama": null, "gtn1": "Tanah Lapang dan Rekreasi", "gtn2": "Tanah Lapang", "gtn3": "Tanah Lapang Lain", "kod_gtn": "TLR107", "no_warta": "1154", "trkh_warta": null, "serah_PTD": null, "luas_h": 2.0545, "selenggara": null, "catatan": null, "tahun_data": 2025, "PBT": "MPHS" }, "geometry": { "type": "Polygon", "coordinates": [ [ [ 101.567102308497269, 3.40849158222147 ], [ 101.56714005283709, 3.407566374748568 ], [ 101.567008650893655, 3.407566382806239 ], [ 101.566879048987744, 3.407566571616676 ], [ 101.566713446538415, 3.407566581723539 ], [ 101.566548744113248, 3.407566772627896 ], [ 101.566384941690501, 3.407566782568655 ], [ 101.566220239265263, 3.407566973416611 ], [ 101.566027636421907, 3.407567075476738 ], [ 101.565688311808628, 3.40723662666836 ], [ 101.565568603160131, 3.407119694402562 ], [ 101.565568603277839, 3.407121684091156 ], [ 101.565562319094639, 3.407390563748017 ], [ 101.566951121182043, 3.40874012166787 ], [ 101.56740208774653, 3.409711514121643 ], [ 101.567784594390261, 3.409713751453825 ], [ 101.567824133616412, 3.408715106284438 ], [ 101.56777192939137, 3.408659940891606 ], [ 101.567262521193726, 3.40865852532799 ], [ 101.567102308497269, 3.40849158222147 ] ] ] } },
{ "type": "Feature", "properties": { "Tarikh_Moh": null, "Daerah": "MPHS", "UPI": null, "sts_warta": "Warta", "no_lot": "16926", "no_pt": null, "nama": null, "gtn1": "Tanah Lapang dan Rekreasi", "gtn2": "Tanah Lapang", "gtn3": "Tanah Lapang Lain", "kod_gtn": "TLR107", "no_warta": "1154", "trkh_warta": null, "serah_PTD": null, "luas_h": 3.5725, "selenggara": null, "catatan": null, "tahun_data": 2025, "PBT": "MPHS" }, "geometry": { "type": "Polygon", "coordinates": [ [ [ 101.604331795067196, 3.403450145208823 ], [ 101.604320080923614, 3.403308607286045 ], [ 101.604206542673694, 3.401922892087224 ], [ 101.602777343904179, 3.402067195624929 ], [ 101.602618043727659, 3.402080325130704 ], [ 101.602566749035617, 3.402139749459491 ], [ 101.602734349384548, 3.404180609267126 ], [ 101.603374216767349, 3.403774378627216 ], [ 101.604331795067196, 3.403450145208823 ] ] ] } },
{ "type": "Feature", "properties": { "Tarikh_Moh": null, "Daerah": "MBDK", "UPI": null, "sts_warta": "Warta", "no_lot": "Plot 1", "no_pt": null, "nama": "Jalan 1, Taman Sri 12", "gtn1": "Tanah Lapang dan Rekreasi", "gtn2": "Tanah Lapang", "gtn3": "Lot Permainan", "kod_gtn": "TLR106", "no_warta": null, "trkh_warta": "1899-12-30T00:00:00", "serah_PTD": null, "luas_h": 0.279, "selenggara": null, "catatan": "JUL-DIS 2025", "tahun_data": 2025, "PBT": "MBDK" }, "geometry": { "type": "Polygon", "coordinates": [ [ [ 101.355525211290598, 3.1449705802015 ], [ 101.35591548669386, 3.144828890858717 ], [ 101.355739851922209, 3.144349059235136 ], [ 101.355682754240107, 3.144322788928476 ], [ 101.355377203690239, 3.144439250441523 ], [ 101.355354307510993, 3.144500326160188 ], [ 101.355525211290598, 3.1449705802015 ] ] ] } },
{ "type": "Feature", "properties": { "Tarikh_Moh": null, "Daerah": "MBDK", "UPI": null, "sts_warta": "Warta", "no_lot": "Plot 2", "no_pt": null, "nama": "Jalan 5, Taman Sri 12", "gtn1": "Tanah Lapang dan Rekreasi", "gtn2": "Tanah Lapang", "gtn3": "Lot Permainan", "kod_gtn": "TLR106", "no_warta": null, "trkh_warta": "1899-12-30T00:00:00", "serah_PTD": null, "luas_h": 0.9114, "selenggara": null, "catatan": "JUL-DIS 2025", "tahun_data": 2025, "PBT": "MBDK" }, "geometry": { "type": "Polygon", "coordinates": [ [ [ 101.357133662981994, 3.145970261541486 ], [ 101.356796519767997, 3.145052959909259 ], [ 101.356086001344536, 3.14531705971876 ], [ 101.356428478334763, 3.146239064886335 ], [ 101.357133662981994, 3.145970261541486 ] ] ] } },
{ "type": "Feature", "properties": { "Tarikh_Moh": null, "Daerah": "MBDK", "UPI": null, "sts_warta": "Warta", "no_lot": "Plot 3", "no_pt": null, "nama": "Lorong 8, off Jalan Bukit Jati, Kg Jawa", "gtn1": "Tanah Lapang dan Rekreasi", "gtn2": "Tanah Lapang", "gtn3": "Tanah Lapang Lain", "kod_gtn": "TLR107", "no_warta": null, "trkh_warta": "1899-12-30T00:00:00", "serah_PTD": null, "luas_h": 0.0245, "selenggara": null, "catatan": "JUL-DIS 2025", "tahun_data": 2025, "PBT": "MBDK" }, "geometry": { "type": "Polygon", "coordinates": [ [ [ 101.462690399130324, 3.032000997092155 ], [ 101.462820018862075, 3.031970100963017 ], [ 101.462782097887157, 3.031853032109025 ], [ 101.462756272350688, 3.031828215859693 ], [ 101.462682525280727, 3.031844264945289 ], [ 101.462648268342988, 3.031880383033656 ], [ 101.462690399130324, 3.032000997092155 ] ] ] } },
{ "type": "Feature", "properties": { "Tarikh_Moh": null, "Daerah": "MBDK", "UPI": null, "sts_warta": "Warta", "no_lot": "Plot 4", "no_pt": null, "nama": "Lorong 8, off Jalan Bukit Jati, Kg Jawa", "gtn1": "Tanah Lapang dan Rekreasi", "gtn2": "Tanah Lapang", "gtn3": "Tanah Lapang Lain", "kod_gtn": "TLR107", "no_warta": null, "trkh_warta": "1899-12-30T00:00:00", "serah_PTD": null, "luas_h": 0.032, "selenggara": null, "catatan": "JUL-DIS 2025", "tahun_data": 2025, "PBT": "MBDK" }, "geometry": { "type": "Polygon", "coordinates": [ [ [ 101.462614546882605, 3.031799786531591 ], [ 101.462662790794752, 3.031795113051334 ], [ 101.462732940408074, 3.031759041648046 ], [ 101.462738177033259, 3.031730582162594 ], [ 101.462680943687829, 3.03158165248257 ], [ 101.462550081764334, 3.031633059062341 ], [ 101.462614546882605, 3.031799786531591 ] ] ] } },
{ "type": "Feature", "properties": { "Tarikh_Moh": null, "Daerah": "MBDK", "UPI": null, "sts_warta": "Warta", "no_lot": "Plot 5", "no_pt": null, "nama": "Jalan Sri Kenangan 5, Taman Muhibbah", "gtn1": "Tanah Lapang dan Rekreasi", "gtn2": "Tanah Lapang", "gtn3": "Tanah Lapang Lain", "kod_gtn": "TLR107", "no_warta": null, "trkh_warta": "1899-12-30T00:00:00", "serah_PTD": null, "luas_h": 0.3598, "selenggara": null, "catatan": "JUL-DIS 2025", "tahun_data": 2025, "PBT": "MBDK" }, "geometry": { "type": "Polygon", "coordinates": [ [ [ 101.44279068977707, 3.133487772145583 ], [ 101.442745757230398, 3.133848800709262 ], [ 101.442725477244281, 3.134026918617894 ], [ 101.443269114559087, 3.134098177846644 ], [ 101.443305225547618, 3.133816884536391 ], [ 101.443279000848548, 3.133814450259579 ], [ 101.443307841535642, 3.133551478469105 ], [ 101.44279068977707, 3.133487772145583 ] ] ] } },
{ "type": "Feature", "properties": { "Tarikh_Moh": null, "Daerah": "MBDK", "UPI": null, "sts_warta": "Warta", "no_lot": "Plot 6", "no_pt": null, "nama": "Lorong Sri Kenangan 1A, Taman Muhibbah", "gtn1": "Tanah Lapang dan Rekreasi", "gtn2": "Tanah Lapang", "gtn3": "Lot Permainan", "kod_gtn": "TLR106", "no_warta": null, "trkh_warta": "1899-12-30T00:00:00", "serah_PTD": null, "luas_h": 0.1191, "selenggara": null, "catatan": "JUL-DIS 2025", "tahun_data": 2025, "PBT": "MBDK" }, "geometry": { "type": "Polygon", "coordinates": [ [ [ 101.444239919153461, 3.135625678864381 ], [ 101.444206859169697, 3.135890124497371 ], [ 101.444243499773748, 3.13592849791884 ], [ 101.444536678950897, 3.135926688709897 ], [ 101.44455227065113, 3.135914752330214 ], [ 101.444588711830207, 3.135674253856649 ], [ 101.444410159161478, 3.13564875882992 ], [ 101.444239919153461, 3.135625678864381 ] ] ] } },
{ "type": "Feature", "properties": { "Tarikh_Moh": null, "Daerah": "MBDK", "UPI": null, "sts_warta": "Warta", "no_lot": "Plot 7", "no_pt": null, "nama": "Jalan Bendahara 55, Bandar Sentosa", "gtn1": "Tanah Lapang dan Rekreasi", "gtn2": "Tanah Lapang", "gtn3": "Tanah Lapang Lain", "kod_gtn": "TLR107", "no_warta": null, "trkh_warta": "1899-12-30T00:00:00", "serah_PTD": null, "luas_h": 0.1965, "selenggara": null, "catatan": "JUL-DIS 2025", "tahun_data": 2025, "PBT": "MBDK" }, "geometry": { "type": "Polygon", "coordinates": [ [ [ 101.468043242630912, 3.017751282982828 ], [ 101.468503298805572, 3.01757788233007 ], [ 101.468361704079271, 3.017204880583561 ], [ 101.468143595564555, 3.017280367464739 ], [ 101.468193569828998, 3.017420831974909 ], [ 101.467952809982464, 3.017510480037329 ], [ 101.468043242630912, 3.017751282982828 ] ] ] } },
{ "type": "Feature", "properties": { "Tarikh_Moh": null, "Daerah": "MBDK", "UPI": null, "sts_warta": "Warta", "no_lot": "Plot 8", "no_pt": null, "nama": "Jalan Sambau 16, Telok Gadong Besar", "gtn1": "Tanah Lapang dan Rekreasi", "gtn2": "Tanah Lapang", "gtn3": "Tanah Lapang Lain", "kod_gtn": "TLR107", "no_warta": null, "trkh_warta": "1899-12-30T00:00:00", "serah_PTD": null, "luas_h": 0.023, "selenggara": null, "catatan": "JUL-DIS 2025", "tahun_data": 2025, "PBT": "MBDK" }, "geometry": { "type": "Polygon", "coordinates": [ [ [ 101.426631013214518, 3.02059721969726 ], [ 101.426643488324814, 3.020620968678922 ], [ 101.426861954276774, 3.020749446825183 ], [ 101.426866939276593, 3.020606542853015 ], [ 101.426631013214518, 3.02059721969726 ] ] ] } },
{ "type": "Feature", "properties": { "Tarikh_Moh": null, "Daerah": "MBDK", "UPI": null, "sts_warta": "Warta", "no_lot": "Plot 9", "no_pt": null, "nama": "Jalan Sireh Tambahan, Kampung Sungai Sireh", "gtn1": "Tanah Lapang dan Rekreasi", "gtn2": "Tanah Lapang", "gtn3": "Tanah Lapang Lain", "kod_gtn": "TLR107", "no_warta": null, "trkh_warta": "1899-12-30T00:00:00", "serah_PTD": null, "luas_h": 0.9887, "selenggara": null, "catatan": "JUL-DIS 2025", "tahun_data": 2025, "PBT": "MBDK" }, "geometry": { "type": "Polygon", "coordinates": [ [ [ 101.406350584304576, 3.021808141514416 ], [ 101.406347081750411, 3.022626417722787 ], [ 101.407257499715072, 3.022605656852506 ], [ 101.407230059396795, 3.02175890001167 ], [ 101.40698934627865, 3.0217641139607 ], [ 101.406987777560602, 3.02160533833842 ], [ 101.406637415966898, 3.021626223387269 ], [ 101.406639568420502, 3.021795100572098 ], [ 101.406350584304576, 3.021808141514416 ] ] ] } },
{ "type": "Feature", "properties": { "Tarikh_Moh": null, "Daerah": "MBDK", "UPI": null, "sts_warta": "Warta", "no_lot": "Plot 10", "no_pt": null, "nama": "Jalan Sambau 17. Telok Gadong Besar", "gtn1": "Tanah Lapang dan Rekreasi", "gtn2": "Tanah Lapang", "gtn3": "Tanah Lapang Lain", "kod_gtn": "TLR107", "no_warta": null, "trkh_warta": "1899-12-30T00:00:00", "serah_PTD": null, "luas_h": 0.0195, "selenggara": null, "catatan": "JUL-DIS 2025", "tahun_data": 2025, "PBT": "MBDK" }, "geometry": { "type": "Polygon", "coordinates": [ [ [ 101.426548579812959, 3.020692811721536 ], [ 101.42654208754135, 3.020780885240573 ], [ 101.426540330652898, 3.020818370142833 ], [ 101.426746490086387, 3.020832294224312 ], [ 101.426786403432203, 3.020832224830665 ], [ 101.426548579812959, 3.020692811721536 ] ] ] } },
{ "type": "Feature", "properties": { "Tarikh_Moh": null, "Daerah": "MBDK", "UPI": null, "sts_warta": "Warta", "no_lot": "115433", "no_pt": null, "nama": "Jalan Balau 15/KU8, Taman Meru Jaya", "gtn1": "Tanah Lapang dan Rekreasi", "gtn2": "Tanah Lapang", "gtn3": "Lot Permainan", "kod_gtn": "TLR106", "no_warta": null, "trkh_warta": "1899-12-30T00:00:00", "serah_PTD": null, "luas_h": 0.0912, "selenggara": null, "catatan": "JUL-DIS 2025", "tahun_data": 2025, "PBT": "MBDK" }, "geometry": { "type": "Polygon", "coordinates": [ [ [ 101.437849524034618, 3.123596797753732 ], [ 101.438053094421221, 3.123609390548202 ], [ 101.438075240265391, 3.123246045528877 ], [ 101.437871723916331, 3.123233615525271 ], [ 101.437849524034618, 3.123596797753732 ] ] ] } },
{ "type": "Feature", "properties": { "Tarikh_Moh": null, "Daerah": "MBDK", "UPI": null, "sts_warta": "Warta", "no_lot": "115399", "no_pt": null, "nama": "Jalan Melur 5/KU11, Taman Desa Nilam", "gtn1": "Tanah Lapang dan Rekreasi", "gtn2": "Tanah Lapang", "gtn3": "Tanah Lapang Lain", "kod_gtn": "TLR107", "no_warta": null, "trkh_warta": "1899-12-30T00:00:00", "serah_PTD": null, "luas_h": 0.0596, "selenggara": null, "catatan": "JUL-DIS 2025", "tahun_data": 2025, "PBT": "MBDK" }, "geometry": { "type": "Polygon", "coordinates": [ [ [ 101.45775952509419, 3.155362649837854 ], [ 101.457773646583718, 3.155817715213469 ], [ 101.457841382875799, 3.155815593215899 ], [ 101.45790475005974, 3.155358053606471 ], [ 101.45775952509419, 3.155362649837854 ] ] ] } },
{ "type": "Feature", "properties": { "Tarikh_Moh": null, "Daerah": "MBDK", "UPI": null, "sts_warta": "Warta", "no_lot": "113145", "no_pt": null, "nama": "Jalan Seroja Putih 6/KU11, Taman Desa Nilam", "gtn1": "Tanah Lapang dan Rekreasi", "gtn2": "Tanah Lapang", "gtn3": "Lot Permainan", "kod_gtn": "TLR106", "no_warta": null, "trkh_warta": "1899-12-30T00:00:00", "serah_PTD": null, "luas_h": 0.0605, "selenggara": null, "catatan": "JUL-DIS 2025", "tahun_data": 2025, "PBT": "MBDK" }, "geometry": { "type": "Polygon", "coordinates": [ [ [ 101.457841382875799, 3.155815593215899 ], [ 101.457987552540615, 3.155811367798659 ], [ 101.457974528567462, 3.155356049260546 ], [ 101.45790475005974, 3.155358053606471 ], [ 101.457841382875799, 3.155815593215899 ] ] ] } },
{ "type": "Feature", "properties": { "Tarikh_Moh": null, "Daerah": "MBDK", "UPI": null, "sts_warta": "Warta", "no_lot": "114762", "no_pt": null, "nama": "Jalan 19K/KU11, Taman Desa Bukit Nilam", "gtn1": "Tanah Lapang dan Rekreasi", "gtn2": "Tanah Lapang", "gtn3": "Lot Permainan", "kod_gtn": "TLR106", "no_warta": null, "trkh_warta": "1899-12-30T00:00:00", "serah_PTD": null, "luas_h": 0.0675, "selenggara": null, "catatan": "JUL-DIS 2025", "tahun_data": 2025, "PBT": "MBDK" }, "geometry": { "type": "Polygon", "coordinates": [ [ [ 101.439008076515847, 3.153311920435847 ], [ 101.438939435705009, 3.153807160401414 ], [ 101.43893990328128, 3.153811040056453 ], [ 101.439049977982819, 3.153807556502942 ], [ 101.439118151164649, 3.153308436873915 ], [ 101.439008076515847, 3.153311920435847 ] ] ] } },
{ "type": "Feature", "properties": { "Tarikh_Moh": null, "Daerah": "MBDK", "UPI": null, "sts_warta": "Warta", "no_lot": "115235", "no_pt": null, "nama": "Jalan 6G/KU11, Taman Desa Bukit Delima", "gtn1": "Tanah Lapang dan Rekreasi", "gtn2": "Tanah Lapang", "gtn3": "Lot Permainan", "kod_gtn": "TLR106", "no_warta": null, "trkh_warta": "1899-12-30T00:00:00", "serah_PTD": null, "luas_h": 0.0477, "selenggara": null, "catatan": "JUL-DIS 2025", "tahun_data": 2025, "PBT": "MBDK" }, "geometry": { "type": "Polygon", "coordinates": [ [ [ 101.438884182080159, 3.169376268064406 ], [ 101.438779576744309, 3.169365345771203 ], [ 101.438745385160516, 3.169696775476051 ], [ 101.438781981277515, 3.169742193900158 ], [ 101.438833928589759, 3.169747650503193 ], [ 101.438848927099073, 3.16973536149677 ], [ 101.438884182080159, 3.169376268064406 ] ] ] } },
{ "type": "Feature", "properties": { "Tarikh_Moh": null, "Daerah": "MBDK", "UPI": null, "sts_warta": "Warta", "no_lot": "115267", "no_pt": null, "nama": "Jalan 6G/KU11, Taman Desa Bukit Delima", "gtn1": "Tanah Lapang dan Rekreasi", "gtn2": "Tanah Lapang", "gtn3": "Tanah Lapang Lain", "kod_gtn": "TLR107", "no_warta": null, "trkh_warta": "1899-12-30T00:00:00", "serah_PTD": null, "luas_h": 0.0467, "selenggara": null, "catatan": "JUL-DIS 2025", "tahun_data": 2025, "PBT": "MBDK" }, "geometry": { "type": "Polygon", "coordinates": [ [ [ 101.438919419001749, 3.169017771491748 ], [ 101.438907139330624, 3.169002632013409 ], [ 101.438858970691172, 3.168997600704086 ], [ 101.438813822250196, 3.169034449627423 ], [ 101.438779576744309, 3.169365345771203 ], [ 101.438884182080159, 3.169376268064406 ], [ 101.438919419001749, 3.169017771491748 ] ] ] } },
{ "type": "Feature", "properties": { "Tarikh_Moh": null, "Daerah": "MBDK", "UPI": null, "sts_warta": "Warta", "no_lot": "110064", "no_pt": null, "nama": "Jalan Nenas Madu 10/KU10, Taman Saujana Meru", "gtn1": "Tanah Lapang dan Rekreasi", "gtn2": "Tanah Lapang", "gtn3": "Lot Permainan", "kod_gtn": "TLR106", "no_warta": null, "trkh_warta": "1899-12-30T00:00:00", "serah_PTD": null, "luas_h": 0.0921, "selenggara": null, "catatan": "JUL-DIS 2025", "tahun_data": 2025, "PBT": "MBDK" }, "geometry": { "type": "Polygon", "coordinates": [ [ [ 101.431448921432334, 3.139246412606512 ], [ 101.431810556268601, 3.139246502028717 ], [ 101.431810391118447, 3.13903919982178 ], [ 101.431448792326094, 3.139039300315554 ], [ 101.431448921432334, 3.139246412606512 ] ] ] } },
{ "type": "Feature", "properties": { "Tarikh_Moh": null, "Daerah": "MBDK", "UPI": null, "sts_warta": "Warta", "no_lot": "112702", "no_pt": null, "nama": "Jalan Meranti Bunga 16/KU10, Taman Seri Mewah", "gtn1": "Tanah Lapang dan Rekreasi", "gtn2": "Tanah Lapang", "gtn3": "Lot Permainan", "kod_gtn": "TLR106", "no_warta": null, "trkh_warta": "1899-12-30T00:00:00", "serah_PTD": null, "luas_h": 0.1011, "selenggara": null, "catatan": "JUL-DIS 2025", "tahun_data": 2025, "PBT": "MBDK" }, "geometry": { "type": "Polygon", "coordinates": [ [ [ 101.443948863197193, 3.142252532658364 ], [ 101.444364038562213, 3.142239254804866 ], [ 101.444390221019191, 3.142047653510082 ], [ 101.443942837887519, 3.142061951335316 ], [ 101.443948863197193, 3.142252532658364 ] ] ] } },
{ "type": "Feature", "properties": { "Tarikh_Moh": null, "Daerah": "MBDK", "UPI": null, "sts_warta": "Warta", "no_lot": "114005", "no_pt": null, "nama": "Jalan 3L/KU11", "gtn1": "Tanah Lapang dan Rekreasi", "gtn2": "Tanah Lapang", "gtn3": "Tanah Lapang Lain", "kod_gtn": "TLR107", "no_warta": null, "trkh_warta": "1899-12-30T00:00:00", "serah_PTD": null, "luas_h": 0.0504, "selenggara": null, "catatan": "JUL-DIS 2025", "tahun_data": 2025, "PBT": "MBDK" }, "geometry": { "type": "Polygon", "coordinates": [ [ [ 101.411820015245141, 3.166007930407515 ], [ 101.41212175886163, 3.166005959540339 ], [ 101.412121564232606, 3.165870516439407 ], [ 101.411819829740239, 3.165871519664178 ], [ 101.411820015245141, 3.166007930407515 ] ] ] } },
{ "type": "Feature", "properties": { "Tarikh_Moh": null, "Daerah": "MBDK", "UPI": null, "sts_warta": "Belum Warta", "no_lot": "185527", "no_pt": null, "nama": null, "gtn1": "Tanah Lapang dan Rekreasi", "gtn2": "Tanah Lapang", "gtn3": "Tanah Lapang Lain", "kod_gtn": "TLR107", "no_warta": null, "trkh_warta": "1899-12-30T00:00:00", "serah_PTD": "1899-12-30T00:00:00", "luas_h": 0.0322, "selenggara": null, "catatan": "JUL-DIS 2025", "tahun_data": 2025, "PBT": "MBDK" }, "geometry": { "type": "Polygon", "coordinates": [ [ [ 101.34839309862646, 2.945501068025561 ], [ 101.348546657092641, 2.945652874716933 ], [ 101.348632859235423, 2.945564623231425 ], [ 101.348476754811983, 2.945415538257868 ], [ 101.34839309862646, 2.945501068025561 ] ] ] } },
{ "type": "Feature", "properties": { "Tarikh_Moh": null, "Daerah": "MBDK", "UPI": null, "sts_warta": "Belum Warta", "no_lot": "6148", "no_pt": null, "nama": null, "gtn1": "Tanah Lapang dan Rekreasi", "gtn2": "Tanah Lapang", "gtn3": "Lot Permainan", "kod_gtn": "TLR106", "no_warta": null, "trkh_warta": "1899-12-30T00:00:00", "serah_PTD": "1899-12-30T00:00:00", "luas_h": 0.1107, "selenggara": null, "catatan": "JUL-DIS 2025", "tahun_data": 2025, "PBT": "MBDK" }, "geometry": { "type": "Polygon", "coordinates": [ [ [ 101.416425694303086, 3.018429111494444 ], [ 101.416106765067042, 3.018115965038909 ], [ 101.415864933700135, 3.018381468944509 ], [ 101.415927902520778, 3.018381745536154 ], [ 101.415927709857883, 3.0184269626779 ], [ 101.416425694303086, 3.018429111494444 ] ] ] } },
{ "type": "Feature", "properties": { "Tarikh_Moh": null, "Daerah": "MBDK", "UPI": null, "sts_warta": "Belum Warta", "no_lot": "12785", "no_pt": null, "nama": null, "gtn1": "Tanah Lapang dan Rekreasi", "gtn2": "Tanah Lapang", "gtn3": "Tanah Lapang Lain", "kod_gtn": "TLR107", "no_warta": null, "trkh_warta": "1899-12-30T00:00:00", "serah_PTD": "1899-12-30T00:00:00", "luas_h": 0.2065, "selenggara": null, "catatan": "JUL-DIS 2025", "tahun_data": 2025, "PBT": "MBDK" }, "geometry": { "type": "Polygon", "coordinates": [ [ [ 101.434852629958741, 3.073285315514952 ], [ 101.4348869126908, 3.07316648720884 ], [ 101.434687474940802, 3.073112077488235 ], [ 101.434539275729477, 3.073632968793349 ], [ 101.434863395522953, 3.073727946756923 ], [ 101.434980820522185, 3.073322763969346 ], [ 101.434852629958741, 3.073285315514952 ] ] ] } },
{ "type": "Feature", "properties": { "Tarikh_Moh": null, "Daerah": "MBDK", "UPI": null, "sts_warta": "Belum Warta", "no_lot": "116080", "no_pt": null, "nama": null, "gtn1": "Tanah Lapang dan Rekreasi", "gtn2": "Tanah Lapang", "gtn3": "Tanah Lapang Lain", "kod_gtn": "TLR107", "no_warta": null, "trkh_warta": "1899-12-30T00:00:00", "serah_PTD": "1899-12-30T00:00:00", "luas_h": 0.0506, "selenggara": null, "catatan": "JUL-DIS 2025", "tahun_data": 2025, "PBT": "MBDK" }, "geometry": { "type": "Polygon", "coordinates": [ [ [ 101.339390977728883, 3.1411717838768 ], [ 101.339675069993987, 3.141069467501278 ], [ 101.33962913596261, 3.140940619034161 ], [ 101.339345367458378, 3.14104385787625 ], [ 101.339390977728883, 3.1411717838768 ] ] ] } },
{ "type": "Feature", "properties": { "Tarikh_Moh": null, "Daerah": "MBPJ", "UPI": null, "sts_warta": "Belum Warta", "no_lot": "92086", "no_pt": null, "nama": null, "gtn1": "Tanah Lapang dan Rekreasi", "gtn2": "Kawasan Hijau", "gtn3": "Kawasan Hijau", "kod_gtn": "TLR302", "no_warta": null, "trkh_warta": null, "serah_PTD": null, "luas_h": 0.4818, "selenggara": null, "catatan": "Komited Jul-Dis 2025", "tahun_data": 2025, "PBT": "MBPJ" }, "geometry": { "type": "MultiPolygon", "coordinates": [ [ [ [ 101.58321185979473, 3.110030628180802 ], [ 101.583349224161736, 3.109979507720868 ], [ 101.583341123425754, 3.109957352948665 ], [ 101.583401034785297, 3.109935004733208 ], [ 101.583539478605829, 3.10988343188126 ], [ 101.583531377866748, 3.109861277110689 ], [ 101.58368871263437, 3.109802646911282 ], [ 101.583671431064047, 3.109755443692502 ], [ 101.583956414702115, 3.109649040787727 ], [ 101.583953984453473, 3.109642258707008 ], [ 101.583529747401471, 3.10980050592976 ], [ 101.583509765636606, 3.109746158940951 ], [ 101.583532974530854, 3.109737473006011 ], [ 101.583526764045345, 3.109720924778232 ], [ 101.583436897001945, 3.109754311459063 ], [ 101.58344553764924, 3.109777189600754 ], [ 101.583475493331534, 3.109766060707684 ], [ 101.583498985412035, 3.109829993025668 ], [ 101.583453377204037, 3.109846912575289 ], [ 101.583456347377791, 3.109854508461222 ], [ 101.583425851963739, 3.109865908754986 ], [ 101.583420451378885, 3.10985062644933 ], [ 101.583397512337598, 3.109859131464566 ], [ 101.583400482510967, 3.10986672735068 ], [ 101.583355414062083, 3.109883556362659 ], [ 101.58335811434587, 3.109891152298803 ], [ 101.583299552352074, 3.109913048093545 ], [ 101.583296852068656, 3.10990545215723 ], [ 101.583251243854278, 3.109922371698458 ], [ 101.58324746346787, 3.109911791647666 ], [ 101.583178646367941, 3.109937487548594 ], [ 101.583186477029074, 3.109958647600862 ], [ 101.583161109127744, 3.109967966963673 ], [ 101.583169209777395, 3.109989669568728 ], [ 101.583192418679616, 3.10998098364084 ], [ 101.583212400499534, 3.110035692371198 ], [ 101.583004060053298, 3.110113413440625 ], [ 101.583005410177748, 3.110117120975441 ], [ 101.583214830099621, 3.110038947537488 ], [ 101.58321185979473, 3.110030628180802 ] ] ], [ [ [ 101.584197672379076, 3.10952175573212 ], [ 101.584224659496911, 3.109511893442265 ], [ 101.584293476527975, 3.109486107042209 ], [ 101.584282135459702, 3.109454999938665 ], [ 101.584211429305057, 3.109481329291162 ], [ 101.584196038039167, 3.109440094358439 ], [ 101.584168765599927, 3.109365943745537 ], [ 101.584620529188655, 3.109197381712003 ], [ 101.584590016475246, 3.109114640507815 ], [ 101.584583535855288, 3.109096826264651 ], [ 101.584732764933079, 3.108990177105913 ], [ 101.584732764933079, 3.108990177105913 ], [ 101.584582996126841, 3.109097097666295 ], [ 101.584497721361245, 3.109152639847324 ], [ 101.584378168827598, 3.109198240679521 ], [ 101.584214897337077, 3.109260760728382 ], [ 101.583136495394896, 3.109673609633753 ], [ 101.583121116313592, 3.1096988434917 ], [ 101.583099801450629, 3.109733845291128 ], [ 101.583097103284217, 3.109737824874588 ], [ 101.583094405101235, 3.109741714024289 ], [ 101.583091167106502, 3.109745422406136 ], [ 101.583087929045647, 3.109748769052961 ], [ 101.583084151173054, 3.109751934931926 ], [ 101.583080373267379, 3.109754919943372 ], [ 101.583076325422738, 3.109757633703372 ], [ 101.583072277495503, 3.109759895294588 ], [ 101.583067959662358, 3.109762066501861 ], [ 101.583063371890276, 3.109763966457681 ], [ 101.582934103639928, 3.109811920204487 ], [ 101.582005477247975, 3.110158361984654 ], [ 101.581993063171083, 3.110162976385899 ], [ 101.582033836629009, 3.110273840690062 ], [ 101.582020073202102, 3.110278997942072 ], [ 101.582022233419139, 3.110285056607367 ], [ 101.582326378261996, 3.110171777641908 ], [ 101.582337179140865, 3.110200895325911 ], [ 101.582362007292403, 3.110191666515288 ], [ 101.5823590371254, 3.110184070625874 ], [ 101.582459699058646, 3.110146522093421 ], [ 101.582462669226246, 3.110154117982516 ], [ 101.582513674872956, 3.110135117504063 ], [ 101.582510704705058, 3.110127521615129 ], [ 101.582611636500673, 3.110089882585308 ], [ 101.582614336779727, 3.110097478523636 ], [ 101.582640514274743, 3.110087706855621 ], [ 101.582658065793908, 3.110135452646413 ], [ 101.582732820107339, 3.110107675707389 ], [ 101.582695556877809, 3.110006306331959 ], [ 101.58274683238632, 3.109987215359354 ], [ 101.582749802555469, 3.109994811247559 ], [ 101.58280080818956, 3.109975810755911 ], [ 101.582797838020127, 3.109968214867866 ], [ 101.582898499901347, 3.10993057586172 ], [ 101.582901470071391, 3.109938171749445 ], [ 101.58295193595437, 3.109919352217856 ], [ 101.582949235673397, 3.109911756280494 ], [ 101.583000241300027, 3.109892755779609 ], [ 101.583007532029796, 3.109913102029308 ], [ 101.583043424857465, 3.109899620774619 ], [ 101.583028843644868, 3.10986028478201 ], [ 101.582998887955299, 3.109871413662789 ], [ 101.582975395920329, 3.109807571765585 ], [ 101.583021004117782, 3.109790561802575 ], [ 101.583018033930855, 3.10978287548144 ], [ 101.58307659595647, 3.10976116056993 ], [ 101.583079566127225, 3.109768756457127 ], [ 101.583169163260649, 3.109735188988428 ], [ 101.583166462978696, 3.109727593051665 ], [ 101.583225024981758, 3.10970578769849 ], [ 101.583227725264067, 3.109713383635082 ], [ 101.583317592277567, 3.109679816104416 ], [ 101.583314622105391, 3.109672220217971 ], [ 101.583373184102427, 3.109650414856898 ], [ 101.583376154274944, 3.109658010743159 ], [ 101.58342149257038, 3.109641000813427 ], [ 101.583444714523324, 3.109703667110549 ], [ 101.583505435485023, 3.109681047439059 ], [ 101.583484103747651, 3.109623806819039 ], [ 101.584041656926203, 3.109415886764424 ], [ 101.584061908683324, 3.109470685860799 ], [ 101.584038699799109, 3.109479371806826 ], [ 101.584047070550881, 3.109502159559331 ], [ 101.58402413155514, 3.109510845455009 ], [ 101.584029532130074, 3.109526037323473 ], [ 101.584056249343675, 3.109516084654155 ], [ 101.584064620096157, 3.109538872406463 ], [ 101.584087828981424, 3.109530186459806 ], [ 101.584107540815381, 3.109584171751326 ], [ 101.584162324606964, 3.109563813988757 ], [ 101.584152873846435, 3.109538584726583 ], [ 101.584197672379076, 3.10952175573212 ] ] ], [ [ [ 101.581982299962789, 3.110341132872193 ], [ 101.581931804358959, 3.110196538557426 ], [ 101.581753688653123, 3.110259060965952 ], [ 101.581803869119554, 3.110154510332864 ], [ 101.581801440262197, 3.110155324682247 ], [ 101.581750990037321, 3.110260598834805 ], [ 101.581929375518058, 3.11019744334086 ], [ 101.581979601232106, 3.110342037705315 ], [ 101.581982299962789, 3.110341132872193 ] ] ], [ [ [ 101.58228486984234, 3.110471573189188 ], [ 101.582534500704156, 3.110378470913993 ], [ 101.582529100244415, 3.110363821639547 ], [ 101.582741758691768, 3.110284381622111 ], [ 101.58273689825613, 3.110271088755675 ], [ 101.582807334642226, 3.110244940414457 ], [ 101.582802474205977, 3.110231647548355 ], [ 101.582878307964549, 3.110203237363512 ], [ 101.583017291607021, 3.110151574043523 ], [ 101.583010000990782, 3.110131860830371 ], [ 101.582980854945347, 3.110142899127873 ], [ 101.582977884741055, 3.110135122372965 ], [ 101.582888287568622, 3.110168689827602 ], [ 101.582890987849893, 3.11017628576507 ], [ 101.582861032166676, 3.110187505076256 ], [ 101.582845370754754, 3.11014464236384 ], [ 101.582824320813302, 3.110152513982512 ], [ 101.582839982208, 3.110195286261529 ], [ 101.582810026523717, 3.110206505571324 ], [ 101.582807326226444, 3.110198819199865 ], [ 101.582761718024926, 3.11021591958854 ], [ 101.582740656155067, 3.110158407601142 ], [ 101.582616785302847, 3.110204551642429 ], [ 101.582622455751249, 3.110219743469258 ], [ 101.582639997379715, 3.110213229007167 ], [ 101.582648908134502, 3.110237373178903 ], [ 101.582678863837813, 3.110226244307303 ], [ 101.582702355865791, 3.110290086211169 ], [ 101.582655668183236, 3.11030763896329 ], [ 101.582658368463271, 3.110315234901419 ], [ 101.582629762122323, 3.110325911355213 ], [ 101.582624091656683, 3.110310629094741 ], [ 101.582603041710371, 3.110318500709265 ], [ 101.582606011896047, 3.110326187031591 ], [ 101.582560403669461, 3.110343196978276 ], [ 101.582563373838411, 3.110350792866978 ], [ 101.582504811787018, 3.110372598186096 ], [ 101.582501841618395, 3.110365002297208 ], [ 101.582412244379029, 3.110398388845748 ], [ 101.582414944690512, 3.110406165652097 ], [ 101.582384988979456, 3.110417294516626 ], [ 101.582371487851432, 3.110380761762002 ], [ 101.582344500727714, 3.110390804874081 ], [ 101.582350171123991, 3.110405725401239 ], [ 101.582297276333748, 3.110425268822651 ], [ 101.58229214589818, 3.110411342967225 ], [ 101.582236282568644, 3.110432243437982 ], [ 101.582244383269341, 3.11045430778597 ], [ 101.582274338966428, 3.110443088491544 ], [ 101.58228486984234, 3.110471573189188 ] ] ], [ [ [ 101.582024163521297, 3.11050996501656 ], [ 101.582018493063217, 3.110494682752387 ], [ 101.582002030935243, 3.110500925705076 ], [ 101.581995010323226, 3.110481755036963 ], [ 101.581959117462986, 3.110495236257753 ], [ 101.581939405817067, 3.110441793523592 ], [ 101.581990951232825, 3.110422612102565 ], [ 101.581989061069493, 3.110417457725253 ], [ 101.582039526990883, 3.110398638235222 ], [ 101.582048707721981, 3.110423324965701 ], [ 101.58207083713387, 3.110414910561054 ], [ 101.582090008677923, 3.11046654471641 ], [ 101.582179605933064, 3.110433158194402 ], [ 101.582164484652381, 3.110392104046468 ], [ 101.582132100097894, 3.110404137687917 ], [ 101.582126159519177, 3.110387589401347 ], [ 101.582084329488978, 3.110403242127327 ], [ 101.582066237931954, 3.110353959051118 ], [ 101.582050045679466, 3.110360111521087 ], [ 101.582055716186474, 3.110375665086418 ], [ 101.581928606835433, 3.110423075717327 ], [ 101.58197721090761, 3.110554919218004 ], [ 101.582006626864057, 3.110543880897507 ], [ 101.581997716120881, 3.110519736719707 ], [ 101.582024163521297, 3.11050996501656 ] ] ], [ [ [ 101.582010423643524, 3.110644713843481 ], [ 101.582176124592834, 3.110582826707103 ], [ 101.582169644134467, 3.110565735917613 ], [ 101.582301341300948, 3.110516606172047 ], [ 101.582298101046277, 3.110507925127102 ], [ 101.582252762680241, 3.110524844577776 ], [ 101.582255462990943, 3.110532621384569 ], [ 101.582196900923407, 3.110554426687469 ], [ 101.582194200629516, 3.110546740314263 ], [ 101.582104333492353, 3.110580217321362 ], [ 101.582107303658816, 3.110587813211484 ], [ 101.58204874160171, 3.11060970894024 ], [ 101.582045771435617, 3.110602113049935 ], [ 101.582000972791434, 3.11061876108979 ], [ 101.582010423643524, 3.110644713843481 ] ] ], [ [ [ 101.581930019813242, 3.110772782812409 ], [ 101.582421442856983, 3.110520472727361 ], [ 101.58425139126831, 3.109581160730915 ], [ 101.58474904720579, 3.109472818990212 ], [ 101.584736293316993, 3.109097792610195 ], [ 101.584749047155782, 3.109472547688978 ], [ 101.58425193094719, 3.109580618028182 ], [ 101.581932448474703, 3.110770883257563 ], [ 101.581926507814558, 3.110753882801123 ], [ 101.581898964717752, 3.110674848749893 ], [ 101.58180445430628, 3.110404650012284 ], [ 101.581801755575285, 3.110405554844967 ], [ 101.581930019813242, 3.110772782812409 ] ] ] ] } },
{ "type": "Feature", "properties": { "Tarikh_Moh": null, "Daerah": "MBPJ", "UPI": null, "sts_warta": "Belum Warta", "no_lot": "42406", "no_pt": null, "nama": null, "gtn1": "Tanah Lapang dan Rekreasi", "gtn2": "Kawasan Hijau", "gtn3": "Zon Penampan", "kod_gtn": "TLR301", "no_warta": null, "trkh_warta": null, "serah_PTD": null, "luas_h": 0.0409, "selenggara": null, "catatan": "Komited Jul-Dis 2025", "tahun_data": 2025, "PBT": "MBPJ" }, "geometry": { "type": "Polygon", "coordinates": [ [ [ 101.594615742606265, 3.119644725105698 ], [ 101.594691269326887, 3.119423328645033 ], [ 101.594727414274473, 3.119317514149296 ], [ 101.594720929791819, 3.119281070650793 ], [ 101.594720929809384, 3.119281161084466 ], [ 101.594719041603426, 3.119286497041997 ], [ 101.594699318003478, 3.119175810093765 ], [ 101.594701477892798, 3.119179698317924 ], [ 101.59470255735441, 3.119179155503998 ], [ 101.594667433370134, 3.11898319261997 ], [ 101.594667433370134, 3.11898319261997 ], [ 101.594664734558506, 3.118983735751605 ], [ 101.594642874085778, 3.118987628689033 ], [ 101.594634777633217, 3.118989167650061 ], [ 101.594634777633217, 3.118989167650061 ], [ 101.594641801454898, 3.119023350201872 ], [ 101.594650984323053, 3.119057080161564 ], [ 101.594661786454438, 3.119090357634988 ], [ 101.594674207796459, 3.119122911321067 ], [ 101.594709061369528, 3.119316161246755 ], [ 101.594602784302197, 3.119626731346741 ], [ 101.594314809629807, 3.119626516508188 ], [ 101.594297788050071, 3.119531654914984 ], [ 101.594284563823237, 3.119534099214938 ], [ 101.594279160095923, 3.119503714557648 ], [ 101.594278890133964, 3.119503352875819 ], [ 101.594278890028789, 3.11950281027377 ], [ 101.594278889923601, 3.119502267671722 ], [ 101.594278889835962, 3.119501815503348 ], [ 101.594279159622587, 3.119501272848432 ], [ 101.594279159552471, 3.119500911113733 ], [ 101.594279159447268, 3.119500368511685 ], [ 101.594279429251472, 3.119499916290443 ], [ 101.594279699038097, 3.119499373635526 ], [ 101.594279968859809, 3.119499011847958 ], [ 101.594280238663984, 3.119498559626717 ], [ 101.594280508485696, 3.119498197839149 ], [ 101.594280778289857, 3.119497745617906 ], [ 101.594281048111569, 3.119497383830339 ], [ 101.594281317950816, 3.119497112476446 ], [ 101.594281857681878, 3.119496841069683 ], [ 101.594282127486053, 3.11949638884844 ], [ 101.594282667217115, 3.119496117441678 ], [ 101.594282937091421, 3.119496026955134 ], [ 101.594283476822497, 3.119495755548371 ], [ 101.594284016571095, 3.119495574575281 ], [ 101.594284286445401, 3.119495484088737 ], [ 101.594284826193999, 3.119495303115647 ], [ 101.594291033495736, 3.119494216695525 ], [ 101.594225378627485, 3.119127068819435 ], [ 101.594261264150347, 3.119075062426577 ], [ 101.594503348533806, 3.119031245087758 ], [ 101.594503348498719, 3.11903106422041 ], [ 101.594500106376429, 3.119013430288946 ], [ 101.594500106376429, 3.119013430288946 ], [ 101.594250465309131, 3.119058696045509 ], [ 101.594206215473022, 3.119122731755061 ], [ 101.59429969917457, 3.119644515770548 ], [ 101.59429969917457, 3.119644515770548 ], [ 101.594615742606265, 3.119644725105698 ], [ 101.594615742606265, 3.119644725105698 ] ] ] } },
{ "type": "Feature", "properties": { "Tarikh_Moh": null, "Daerah": "MBPJ", "UPI": null, "sts_warta": "Belum Warta", "no_lot": "94226", "no_pt": null, "nama": null, "gtn1": "Tanah Lapang dan Rekreasi", "gtn2": "Kawasan Hijau", "gtn3": "Zon Penampan", "kod_gtn": "TLR301", "no_warta": null, "trkh_warta": null, "serah_PTD": null, "luas_h": 0.0342, "selenggara": null, "catatan": "Komited Jul-Dis 2025", "tahun_data": 2025, "PBT": "MBPJ" }, "geometry": { "type": "Polygon", "coordinates": [ [ [ 101.613870360904428, 3.171282558657766 ], [ 101.613959144150058, 3.171210554243201 ], [ 101.613989921597735, 3.171248800884909 ], [ 101.614277320165797, 3.171015691066733 ], [ 101.614664026258964, 3.170702254525436 ], [ 101.613807478431639, 3.17130771287845 ], [ 101.613805859293521, 3.171309069733641 ], [ 101.613804240155389, 3.17131042658883 ], [ 101.613802890941926, 3.171311873818625 ], [ 101.613801541747975, 3.171313411481886 ], [ 101.613800192593047, 3.171315130012084 ], [ 101.613799113323751, 3.171316758049952 ], [ 101.613798034113032, 3.171318657388224 ], [ 101.613796954902298, 3.171320556726495 ], [ 101.613796145596709, 3.171322456005907 ], [ 101.613795606235314, 3.171324536093396 ], [ 101.613795066854394, 3.171326525747416 ], [ 101.613794527493013, 3.171328605834905 ], [ 101.613794258017251, 3.171330595430067 ], [ 101.613794258485697, 3.171332765833308 ], [ 101.613794258934604, 3.17133484580308 ], [ 101.613794529269157, 3.171336835280526 ], [ 101.613794799642776, 3.171339005624907 ], [ 101.613795069996854, 3.17134108553582 ], [ 101.613795610236579, 3.171343074954406 ], [ 101.613870360904428, 3.171282558657766 ] ] ] } },
{ "type": "Feature", "properties": { "Tarikh_Moh": null, "Daerah": "MBPJ", "UPI": null, "sts_warta": "Belum Warta", "no_lot": "94226", "no_pt": null, "nama": null, "gtn1": "Tanah Lapang dan Rekreasi", "gtn2": "Kawasan Hijau", "gtn3": "Zon Penampan", "kod_gtn": "TLR301", "no_warta": null, "trkh_warta": null, "serah_PTD": null, "luas_h": 0.0596, "selenggara": null, "catatan": "Komited Jul-Dis 2025", "tahun_data": 2025, "PBT": "MBPJ" }, "geometry": { "type": "Polygon", "coordinates": [ [ [ 101.61480477555962, 3.17129637158757 ], [ 101.615396303531838, 3.170817215790236 ], [ 101.615396033607155, 3.170817125416044 ], [ 101.615396033567848, 3.170816944549127 ], [ 101.615395763525243, 3.170816311574179 ], [ 101.615395763525243, 3.170816311574179 ], [ 101.6153952235383, 3.170815497791583 ], [ 101.6153952235383, 3.170815497791583 ], [ 101.615394683551372, 3.170814684008985 ], [ 101.615394143584084, 3.170813960659847 ], [ 101.61539414356443, 3.170813870226387 ], [ 101.615393333692126, 3.170813146936516 ], [ 101.615393333692126, 3.170813146936516 ], [ 101.615392793764144, 3.170812604454295 ], [ 101.615392523839475, 3.170812514080102 ], [ 101.615391983911508, 3.170811971597882 ], [ 101.615391713967171, 3.170811790790231 ], [ 101.615391174078511, 3.170811429174927 ], [ 101.615390904134173, 3.170811248367276 ], [ 101.615390094301205, 3.170810705944319 ], [ 101.615389284468179, 3.170810163521363 ], [ 101.615388204769474, 3.170809802024591 ], [ 101.615387394995452, 3.170809530902011 ], [ 101.6153863153164, 3.170809259838695 ], [ 101.615385505542378, 3.170808988716113 ], [ 101.615384425882965, 3.170808808086256 ], [ 101.61538334626286, 3.170808808323315 ], [ 101.615382536547799, 3.170808808501109 ], [ 101.615381456927707, 3.170808808738167 ], [ 101.615380377346924, 3.170808989842143 ], [ 101.615379297785779, 3.170809261379576 ], [ 101.615378488129664, 3.170809532857745 ], [ 101.615377408588188, 3.170809894828636 ], [ 101.61537659897138, 3.170810347173723 ], [ 101.615375789334919, 3.170810709085349 ], [ 101.615374979737766, 3.170811251863893 ], [ 101.61518580957987, 3.170964487671602 ], [ 101.615175014987457, 3.170971905583933 ], [ 101.615173125926901, 3.170973172066869 ], [ 101.615166918836891, 3.170976519466779 ], [ 101.615160441743583, 3.170979414758561 ], [ 101.61515369464702, 3.170981857942211 ], [ 101.61514694745226, 3.170983848958517 ], [ 101.61513993025423, 3.170985387866681 ], [ 101.615132912958018, 3.170986474607496 ], [ 101.615125895563622, 3.170987109180962 ], [ 101.615046273803586, 3.170988211843614 ], [ 101.615047093331327, 3.17103342839662 ], [ 101.614956945387164, 3.171035075961401 ], [ 101.61495612586333, 3.170989859408043 ], [ 101.614933723840593, 3.170990316485077 ], [ 101.614932374315217, 3.170990316780828 ], [ 101.614931294714552, 3.170990407450889 ], [ 101.614929945228425, 3.17099058861356 ], [ 101.614928865666982, 3.170990860150544 ], [ 101.61492778610554, 3.170991131687526 ], [ 101.614926436697885, 3.17099167458404 ], [ 101.614954244413866, 3.17102621407373 ], [ 101.614744564974544, 3.171196094060092 ], [ 101.614715947506056, 3.171161373875047 ], [ 101.614715138006261, 3.171162368820429 ], [ 101.614714598431192, 3.171163454140176 ], [ 101.614713788951022, 3.171164539519019 ], [ 101.614713249375939, 3.171165624838766 ], [ 101.614712709800884, 3.171166710158513 ], [ 101.614712440150527, 3.171167885852626 ], [ 101.614711900614637, 3.171169152039299 ], [ 101.614711630964294, 3.171170327733412 ], [ 101.614711631238649, 3.171171593801892 ], [ 101.614711361588292, 3.171172769496006 ], [ 101.614711361882243, 3.17117412599795 ], [ 101.614711632061713, 3.171175392007335 ], [ 101.614711632316471, 3.171176567642352 ], [ 101.614711902495955, 3.171177833651737 ], [ 101.614712172655828, 3.171179009227659 ], [ 101.614712712740427, 3.171180275177947 ], [ 101.614713252785833, 3.171181360261311 ], [ 101.61471379285085, 3.171182535778135 ], [ 101.614714332876659, 3.171183530428034 ], [ 101.61471514282718, 3.171184615452298 ], [ 101.614715952738521, 3.171185519609637 ], [ 101.614735661162925, 3.17121020363069 ], [ 101.61477074269402, 3.171181890272993 ], [ 101.614813129228153, 3.171234603700122 ], [ 101.614778047716143, 3.171263007492742 ], [ 101.61478533711535, 3.171272049242848 ], [ 101.614792356570319, 3.171280910185086 ], [ 101.614804775520398, 3.171296190720646 ], [ 101.61480477555962, 3.17129637158757 ] ] ] } },
{ "type": "Feature", "properties": { "Tarikh_Moh": null, "Daerah": "MBPJ", "UPI": null, "sts_warta": "Belum Warta", "no_lot": "94226", "no_pt": null, "nama": null, "gtn1": "Tanah Lapang dan Rekreasi", "gtn2": "Kawasan Hijau", "gtn3": "Zon Penampan", "kod_gtn": "TLR301", "no_warta": null, "trkh_warta": null, "serah_PTD": null, "luas_h": 0.0203, "selenggara": null, "catatan": "Komited Jul-Dis 2025", "tahun_data": 2025, "PBT": "MBPJ" }, "geometry": { "type": "Polygon", "coordinates": [ [ [ 101.614754581983235, 3.171336896774247 ], [ 101.61475296237586, 3.171336083227743 ], [ 101.61475296237586, 3.171336083227743 ], [ 101.614751342768486, 3.171335269681238 ], [ 101.614751342768486, 3.171335269681238 ], [ 101.614749723200333, 3.171334637001654 ], [ 101.614749723200333, 3.171334637001654 ], [ 101.614747833746605, 3.171334094814638 ], [ 101.614747833746605, 3.171334094814638 ], [ 101.614746214217632, 3.171333643001974 ], [ 101.614746214217632, 3.171333643001974 ], [ 101.614744324803112, 3.171333281681876 ], [ 101.614744324803112, 3.171333281681876 ], [ 101.614742435427786, 3.171333101228699 ], [ 101.614742435427786, 3.171333101228699 ], [ 101.614740815977243, 3.171333011149875 ], [ 101.614740546072085, 3.171333011208981 ], [ 101.614738926641124, 3.171333011563617 ], [ 101.614738926641124, 3.171333011563617 ], [ 101.61473703736381, 3.171333283277743 ], [ 101.61473703736381, 3.171333283277743 ], [ 101.614735148086496, 3.171333554991865 ], [ 101.614735148086496, 3.171333554991865 ], [ 101.614733528733936, 3.171333917080342 ], [ 101.614733528733936, 3.171333917080342 ], [ 101.614731639515441, 3.171334460094847 ], [ 101.614730020241254, 3.171335183917169 ], [ 101.614728400947499, 3.171335817306026 ], [ 101.614726781732131, 3.171336812428731 ], [ 101.614725162497152, 3.171337717117971 ], [ 101.614723813206538, 3.17133880261503 ], [ 101.614396745515407, 3.171603934678615 ], [ 101.614314164434703, 3.171649802502325 ], [ 101.614196776226976, 3.171744964166189 ], [ 101.614194617356404, 3.171746682873795 ], [ 101.614192728469305, 3.171748763256286 ], [ 101.614191109467924, 3.171750753146341 ], [ 101.61418922060038, 3.171752923962293 ], [ 101.614187871582487, 3.171755275527234 ], [ 101.614186522544998, 3.171757536658709 ], [ 101.614185173546616, 3.171759978657112 ], [ 101.614185173546616, 3.171759978657112 ], [ 101.614184094492629, 3.171762601463476 ], [ 101.614184094492629, 3.171762601463476 ], [ 101.614183285324344, 3.171765133777406 ], [ 101.614183285324344, 3.171765133777406 ], [ 101.614182746080886, 3.171767756465832 ], [ 101.61418274610044, 3.171767846899297 ], [ 101.614182206857009, 3.171770469587723 ], [ 101.614182206876563, 3.171770560021189 ], [ 101.614181937538362, 3.171773182650646 ], [ 101.61418193755793, 3.171773273084111 ], [ 101.614181668219715, 3.171775895713569 ], [ 101.614181668239269, 3.171775986147035 ], [ 101.614181668825907, 3.17177869915099 ], [ 101.614181668825907, 3.17177869915099 ], [ 101.614181939317831, 3.171781412095977 ], [ 101.614181939317831, 3.171781412095977 ], [ 101.614182479715012, 3.171784124981994 ], [ 101.614182479715012, 3.171784124981994 ], [ 101.614183020092668, 3.171786747434546 ], [ 101.614183020112222, 3.171786837868011 ], [ 101.614183830395135, 3.171789460261595 ], [ 101.614183830395135, 3.171789460261595 ], [ 101.614184640658507, 3.171791992221711 ], [ 101.614184640658507, 3.171791992221711 ], [ 101.614185720807612, 3.171794433689392 ], [ 101.61418572084672, 3.171794614556323 ], [ 101.614187070861988, 3.171796875098102 ], [ 101.614754581983235, 3.171336896774247 ] ] ] } },
{ "type": "Feature", "properties": { "Tarikh_Moh": null, "Daerah": "MBPJ", "UPI": null, "sts_warta": "Belum Warta", "no_lot": "94226", "no_pt": null, "nama": null, "gtn1": "Tanah Lapang dan Rekreasi", "gtn2": "Kawasan Hijau", "gtn3": "Zon Penampan", "kod_gtn": "TPK301", "no_warta": null, "trkh_warta": null, "serah_PTD": null, "luas_h": 0.1442, "selenggara": null, "catatan": "Komited Jul-Dis 2025", "tahun_data": 2025, "PBT": "MBPJ" }, "geometry": { "type": "Polygon", "coordinates": [ [ [ 101.614710842570645, 3.17126871951826 ], [ 101.614710572489102, 3.171267905676192 ], [ 101.614710302407616, 3.171267091834124 ], [ 101.614709762420944, 3.171266278051153 ], [ 101.614709492339415, 3.171265464209086 ], [ 101.614708952372354, 3.171264740859576 ], [ 101.614708412424875, 3.17126410794353 ], [ 101.614672775266783, 3.17121944161291 ], [ 101.614669805467841, 3.171215553623942 ], [ 101.614667105495656, 3.171211303842027 ], [ 101.614664675409045, 3.171206963567555 ], [ 101.614662515168789, 3.171202351933603 ], [ 101.614660624833689, 3.171197740240562 ], [ 101.614659274289252, 3.171193037995889 ], [ 101.61465792370565, 3.171188154884286 ], [ 101.614657112932306, 3.171183271654517 ], [ 101.614656841930028, 3.171178207439657 ], [ 101.614656570947346, 3.171173233658259 ], [ 101.614656839755298, 3.171168169325236 ], [ 101.614657378507559, 3.171163285800057 ], [ 101.614658187145324, 3.171158311782334 ], [ 101.6146592657078, 3.171153428138991 ], [ 101.614660884100076, 3.171148634810948 ], [ 101.614662772436645, 3.171144022290747 ], [ 101.614664930717481, 3.171139590578387 ], [ 101.614667358923015, 3.171135249240403 ], [ 101.614670057053218, 3.171130998276793 ], [ 101.61467302516688, 3.171127108987948 ], [ 101.614676533110327, 3.171123310014387 ], [ 101.614680041112535, 3.171119782341204 ], [ 101.614683819078593, 3.171116525909315 ], [ 101.614684358732049, 3.171115802323434 ], [ 101.614887831467428, 3.170951078417044 ], [ 101.614891609530318, 3.170948274151782 ], [ 101.614895657537488, 3.170945650694293 ], [ 101.614899705623074, 3.170943388970638 ], [ 101.614904023633301, 3.170941217621289 ], [ 101.614908611627044, 3.170939407946628 ], [ 101.614913199699203, 3.170937960005796 ], [ 101.614917787849805, 3.170936873798794 ], [ 101.614922376020019, 3.170935878025233 ], [ 101.61492723419336, 3.170935334359814 ], [ 101.614931822520475, 3.170935062053908 ], [ 101.615123994194079, 3.170931673883955 ], [ 101.615126963090802, 3.170931401932379 ], [ 101.615129931987511, 3.170931129980794 ], [ 101.615132630920272, 3.170930586788019 ], [ 101.615135599699187, 3.170929772235653 ], [ 101.615138298573044, 3.170928957742483 ], [ 101.615141267253776, 3.170927691022798 ], [ 101.615143966049089, 3.170926514795771 ], [ 101.615146394860815, 3.170924976894099 ], [ 101.615148823652888, 3.170923348558961 ], [ 101.615151252425335, 3.170921629790358 ], [ 101.615167174015653, 3.170908694312224 ], [ 101.615222494829197, 3.170863917609883 ], [ 101.615397092649559, 3.170722441347065 ], [ 101.615398441938723, 3.170721355849217 ], [ 101.615399791168926, 3.170719999050988 ], [ 101.615400870494099, 3.170718642312028 ], [ 101.615401949779979, 3.170717104706147 ], [ 101.615403029046206, 3.170715476666807 ], [ 101.615403838407431, 3.170713848686733 ], [ 101.615404647768642, 3.170712220706659 ], [ 101.615405457110214, 3.170710502293125 ], [ 101.615405996527116, 3.1707086935054 ], [ 101.615406535963686, 3.170706975151135 ], [ 101.615406805455933, 3.170705075989218 ], [ 101.615407074967848, 3.170703267260762 ], [ 101.615407074555094, 3.170701368158114 ], [ 101.615407074142382, 3.170699469055468 ], [ 101.61540680386392, 3.170697750879008 ], [ 101.615406533546192, 3.17069585183563 ], [ 101.615405993343131, 3.17069404328498 ], [ 101.61540545315971, 3.170692325167789 ], [ 101.615404912956635, 3.170690516617137 ], [ 101.615404102887894, 3.170688888992671 ], [ 101.615403022914137, 3.170687261427473 ], [ 101.615401942940409, 3.170685633862274 ], [ 101.615400863005974, 3.170684187163991 ], [ 101.61539978309122, 3.170682830899167 ], [ 101.615398433271451, 3.170681474693608 ], [ 101.615397083471365, 3.170680208921505 ], [ 101.615395463805584, 3.170679124075586 ], [ 101.615394114084097, 3.170678220037318 ], [ 101.61539249443797, 3.170677225624853 ], [ 101.615380347357473, 3.170670988382982 ], [ 101.615357405531768, 3.170671445587244 ], [ 101.615234599233659, 3.170673642944189 ], [ 101.615236509386676, 3.17076950199766 ], [ 101.615198992746954, 3.170770233697017 ], [ 101.615199267364787, 3.17079193766833 ], [ 101.615133680680742, 3.170793037257321 ], [ 101.615135320331461, 3.17088618336679 ], [ 101.614902933010782, 3.170890484685583 ], [ 101.6149026610465, 3.17088098923119 ], [ 101.614780394532829, 3.170883186417565 ], [ 101.614780394297625, 3.170882101216008 ], [ 101.614585826898121, 3.171039769342519 ], [ 101.614651971510696, 3.171122230189314 ], [ 101.614654401263962, 3.171125033094963 ], [ 101.614553474438111, 3.171206716603749 ], [ 101.614551314609599, 3.171204004072269 ], [ 101.61453458340948, 3.171217482319622 ], [ 101.614513264663628, 3.171234850209454 ], [ 101.614544582079802, 3.17127372974922 ], [ 101.614551328572546, 3.171268483131958 ], [ 101.614595874967478, 3.171324089966856 ], [ 101.614545141669296, 3.171365067429444 ], [ 101.614157355882838, 3.171679408512819 ], [ 101.614160055697866, 3.17168293482837 ], [ 101.614161135494825, 3.171683748493716 ], [ 101.614161945386556, 3.171684562218023 ], [ 101.614163025163975, 3.171685285449901 ], [ 101.614164104921841, 3.171685918248313 ], [ 101.614165184660166, 3.171686460613258 ], [ 101.614166534303735, 3.171687002919239 ], [ 101.614167614022506, 3.171687454850717 ], [ 101.614168963626966, 3.171687816289764 ], [ 101.614170043287103, 3.171687996920842 ], [ 101.614171392872009, 3.171688267926421 ], [ 101.614172742398267, 3.171688267631601 ], [ 101.614173822019268, 3.171688267395744 ], [ 101.614175171506417, 3.171688086233992 ], [ 101.614176521013107, 3.171687995505702 ], [ 101.614177600575459, 3.171687723969446 ], [ 101.614178950003961, 3.171687271507292 ], [ 101.614180029546745, 3.171686909537567 ], [ 101.614181109050421, 3.171686366700911 ], [ 101.614182188514988, 3.171685642997323 ], [ 101.61418326799911, 3.1716850097272 ], [ 101.614184347463691, 3.17168428602361 ], [ 101.614279877176969, 3.171606854099015 ], [ 101.614362188350697, 3.171560986337163 ], [ 101.614706526929936, 3.171281833315906 ], [ 101.614707336527786, 3.17128129053784 ], [ 101.614707876220507, 3.171280747818871 ], [ 101.614708415893588, 3.171280114666438 ], [ 101.614708955547115, 3.171279391080542 ], [ 101.614709495181032, 3.171278577061184 ], [ 101.614709764948998, 3.171277943967848 ], [ 101.6147103045829, 3.171277129948488 ], [ 101.614710574311673, 3.171276315988227 ], [ 101.614710844040431, 3.171275502027965 ], [ 101.614711113769204, 3.171274688067703 ], [ 101.614711113592818, 3.171273874166538 ], [ 101.614711113377268, 3.171272879398448 ], [ 101.614711383106012, 3.171272065438187 ], [ 101.614711113024498, 3.171271251596119 ], [ 101.61471111282853, 3.171270347261492 ], [ 101.614711112652145, 3.171269533360327 ], [ 101.614710842570645, 3.17126871951826 ] ] ] } },
{ "type": "Feature", "properties": { "Tarikh_Moh": null, "Daerah": "MBPJ", "UPI": null, "sts_warta": "Belum Warta", "no_lot": "94226", "no_pt": null, "nama": null, "gtn1": "Tanah Lapang dan Rekreasi", "gtn2": "Kawasan Hijau", "gtn3": "Zon Penampan", "kod_gtn": "TLR301", "no_warta": null, "trkh_warta": null, "serah_PTD": null, "luas_h": 0.0724, "selenggara": null, "catatan": "Komited Jul-Dis 2025", "tahun_data": 2025, "PBT": "MBPJ" }, "geometry": { "type": "Polygon", "coordinates": [ [ [ 101.61525536926905, 3.170615399235271 ], [ 101.615387622175348, 3.170612928501832 ], [ 101.615387622175348, 3.170612928501832 ], [ 101.615418394762173, 3.170628657167424 ], [ 101.615422443808555, 3.170630826681382 ], [ 101.615427842556727, 3.170633809800093 ], [ 101.615433241403238, 3.170637245086071 ], [ 101.615438100518432, 3.170641042224406 ], [ 101.615442959692643, 3.170645110663093 ], [ 101.615447279135552, 3.17064954095415 ], [ 101.615451328712851, 3.170654152171382 ], [ 101.615455108483474, 3.170659215615172 ], [ 101.61545861836882, 3.170664369551686 ], [ 101.615461588522862, 3.170669885340586 ], [ 101.6154642887916, 3.170675491622219 ], [ 101.615466449289713, 3.170681278889327 ], [ 101.615468339922202, 3.170687247082632 ], [ 101.615469960649691, 3.170693215335216 ], [ 101.615471041626193, 3.170699455006745 ], [ 101.615471582773054, 3.170705604363382 ], [ 101.615471854034595, 3.170711844212764 ], [ 101.615471585486162, 3.170718084180718 ], [ 101.615471047032699, 3.170724324207957 ], [ 101.615469968769233, 3.170730564353768 ], [ 101.615464037720372, 3.170762126935214 ], [ 101.61556199595131, 3.170682614400186 ], [ 101.615392476553993, 3.170594931176633 ], [ 101.615392206609741, 3.170594750368977 ], [ 101.614670483585513, 3.17060811187153 ], [ 101.614448655635243, 3.170764972035752 ], [ 101.613674416147191, 3.171312173128452 ], [ 101.613674416147191, 3.171312173128452 ], [ 101.614111510618258, 3.171858115063022 ], [ 101.614128241833569, 3.171844636821577 ], [ 101.613760531932954, 3.17138649067034 ], [ 101.613757022111869, 3.171381608028091 ], [ 101.613753782176488, 3.17137663489351 ], [ 101.613750812068233, 3.171371299966194 ], [ 101.613748381750838, 3.171365874487705 ], [ 101.613746221319147, 3.171360358516893 ], [ 101.613744600658748, 3.171354661561446 ], [ 101.613743249864513, 3.171348783680211 ], [ 101.613742168955966, 3.17134281530666 ], [ 101.613741627857735, 3.171336846815417 ], [ 101.613741626569833, 3.171330878206484 ], [ 101.613741895167578, 3.171324819105237 ], [ 101.613742433689993, 3.171318850378614 ], [ 101.61374351204222, 3.17131297196777 ], [ 101.61374513022426, 3.171307183872704 ], [ 101.613747018330955, 3.17130148615226 ], [ 101.61374917636229, 3.171295878806436 ], [ 101.613751874281945, 3.171290633076791 ], [ 101.613755112031413, 3.171285477662915 ], [ 101.613758349800364, 3.171280412682499 ], [ 101.613762127457605, 3.171275709318251 ], [ 101.613766175098036, 3.171271367629017 ], [ 101.613770492663079, 3.171267116314386 ], [ 101.613775080230823, 3.171263317108231 ], [ 101.613779937762217, 3.17125978914361 ], [ 101.614455137132964, 3.170782424278058 ], [ 101.614666440437261, 3.17063316282721 ], [ 101.614668599363654, 3.170631715419192 ], [ 101.614670758329197, 3.170630448878098 ], [ 101.614673187219324, 3.170629272711389 ], [ 101.61467588605359, 3.170628277352525 ], [ 101.614678315002479, 3.170627372486197 ], [ 101.6146810139347, 3.170626829294642 ], [ 101.614683442961933, 3.170626286162157 ], [ 101.61468614195293, 3.170626014270981 ], [ 101.61468884096351, 3.170625832813263 ], [ 101.61525536926905, 3.170615399235271 ] ] ] } },
{ "type": "Feature", "properties": { "Tarikh_Moh": null, "Daerah": "MBPJ", "UPI": null, "sts_warta": "Belum Warta", "no_lot": "92086", "no_pt": null, "nama": null, "gtn1": "Tanah Lapang dan Rekreasi", "gtn2": "Kawasan Hijau", "gtn3": "Zon Penampan", "kod_gtn": "TLR301", "no_warta": null, "trkh_warta": null, "serah_PTD": null, "luas_h": 0.0826, "selenggara": null, "catatan": "Komited Jul-Dis 2025", "tahun_data": 2025, "PBT": "MBPJ" }, "geometry": { "type": "Polygon", "coordinates": [ [ [ 101.584736293316993, 3.109097792610195 ], [ 101.584732764933079, 3.108990177105913 ], [ 101.584583535855288, 3.109096826264651 ], [ 101.584590016475246, 3.109114640507815 ], [ 101.584716038235172, 3.109025087646508 ], [ 101.584720923943337, 3.109175478061355 ], [ 101.584729064352743, 3.109412865135618 ], [ 101.584730422129653, 3.109458081756928 ], [ 101.584686431943297, 3.109467675923093 ], [ 101.584514789202245, 3.109504876128079 ], [ 101.584384437898493, 3.109533296558896 ], [ 101.584343416371809, 3.109542257123108 ], [ 101.584252467285225, 3.109561898142214 ], [ 101.584249768525169, 3.109562622113438 ], [ 101.584247069781711, 3.109563436518404 ], [ 101.584244640944206, 3.109564341306988 ], [ 101.584241942283839, 3.109565607880678 ], [ 101.584239513529411, 3.109566964837988 ], [ 101.582286237032534, 3.110569060530398 ], [ 101.582099760744384, 3.110664773727358 ], [ 101.581926507814558, 3.110753882801123 ], [ 101.581932448474703, 3.110770883257563 ], [ 101.58425193094719, 3.109580618028182 ], [ 101.584749047155782, 3.109472547688978 ], [ 101.584736293316993, 3.109097792610195 ] ] ] } },
{ "type": "Feature", "properties": { "Tarikh_Moh": null, "Daerah": "MBPJ", "UPI": null, "sts_warta": "Belum Warta", "no_lot": "92086", "no_pt": null, "nama": null, "gtn1": "Tanah Lapang dan Rekreasi", "gtn2": "Kawasan Hijau", "gtn3": "Zon Penampan", "kod_gtn": "TLR301", "no_warta": null, "trkh_warta": null, "serah_PTD": null, "luas_h": 0.0352, "selenggara": null, "catatan": "Komited Jul-Dis 2025", "tahun_data": 2025, "PBT": "MBPJ" }, "geometry": { "type": "Polygon", "coordinates": [ [ [ 101.582001462166659, 3.110341400654949 ], [ 101.581924773632139, 3.110121660693011 ], [ 101.581924233574014, 3.11012012341818 ], [ 101.581923423659276, 3.110118767060402 ], [ 101.581922883617594, 3.110117320219328 ], [ 101.581921803813415, 3.110115963911083 ], [ 101.581920993915134, 3.110114697987062 ], [ 101.581920184082549, 3.110113793798076 ], [ 101.581919914110998, 3.110113341678815 ], [ 101.581804138910513, 3.110153967680802 ], [ 101.581803869119554, 3.110154510332864 ], [ 101.581753688653123, 3.110259060965952 ], [ 101.581931804358959, 3.110196538557426 ], [ 101.581982299962789, 3.110341132872193 ], [ 101.581979601232106, 3.110342037705315 ], [ 101.581804184285431, 3.11040392659172 ], [ 101.58180445430628, 3.110404650012284 ], [ 101.581898964717752, 3.110674848749893 ], [ 101.58190058395671, 3.110674305850114 ], [ 101.581901933273215, 3.110673582132357 ], [ 101.58190355246289, 3.110672767931299 ], [ 101.581904901762982, 3.110671953779779 ], [ 101.581906251046618, 3.110671049194498 ], [ 101.58190733040783, 3.11066996379124 ], [ 101.581908679625769, 3.110668697470925 ], [ 101.581909758970554, 3.110667521633907 ], [ 101.58191083829891, 3.110666255363129 ], [ 101.581911647721256, 3.110664898708134 ], [ 101.581912457127146, 3.11066345161938 ], [ 101.581913266516622, 3.110661914096867 ], [ 101.581914075922526, 3.110660467008112 ], [ 101.581914615373137, 3.110658658233866 ], [ 101.581915154856603, 3.110657030327137 ], [ 101.581915424434044, 3.11065531203619 ], [ 101.58191596391751, 3.110653684129459 ], [ 101.581915963588955, 3.110651875454297 ], [ 101.581915963276828, 3.110650157212892 ], [ 101.581915962948273, 3.110648348537729 ], [ 101.581915692746577, 3.110646630345866 ], [ 101.581915422528425, 3.110644821720245 ], [ 101.581915152343143, 3.11064319396214 ], [ 101.581914612251865, 3.110641475819818 ], [ 101.581862227857059, 3.110499323561104 ], [ 101.581860337661368, 3.110493988316019 ], [ 101.581858987261171, 3.110488743405639 ], [ 101.581857906717701, 3.110483317578213 ], [ 101.581857365920456, 3.110477710784221 ], [ 101.581856825139653, 3.110472194423983 ], [ 101.581857093945331, 3.110466225746381 ], [ 101.581857362718182, 3.11046007620126 ], [ 101.581858171302926, 3.110454107424609 ], [ 101.581859519699577, 3.110448319416426 ], [ 101.581861137969284, 3.110442440924957 ], [ 101.581863296083753, 3.110436924069472 ], [ 101.581865724071278, 3.110431316730699 ], [ 101.581868422014011, 3.110426071077431 ], [ 101.581871659752181, 3.110420915758861 ], [ 101.581875167445531, 3.11041612212579 ], [ 101.58187894506122, 3.110411509310697 ], [ 101.581883262505173, 3.11040716769781 ], [ 101.581887579998366, 3.110403097386184 ], [ 101.581891627782682, 3.110400021895418 ], [ 101.581895675599824, 3.110397127272157 ], [ 101.58189972348265, 3.110394594383914 ], [ 101.5819040412714, 3.110392151879881 ], [ 101.581908629015345, 3.11039007106133 ], [ 101.581913216792117, 3.110388171110278 ], [ 101.581993368554578, 3.110358313254483 ], [ 101.581994178157359, 3.110357951370777 ], [ 101.581994987743712, 3.110357499053312 ], [ 101.58199579734648, 3.110357137169606 ], [ 101.581996606916405, 3.110356594418384 ], [ 101.581997146596819, 3.110356051716717 ], [ 101.581997956166731, 3.110355508965494 ], [ 101.581998495814275, 3.110354785396312 ], [ 101.581999035478262, 3.110354152260887 ], [ 101.581999575125792, 3.110353428691703 ], [ 101.582000114756909, 3.110352614688763 ], [ 101.582000654420881, 3.110351981553337 ], [ 101.582000924162472, 3.110351167599953 ], [ 101.582001193871207, 3.110350172779055 ], [ 101.58200173350231, 3.110349358776112 ], [ 101.582001733354417, 3.110348544872288 ], [ 101.582002003079566, 3.110347640485148 ], [ 101.582002002931674, 3.110346826581323 ], [ 101.582002272640409, 3.110345831760425 ], [ 101.582002002586577, 3.110344927472401 ], [ 101.582002002438657, 3.110344113568578 ], [ 101.582002002257894, 3.110343118797237 ], [ 101.58200173222049, 3.110342304942973 ], [ 101.582001462166659, 3.110341400654949 ] ] ] } },
{ "type": "Feature", "properties": { "Tarikh_Moh": null, "Daerah": "MBPJ", "UPI": null, "sts_warta": "Belum Warta", "no_lot": "356", "no_pt": null, "nama": null, "gtn1": "Tanah Lapang dan Rekreasi", "gtn2": "Kawasan Hijau", "gtn3": "Zon Penampan", "kod_gtn": "TLR301", "no_warta": null, "trkh_warta": null, "serah_PTD": null, "luas_h": 0.0455, "selenggara": null, "catatan": "Komited Jul-Dis 2025", "tahun_data": 2025, "PBT": "MBPJ" }, "geometry": { "type": "Polygon", "coordinates": [ [ [ 101.626881837813613, 3.088168845537626 ], [ 101.626418100348715, 3.08782222748158 ], [ 101.626391929527813, 3.087857864164242 ], [ 101.62638788241469, 3.087863019783414 ], [ 101.626383295473701, 3.087867904223019 ], [ 101.626378438588645, 3.087872517422534 ], [ 101.626373311739513, 3.08787676894842 ], [ 101.626596812653091, 3.088043839978762 ], [ 101.626610039131307, 3.088053603831521 ], [ 101.626671312953476, 3.088099439876865 ], [ 101.626672392629601, 3.088100072669172 ], [ 101.62667320244195, 3.088100795955608 ], [ 101.626674282097966, 3.088101338314383 ], [ 101.626675361713808, 3.088101699806099 ], [ 101.6266767112336, 3.08810215167074 ], [ 101.626677790849442, 3.088102513162453 ], [ 101.626678870425096, 3.088102693787105 ], [ 101.626679950020829, 3.088102964845286 ], [ 101.626696953086167, 3.088104679264269 ], [ 101.626699112257569, 3.088105130947061 ], [ 101.626701001525007, 3.088105492256928 ], [ 101.626703160716531, 3.08810603437324 ], [ 101.626705050064345, 3.088106757417217 ], [ 101.626706939432282, 3.088107570894719 ], [ 101.626708828820327, 3.088108474805746 ], [ 101.62671071824856, 3.08810955958383 ], [ 101.626712337833126, 3.088110825289578 ], [ 101.626785758448122, 3.088165701952939 ], [ 101.626787108108772, 3.088166786852132 ], [ 101.626788457829747, 3.088168143051908 ], [ 101.626789807550722, 3.088169499251683 ], [ 101.626791157311914, 3.088171036318513 ], [ 101.626792237169113, 3.088172483012443 ], [ 101.626793047182659, 3.088174110634065 ], [ 101.626793857196191, 3.088175738255684 ], [ 101.626794667249968, 3.08817754674436 ], [ 101.626795477283594, 3.088179264799505 ], [ 101.626800338631568, 3.088194727841497 ], [ 101.626881837813613, 3.088168845537626 ] ] ] } },
{ "type": "Feature", "properties": { "Tarikh_Moh": null, "Daerah": "MBPJ", "UPI": null, "sts_warta": "Belum Warta", "no_lot": "356", "no_pt": null, "nama": null, "gtn1": "Tanah Lapang dan Rekreasi", "gtn2": "Kawasan Hijau", "gtn3": "Kawasan Hijau", "kod_gtn": "TLR302", "no_warta": null, "trkh_warta": null, "serah_PTD": null, "luas_h": 0.1235, "selenggara": null, "catatan": "Komited Jul-Dis 2025", "tahun_data": 2025, "PBT": "MBPJ" }, "geometry": { "type": "Polygon", "coordinates": [ [ [ 101.626384736210028, 3.088279376489114 ], [ 101.626557179876485, 3.088224625510414 ], [ 101.626554479109373, 3.088215944497244 ], [ 101.62667969641403, 3.088176216064806 ], [ 101.626684287595069, 3.088190413098654 ], [ 101.626702098645382, 3.088184621352696 ], [ 101.626711281149014, 3.088213648454814 ], [ 101.62671505922205, 3.088212291103297 ], [ 101.626717759990456, 3.088220972115958 ], [ 101.626800338631568, 3.088194727841497 ], [ 101.626800338631568, 3.088194727841497 ], [ 101.626795477283594, 3.088179264799505 ], [ 101.626794667249968, 3.08817754674436 ], [ 101.626793857196191, 3.088175738255684 ], [ 101.626793047182659, 3.088174110634065 ], [ 101.626792237169113, 3.088172483012443 ], [ 101.626791157311914, 3.088171036318513 ], [ 101.626789807550722, 3.088169499251683 ], [ 101.626788457829747, 3.088168143051908 ], [ 101.626787108108772, 3.088166786852132 ], [ 101.626785758448122, 3.088165701952939 ], [ 101.626712337833126, 3.088110825289578 ], [ 101.62671071824856, 3.08810955958383 ], [ 101.626708828820327, 3.088108474805746 ], [ 101.626706939432282, 3.088107570894719 ], [ 101.626705050064345, 3.088106757417217 ], [ 101.626703160716531, 3.08810603437324 ], [ 101.626701001525007, 3.088105492256928 ], [ 101.626699112257569, 3.088105130947061 ], [ 101.626696953126356, 3.088104860131328 ], [ 101.626679950020829, 3.088102964845286 ], [ 101.626678870425096, 3.088102693787105 ], [ 101.626677790849442, 3.088102513162453 ], [ 101.6266767112336, 3.08810215167074 ], [ 101.626675361713808, 3.088101699806099 ], [ 101.626674282097966, 3.088101338314383 ], [ 101.62667320244195, 3.088100795955608 ], [ 101.626672392629601, 3.088100072669172 ], [ 101.626671312953476, 3.088099439876865 ], [ 101.626610039131307, 3.088053603831521 ], [ 101.626596812653091, 3.088043839978762 ], [ 101.626373311739513, 3.08787676894842 ], [ 101.62636791490614, 3.087880568367143 ], [ 101.626362517972439, 3.087883915618181 ], [ 101.626356581230937, 3.087887082123161 ], [ 101.626350644348946, 3.087889615593384 ], [ 101.626310435252236, 3.087905812211507 ], [ 101.62630476813348, 3.08790780301979 ], [ 101.626299100934446, 3.087909432093916 ], [ 101.626293433655164, 3.087910699433881 ], [ 101.626287496391754, 3.087911514666654 ], [ 101.62628155902803, 3.087911877731732 ], [ 101.626275621584057, 3.087911879062646 ], [ 101.626269684059849, 3.087911518659397 ], [ 101.62626374643537, 3.087910706088449 ], [ 101.626257808750722, 3.087909622216871 ], [ 101.626252140829536, 3.087907995683572 ], [ 101.626246472808091, 3.087905916982578 ], [ 101.626241074630371, 3.087903657354 ], [ 101.626235946236207, 3.087900945497243 ], [ 101.626230817741799, 3.087897781472795 ], [ 101.626225959091116, 3.08789443652077 ], [ 101.626221370224016, 3.087890639340575 ], [ 101.626217051180589, 3.087886570799279 ], [ 101.626212732077036, 3.087882230957362 ], [ 101.626209222564768, 3.087877619633394 ], [ 101.626205712992387, 3.08787273700881 ], [ 101.62620247324368, 3.087867583023138 ], [ 101.626199773222524, 3.087862248049436 ], [ 101.626197343065144, 3.087856822581718 ], [ 101.6261314544317, 3.087689987465609 ], [ 101.626130644339398, 3.087687998109225 ], [ 101.626129294339265, 3.08768537583901 ], [ 101.626128214263005, 3.087682934375408 ], [ 101.626126594419219, 3.08768049303271 ], [ 101.626124974615536, 3.087678232557076 ], [ 101.626123354831904, 3.087676062514974 ], [ 101.626121195300826, 3.087673983027304 ], [ 101.626119305693578, 3.087672084346247 ], [ 101.626117146242677, 3.087670366592705 ], [ 101.626113907096425, 3.087667925612683 ], [ 101.626063160553784, 3.087630045325016 ], [ 101.62606100116318, 3.087628598871946 ], [ 101.626058571868811, 3.087627062045774 ], [ 101.626056142654605, 3.087625886953731 ], [ 101.62605344357668, 3.087624802355652 ], [ 101.626051014402563, 3.087623808130667 ], [ 101.626048315424853, 3.087623175700245 ], [ 101.626045616467181, 3.087622633703351 ], [ 101.626042647645818, 3.087622182200415 ], [ 101.626039948788332, 3.08762209237118 ], [ 101.626037249970949, 3.087622183409006 ], [ 101.626034551173575, 3.087622364880361 ], [ 101.626031582532548, 3.087622727279206 ], [ 101.626018358750031, 3.087625081511971 ], [ 101.626027276755323, 3.087678525736918 ], [ 101.625897737377827, 3.087700349216195 ], [ 101.625896386016493, 3.087691577465232 ], [ 101.62582972720999, 3.087702806138972 ], [ 101.625822430478692, 3.087658224035917 ], [ 101.625820271488749, 3.087658586253057 ], [ 101.625818112538838, 3.087659129337264 ], [ 101.625816223532738, 3.087659943661703 ], [ 101.625814064642881, 3.087660758046511 ], [ 101.625812175676813, 3.087661753238015 ], [ 101.625810286750777, 3.087662929296588 ], [ 101.625808667728506, 3.087664195728322 ], [ 101.625806778842502, 3.087665552653962 ], [ 101.62580542974402, 3.087666999892393 ], [ 101.625803810781804, 3.087668537624729 ], [ 101.625802461743362, 3.087670256163765 ], [ 101.625801112724943, 3.087672065136336 ], [ 101.625800033570243, 3.087673783615 ], [ 101.625799224379392, 3.087675863767438 ], [ 101.625798145264724, 3.087677763113172 ], [ 101.625797605937592, 3.087679752771705 ], [ 101.625797066650492, 3.08768192329731 ], [ 101.625796527363406, 3.087684093822914 ], [ 101.625796257940038, 3.087686173854614 ], [ 101.625795988536709, 3.087688344319848 ], [ 101.625795989017121, 3.087690514724715 ], [ 101.625796259381303, 3.087692685069213 ], [ 101.625796529745486, 3.087694855413711 ], [ 101.625797069993425, 3.087697025697839 ], [ 101.625797610201332, 3.087699015114894 ], [ 101.625798420313032, 3.087701094905116 ], [ 101.625840005777818, 3.087806621543569 ], [ 101.626014178227663, 3.088246179992014 ], [ 101.62601930896767, 3.088259472573184 ], [ 101.626020388924118, 3.088261371435644 ], [ 101.626021198996682, 3.088263270358538 ], [ 101.626022278953144, 3.088265169220995 ], [ 101.626023628773481, 3.088266977589479 ], [ 101.626024978553758, 3.088268605090894 ], [ 101.626026328334007, 3.088270232592305 ], [ 101.626027947958121, 3.088271679166209 ], [ 101.626029567562171, 3.088273035306576 ], [ 101.626031457030123, 3.088274300952966 ], [ 101.626033346457959, 3.088275385732286 ], [ 101.626035235845734, 3.088276289644535 ], [ 101.626037125253575, 3.088277283990315 ], [ 101.626039284465122, 3.088277916541514 ], [ 101.626041173772734, 3.088278458719618 ], [ 101.626043332944221, 3.088278910403742 ], [ 101.626045492095656, 3.088279271654327 ], [ 101.626047651207017, 3.088279452037841 ], [ 101.626049810278303, 3.088279451554284 ], [ 101.626051969309486, 3.088279270203655 ], [ 101.626054128320646, 3.08827899841949 ], [ 101.626056017387754, 3.088278455395165 ], [ 101.626058176338773, 3.088277912310391 ], [ 101.626044672583191, 3.088234778537173 ], [ 101.626299964754111, 3.088153602449386 ], [ 101.626309145962381, 3.088176841809837 ], [ 101.626354511941514, 3.088291682228357 ], [ 101.626359642485298, 3.088304070472205 ], [ 101.626360452578567, 3.088306059828322 ], [ 101.62636126265177, 3.088307958750905 ], [ 101.626362612472732, 3.088309767118906 ], [ 101.626363692389731, 3.0883114851139 ], [ 101.626365042210708, 3.088313293481896 ], [ 101.626366661835334, 3.08831474005524 ], [ 101.626368011596114, 3.088316277122639 ], [ 101.626369901084615, 3.088317633201918 ], [ 101.62637152064903, 3.088318808474659 ], [ 101.626373410117452, 3.0883200741204 ], [ 101.626375299505597, 3.088320978032014 ], [ 101.626377188873676, 3.088321791510091 ], [ 101.626379348105601, 3.088322514494104 ], [ 101.626381237433534, 3.088323147105112 ], [ 101.626383396605263, 3.088323598788524 ], [ 101.626385555736832, 3.088323869604868 ], [ 101.626387714828283, 3.088323959554144 ], [ 101.62638987389964, 3.088323959069886 ], [ 101.626392032950932, 3.088323868152093 ], [ 101.626394191962092, 3.088323596367233 ], [ 101.626396350933092, 3.088323143715304 ], [ 101.626398239980034, 3.088322510256847 ], [ 101.626384736210028, 3.088279376489114 ] ], [ [ 101.626362605629097, 3.088278929284715 ], [ 101.626299417382498, 3.088119328261756 ], [ 101.626238968771304, 3.088143577999949 ], [ 101.626192522855618, 3.08802683871242 ], [ 101.626253241325259, 3.088002498483234 ], [ 101.626238929579372, 3.0879668708773 ], [ 101.626363335008463, 3.087917194976413 ], [ 101.626443773755469, 3.087977405670966 ], [ 101.626457803519074, 3.08795850191478 ], [ 101.626596006978858, 3.088061745999485 ], [ 101.626581977196381, 3.088080559323853 ], [ 101.626623006413794, 3.088111478382638 ], [ 101.626644879162797, 3.088166185760299 ], [ 101.626362605629097, 3.088278929284715 ] ], [ [ 101.626128827080436, 3.088012474051127 ], [ 101.626188774882593, 3.088163936794862 ], [ 101.626023080668915, 3.08822935736035 ], [ 101.625922897776903, 3.087976708482202 ], [ 101.625939898895936, 3.087969650860742 ], [ 101.625912625366936, 3.087900746608274 ], [ 101.625895084481144, 3.087907804350031 ], [ 101.625852688994456, 3.087800650092185 ], [ 101.626106357286389, 3.087699217308028 ], [ 101.626148752773659, 3.087806281120723 ], [ 101.626125544872565, 3.087815781841148 ], [ 101.626153358440945, 3.087885861602351 ], [ 101.62614013527697, 3.087891019276398 ], [ 101.62618037032243, 3.087991843656502 ], [ 101.626128827080436, 3.088012474051127 ] ] ] } },
{ "type": "Feature", "properties": { "Tarikh_Moh": null, "Daerah": "MBPJ", "UPI": null, "sts_warta": "Belum Warta", "no_lot": "356", "no_pt": null, "nama": null, "gtn1": "Tanah Lapang dan Rekreasi", "gtn2": "Kawasan Hijau", "gtn3": "Zon Penampan", "kod_gtn": "TLR301", "no_warta": null, "trkh_warta": null, "serah_PTD": null, "luas_h": 0.0322, "selenggara": null, "catatan": "Komited Jul-Dis 2025", "tahun_data": 2025, "PBT": "MBPJ" }, "geometry": { "type": "Polygon", "coordinates": [ [ [ 101.626367623711474, 3.087784528016564 ], [ 101.626009158621002, 3.087516382457389 ], [ 101.625965974201662, 3.087502736659821 ], [ 101.62596219596989, 3.087503370540278 ], [ 101.625757092012492, 3.087538052474567 ], [ 101.625757092012492, 3.087538052474567 ], [ 101.625752238628394, 3.087558491540239 ], [ 101.625751969224979, 3.087560662005473 ], [ 101.62575169980154, 3.08756274203717 ], [ 101.625751430398125, 3.087564912502403 ], [ 101.625751430878424, 3.087567082907283 ], [ 101.625751701242464, 3.087569253251806 ], [ 101.625751971606519, 3.087571423596329 ], [ 101.625752511814255, 3.087573413013424 ], [ 101.625753052042015, 3.087575492864055 ], [ 101.625753592249765, 3.087577482281148 ], [ 101.625754672245009, 3.087579562011066 ], [ 101.625755482316478, 3.087581460934265 ], [ 101.625756562231672, 3.087583178930035 ], [ 101.625757912050602, 3.087584987298981 ], [ 101.625759261829529, 3.087586614800854 ], [ 101.625760611608456, 3.087588242302724 ], [ 101.625762231231079, 3.087589688877161 ], [ 101.625763850833707, 3.087591045018058 ], [ 101.625765740300068, 3.087592310665057 ], [ 101.625767629726383, 3.08759339544498 ], [ 101.62576951911268, 3.087594299357826 ], [ 101.625771408519, 3.087595293704205 ], [ 101.625773297845271, 3.087595926316435 ], [ 101.625775457035246, 3.087596468434762 ], [ 101.625777616225236, 3.087597010553085 ], [ 101.625779775355184, 3.087597281370795 ], [ 101.625781934465124, 3.087597461754964 ], [ 101.625783823651275, 3.08759746133242 ], [ 101.625785982681165, 3.087597279982434 ], [ 101.625788141691004, 3.087597008198908 ], [ 101.625780844962492, 3.087552426095288 ], [ 101.625967057762693, 3.087520913558779 ], [ 101.62597462438238, 3.087565495600146 ], [ 101.626008898333794, 3.087559700181059 ], [ 101.626012946489553, 3.08755924710707 ], [ 101.626017264609146, 3.087559155706782 ], [ 101.626021582768828, 3.087559245173548 ], [ 101.626025631144969, 3.087559786868395 ], [ 101.626029949444927, 3.087560509369869 ], [ 101.626033997941278, 3.087561593665891 ], [ 101.626038046457666, 3.087562768395433 ], [ 101.626041825190541, 3.08756439535306 ], [ 101.626045603983542, 3.087566293611277 ], [ 101.626181917822777, 3.087668000810802 ], [ 101.626184887085444, 3.087670441851071 ], [ 101.626187586464368, 3.0876728829518 ], [ 101.626190016059809, 3.087675776280657 ], [ 101.626192445635198, 3.087678579175972 ], [ 101.626194605407051, 3.087681743865887 ], [ 101.626196495275096, 3.087684818182733 ], [ 101.626198385223375, 3.087688254233708 ], [ 101.626199735384091, 3.087691599972088 ], [ 101.626228629070184, 3.087764302061919 ], [ 101.626253202273134, 3.087826424395029 ], [ 101.626254012385829, 3.087828504184821 ], [ 101.62625509234222, 3.087830403047057 ], [ 101.626256172258493, 3.087832121042226 ], [ 101.626257522078618, 3.087833929410439 ], [ 101.626258871878704, 3.087835647345115 ], [ 101.626260221638674, 3.087837184412723 ], [ 101.626261841262377, 3.087838630986307 ], [ 101.626263460866028, 3.087839987126355 ], [ 101.626265350333441, 3.087841252772376 ], [ 101.626266969896989, 3.087842428045353 ], [ 101.626269129188032, 3.087843422330277 ], [ 101.626271018555173, 3.087844235808623 ], [ 101.626272907922271, 3.087845049286965 ], [ 101.626275067113028, 3.087845591404213 ], [ 101.626277226263667, 3.087845952654391 ], [ 101.626279385394255, 3.087846223471032 ], [ 101.626281544504764, 3.087846403854134 ], [ 101.626283703575169, 3.087846403370167 ], [ 101.626285862605457, 3.087846222019131 ], [ 101.62628775173188, 3.087845950295054 ], [ 101.626289910681919, 3.08784540720988 ], [ 101.626292069631958, 3.087844864124701 ], [ 101.626293958678119, 3.087844230666484 ], [ 101.626320944650558, 3.087833372592381 ], [ 101.626324452798855, 3.087831834435754 ], [ 101.626327960907005, 3.087830115412053 ], [ 101.62633119905108, 3.087828034714719 ], [ 101.626334437175103, 3.087825863583844 ], [ 101.626337405355116, 3.087823421212872 ], [ 101.626340103591133, 3.087820707601805 ], [ 101.626342801807056, 3.087817903557201 ], [ 101.626345230099062, 3.087814918706037 ], [ 101.626356831630773, 3.087799271102917 ], [ 101.626367623711474, 3.087784528016564 ] ] ] } },
{ "type": "Feature", "properties": { "Tarikh_Moh": null, "Daerah": "MBPJ", "UPI": null, "sts_warta": "Belum Warta", "no_lot": "356", "no_pt": null, "nama": null, "gtn1": "Tanah Lapang dan Rekreasi", "gtn2": "Kawasan Hijau", "gtn3": "Zon Penampan", "kod_gtn": "TLR301", "no_warta": null, "trkh_warta": null, "serah_PTD": null, "luas_h": 0.0021, "selenggara": null, "catatan": "Komited Jul-Dis 2025", "tahun_data": 2025, "PBT": "MBPJ" }, "geometry": { "type": "Polygon", "coordinates": [ [ [ 101.625487133579966, 3.088420925050648 ], [ 101.625487943591736, 3.0884225526734 ], [ 101.625489023487447, 3.088424180235846 ], [ 101.625490103343168, 3.088425626931217 ], [ 101.625491183218898, 3.088427164060122 ], [ 101.625492263054639, 3.088428520321953 ], [ 101.625493612734331, 3.088429695656403 ], [ 101.625494962434018, 3.088430961424388 ], [ 101.625496581977671, 3.08843204626499 ], [ 101.625498201521324, 3.08843313110559 ], [ 101.625499821004993, 3.088433944645576 ], [ 101.625501440488648, 3.088434758185561 ], [ 101.625503059932328, 3.088435390858468 ], [ 101.625504949239968, 3.088435933037528 ], [ 101.625506568643672, 3.088436384843356 ], [ 101.625508457891286, 3.088436655721799 ], [ 101.625510347098924, 3.088436745733164 ], [ 101.625511966442616, 3.088436926238374 ], [ 101.62551385559027, 3.088436744949124 ], [ 101.625486848179264, 3.088350748686282 ], [ 101.625485229095645, 3.088351743817004 ], [ 101.625483609992031, 3.088352648514187 ], [ 101.625482260812333, 3.08835373401814 ], [ 101.625480911632636, 3.088354819522091 ], [ 101.625479562492927, 3.088356085893115 ], [ 101.625478213373214, 3.088357442697675 ], [ 101.625477134157407, 3.088358889875471 ], [ 101.625476054961595, 3.088360427486802 ], [ 101.625475245629715, 3.088361874604294 ], [ 101.625474166453898, 3.088363502649161 ], [ 101.625473627085938, 3.088365311440502 ], [ 101.625473087677975, 3.088366939364768 ], [ 101.625472548290006, 3.088368657722571 ], [ 101.625472008942026, 3.088370556947448 ], [ 101.625471739457979, 3.088372365678489 ], [ 101.625471739877881, 3.088374264782768 ], [ 101.625471740257751, 3.088375983019972 ], [ 101.625471740677639, 3.08837788212425 ], [ 101.62547201096146, 3.088379690734691 ], [ 101.625472551109254, 3.088381408851296 ], [ 101.62547282139306, 3.088383217461738 ], [ 101.625473631424768, 3.088384935518042 ], [ 101.625487133579966, 3.088420925050648 ] ] ] } },
{ "type": "Feature", "properties": { "Tarikh_Moh": null, "Daerah": "MBPJ", "UPI": null, "sts_warta": "Belum Warta", "no_lot": "356", "no_pt": null, "nama": null, "gtn1": "Tanah Lapang dan Rekreasi", "gtn2": "Kawasan Hijau", "gtn3": "Zon Penampan", "kod_gtn": "TLR301", "no_warta": null, "trkh_warta": null, "serah_PTD": null, "luas_h": 0.013, "selenggara": null, "catatan": "Komited Jul-Dis 2025", "tahun_data": 2025, "PBT": "MBPJ" }, "geometry": { "type": "Polygon", "coordinates": [ [ [ 101.625579737040511, 3.088571295332897 ], [ 101.625566233299622, 3.088528161552603 ], [ 101.625716278219812, 3.088480379093866 ], [ 101.62573005184997, 3.088523512811493 ], [ 101.625738417652528, 3.088520797933997 ], [ 101.625724913906041, 3.088477664156134 ], [ 101.625896548065768, 3.088423275195463 ], [ 101.625910051818337, 3.088466408970697 ], [ 101.625970501556722, 3.088447133093806 ], [ 101.625974009767589, 3.088445866238765 ], [ 101.625977248054397, 3.088444418577077 ], [ 101.625980486301131, 3.08844279004831 ], [ 101.625983724487739, 3.088440890218935 ], [ 101.625986692730265, 3.088438719149381 ], [ 101.625989391048762, 3.088436367273186 ], [ 101.625992089327156, 3.088433834529917 ], [ 101.625994787585512, 3.088431211353109 ], [ 101.625996946035869, 3.088428407430097 ], [ 101.625999104406077, 3.088425241772947 ], [ 101.626000992912353, 3.088422166609761 ], [ 101.62600288137854, 3.088418910579506 ], [ 101.626004230036756, 3.088415473803055 ], [ 101.626005578714995, 3.088412127460135 ], [ 101.626006387545189, 3.088408419503951 ], [ 101.626007196415458, 3.088404892414836 ], [ 101.626007735381734, 3.088401274952624 ], [ 101.62600800444406, 3.088397567117313 ], [ 101.62600800364244, 3.088393949775973 ], [ 101.626008002800759, 3.088390151567565 ], [ 101.626007462211248, 3.088386443913564 ], [ 101.62600611291181, 3.088386986816944 ], [ 101.626003142545272, 3.088379571931983 ], [ 101.625952948581229, 3.088399659416221 ], [ 101.625937016433568, 3.088359058324263 ], [ 101.625925142602384, 3.088363853959884 ], [ 101.625938646355166, 3.08840698773477 ], [ 101.625724103713708, 3.08847522263178 ], [ 101.625710599968528, 3.088432088853607 ], [ 101.625701964282612, 3.0884348037912 ], [ 101.625715468027508, 3.088477937569505 ], [ 101.625565423087622, 3.08852562959457 ], [ 101.625551919348041, 3.088482495813966 ], [ 101.625542743953403, 3.088485482171571 ], [ 101.62554085490568, 3.088486115628562 ], [ 101.62553923576192, 3.088486839458767 ], [ 101.625537616638155, 3.088487653722507 ], [ 101.625535997534399, 3.088488558419779 ], [ 101.625534648354588, 3.088489643923805 ], [ 101.625533029330796, 3.088490910355221 ], [ 101.625531680170994, 3.08849208629278 ], [ 101.62553060093515, 3.088493443037095 ], [ 101.625529251815337, 3.088494799841724 ], [ 101.625528172619482, 3.08849633745311 ], [ 101.625527363327578, 3.088497965437714 ], [ 101.625526554035687, 3.088499593422319 ], [ 101.625525744743797, 3.088501221406922 ], [ 101.625525205355856, 3.088502939764747 ], [ 101.625524665987925, 3.088504748556108 ], [ 101.625524126639974, 3.088506647781005 ], [ 101.625523857136017, 3.088508366078513 ], [ 101.625523857556004, 3.08851026518278 ], [ 101.625523857955997, 3.088512073853509 ], [ 101.625523858375985, 3.088513972957776 ], [ 101.625524128639967, 3.088515691134653 ], [ 101.625524668827893, 3.088517590118288 ], [ 101.625524939111855, 3.088519398728702 ], [ 101.625525749143776, 3.088521116784948 ], [ 101.625526019307742, 3.088522382794142 ], [ 101.625537901062842, 3.088553398843139 ], [ 101.625538981058796, 3.088555478573195 ], [ 101.625539791130763, 3.088557377496497 ], [ 101.625540871086713, 3.088559276359477 ], [ 101.625542220886643, 3.088560994295064 ], [ 101.625543570666579, 3.088562621797112 ], [ 101.625544920446529, 3.088564249299157 ], [ 101.62554654009044, 3.088565786307341 ], [ 101.625548159694389, 3.088567142448451 ], [ 101.62555004918228, 3.088568498529235 ], [ 101.625551938610187, 3.088569583309406 ], [ 101.625553827998104, 3.088570487222501 ], [ 101.625555717406002, 3.088571481569129 ], [ 101.62555787661789, 3.088572114121283 ], [ 101.625559765965804, 3.088572837167296 ], [ 101.625561925117694, 3.088573198418832 ], [ 101.625564084249561, 3.088573469236829 ], [ 101.625566243361448, 3.088573649621284 ], [ 101.625568402433316, 3.088573649138664 ], [ 101.625570561465182, 3.088573467788967 ], [ 101.625572720477038, 3.088573196005729 ], [ 101.625574879468886, 3.088572833788951 ], [ 101.62557676853676, 3.088572290765427 ], [ 101.625579737040511, 3.088571295332897 ] ] ] } },
{ "type": "Feature", "properties": { "Tarikh_Moh": null, "Daerah": "MBPJ", "UPI": null, "sts_warta": "Belum Warta", "no_lot": "356", "no_pt": null, "nama": null, "gtn1": "Tanah Lapang dan Rekreasi", "gtn2": "Kawasan Hijau", "gtn3": "Zon Penampan", "kod_gtn": "TLR301", "no_warta": null, "trkh_warta": null, "serah_PTD": null, "luas_h": 0.0031, "selenggara": null, "catatan": "Komited Jul-Dis 2025", "tahun_data": 2025, "PBT": "MBPJ" }, "geometry": { "type": "Polygon", "coordinates": [ [ [ 101.626283547399211, 3.08835898069117 ], [ 101.626285436466333, 3.088358437666436 ], [ 101.626287595397329, 3.088357804147659 ], [ 101.626289484364136, 3.088356808955258 ], [ 101.626291373351009, 3.088355904196387 ], [ 101.62629326229775, 3.088354818570448 ], [ 101.62629515118428, 3.088353461643911 ], [ 101.626296770186883, 3.088352104777881 ], [ 101.626298389149369, 3.088350567044785 ], [ 101.626299738247965, 3.088349119805728 ], [ 101.626301087266313, 3.088347310832545 ], [ 101.626302436304741, 3.088345592292891 ], [ 101.626303515419096, 3.088343692946682 ], [ 101.626304594533423, 3.088341793600474 ], [ 101.626305403723705, 3.088339713447712 ], [ 101.626306212934054, 3.088337723728481 ], [ 101.626306752240396, 3.088335643636231 ], [ 101.626307021642774, 3.08833347317096 ], [ 101.626307291045137, 3.088331302705688 ], [ 101.626307560447501, 3.088329132240417 ], [ 101.626307559965952, 3.088326961835657 ], [ 101.626307289600476, 3.088324791491408 ], [ 101.626307019275131, 3.088322802014223 ], [ 101.626306748909656, 3.088320631669975 ], [ 101.626306208660267, 3.088318461386236 ], [ 101.626305398547004, 3.088316381596541 ], [ 101.626295407244243, 3.08829115288003 ], [ 101.626294597151116, 3.088289163523852 ], [ 101.626293517194128, 3.088287264661713 ], [ 101.62629243725722, 3.088285456233105 ], [ 101.626291087456465, 3.088283738298534 ], [ 101.626289737635645, 3.088281929930429 ], [ 101.626288387895102, 3.08828048329645 ], [ 101.626286768250566, 3.088278946289442 ], [ 101.626285148646161, 3.088277590149494 ], [ 101.62628325919799, 3.088276414937113 ], [ 101.626281369729767, 3.088275149291194 ], [ 101.626279480341779, 3.088274245379401 ], [ 101.626277590973856, 3.088273431901137 ], [ 101.626275431742116, 3.088272708916901 ], [ 101.626273542414324, 3.088272076305692 ], [ 101.626271383242738, 3.088271624622045 ], [ 101.626269224111297, 3.088271353805457 ], [ 101.626267065019988, 3.088271263855929 ], [ 101.62626490594873, 3.088271264339928 ], [ 101.626262746897524, 3.088271355257455 ], [ 101.626260587886449, 3.088271627042042 ], [ 101.626258428935543, 3.088272170127221 ], [ 101.62625653986855, 3.088272713151897 ], [ 101.626256270024768, 3.088272894079459 ], [ 101.626283547399211, 3.08835898069117 ] ] ] } },
{ "type": "Feature", "properties": { "Tarikh_Moh": null, "Daerah": "MBPJ", "UPI": null, "sts_warta": "Belum Warta", "no_lot": "356", "no_pt": null, "nama": null, "gtn1": "Tanah Lapang dan Rekreasi", "gtn2": "Kawasan Hijau", "gtn3": "Zon Penampan", "kod_gtn": "TLR301", "no_warta": null, "trkh_warta": null, "serah_PTD": null, "luas_h": 0.0045, "selenggara": null, "catatan": "Komited Jul-Dis 2025", "tahun_data": 2025, "PBT": "MBPJ" }, "geometry": { "type": "Polygon", "coordinates": [ [ [ 101.625755633634043, 3.08826513846623 ], [ 101.625752665091227, 3.08826595303211 ], [ 101.625766168835511, 3.088309086809911 ], [ 101.625809077374939, 3.088295512179464 ], [ 101.625822851005893, 3.088338645895929 ], [ 101.625824470189286, 3.088338102932389 ], [ 101.625826089312611, 3.088337288668243 ], [ 101.625827708435949, 3.088336474404095 ], [ 101.625829327519213, 3.088335479272874 ], [ 101.625830946582468, 3.088334393708117 ], [ 101.625832295741759, 3.088333217770214 ], [ 101.625833644881027, 3.088331951398773 ], [ 101.625834994000272, 3.088330594593797 ], [ 101.625836073215567, 3.088329147415676 ], [ 101.625837152410824, 3.088327609804019 ], [ 101.625838231626119, 3.088326162625896 ], [ 101.625839040917413, 3.088324534641095 ], [ 101.625839580284776, 3.088322725849616 ], [ 101.625840389556032, 3.088321007431279 ], [ 101.625840928923381, 3.0883191986398 ], [ 101.625841198426812, 3.088317480342247 ], [ 101.625841467890197, 3.088315581177626 ], [ 101.625841467489693, 3.08831377250693 ], [ 101.625841467069151, 3.088311873402701 ], [ 101.625841466648623, 3.088309974298471 ], [ 101.625841196384215, 3.088308256121703 ], [ 101.625840926079775, 3.088306357077865 ], [ 101.625840385911445, 3.088304548527954 ], [ 101.625837685149889, 3.08829586751253 ], [ 101.625836334949355, 3.088292340906628 ], [ 101.625834984788881, 3.088288995167792 ], [ 101.625833094880619, 3.088285739983269 ], [ 101.62583120499238, 3.088282575232275 ], [ 101.625829315124193, 3.088279500914812 ], [ 101.625826885528241, 3.08827660758519 ], [ 101.625824455972349, 3.088273895122632 ], [ 101.625821756592643, 3.088271454021057 ], [ 101.625818787329024, 3.088269012979862 ], [ 101.625815818165549, 3.088267024106331 ], [ 101.625812579098152, 3.088264944859642 ], [ 101.625809340130886, 3.088263317780615 ], [ 101.625806101203651, 3.088261871568649 ], [ 101.625802592432578, 3.088260606284123 ], [ 101.625799083701565, 3.088259521866655 ], [ 101.625795305186756, 3.08825888967723 ], [ 101.625791796575868, 3.088258347860949 ], [ 101.625788018141165, 3.088258077405638 ], [ 101.625784239766489, 3.088258078250919 ], [ 101.625780731335809, 3.088258350336417 ], [ 101.625776953041211, 3.088258712915813 ], [ 101.62577344473064, 3.088259527602499 ], [ 101.625769936460088, 3.088260523156244 ], [ 101.625755633634043, 3.08826513846623 ] ] ] } },
{ "type": "Feature", "properties": { "Tarikh_Moh": null, "Daerah": "MBPJ", "UPI": null, "sts_warta": "Belum Warta", "no_lot": "356", "no_pt": null, "nama": null, "gtn1": "Tanah Lapang dan Rekreasi", "gtn2": "Kawasan Hijau", "gtn3": "Zon Penampan", "kod_gtn": "TLR301", "no_warta": null, "trkh_warta": null, "serah_PTD": null, "luas_h": 0.0175, "selenggara": null, "catatan": "Komited Jul-Dis 2025", "tahun_data": 2025, "PBT": "MBPJ" }, "geometry": { "type": "Polygon", "coordinates": [ [ [ 101.625597737266062, 3.088200604225618 ], [ 101.625597467502175, 3.088201146887165 ], [ 101.625596388766766, 3.088204764469937 ], [ 101.625595849419071, 3.088206663694861 ], [ 101.625594500779769, 3.088210190904424 ], [ 101.62559396143206, 3.088212090129347 ], [ 101.625592612792758, 3.088215617338907 ], [ 101.62559207344502, 3.088217516563828 ], [ 101.62559099472962, 3.088221224580135 ], [ 101.62559018545798, 3.088222942998309 ], [ 101.625589106742538, 3.088226651014613 ], [ 101.625588297470912, 3.088228369432787 ], [ 101.62558721875547, 3.088232077449089 ], [ 101.625586679367728, 3.088233795806935 ], [ 101.625585330768374, 3.088237503883563 ], [ 101.625584791420636, 3.088239403108482 ], [ 101.625583442781263, 3.088242930318035 ], [ 101.625582094221883, 3.088246819261733 ], [ 101.625551595060998, 3.088236516654823 ], [ 101.625552673816571, 3.08823298950562 ], [ 101.625424739294033, 3.088189790857239 ], [ 101.62543903366462, 3.088146922165269 ], [ 101.62543876374076, 3.08814674135848 ], [ 101.625436874433689, 3.088146199179257 ], [ 101.625435255050462, 3.088145837806821 ], [ 101.62543336580336, 3.088145566928204 ], [ 101.625431476556258, 3.088145296049585 ], [ 101.625429587369126, 3.088145296471575 ], [ 101.625427698201989, 3.088145387327101 ], [ 101.625425809074827, 3.088145659049697 ], [ 101.625424189831548, 3.088145930712008 ], [ 101.625422300764342, 3.088146473735213 ], [ 101.625420681581019, 3.088147016698131 ], [ 101.625418792553802, 3.088147740588404 ], [ 101.62541717345043, 3.088148645285469 ], [ 101.625415554367038, 3.08814964041607 ], [ 101.625414205147536, 3.088150545052851 ], [ 101.625412586124114, 3.088151811484061 ], [ 101.625411236964553, 3.088152987421451 ], [ 101.625409887844981, 3.088154344225916 ], [ 101.625408808649269, 3.088155881837176 ], [ 101.625407729433562, 3.088157329014896 ], [ 101.625406650237835, 3.088158866626155 ], [ 101.625405840945959, 3.088160494610671 ], [ 101.625405031674092, 3.088162213028725 ], [ 101.625404492306075, 3.088164021820039 ], [ 101.625403952918077, 3.088165740177816 ], [ 101.625403683453925, 3.088167639342388 ], [ 101.625403413969792, 3.088169448073423 ], [ 101.62540314450564, 3.088171347237996 ], [ 101.625403144925386, 3.088173246342291 ], [ 101.625403689610067, 3.088195492872043 ], [ 101.625403960113573, 3.088198296251437 ], [ 101.625404230637074, 3.088201190064368 ], [ 101.625404771024463, 3.088203993383483 ], [ 101.625405311431848, 3.088206887136133 ], [ 101.625416657009467, 3.088254181344554 ], [ 101.625417737364643, 3.088257888878464 ], [ 101.625418817639854, 3.088261234678221 ], [ 101.625420437702886, 3.088264670790948 ], [ 101.625422057745936, 3.088268016470132 ], [ 101.62542394763291, 3.088271181221953 ], [ 101.62542610736385, 3.088274165046409 ], [ 101.625428536938728, 3.088276967943498 ], [ 101.62543096649361, 3.088279680407042 ], [ 101.625433665912439, 3.088282302376755 ], [ 101.625436365251304, 3.08828456261231 ], [ 101.625439604338027, 3.088286732293741 ], [ 101.625442573480868, 3.08828863073484 ], [ 101.625445812487655, 3.088290438682099 ], [ 101.625449321298376, 3.088291884834907 ], [ 101.625452830069136, 3.088293150120629 ], [ 101.625456338759932, 3.088294053672188 ], [ 101.625459847430747, 3.088294866790198 ], [ 101.625463625925505, 3.088295408547289 ], [ 101.625467134476352, 3.088295679064051 ], [ 101.625470912851156, 3.088295678219891 ], [ 101.625474421282036, 3.088295406135406 ], [ 101.625478199536872, 3.088294862689998 ], [ 101.625481707887772, 3.08829422887134 ], [ 101.625485216158694, 3.088293233318522 ], [ 101.625605575921753, 3.088254953031475 ], [ 101.625607195085124, 3.088254319634733 ], [ 101.625609084112426, 3.088253595744119 ], [ 101.62561070321577, 3.088252691046763 ], [ 101.625612322299133, 3.088251695915866 ], [ 101.625613671478604, 3.088250610411766 ], [ 101.625615290521921, 3.088249434413794 ], [ 101.625616639641365, 3.08824807760908 ], [ 101.62561798876078, 3.088246720804366 ], [ 101.625619067956265, 3.088245183192911 ], [ 101.625620147171787, 3.088243736014992 ], [ 101.625620956463379, 3.088242108030335 ], [ 101.625621765714925, 3.088240299178603 ], [ 101.625622574986508, 3.088238580760408 ], [ 101.625623114354184, 3.088236771969012 ], [ 101.625623653701837, 3.088234872744078 ], [ 101.625623923205623, 3.088233154446554 ], [ 101.625624192669378, 3.088231255281956 ], [ 101.625624462133146, 3.088229356117357 ], [ 101.625624191829104, 3.08822745707343 ], [ 101.625624191408974, 3.088225557969167 ], [ 101.625623921104946, 3.08822365892524 ], [ 101.625623380937029, 3.088221850375184 ], [ 101.62562284078912, 3.088220132258664 ], [ 101.625622030737318, 3.088218323768941 ], [ 101.625621220705511, 3.088216605712754 ], [ 101.625620410693728, 3.088214978090102 ], [ 101.625619330798045, 3.088213350527783 ], [ 101.625618250922372, 3.088211813398999 ], [ 101.625616901202818, 3.088210457197619 ], [ 101.625615551483278, 3.088209100996239 ], [ 101.625614201803742, 3.088207925661929 ], [ 101.625612582220342, 3.088206659954412 ], [ 101.625610962716934, 3.088205755981038 ], [ 101.625609343193531, 3.088204761574124 ], [ 101.625607723710147, 3.088203948034282 ], [ 101.625605834402876, 3.088203405855376 ], [ 101.625597737266062, 3.088200604225618 ] ] ] } },
{ "type": "Feature", "properties": { "Tarikh_Moh": null, "Daerah": "MBPJ", "UPI": null, "sts_warta": "Belum Warta", "no_lot": "356", "no_pt": null, "nama": null, "gtn1": "Tanah Lapang dan Rekreasi", "gtn2": "Kawasan Hijau", "gtn3": "Zon Penampan", "kod_gtn": "TLR301", "no_warta": null, "trkh_warta": null, "serah_PTD": null, "luas_h": 0.001, "selenggara": null, "catatan": "Komited Jul-Dis 2025", "tahun_data": 2025, "PBT": "MBPJ" }, "geometry": { "type": "Polygon", "coordinates": [ [ [ 101.625694125399832, 3.08837946021783 ], [ 101.625666848072214, 3.088293373587319 ], [ 101.625658482271206, 3.088296088464138 ], [ 101.625685489754332, 3.088382356022332 ], [ 101.625694125399832, 3.08837946021783 ] ] ] } },
{ "type": "Feature", "properties": { "Tarikh_Moh": null, "Daerah": "MBPJ", "UPI": null, "sts_warta": "Belum Warta", "no_lot": "356", "no_pt": null, "nama": null, "gtn1": "Tanah Lapang dan Rekreasi", "gtn2": "Kawasan Hijau", "gtn3": "Zon Penampan", "kod_gtn": "TLR301", "no_warta": null, "trkh_warta": null, "serah_PTD": null, "luas_h": 0.0162, "selenggara": null, "catatan": "Komited Jul-Dis 2025", "tahun_data": 2025, "PBT": "MBPJ" }, "geometry": { "type": "Polygon", "coordinates": [ [ [ 101.62547637597406, 3.08859166598026 ], [ 101.625476645438127, 3.088589766815685 ], [ 101.625477184826181, 3.088588048457878 ], [ 101.625477454290248, 3.088586149293303 ], [ 101.625477453870317, 3.088584250189034 ], [ 101.625477453450401, 3.088582351084763 ], [ 101.625477183146486, 3.088580452040798 ], [ 101.625476912842586, 3.088578552996832 ], [ 101.625476372674683, 3.088576744446708 ], [ 101.625475832486799, 3.088574845463046 ], [ 101.625434004067927, 3.088591132846032 ], [ 101.625408350396171, 3.088524669923823 ], [ 101.625393768186498, 3.088486329359332 ], [ 101.625336789897943, 3.088338031075084 ], [ 101.6253788881926, 3.088321743636239 ], [ 101.625373757819958, 3.088310078855068 ], [ 101.625330039003217, 3.088320850209433 ], [ 101.625310049211365, 3.088237655813416 ], [ 101.625303566103909, 3.08821097936569 ], [ 101.62530410373391, 3.088201302856569 ], [ 101.62530165482022, 3.088110960293831 ], [ 101.625346455282397, 3.088109774655253 ], [ 101.625309208511709, 3.088097122275377 ], [ 101.625325121269995, 3.088050093280323 ], [ 101.625325121230034, 3.088049912413245 ], [ 101.625299480386218, 3.088041417384572 ], [ 101.625283571881951, 3.088107708723083 ], [ 101.625283571921912, 3.088107889590161 ], [ 101.625286564737209, 3.088216951775051 ], [ 101.625286564737209, 3.088216951775051 ], [ 101.625312497447538, 3.088324923635544 ], [ 101.625425644061764, 3.088620073446942 ], [ 101.625425644081758, 3.08862016388048 ], [ 101.625427263305752, 3.088619801784576 ], [ 101.625439137361838, 3.08861600092308 ], [ 101.625458567649801, 3.088609847101112 ], [ 101.62546045669778, 3.088609213644249 ], [ 101.625462075841767, 3.088608489814148 ], [ 101.625463694945779, 3.088607585116972 ], [ 101.625465314029782, 3.088606589986256 ], [ 101.62546693309379, 3.088605504422 ], [ 101.625468282253806, 3.08860432848451 ], [ 101.625469631373832, 3.088602971679944 ], [ 101.625470980493844, 3.088601614875377 ], [ 101.625472059689869, 3.088600077264038 ], [ 101.625473138905903, 3.088598630086235 ], [ 101.62547421804193, 3.088596821174286 ], [ 101.625475027333977, 3.088595193189712 ], [ 101.625475836606014, 3.088593474771603 ], [ 101.62547637597406, 3.08859166598026 ] ] ] } },
{ "type": "Feature", "properties": { "Tarikh_Moh": null, "Daerah": "MBPJ", "UPI": null, "sts_warta": "Belum Warta", "no_lot": "356", "no_pt": null, "nama": null, "gtn1": "Tanah Lapang dan Rekreasi", "gtn2": "Kawasan Hijau", "gtn3": "Zon Penampan", "kod_gtn": "TLR301", "no_warta": null, "trkh_warta": null, "serah_PTD": null, "luas_h": 0.0309, "selenggara": null, "catatan": "Komited Jul-Dis 2025", "tahun_data": 2025, "PBT": "MBPJ" }, "geometry": { "type": "Polygon", "coordinates": [ [ [ 101.62636156593183, 3.088458440086311 ], [ 101.626349144245722, 3.088426791134608 ], [ 101.626348334152354, 3.088424801778493 ], [ 101.626347254195124, 3.088422902916433 ], [ 101.626346174237909, 3.088421004054371 ], [ 101.626344824416805, 3.088419195686361 ], [ 101.626343474635846, 3.088417568185412 ], [ 101.626341854970946, 3.088415940744983 ], [ 101.626340235346191, 3.088414494171613 ], [ 101.626338615741517, 3.088413138031772 ], [ 101.626336996156908, 3.08841187232546 ], [ 101.62633510672849, 3.088410787546728 ], [ 101.626332947456277, 3.088409883695574 ], [ 101.626331058047938, 3.088408889350367 ], [ 101.626328898835922, 3.088408256799798 ], [ 101.626327009527927, 3.088407714622238 ], [ 101.626324850356056, 3.088407262938723 ], [ 101.626322691224331, 3.088406992122268 ], [ 101.626324581796524, 3.088413231612314 ], [ 101.626334574606432, 3.088445242843196 ], [ 101.626336735102882, 3.088451663139748 ], [ 101.626282222356465, 3.088468857734689 ], [ 101.626270888012698, 3.088472387183695 ], [ 101.626264946172, 3.088452583571347 ], [ 101.626259004612422, 3.088434046028386 ], [ 101.626256303867123, 3.088425455447872 ], [ 101.626244699679887, 3.088429165824137 ], [ 101.626258203446596, 3.088472299593827 ], [ 101.626056614341564, 3.088536462144411 ], [ 101.626043110561938, 3.088493237938098 ], [ 101.62592976729087, 3.08852934629993 ], [ 101.625943540930407, 3.088572480014022 ], [ 101.625771906789737, 3.088627049850902 ], [ 101.625758403000177, 3.088583735206692 ], [ 101.625749767353241, 3.088586631011822 ], [ 101.625763271102443, 3.088629764789096 ], [ 101.625497454023062, 3.088714198718135 ], [ 101.625483950283254, 3.088671064936789 ], [ 101.625453185625759, 3.088680657766365 ], [ 101.625451296597632, 3.088681381656762 ], [ 101.6254494075895, 3.088682195980689 ], [ 101.625472090864292, 3.088741063147534 ], [ 101.625472090884315, 3.08874115358107 ], [ 101.625848822487256, 3.088621425760454 ], [ 101.62636156593183, 3.088458440086311 ] ] ] } },
{ "type": "Feature", "properties": { "Tarikh_Moh": null, "Daerah": "MBPJ", "UPI": null, "sts_warta": "Belum Warta", "no_lot": "356", "no_pt": null, "nama": null, "gtn1": "Tanah Lapang dan Rekreasi", "gtn2": "Kawasan Hijau", "gtn3": "Zon Penampan", "kod_gtn": "TLR301", "no_warta": null, "trkh_warta": null, "serah_PTD": null, "luas_h": 0.0031, "selenggara": null, "catatan": "Komited Jul-Dis 2025", "tahun_data": 2025, "PBT": "MBPJ" }, "geometry": { "type": "Polygon", "coordinates": [ [ [ 101.626098409549471, 3.088370416807317 ], [ 101.626084635906892, 3.08832728309536 ], [ 101.626082746879817, 3.088328006986806 ], [ 101.626080587948749, 3.08832864050517 ], [ 101.6260786989818, 3.08832963569721 ], [ 101.6260768099948, 3.088330540455713 ], [ 101.626074921047888, 3.088331626081279 ], [ 101.626073302045015, 3.088332982946989 ], [ 101.626071683042156, 3.088334339812698 ], [ 101.6260700640794, 3.088335877545471 ], [ 101.62606844509655, 3.088337324844708 ], [ 101.626067096077819, 3.088339133817625 ], [ 101.626066016922977, 3.088340852296559 ], [ 101.626064937808209, 3.088342751642557 ], [ 101.626063858693442, 3.088344650988555 ], [ 101.626063049462587, 3.088346550274101 ], [ 101.626062240271821, 3.088348630426714 ], [ 101.626061700985034, 3.08835080095241 ], [ 101.62606143154207, 3.088352790550591 ], [ 101.626061162139209, 3.088354961015839 ], [ 101.626060892736334, 3.088357131481084 ], [ 101.626060893217399, 3.088359301885882 ], [ 101.626061163582392, 3.08836147223023 ], [ 101.626061433947385, 3.088363642574578 ], [ 101.62606170429234, 3.088365722485392 ], [ 101.626062514385112, 3.088367711841774 ], [ 101.626063054613994, 3.088369791692138 ], [ 101.626073045932202, 3.088395110844707 ], [ 101.626074125888906, 3.088397009707088 ], [ 101.626074935961682, 3.088398908629922 ], [ 101.6260760159184, 3.088400807492302 ], [ 101.626077365739036, 3.088402615860692 ], [ 101.626078715519554, 3.088404243362014 ], [ 101.626080065300087, 3.088405870863333 ], [ 101.626081684924486, 3.088407317437129 ], [ 101.626083304528834, 3.08840867357739 ], [ 101.626085193997071, 3.088409939223658 ], [ 101.626087083425233, 3.088411024002856 ], [ 101.626088972813307, 3.088411927914985 ], [ 101.626090862221446, 3.088412922260643 ], [ 101.626093021433292, 3.088413554811708 ], [ 101.626094910741188, 3.088414096989692 ], [ 101.626097069912973, 3.088414548673683 ], [ 101.626099229064721, 3.088414909924135 ], [ 101.626101388176366, 3.088415090307517 ], [ 101.626103547247908, 3.088415089823829 ], [ 101.626105706279361, 3.088414908473071 ], [ 101.62610759538677, 3.088414546315705 ], [ 101.626109754358097, 3.08841409366434 ], [ 101.62611191330933, 3.088413550579439 ], [ 101.626098409549471, 3.088370416807317 ] ] ] } },
{ "type": "Feature", "properties": { "Tarikh_Moh": null, "Daerah": "MBPJ", "UPI": null, "sts_warta": "Belum Warta", "no_lot": "356", "no_pt": null, "nama": null, "gtn1": "Tanah Lapang dan Rekreasi", "gtn2": "Kawasan Hijau", "gtn3": "Zon Penampan", "kod_gtn": "TLR301", "no_warta": null, "trkh_warta": null, "serah_PTD": null, "luas_h": 0.0099, "selenggara": null, "catatan": "Komited Jul-Dis 2025", "tahun_data": 2025, "PBT": "MBPJ" }, "geometry": { "type": "Polygon", "coordinates": [ [ [ 101.626413919705229, 3.088441698139402 ], [ 101.626517277968063, 3.088408847575722 ], [ 101.626728582179993, 3.088341698452503 ], [ 101.626723180662367, 3.088324426860853 ], [ 101.626719129549414, 3.088311586208996 ], [ 101.626718319435369, 3.088309506419679 ], [ 101.626717509341447, 3.088307517063889 ], [ 101.626716429383677, 3.088305618202242 ], [ 101.626715349425936, 3.088303719340595 ], [ 101.626714269488275, 3.088301910912475 ], [ 101.626712919706932, 3.088300283412026 ], [ 101.626711300041663, 3.088298655972188 ], [ 101.626709950320603, 3.088297299772321 ], [ 101.626708060811623, 3.088295853260151 ], [ 101.626706441226773, 3.088294587554421 ], [ 101.626704551798213, 3.08829350277636 ], [ 101.626702662409841, 3.088292598865352 ], [ 101.62670077300136, 3.088291604520813 ], [ 101.626698613789372, 3.088290971970996 ], [ 101.626696454597493, 3.088290429854704 ], [ 101.626694565289526, 3.088289887677798 ], [ 101.626692406157943, 3.088289616862085 ], [ 101.626690247046454, 3.088289436479897 ], [ 101.62668808797514, 3.088289436964764 ], [ 101.626685928944042, 3.088289618316683 ], [ 101.626683769933038, 3.088289890102128 ], [ 101.626681610942128, 3.088290252321098 ], [ 101.626679721915508, 3.088290976213574 ], [ 101.626678372576322, 3.088291338250719 ], [ 101.626678372576322, 3.088291338250719 ], [ 101.626691876358365, 3.088334472013764 ], [ 101.626510527134144, 3.088392028453251 ], [ 101.626497023358539, 3.088348894687427 ], [ 101.626423080402063, 3.088372514429935 ], [ 101.626420921491189, 3.088373238382515 ], [ 101.626419032504401, 3.088374143141612 ], [ 101.62641714353768, 3.088375138334236 ], [ 101.626415254591066, 3.088376223960388 ], [ 101.626413365664476, 3.088377400020069 ], [ 101.626411746661972, 3.088378756886269 ], [ 101.626410127699614, 3.088380294619527 ], [ 101.626408778641263, 3.088381922725777 ], [ 101.626407429582912, 3.088383550832026 ], [ 101.626406080544655, 3.088385269371802 ], [ 101.626405001430442, 3.088387168718103 ], [ 101.626403922316229, 3.088389068064402 ], [ 101.626403113126102, 3.088391148217225 ], [ 101.626402573799851, 3.08839313787598 ], [ 101.62640176460971, 3.088395218028803 ], [ 101.626401495207531, 3.088397388494081 ], [ 101.626401225805353, 3.08839955895936 ], [ 101.626400956403174, 3.088401729424639 ], [ 101.626400956884936, 3.088403899829382 ], [ 101.626401227250639, 3.088406070173586 ], [ 101.626401497576182, 3.088408059650729 ], [ 101.626402037825841, 3.088410229934396 ], [ 101.626402578055405, 3.088412309784532 ], [ 101.626403118264903, 3.088414299201136 ], [ 101.626413919705229, 3.088441698139402 ] ], [ [ 101.626423350567038, 3.088373780438824 ], [ 101.626491896266742, 3.088352061011626 ], [ 101.626508370653283, 3.088403694863163 ], [ 101.62643955510687, 3.088425595219248 ], [ 101.626423350567038, 3.088373780438824 ] ] ] } },
{ "type": "Feature", "properties": { "Tarikh_Moh": null, "Daerah": "MBPJ", "UPI": null, "sts_warta": "Belum Warta", "no_lot": "92086", "no_pt": null, "nama": null, "gtn1": "Tanah Lapang dan Rekreasi", "gtn2": "Kawasan Hijau", "gtn3": "Kawasan Hijau", "kod_gtn": "TLR302", "no_warta": null, "trkh_warta": null, "serah_PTD": null, "luas_h": 0.0063, "selenggara": null, "catatan": "Komited Jul-Dis 2025", "tahun_data": 2025, "PBT": "MBPJ" }, "geometry": { "type": "Polygon", "coordinates": [ [ [ 101.584303467086514, 3.109511426636435 ], [ 101.584330993898547, 3.109501112074915 ], [ 101.584367696330403, 3.109487449758896 ], [ 101.584374173224191, 3.109485006844031 ], [ 101.584372553040311, 3.109480395023865 ], [ 101.584562811899687, 3.109409278723466 ], [ 101.58455957149728, 3.109399874216298 ], [ 101.584557141278765, 3.109393273004641 ], [ 101.584295906396008, 3.10949080914586 ], [ 101.58430211699168, 3.109507899970976 ], [ 101.584303467086514, 3.109511426636435 ] ] ] } },
{ "type": "Feature", "properties": { "Tarikh_Moh": null, "Daerah": "MBSA", "UPI": null, "sts_warta": "Belum Warta", "no_lot": "TANAH KER*", "no_pt": null, "nama": "ELMINA", "gtn1": "Tanah Lapang dan Rekreasi", "gtn2": "Kawasan Hijau", "gtn3": "Zon Penampan", "kod_gtn": "TLR301", "no_warta": null, "trkh_warta": null, "serah_PTD": null, "luas_h": 0.1032, "selenggara": null, "catatan": "Komited Jul-Dis 2025", "tahun_data": 2025, "PBT": "MBSA" }, "geometry": { "type": "Polygon", "coordinates": [ [ [ 101.502446115425414, 3.202354235505879 ], [ 101.502542738914755, 3.202304666971936 ], [ 101.502552177300061, 3.202226711869324 ], [ 101.502617726873964, 3.201869400095749 ], [ 101.502706489325533, 3.201515703091306 ], [ 101.50272321749668, 3.201457280905767 ], [ 101.502634414234237, 3.201440198772565 ], [ 101.502619574752657, 3.201492290371152 ], [ 101.502582343036565, 3.201640244433241 ], [ 101.502529733107991, 3.20185041875206 ], [ 101.502462834753871, 3.202215146253821 ], [ 101.502451508739, 3.202309198806292 ], [ 101.502389697296607, 3.202297268390475 ], [ 101.502381064941957, 3.202341581977907 ], [ 101.502446115425414, 3.202354235505879 ] ] ] } },
{ "type": "Feature", "properties": { "Tarikh_Moh": null, "Daerah": "MBSA", "UPI": null, "sts_warta": "Belum Warta", "no_lot": "TANAH KER*", "no_pt": null, "nama": "ELMINA", "gtn1": "Tanah Lapang dan Rekreasi", "gtn2": "Kawasan Hijau", "gtn3": "Zon Penampan", "kod_gtn": "TLR301", "no_warta": null, "trkh_warta": null, "serah_PTD": null, "luas_h": 0.0503, "selenggara": null, "catatan": "Komited Jul-Dis 2025", "tahun_data": 2025, "PBT": "MBSA" }, "geometry": { "type": "Polygon", "coordinates": [ [ [ 101.502730502258359, 3.201431054252982 ], [ 101.502843282380297, 3.201036478422842 ], [ 101.502779031727457, 3.20093321002196 ], [ 101.502641968911092, 3.201413972090307 ], [ 101.502730502258359, 3.201431054252982 ] ] ] } },
{ "type": "Feature", "properties": { "Tarikh_Moh": null, "Daerah": "MBSA", "UPI": null, "sts_warta": "Belum Warta", "no_lot": "TANAH KER*", "no_pt": null, "nama": "ELMINA", "gtn1": "Tanah Lapang dan Rekreasi", "gtn2": "Tanah Lapang", "gtn3": "Taman Kejiranan", "kod_gtn": "TLR104", "no_warta": null, "trkh_warta": null, "serah_PTD": null, "luas_h": 1.0177, "selenggara": null, "catatan": "Komited Jul-Dis 2025", "tahun_data": 2025, "PBT": "MBSA" }, "geometry": { "type": "Polygon", "coordinates": [ [ [ 101.503142951770883, 3.201633942008823 ], [ 101.503059585354549, 3.201966205600191 ], [ 101.502997543282376, 3.202309771046614 ], [ 101.503035877187827, 3.202366107108897 ], [ 101.503043697605989, 3.202302169443711 ], [ 101.503103582256983, 3.201975786683717 ], [ 101.503148907621195, 3.201794552013175 ], [ 101.50338103288702, 3.201794526048825 ], [ 101.503656369526624, 3.202022026959972 ], [ 101.503715472557175, 3.201950487082807 ], [ 101.504248820922982, 3.20195042704747 ], [ 101.504248804653969, 3.201804737984943 ], [ 101.504395896010678, 3.201703797111831 ], [ 101.504425312986115, 3.201672051478437 ], [ 101.504446087542632, 3.201593823779994 ], [ 101.504460658972633, 3.201559185937362 ], [ 101.504482248575542, 3.201528435960307 ], [ 101.50453865360636, 3.201467748414652 ], [ 101.504549175202683, 3.201422982428477 ], [ 101.504549162477531, 3.201309306977525 ], [ 101.504508131081039, 3.201267983310196 ], [ 101.50363361308429, 3.201268081803763 ], [ 101.503519449964415, 3.201358799843278 ], [ 101.503393670513077, 3.201358813934029 ], [ 101.503349662284066, 3.20124677121404 ], [ 101.50338284867118, 3.20113028858988 ], [ 101.503286489756618, 3.20113029937245 ], [ 101.503142951770883, 3.201633942008823 ] ] ] } },
{ "type": "Feature", "properties": { "Tarikh_Moh": null, "Daerah": "MBSA", "UPI": null, "sts_warta": "Belum Warta", "no_lot": "PT53751", "no_pt": null, "nama": "ELMINA", "gtn1": "Tanah Lapang dan Rekreasi", "gtn2": "Kawasan Hijau", "gtn3": "Kawasan Hijau", "kod_gtn": "TLR302", "no_warta": null, "trkh_warta": null, "serah_PTD": null, "luas_h": 0.0778, "selenggara": null, "catatan": "Komited Jul-Dis 2025", "tahun_data": 2025, "PBT": "MBSA" }, "geometry": { "type": "Polygon", "coordinates": [ [ [ 101.497069399788231, 3.14996016284607 ], [ 101.497129867765636, 3.150061623549091 ], [ 101.497326612419471, 3.149943405745622 ], [ 101.49754148993776, 3.150304938611252 ], [ 101.497566310418165, 3.150205458568761 ], [ 101.497327947603708, 3.14980477021626 ], [ 101.497069399788231, 3.14996016284607 ] ] ] } },
{ "type": "Feature", "properties": { "Tarikh_Moh": null, "Daerah": "MBSA", "UPI": null, "sts_warta": "Belum Warta", "no_lot": "TANAH KER*", "no_pt": null, "nama": "ELMINA", "gtn1": "Tanah Lapang dan Rekreasi", "gtn2": "Kawasan Hijau", "gtn3": "Kawasan Hijau", "kod_gtn": "TLR302", "no_warta": null, "trkh_warta": null, "serah_PTD": null, "luas_h": 0.0604, "selenggara": null, "catatan": "Komited Jul-Dis 2025", "tahun_data": 2025, "PBT": "MBSA" }, "geometry": { "type": "Polygon", "coordinates": [ [ [ 101.501943602112576, 3.153251713990306 ], [ 101.501930104457003, 3.153227298273367 ], [ 101.501612988695882, 3.153388395750681 ], [ 101.501819472381911, 3.153479259505487 ], [ 101.50201028052301, 3.15337216484766 ], [ 101.501943602112576, 3.153251713990306 ] ] ] } },
{ "type": "Feature", "properties": { "Tarikh_Moh": null, "Daerah": "MBSA", "UPI": null, "sts_warta": "Belum Warta", "no_lot": null, "no_pt": "PT 15557", "nama": "KAMPUNG LOMBONG", "gtn1": "Tanah Lapang dan Rekreasi", "gtn2": "Kawasan Hijau", "gtn3": "Kawasan Hijau", "kod_gtn": "TLR302", "no_warta": null, "trkh_warta": null, "serah_PTD": null, "luas_h": 0.0639, "selenggara": null, "catatan": "Komited Jul-Dis 2025", "tahun_data": 2025, "PBT": "MBSA" }, "geometry": { "type": "Polygon", "coordinates": [ [ [ 101.556401873056117, 2.964608938376601 ], [ 101.556180575900896, 2.964492764090583 ], [ 101.556086963774717, 2.964672651772392 ], [ 101.556309340451904, 2.964789368516339 ], [ 101.556315817448606, 2.964792804030489 ], [ 101.556319865574963, 2.964794973835344 ], [ 101.556321484057008, 2.964790723185491 ], [ 101.556325530499677, 2.964781679158135 ], [ 101.556401873056117, 2.964608938376601 ] ] ] } },
{ "type": "Feature", "properties": { "Tarikh_Moh": null, "Daerah": "MBSA", "UPI": null, "sts_warta": "Belum Warta", "no_lot": null, "no_pt": null, "nama": null, "gtn1": "Tanah Lapang dan Rekreasi", "gtn2": "Kemudahan Sukan dan Rekreasi", "gtn3": "Kemudahan Sukan dan Rekreasi", "kod_gtn": "TLR204", "no_warta": null, "trkh_warta": null, "serah_PTD": null, "luas_h": 1.0023, "selenggara": null, "catatan": "Komited Jul-Dis 2025", "tahun_data": 2025, "PBT": "MBSA" }, "geometry": { "type": "Polygon", "coordinates": [ [ [ 101.543752749621859, 3.080757190305627 ], [ 101.543823463162184, 3.080788017983938 ], [ 101.543938708718301, 3.080829058197939 ], [ 101.544055842686205, 3.0808647625174 ], [ 101.544174595116814, 3.080894678811295 ], [ 101.544294426244207, 3.080918807158168 ], [ 101.544375122708942, 3.080930732632978 ], [ 101.544456628192435, 3.080938317151438 ], [ 101.544538133034322, 3.080941470398091 ], [ 101.544619637220563, 3.080940101939002 ], [ 101.544619907102614, 3.080940101899424 ], [ 101.544701410303873, 3.080931950884907 ], [ 101.544782103148322, 3.080918916547669 ], [ 101.544861985634924, 3.08090099888795 ], [ 101.544940517998469, 3.080878197985295 ], [ 101.544940517998469, 3.080878197985295 ], [ 101.545000428747798, 3.080857118060365 ], [ 101.545000428747798, 3.080857118060365 ], [ 101.545002317829997, 3.080856484744738 ], [ 101.545064657436299, 3.080834861855308 ], [ 101.544880065655519, 3.080886707661903 ], [ 101.544876017543089, 3.080887522162434 ], [ 101.544870620007245, 3.080888246427163 ], [ 101.544864952497335, 3.080888337693589 ], [ 101.5448595548432, 3.080888248052371 ], [ 101.544853887215012, 3.080887525412845 ], [ 101.5448484894426, 3.080886621865677 ], [ 101.544842821683019, 3.080884994886209 ], [ 101.544837963543301, 3.080883186919837 ], [ 101.544833105351046, 3.080881017217488 ], [ 101.544828247079948, 3.080878304911187 ], [ 101.544823388769487, 3.080875321302897 ], [ 101.544819070170561, 3.080871975879375 ], [ 101.543653580587574, 3.079908753010025 ], [ 101.543648452285751, 3.079904955529272 ], [ 101.543640894865248, 3.0798998923264 ], [ 101.543633337510016, 3.079895281293446 ], [ 101.54362551031214, 3.079890941601731 ], [ 101.543617413310741, 3.079887144553235 ], [ 101.543609046492762, 3.079883799713955 ], [ 101.543600679700916, 3.079880635742598 ], [ 101.543592313000332, 3.079878104809139 ], [ 101.543583676470135, 3.079875935650894 ], [ 101.543574770136331, 3.079874309135846 ], [ 101.543565863841664, 3.079872953922709 ], [ 101.543557227506994, 3.079872141274175 ], [ 101.543548321342669, 3.079871690400843 ], [ 101.543538335742326, 3.07987187272256 ], [ 101.543529699577036, 3.079872235715743 ], [ 101.543521603266498, 3.079873231668255 ], [ 101.543512157612113, 3.079874679987097 ], [ 101.543503521655182, 3.079876489923999 ], [ 101.543495155645132, 3.079878751991532 ], [ 101.543487059568932, 3.079881375755709 ], [ 101.543478693676036, 3.07988445172908 ], [ 101.543470327848155, 3.079887979872364 ], [ 101.54346250182293, 3.079891779239034 ], [ 101.543454675875751, 3.079896121209623 ], [ 101.543447119875381, 3.079900915310872 ], [ 101.543439833808861, 3.079906071108788 ], [ 101.543432817663117, 3.079911498169384 ], [ 101.543425531765692, 3.079917829609156 ], [ 101.543419055461541, 3.079923799195122 ], [ 101.543413118999013, 3.079930311306511 ], [ 101.543406912732721, 3.079937366061102 ], [ 101.543131141821902, 3.080273549311269 ], [ 101.543752749621859, 3.080757190305627 ] ] ] } },
{ "type": "Feature", "properties": { "Tarikh_Moh": null, "Daerah": "MBSA", "UPI": null, "sts_warta": "Belum Warta", "no_lot": null, "no_pt": null, "nama": null, "gtn1": "Tanah Lapang dan Rekreasi", "gtn2": "Kawasan Hijau", "gtn3": "Kawasan Hijau", "kod_gtn": "TLR302", "no_warta": null, "trkh_warta": null, "serah_PTD": null, "luas_h": 0.189, "selenggara": null, "catatan": "Komited Jul-Dis 2025", "tahun_data": 2025, "PBT": "MBSA" }, "geometry": { "type": "Polygon", "coordinates": [ [ [ 101.54529027026139, 3.086326794043323 ], [ 101.545296743542053, 3.086299934196517 ], [ 101.544383998151517, 3.086302238885821 ], [ 101.544404639697646, 3.087200426167393 ], [ 101.541666669087633, 3.087193318376094 ], [ 101.541627260375876, 3.087153352231309 ], [ 101.541603523594404, 3.085351096570303 ], [ 101.541603269382406, 3.085461064346292 ], [ 101.541600003715331, 3.087164479540196 ], [ 101.541655337883299, 3.087220721509316 ], [ 101.543753954279822, 3.087228465550482 ], [ 101.544015741418505, 3.087228427263877 ], [ 101.544432711549732, 3.087227642676053 ], [ 101.544412343235905, 3.086352696890174 ], [ 101.544411799963655, 3.086328551096498 ], [ 101.54529027026139, 3.086326794043323 ] ] ] } },
{ "type": "Feature", "properties": { "Tarikh_Moh": null, "Daerah": "MBSA", "UPI": null, "sts_warta": "Belum Warta", "no_lot": null, "no_pt": null, "nama": null, "gtn1": "Tanah Lapang dan Rekreasi", "gtn2": "Kawasan Hijau", "gtn3": "Kawasan Hijau", "kod_gtn": "TLR302", "no_warta": null, "trkh_warta": null, "serah_PTD": null, "luas_h": 0.1487, "selenggara": null, "catatan": "Komited Jul-Dis 2025", "tahun_data": 2025, "PBT": "MBSA" }, "geometry": { "type": "Polygon", "coordinates": [ [ [ 101.542373395818586, 3.078961913863902 ], [ 101.541965860075976, 3.078859691788182 ], [ 101.541981774449241, 3.078799098711755 ], [ 101.541625518079002, 3.078709439438808 ], [ 101.541488158790358, 3.078782620283662 ], [ 101.541251776349185, 3.079020676511403 ], [ 101.541130627201056, 3.079215940900282 ], [ 101.541047810077288, 3.079473780122047 ], [ 101.541049216225503, 3.079874131275308 ], [ 101.541025802809557, 3.080341949750075 ], [ 101.540913860724416, 3.080757871777497 ], [ 101.540762505275666, 3.081099643546084 ], [ 101.540634349999493, 3.081373496041018 ], [ 101.540530756642042, 3.081666426590043 ], [ 101.540473853282052, 3.081962244352765 ], [ 101.540468744211552, 3.082094550034053 ], [ 101.541814379767203, 3.082109369086141 ], [ 101.541821936434545, 3.082109096695526 ], [ 101.540495462564579, 3.082094546218708 ], [ 101.540500572091872, 3.08196549616163 ], [ 101.540556666373107, 3.081673748043737 ], [ 101.540659180643075, 3.081383982837019 ], [ 101.54093923094085, 3.080767092414298 ], [ 101.54105252175988, 3.080346467623128 ], [ 101.541075934612891, 3.079874760486131 ], [ 101.541074800387292, 3.079488878735816 ], [ 101.541074798861928, 3.079478117089023 ], [ 101.541155188057928, 3.079227422500084 ], [ 101.541272829524985, 3.07903767508613 ], [ 101.541504354778752, 3.07880441255379 ], [ 101.541629300497192, 3.078738106475557 ], [ 101.541949391450416, 3.078818637121636 ], [ 101.541934826547248, 3.078879682173343 ], [ 101.542373129698319, 3.078988230197472 ], [ 101.542373395818586, 3.078961913863902 ] ] ] } },
{ "type": "Feature", "properties": { "Tarikh_Moh": null, "Daerah": "MBSA", "UPI": null, "sts_warta": "Belum Warta", "no_lot": null, "no_pt": null, "nama": null, "gtn1": "Tanah Lapang dan Rekreasi", "gtn2": "Kawasan Hijau", "gtn3": "Kawasan Hijau", "kod_gtn": "TLR302", "no_warta": null, "trkh_warta": null, "serah_PTD": null, "luas_h": 0.1039, "selenggara": null, "catatan": "Komited Jul-Dis 2025", "tahun_data": 2025, "PBT": "MBSA" }, "geometry": { "type": "Polygon", "coordinates": [ [ [ 101.544191630991392, 3.07925944883534 ], [ 101.544031062705372, 3.079337607265296 ], [ 101.54403106842868, 3.079377217354796 ], [ 101.544028645190821, 3.079416646930949 ], [ 101.54402406288628, 3.079455986388337 ], [ 101.544016781686096, 3.079494783635788 ], [ 101.544015433923931, 3.079506178516073 ], [ 101.544017594623924, 3.079517572884084 ], [ 101.544022723852876, 3.079527791176684 ], [ 101.544030551637675, 3.079536200395281 ], [ 101.544040538084246, 3.079541896278698 ], [ 101.544051603626457, 3.079544607682559 ], [ 101.544062938553793, 3.079543882555117 ], [ 101.544073733273251, 3.079540082750608 ], [ 101.544143897208613, 3.079503356297565 ], [ 101.544215140914602, 3.079468347928151 ], [ 101.544287194509693, 3.079435057681615 ], [ 101.544359788151837, 3.079403756899251 ], [ 101.544433461565362, 3.079374174199936 ], [ 101.544507675013435, 3.079346490530476 ], [ 101.544582698351832, 3.079320524983212 ], [ 101.544658261738547, 3.079296548899502 ], [ 101.544191630991392, 3.07925944883534 ] ] ] } },
{ "type": "Feature", "properties": { "Tarikh_Moh": null, "Daerah": "MBSA", "UPI": null, "sts_warta": "Belum Warta", "no_lot": null, "no_pt": null, "nama": null, "gtn1": "Tanah Lapang dan Rekreasi", "gtn2": "Kawasan Hijau", "gtn3": "Kawasan Hijau", "kod_gtn": "TLR302", "no_warta": null, "trkh_warta": null, "serah_PTD": null, "luas_h": 0.0339, "selenggara": null, "catatan": "Komited Jul-Dis 2025", "tahun_data": 2025, "PBT": "MBSA" }, "geometry": { "type": "Polygon", "coordinates": [ [ [ 101.543763080431347, 3.079408456181149 ], [ 101.543797091394055, 3.079449146521607 ], [ 101.543829753120605, 3.079491012699538 ], [ 101.543836772198162, 3.079505933285366 ], [ 101.543837314336898, 3.079522392193709 ], [ 101.543831379144947, 3.079537676404748 ], [ 101.543819775901824, 3.079549253648462 ], [ 101.543915844977448, 3.079488196687047 ], [ 101.54393392407367, 3.079467575097703 ], [ 101.543949573933631, 3.079444873880696 ], [ 101.543962524727974, 3.079420454811501 ], [ 101.543972236745745, 3.079394679704968 ], [ 101.543978710052443, 3.079368000731149 ], [ 101.543982214556081, 3.079340598718683 ], [ 101.543982210558923, 3.07931292591635 ], [ 101.543979237902846, 3.079285524849317 ], [ 101.543869944412023, 3.07934495593272 ], [ 101.543763080431347, 3.079408456181149 ] ] ] } },
{ "type": "Feature", "properties": { "Tarikh_Moh": null, "Daerah": "MBSA", "UPI": null, "sts_warta": "Belum Warta", "no_lot": null, "no_pt": null, "nama": null, "gtn1": "Tanah Lapang dan Rekreasi", "gtn2": "Kawasan Hijau", "gtn3": "Kawasan Hijau", "kod_gtn": "TLR302", "no_warta": null, "trkh_warta": null, "serah_PTD": null, "luas_h": 0.0058, "selenggara": null, "catatan": "Komited Jul-Dis 2025", "tahun_data": 2025, "PBT": "MBSA" }, "geometry": { "type": "Polygon", "coordinates": [ [ [ 101.544008917201921, 3.079232345326842 ], [ 101.544021607126254, 3.079270325752654 ], [ 101.54402862970673, 3.079309482647712 ], [ 101.544140892497808, 3.079254301512502 ], [ 101.544008917201921, 3.079232345326842 ] ] ] } },
{ "type": "Feature", "properties": { "Tarikh_Moh": null, "Daerah": "MBSA", "UPI": null, "sts_warta": "Belum Warta", "no_lot": null, "no_pt": null, "nama": "TIADA", "gtn1": "Tanah Lapang dan Rekreasi", "gtn2": "Tanah Lapang", "gtn3": "Tanah Lapang Lain", "kod_gtn": "TLR107", "no_warta": null, "trkh_warta": null, "serah_PTD": null, "luas_h": 0.0815, "selenggara": null, "catatan": "Komited Jul-Dis 2025", "tahun_data": 2025, "PBT": "MBSA" }, "geometry": { "type": "Polygon", "coordinates": [ [ [ 101.5548393958465, 2.978904911015313 ], [ 101.55455062634681, 2.978752663564053 ], [ 101.55447886931529, 2.978919344466333 ], [ 101.554804072429164, 2.979091029764473 ], [ 101.554875294292785, 2.978955006089799 ], [ 101.55482671618725, 2.978929058840552 ], [ 101.5548393958465, 2.978904911015313 ] ] ] } },
{ "type": "Feature", "properties": { "Tarikh_Moh": null, "Daerah": "MBSA", "UPI": null, "sts_warta": "Belum Warta", "no_lot": "788", "no_pt": null, "nama": "PADANG JAWA", "gtn1": "Tanah Lapang dan Rekreasi", "gtn2": "Tanah Lapang", "gtn3": "Tanah Lapang Lain", "kod_gtn": "TLR107", "no_warta": null, "trkh_warta": null, "serah_PTD": null, "luas_h": 0.1915, "selenggara": null, "catatan": "Komited Jul-Dis 2025", "tahun_data": 2025, "PBT": "MBSA" }, "geometry": { "type": "Polygon", "coordinates": [ [ [ 101.488785662424974, 3.055116096758271 ], [ 101.48916942624858, 3.055124019130707 ], [ 101.48916938866418, 3.054718059873805 ], [ 101.488785894826947, 3.054709775734461 ], [ 101.488785662424974, 3.055116096758271 ] ] ] } },
{ "type": "Feature", "properties": { "Tarikh_Moh": null, "Daerah": "MBSA", "UPI": null, "sts_warta": "Belum Warta", "no_lot": "12788", "no_pt": null, "nama": "KAMPUNG BUKIT CHERAKAH", "gtn1": "Tanah Lapang dan Rekreasi", "gtn2": "Tanah Lapang", "gtn3": "Tanah Lapang Lain", "kod_gtn": "TLR107", "no_warta": null, "trkh_warta": null, "serah_PTD": null, "luas_h": 0.0341, "selenggara": null, "catatan": "Komited Jul-Dis 2025", "tahun_data": 2025, "PBT": "MBSA" }, "geometry": { "type": "Polygon", "coordinates": [ [ [ 101.4479005010934, 3.179917255963057 ], [ 101.447889435325465, 3.179924943495108 ], [ 101.44791507861801, 3.179961839142975 ], [ 101.447863258433117, 3.179997834881375 ], [ 101.447837615131263, 3.179960758364013 ], [ 101.44767756632541, 3.180072182317494 ], [ 101.447741809504521, 3.180164421441281 ], [ 101.447965014225773, 3.180010128096268 ], [ 101.447965014225773, 3.180010128096268 ], [ 101.4479005010934, 3.179917255963057 ] ] ] } },
{ "type": "Feature", "properties": { "Tarikh_Moh": null, "Daerah": "MBSA", "UPI": null, "sts_warta": "Belum Warta", "no_lot": "102270", "no_pt": null, "nama": "DENAI ALAM", "gtn1": "Tanah Lapang dan Rekreasi", "gtn2": "Kawasan Hijau", "gtn3": "Kawasan Hijau", "kod_gtn": "TLR302", "no_warta": null, "trkh_warta": null, "serah_PTD": null, "luas_h": 0.1948, "selenggara": null, "catatan": "Komited Jul-Dis 2025", "tahun_data": 2025, "PBT": "MBSA" }, "geometry": { "type": "Polygon", "coordinates": [ [ [ 101.514061046223802, 3.15091866418073 ], [ 101.514077780664024, 3.150924088203488 ], [ 101.514093166036474, 3.150933129748117 ], [ 101.514106122687735, 3.150945336774869 ], [ 101.514116110731734, 3.150959985877005 ], [ 101.514122860225356, 3.150976715351202 ], [ 101.514125561328513, 3.150994349653311 ], [ 101.514124483843787, 3.151012074844948 ], [ 101.51411962768465, 3.151029167454211 ], [ 101.514109913391536, 3.151046803253032 ], [ 101.514095880332505, 3.151061364816733 ], [ 101.51407914780998, 3.151072038044092 ], [ 101.514059985659273, 3.15107828029853 ], [ 101.514040013215464, 3.151079548780876 ], [ 101.514020310078564, 3.151075843361021 ], [ 101.514001955880872, 3.151067435210899 ], [ 101.513986570086857, 3.151054866739474 ], [ 101.513955531595656, 3.151054870476951 ], [ 101.513983617948341, 3.151195491947446 ], [ 101.514583321221465, 3.151074871046547 ], [ 101.515080458655916, 3.150923152977941 ], [ 101.515086668810696, 3.150943590304182 ], [ 101.515146582856048, 3.150912564166875 ], [ 101.514305035052786, 3.150913027845129 ], [ 101.514061046223802, 3.15091866418073 ] ] ] } },
{ "type": "Feature", "properties": { "Tarikh_Moh": null, "Daerah": "MBSA", "UPI": null, "sts_warta": "Belum Warta", "no_lot": "102270", "no_pt": null, "nama": "DENAI ALAM", "gtn1": "Tanah Lapang dan Rekreasi", "gtn2": "Kawasan Hijau", "gtn3": "Kawasan Hijau", "kod_gtn": "TLR302", "no_warta": null, "trkh_warta": null, "serah_PTD": null, "luas_h": 0.0169, "selenggara": null, "catatan": "Komited Jul-Dis 2025", "tahun_data": 2025, "PBT": "MBSA" }, "geometry": { "type": "Polygon", "coordinates": [ [ [ 101.515293138494471, 3.150912546343789 ], [ 101.515347401152354, 3.151018618803036 ], [ 101.515552782163525, 3.150912333848897 ], [ 101.515293138494471, 3.150912546343789 ] ] ] } },
{ "type": "Feature", "properties": { "Tarikh_Moh": null, "Daerah": "MBSA", "UPI": null, "sts_warta": "Belum Warta", "no_lot": "102270", "no_pt": null, "nama": "DENAI ALAM", "gtn1": "Tanah Lapang dan Rekreasi", "gtn2": "Kawasan Hijau", "gtn3": "Kawasan Hijau", "kod_gtn": "TLR302", "no_warta": null, "trkh_warta": null, "serah_PTD": null, "luas_h": 0.0688, "selenggara": null, "catatan": "Komited Jul-Dis 2025", "tahun_data": 2025, "PBT": "MBSA" }, "geometry": { "type": "Polygon", "coordinates": [ [ [ 101.516891487045257, 3.150924016602215 ], [ 101.517093665867961, 3.151118876891623 ], [ 101.517101493949468, 3.151126924549416 ], [ 101.517259653534438, 3.151112345144425 ], [ 101.517362215034865, 3.15110844380298 ], [ 101.517358423351496, 3.151001551311064 ], [ 101.517143576934572, 3.150951748738914 ], [ 101.516891487045257, 3.150924016602215 ] ] ] } },
{ "type": "Feature", "properties": { "Tarikh_Moh": null, "Daerah": "MBSA", "UPI": null, "sts_warta": "Belum Warta", "no_lot": "102270", "no_pt": null, "nama": "DENAI ALAM", "gtn1": "Tanah Lapang dan Rekreasi", "gtn2": "Kawasan Hijau", "gtn3": "Kawasan Hijau", "kod_gtn": "TLR302", "no_warta": null, "trkh_warta": null, "serah_PTD": null, "luas_h": 0.0228, "selenggara": null, "catatan": "Komited Jul-Dis 2025", "tahun_data": 2025, "PBT": "MBSA" }, "geometry": { "type": "Polygon", "coordinates": [ [ [ 101.516946033304365, 3.151141051427828 ], [ 101.516868023883376, 3.151072692954509 ], [ 101.516855067705507, 3.151064645926628 ], [ 101.516840492547246, 3.151060035589202 ], [ 101.516753314497038, 3.151056971568983 ], [ 101.516743868065802, 3.151057515335647 ], [ 101.516734691776833, 3.15106004861652 ], [ 101.51672605553, 3.151064571378394 ], [ 101.516718768958967, 3.151070540917771 ], [ 101.51671283208573, 3.151078138102636 ], [ 101.516708514711127, 3.151086548993995 ], [ 101.516706086746126, 3.151095863992635 ], [ 101.516705818002606, 3.151105359593529 ], [ 101.516709604454618, 3.151169838554762 ], [ 101.516845091849376, 3.151150288133472 ], [ 101.516946033304365, 3.151141051427828 ] ] ] } },
{ "type": "Feature", "properties": { "Tarikh_Moh": null, "Daerah": "MBSA", "UPI": null, "sts_warta": "Belum Warta", "no_lot": "102270", "no_pt": null, "nama": "DENAI ALAM", "gtn1": "Tanah Lapang dan Rekreasi", "gtn2": "Kawasan Hijau", "gtn3": "Kawasan Hijau", "kod_gtn": "TLR302", "no_warta": null, "trkh_warta": null, "serah_PTD": null, "luas_h": 0.0835, "selenggara": null, "catatan": "Komited Jul-Dis 2025", "tahun_data": 2025, "PBT": "MBSA" }, "geometry": { "type": "Polygon", "coordinates": [ [ [ 101.516490989330137, 3.151201426893413 ], [ 101.516557375336831, 3.151124278551076 ], [ 101.516564121581212, 3.151113968248174 ], [ 101.51656789873914, 3.151102120932542 ], [ 101.516568167120866, 3.151089641010342 ], [ 101.516565196758449, 3.151077613656141 ], [ 101.516559257650925, 3.151066852742538 ], [ 101.516550349897358, 3.151058172175287 ], [ 101.516539553174482, 3.151052204859492 ], [ 101.516527677236965, 3.151049402865491 ], [ 101.516476396251818, 3.151049409165609 ], [ 101.516461012121155, 3.151050767564834 ], [ 101.516446168098042, 3.151054658048953 ], [ 101.516432134093307, 3.151061171018833 ], [ 101.51641917998478, 3.151070125573415 ], [ 101.51640244787032, 3.151083964026578 ], [ 101.51638976365021, 3.1510928281137 ], [ 101.516375729644608, 3.151099341082846 ], [ 101.5163608856205, 3.151103231565783 ], [ 101.5163455014889, 3.151104589963329 ], [ 101.516229174638426, 3.151104785098774 ], [ 101.516213790177517, 3.151103430474985 ], [ 101.516198945198369, 3.151099453199394 ], [ 101.516184639712108, 3.151092943706 ], [ 101.516171953351417, 3.151084173164466 ], [ 101.516155217877952, 3.151070338815928 ], [ 101.516142531506844, 3.15106147784003 ], [ 101.516128495921365, 3.151054968312756 ], [ 101.516113381054282, 3.151051081502937 ], [ 101.516097996594311, 3.151049726877391 ], [ 101.516098288230154, 3.151229057426692 ], [ 101.516098291562457, 3.15125654935656 ], [ 101.516098293930142, 3.151276083096194 ], [ 101.516433231749602, 3.151209753913495 ], [ 101.516490989330137, 3.151201426893413 ] ] ] } },
{ "type": "Feature", "properties": { "Tarikh_Moh": null, "Daerah": "MBSA", "UPI": null, "sts_warta": "Belum Warta", "no_lot": "102270", "no_pt": null, "nama": "DENAI ALAM", "gtn1": "Tanah Lapang dan Rekreasi", "gtn2": "Kawasan Hijau", "gtn3": "Kawasan Hijau", "kod_gtn": "TLR302", "no_warta": null, "trkh_warta": null, "serah_PTD": null, "luas_h": 0.3683, "selenggara": null, "catatan": "Komited Jul-Dis 2025", "tahun_data": 2025, "PBT": "MBSA" }, "geometry": { "type": "Polygon", "coordinates": [ [ [ 101.516098293930142, 3.151276083096194 ], [ 101.516098291562457, 3.15125654935656 ], [ 101.516098288230154, 3.151229057426692 ], [ 101.51606374436561, 3.151256553587102 ], [ 101.516036214568146, 3.15125655695749 ], [ 101.515644589736922, 3.151256876125703 ], [ 101.515270263192463, 3.151462206882788 ], [ 101.515211696355905, 3.151474422595534 ], [ 101.514694044943198, 3.151615019840127 ], [ 101.512968614968997, 3.151963307842263 ], [ 101.512983467884112, 3.152034387184134 ], [ 101.513417456676848, 3.151944262978932 ], [ 101.513746185603836, 3.151864732031975 ], [ 101.513969403458788, 3.151952335704664 ], [ 101.514321611550017, 3.151855167121313 ], [ 101.514617679574414, 3.151751493971881 ], [ 101.514832509028693, 3.151659587012872 ], [ 101.515223576954355, 3.151515930349024 ], [ 101.5156213947418, 3.151392710798073 ], [ 101.515910718697725, 3.151319514363598 ], [ 101.51602488289933, 3.151290651955556 ], [ 101.516098293930142, 3.151276083096194 ] ] ] } },
{ "type": "Feature", "properties": { "Tarikh_Moh": null, "Daerah": "MBSA", "UPI": null, "sts_warta": "Belum Warta", "no_lot": null, "no_pt": null, "nama": "ALAM IMPIAN", "gtn1": "Tanah Lapang dan Rekreasi", "gtn2": "Tanah Lapang", "gtn3": "Tanah Lapang Lain", "kod_gtn": "TLR107", "no_warta": null, "trkh_warta": null, "serah_PTD": null, "luas_h": 0.4879, "selenggara": null, "catatan": "Komited Jul-Dis 2025", "tahun_data": 2025, "PBT": "MBSA" }, "geometry": { "type": "Polygon", "coordinates": [ [ [ 101.504398794765848, 3.019679236969942 ], [ 101.504229314698605, 3.019643895227611 ], [ 101.504203957083107, 3.019737587803267 ], [ 101.504131930645599, 3.02000374344609 ], [ 101.503953813096317, 3.019952214850889 ], [ 101.503790808192619, 3.019901498531878 ], [ 101.50362834260207, 3.019846622155252 ], [ 101.503467495793728, 3.019787585607066 ], [ 101.503306378663837, 3.01972402735039 ], [ 101.503153897167337, 3.019659292513422 ], [ 101.502999526659323, 3.019594919590052 ], [ 101.502841649472657, 3.019545649532177 ], [ 101.5026794565551, 3.019516818044212 ], [ 101.502513487490674, 3.019507068554267 ], [ 101.502349139512106, 3.01951549615354 ], [ 101.502168062158034, 3.019546805341904 ], [ 101.502118378636794, 3.019275507776852 ], [ 101.501975538636614, 3.01849525594912 ], [ 101.501918868490634, 3.018512896537004 ], [ 101.501927506699829, 3.018536951148147 ], [ 101.502118950240146, 3.019583888516108 ], [ 101.502121112651295, 3.019617529831828 ], [ 101.502396645982358, 3.01961126105183 ], [ 101.502579346238605, 3.01961558274945 ], [ 101.502759349548697, 3.019636454167145 ], [ 101.502936655901834, 3.019673694437438 ], [ 101.503109915971748, 3.019727303703517 ], [ 101.503277780356072, 3.01979655863543 ], [ 101.503438359936496, 3.019880916829563 ], [ 101.503590575174883, 3.019979654929172 ], [ 101.503733346541196, 3.020092140012238 ], [ 101.503865324580019, 3.020217196580297 ], [ 101.503957360240705, 3.020322271404588 ], [ 101.504023477671765, 3.020322535684968 ], [ 101.504171883962826, 3.020127453243424 ], [ 101.504182398834402, 3.020033038773825 ], [ 101.504267390098178, 3.019873503722439 ], [ 101.504352391451235, 3.019809919396997 ], [ 101.504398794765848, 3.019679236969942 ] ] ] } },
{ "type": "Feature", "properties": { "Tarikh_Moh": null, "Daerah": "MBSA", "UPI": null, "sts_warta": "Belum Warta", "no_lot": null, "no_pt": null, "nama": "ALAM IMPIAN", "gtn1": "Tanah Lapang dan Rekreasi", "gtn2": "Tanah Lapang", "gtn3": "Tanah Lapang Lain", "kod_gtn": "TLR107", "no_warta": null, "trkh_warta": null, "serah_PTD": null, "luas_h": 0.2543, "selenggara": null, "catatan": "Komited Jul-Dis 2025", "tahun_data": 2025, "PBT": "MBSA" }, "geometry": { "type": "Polygon", "coordinates": [ [ [ 101.504390358994826, 3.019016173985416 ], [ 101.504372277378025, 3.019010930725336 ], [ 101.504300520889316, 3.019277086350779 ], [ 101.504127800956539, 3.019227185021087 ], [ 101.503963716497495, 3.019174660153442 ], [ 101.503801250789493, 3.019117703810576 ], [ 101.503640403815353, 3.019056135124644 ], [ 101.503481175605245, 3.018990225399031 ], [ 101.503330583051365, 3.018923410395213 ], [ 101.503176213411876, 3.018866453100991 ], [ 101.503017797014309, 3.018821252662553 ], [ 101.502856413386169, 3.018788442004615 ], [ 101.502693141997838, 3.018768111447026 ], [ 101.502528792462215, 3.018760441772805 ], [ 101.502364174363976, 3.018765342462706 ], [ 101.502168523385308, 3.018787428878182 ], [ 101.502177704084133, 3.018838071100541 ], [ 101.502418422911873, 3.018817155610479 ], [ 101.502607599420429, 3.018817497523228 ], [ 101.502796237963167, 3.018834841098566 ], [ 101.502982449492208, 3.018869276969457 ], [ 101.503165424378523, 3.018920443485133 ], [ 101.503346512152191, 3.018990149189394 ], [ 101.503497104706952, 3.019056873756277 ], [ 101.503649585863727, 3.019118985954879 ], [ 101.503803415953996, 3.019177118881408 ], [ 101.503959134690604, 3.019231091609579 ], [ 101.504115932481483, 3.019280994658943 ], [ 101.504311861692486, 3.019337856956147 ], [ 101.504240105151595, 3.019603831708884 ], [ 101.504407156373759, 3.019638811971648 ], [ 101.50445031313761, 3.019430989477927 ], [ 101.504460008478944, 3.019242704346905 ], [ 101.504449195546613, 3.019069523920382 ], [ 101.504411411480632, 3.019043573318741 ], [ 101.504390358994826, 3.019016173985416 ] ] ] } },
{ "type": "Feature", "properties": { "Tarikh_Moh": null, "Daerah": "MBSA", "UPI": null, "sts_warta": "Belum Warta", "no_lot": null, "no_pt": null, "nama": "ALAM IMPIAN", "gtn1": "Tanah Lapang dan Rekreasi", "gtn2": "Tanah Lapang", "gtn3": "Tanah Lapang Lain", "kod_gtn": "TLR107", "no_warta": null, "trkh_warta": null, "serah_PTD": null, "luas_h": 0.7638, "selenggara": null, "catatan": "Komited Jul-Dis 2025", "tahun_data": 2025, "PBT": "MBSA" }, "geometry": { "type": "Polygon", "coordinates": [ [ [ 101.504382517507096, 3.018870485251148 ], [ 101.50441786545403, 3.018827073047345 ], [ 101.50446535919653, 3.018800751620256 ], [ 101.504519061929003, 3.018793963326031 ], [ 101.504571417476001, 3.018807522878075 ], [ 101.504438064312254, 3.01843693755801 ], [ 101.504354409494312, 3.018472939298955 ], [ 101.504209221616179, 3.018475758210742 ], [ 101.504097221621663, 3.018424403463429 ], [ 101.503994930695058, 3.018314627149453 ], [ 101.503953899287865, 3.018203126076038 ], [ 101.503876978362314, 3.018117402567229 ], [ 101.503774964027016, 3.018071291911877 ], [ 101.503675379766847, 3.01803729917876 ], [ 101.503516424616791, 3.018000509251085 ], [ 101.503401185212041, 3.01793866439752 ], [ 101.503197690642068, 3.017791639771529 ], [ 101.503142362333676, 3.017736842444745 ], [ 101.503044130120571, 3.017728442402292 ], [ 101.502951026921394, 3.017734963463118 ], [ 101.502837150501236, 3.017803886332662 ], [ 101.502731907639202, 3.017852098840681 ], [ 101.502554340829519, 3.017902670211239 ], [ 101.502473919672653, 3.017893183039703 ], [ 101.501830039191304, 3.018093471719134 ], [ 101.501794154356446, 3.018165280253984 ], [ 101.501904831422564, 3.018474011270765 ], [ 101.501968248033037, 3.01845447086086 ], [ 101.501958797453341, 3.018403557361257 ], [ 101.501909114065199, 3.018132440645468 ], [ 101.502156577478331, 3.018092895059837 ], [ 101.502368960106125, 3.018071349505877 ], [ 101.502583503814137, 3.018070603562134 ], [ 101.502794540705978, 3.018083784819007 ], [ 101.503005309440667, 3.018113334662245 ], [ 101.503213381145045, 3.018158439439411 ], [ 101.503417136638603, 3.018219189756942 ], [ 101.503623862579218, 3.018298026570732 ], [ 101.503799553886921, 3.018376685764342 ], [ 101.503977943096757, 3.018447838599462 ], [ 101.504159030386276, 3.018513203325577 ], [ 101.504385185978066, 3.018583989275788 ], [ 101.504308841641702, 3.018848788877696 ], [ 101.504382517507096, 3.018870485251148 ] ] ] } },
{ "type": "Feature", "properties": { "Tarikh_Moh": null, "Daerah": "MBSA", "UPI": null, "sts_warta": "Belum Warta", "no_lot": null, "no_pt": null, "nama": "ALAM IMPIAN", "gtn1": "Tanah Lapang dan Rekreasi", "gtn2": "Tanah Lapang", "gtn3": "Tanah Lapang Lain", "kod_gtn": "TLR107", "no_warta": null, "trkh_warta": null, "serah_PTD": null, "luas_h": 0.7196, "selenggara": null, "catatan": "Komited Jul-Dis 2025", "tahun_data": 2025, "PBT": "MBSA" }, "geometry": { "type": "Polygon", "coordinates": [ [ [ 101.505248389513312, 3.017646998218286 ], [ 101.505269703564082, 3.017596262320119 ], [ 101.505370338010792, 3.01735461121543 ], [ 101.505202743596911, 3.017284000053024 ], [ 101.504925794869493, 3.016660304710574 ], [ 101.504902593479116, 3.016727318969136 ], [ 101.504769300182232, 3.016921676412229 ], [ 101.504912901106735, 3.017225520134557 ], [ 101.504943702947941, 3.017575949544389 ], [ 101.504826603806777, 3.017791738178615 ], [ 101.504747820045253, 3.017954528240423 ], [ 101.504749731335068, 3.018164787657918 ], [ 101.504609686849037, 3.018318088657693 ], [ 101.504526305127726, 3.018384566723221 ], [ 101.504638331892366, 3.018689227744055 ], [ 101.504791879931403, 3.018632237767446 ], [ 101.504837500512906, 3.018756399107783 ], [ 101.504907121806326, 3.018715967553189 ], [ 101.504743559223527, 3.018494149839238 ], [ 101.504897908932151, 3.018362551511004 ], [ 101.505015284287097, 3.018206268573042 ], [ 101.505089478686301, 3.018028286031969 ], [ 101.505163673062441, 3.017850303486164 ], [ 101.505248389513312, 3.017646998218286 ] ] ] } },
{ "type": "Feature", "properties": { "Tarikh_Moh": null, "Daerah": "MBSA", "UPI": null, "sts_warta": "Belum Warta", "no_lot": null, "no_pt": null, "nama": "ALAM IMPIAN", "gtn1": "Tanah Lapang dan Rekreasi", "gtn2": "Tanah Lapang", "gtn3": "Tanah Lapang Lain", "kod_gtn": "TLR107", "no_warta": null, "trkh_warta": null, "serah_PTD": null, "luas_h": 0.1312, "selenggara": null, "catatan": "Komited Jul-Dis 2025", "tahun_data": 2025, "PBT": "MBSA" }, "geometry": { "type": "Polygon", "coordinates": [ [ [ 101.510418667361208, 3.033826378273604 ], [ 101.510413808254569, 3.033813446730234 ], [ 101.509619613287995, 3.034114139194053 ], [ 101.509564831917004, 3.034135035624847 ], [ 101.510564729775695, 3.036803907779819 ], [ 101.510973297180499, 3.036649219103206 ], [ 101.511294457754857, 3.036774614902538 ], [ 101.511400781648021, 3.036727577041172 ], [ 101.511643055264003, 3.036101473558737 ], [ 101.511612290322802, 3.036104461390027 ], [ 101.511379459519489, 3.03670696046872 ], [ 101.511293644808362, 3.036744952579509 ], [ 101.511172467392853, 3.036697488383646 ], [ 101.5109735637472, 3.036619737525619 ], [ 101.510952784553041, 3.036627517219849 ], [ 101.510567964803229, 3.036773250222288 ], [ 101.510465383292185, 3.036499788789735 ], [ 101.510382238287903, 3.036277872645805 ], [ 101.510299093329422, 3.036056046927365 ], [ 101.510215948416757, 3.035834311634418 ], [ 101.510132803519653, 3.035612395464375 ], [ 101.510049928539033, 3.035390569689504 ], [ 101.509966783713324, 3.035168653502083 ], [ 101.509864202520859, 3.034895191991906 ], [ 101.509736515937803, 3.034554178932908 ], [ 101.509727066862254, 3.03452162367883 ], [ 101.509682511660031, 3.034281797164635 ], [ 101.509678462431623, 3.034271216816364 ], [ 101.509624472396709, 3.034127161175461 ], [ 101.509752925296354, 3.034078493189429 ], [ 101.509874631707092, 3.034032358102835 ], [ 101.51014664955467, 3.033929323004538 ], [ 101.510418667361208, 3.033826378273604 ] ] ] } },
{ "type": "Feature", "properties": { "Tarikh_Moh": null, "Daerah": "MBSA", "UPI": null, "sts_warta": "Belum Warta", "no_lot": null, "no_pt": null, "nama": "ALAM IMPIAN", "gtn1": "Tanah Lapang dan Rekreasi", "gtn2": "Tanah Lapang", "gtn3": "Tanah Lapang Lain", "kod_gtn": "TLR107", "no_warta": null, "trkh_warta": null, "serah_PTD": null, "luas_h": 0.0308, "selenggara": null, "catatan": "Komited Jul-Dis 2025", "tahun_data": 2025, "PBT": "MBSA" }, "geometry": { "type": "Polygon", "coordinates": [ [ [ 101.510859886599931, 3.033659296511778 ], [ 101.511080631098935, 3.033575710332556 ], [ 101.511301375564273, 3.033492124109335 ], [ 101.511544518275414, 3.033400124915643 ], [ 101.511590668763503, 3.033423994296365 ], [ 101.511683811825421, 3.033760037176179 ], [ 101.511702158888596, 3.033723499672138 ], [ 101.511657882233493, 3.033564250090522 ], [ 101.51162494467998, 3.033445332868389 ], [ 101.51161360558207, 3.033404910071891 ], [ 101.51156259713602, 3.033378418652743 ], [ 101.510583279648273, 3.033749400212317 ], [ 101.510583549609407, 3.033750214089669 ], [ 101.510587868886347, 3.03376233178531 ], [ 101.510859886599931, 3.033659296511778 ] ] ] } },
{ "type": "Feature", "properties": { "Tarikh_Moh": null, "Daerah": "MBSA", "UPI": null, "sts_warta": "Belum Warta", "no_lot": null, "no_pt": null, "nama": "ALAM IMPIAN", "gtn1": "Tanah Lapang dan Rekreasi", "gtn2": "Tanah Lapang", "gtn3": "Tanah Lapang Lain", "kod_gtn": "TLR107", "no_warta": null, "trkh_warta": null, "serah_PTD": null, "luas_h": 0.0254, "selenggara": null, "catatan": "Komited Jul-Dis 2025", "tahun_data": 2025, "PBT": "MBSA" }, "geometry": { "type": "Polygon", "coordinates": [ [ [ 101.511747257112518, 3.033988738035516 ], [ 101.511850119540455, 3.034359596951571 ], [ 101.511909805343791, 3.034753340629684 ], [ 101.511931930469203, 3.034715627046524 ], [ 101.511876836069447, 3.034353896551199 ], [ 101.511780453069434, 3.034005645448907 ], [ 101.511747257112518, 3.033988738035516 ] ] ] } },
{ "type": "Feature", "properties": { "Tarikh_Moh": null, "Daerah": "MBSA", "UPI": null, "sts_warta": "Belum Warta", "no_lot": null, "no_pt": null, "nama": "ALAM IMPIAN", "gtn1": "Tanah Lapang dan Rekreasi", "gtn2": "Tanah Lapang", "gtn3": "Tanah Lapang Lain", "kod_gtn": "TLR107", "no_warta": null, "trkh_warta": null, "serah_PTD": null, "luas_h": 0.0382, "selenggara": null, "catatan": "Komited Jul-Dis 2025", "tahun_data": 2025, "PBT": "MBSA" }, "geometry": { "type": "Polygon", "coordinates": [ [ [ 101.511888804556222, 3.035188512367375 ], [ 101.511878562240611, 3.035301646712019 ], [ 101.511820826835262, 3.035451593189159 ], [ 101.511752569403356, 3.035627676344488 ], [ 101.511790892731071, 3.035642593618427 ], [ 101.511628747646157, 3.036061865011308 ], [ 101.511659512586164, 3.036058877179596 ], [ 101.511826513893425, 3.035626854007571 ], [ 101.511788190565795, 3.035611936734894 ], [ 101.511905550031031, 3.035308064461091 ], [ 101.511931155335276, 3.035021023408727 ], [ 101.511905245533669, 3.035001311710481 ], [ 101.511893655858117, 3.035132080877035 ], [ 101.511888804556222, 3.035188512367375 ] ] ] } },
{ "type": "Feature", "properties": { "Tarikh_Moh": null, "Daerah": "MBSA", "UPI": null, "sts_warta": "Belum Warta", "no_lot": null, "no_pt": null, "nama": "ALAM IMPIAN", "gtn1": "Tanah Lapang dan Rekreasi", "gtn2": "Tanah Lapang", "gtn3": "Tanah Lapang Lain", "kod_gtn": "TLR107", "no_warta": null, "trkh_warta": null, "serah_PTD": null, "luas_h": 0.1715, "selenggara": null, "catatan": "Komited Jul-Dis 2025", "tahun_data": 2025, "PBT": "MBSA" }, "geometry": { "type": "Polygon", "coordinates": [ [ [ 101.511172467392853, 3.036697488383646 ], [ 101.511293644808362, 3.036744952579509 ], [ 101.511379459519489, 3.03670696046872 ], [ 101.511612290322802, 3.036104461390027 ], [ 101.51151621735697, 3.036113877479426 ], [ 101.511545642077522, 3.036192009274785 ], [ 101.511104152071752, 3.036359181812027 ], [ 101.511072315255689, 3.03643008582984 ], [ 101.511118477026827, 3.036553432837005 ], [ 101.511245310966871, 3.036505217020774 ], [ 101.511299301367401, 3.036649453428978 ], [ 101.511172467392853, 3.036697488383646 ] ] ] } },
{ "type": "Feature", "properties": { "Tarikh_Moh": null, "Daerah": "MBSA", "UPI": null, "sts_warta": "Belum Warta", "no_lot": null, "no_pt": null, "nama": "ALAM IMPIAN", "gtn1": "Tanah Lapang dan Rekreasi", "gtn2": "Tanah Lapang", "gtn3": "Tanah Lapang Lain", "kod_gtn": "TLR107", "no_warta": null, "trkh_warta": null, "serah_PTD": null, "luas_h": 0.1762, "selenggara": null, "catatan": "Komited Jul-Dis 2025", "tahun_data": 2025, "PBT": "MBSA" }, "geometry": { "type": "Polygon", "coordinates": [ [ [ 101.511501370012056, 3.036074359425723 ], [ 101.511628747646157, 3.036061865011308 ], [ 101.511790892731071, 3.035642593618427 ], [ 101.511752569403356, 3.035627676344488 ], [ 101.511820826835262, 3.035451593189159 ], [ 101.511557444257733, 3.035551281668922 ], [ 101.511387972644954, 3.035615328347113 ], [ 101.511513770166971, 3.035950824906664 ], [ 101.511481663517657, 3.036021728966253 ], [ 101.511501370012056, 3.036074359425723 ] ] ] } },
{ "type": "Feature", "properties": { "Tarikh_Moh": null, "Daerah": "MBSA", "UPI": null, "sts_warta": "Belum Warta", "no_lot": null, "no_pt": null, "nama": "ALAM IMPIAN", "gtn1": "Tanah Lapang dan Rekreasi", "gtn2": "Tanah Lapang", "gtn3": "Tanah Lapang Lain", "kod_gtn": "TLR107", "no_warta": null, "trkh_warta": null, "serah_PTD": null, "luas_h": 0.0108, "selenggara": null, "catatan": "Komited Jul-Dis 2025", "tahun_data": 2025, "PBT": "MBSA" }, "geometry": { "type": "Polygon", "coordinates": [ [ [ 101.510214749624296, 3.034762666508348 ], [ 101.510249021710521, 3.034749459259053 ], [ 101.510169656141414, 3.034537038250147 ], [ 101.510155351708846, 3.034525373846662 ], [ 101.510138080723465, 3.034531887050829 ], [ 101.510135114190362, 3.034550245527075 ], [ 101.510214749624296, 3.034762666508348 ] ] ] } },
{ "type": "Feature", "properties": { "Tarikh_Moh": null, "Daerah": "MBSA", "UPI": null, "sts_warta": "Belum Warta", "no_lot": "163871", "no_pt": null, "nama": "0", "gtn1": "Tanah Lapang dan Rekreasi", "gtn2": "Tanah Lapang", "gtn3": "Tanah Lapang Lain", "kod_gtn": "TLR107", "no_warta": null, "trkh_warta": null, "serah_PTD": null, "luas_h": 0.1782, "selenggara": null, "catatan": "Komited Jul-Dis 2025", "tahun_data": 2025, "PBT": "MBSA" }, "geometry": { "type": "Polygon", "coordinates": [ [ [ 101.5517485865781, 3.027219967421912 ], [ 101.551574296288365, 3.027521139063451 ], [ 101.551141388921678, 3.027265908824043 ], [ 101.551113329619454, 3.027313300480408 ], [ 101.551749195850533, 3.027686245291136 ], [ 101.551795900713202, 3.027803983382333 ], [ 101.551972651296012, 3.027713703537433 ], [ 101.551810938890895, 3.027304785162066 ], [ 101.5517485865781, 3.027219967421912 ] ] ] } },
{ "type": "Feature", "properties": { "Tarikh_Moh": null, "Daerah": "MBSA", "UPI": null, "sts_warta": "Belum Warta", "no_lot": "163510", "no_pt": null, "nama": "KAMPUNG LOMBONG", "gtn1": "Tanah Lapang dan Rekreasi", "gtn2": "Tanah Lapang", "gtn3": "Tanah Lapang Lain", "kod_gtn": "TLR107", "no_warta": null, "trkh_warta": null, "serah_PTD": null, "luas_h": 0.0382, "selenggara": null, "catatan": "Komited Jul-Dis 2025", "tahun_data": 2025, "PBT": "MBSA" }, "geometry": { "type": "Polygon", "coordinates": [ [ [ 101.553602005527466, 2.970967874734169 ], [ 101.553476018964346, 2.971208990979518 ], [ 101.55358693801098, 2.971267575710903 ], [ 101.553692953754833, 2.971016062518156 ], [ 101.553602005527466, 2.970967874734169 ] ] ] } },
{ "type": "Feature", "properties": { "Tarikh_Moh": null, "Daerah": "MBSA", "UPI": null, "sts_warta": "Belum Warta", "no_lot": "163511", "no_pt": null, "nama": "KAMPUNG LOMBONG", "gtn1": "Tanah Lapang dan Rekreasi", "gtn2": "Tanah Lapang", "gtn3": "Tanah Lapang Lain", "kod_gtn": "TLR107", "no_warta": null, "trkh_warta": null, "serah_PTD": null, "luas_h": 0.0307, "selenggara": null, "catatan": "Komited Jul-Dis 2025", "tahun_data": 2025, "PBT": "MBSA" }, "geometry": { "type": "Polygon", "coordinates": [ [ [ 101.553727992132593, 2.970727391515316 ], [ 101.553602005594385, 2.970968326904834 ], [ 101.553693223663288, 2.971016424214291 ], [ 101.553799239389079, 2.970765091881101 ], [ 101.553727992132593, 2.970727391515316 ] ] ] } },
{ "type": "Feature", "properties": { "Tarikh_Moh": null, "Daerah": "MBSA", "UPI": "1008410075891", "sts_warta": "Warta", "no_lot": "5891", "no_pt": null, "nama": "Jalan Kristal 7/66", "gtn1": "Tanah Lapang dan Rekreasi", "gtn2": "Tanah Lapang", "gtn3": "Lot Permainan", "kod_gtn": "TLR106", "no_warta": "WKN 1593", "trkh_warta": "2025-04-24T00:00:00", "serah_PTD": "1899-12-30T00:00:00", "luas_h": 0.2121, "selenggara": null, "catatan": "PA 261877", "tahun_data": 2025, "PBT": "MBSA" }, "geometry": { "type": "Polygon", "coordinates": [ [ [ 101.485307625075961, 3.077821647972599 ], [ 101.485645735838375, 3.077644484881365 ], [ 101.485591751547375, 3.077596318483278 ], [ 101.48503470717975, 3.077178780977766 ], [ 101.484956025677889, 3.077284849780578 ], [ 101.484835120779991, 3.07719422304983 ], [ 101.484829326037001, 3.07725745460932 ], [ 101.484834696336904, 3.077273805246219 ], [ 101.48511292176515, 3.077473562301104 ], [ 101.485187894952801, 3.077464023008937 ], [ 101.485205110620413, 3.077600751013406 ], [ 101.485307625075961, 3.077821647972599 ] ] ] } },
{ "type": "Feature", "properties": { "Tarikh_Moh": null, "Daerah": "MBSA", "UPI": "1008410182270", "sts_warta": "Warta", "no_lot": "2270", "no_pt": null, "nama": "Seksyen 18 Shah Alam", "gtn1": "Tanah Lapang dan Rekreasi", "gtn2": "Tanah Lapang", "gtn3": "Lot Permainan", "kod_gtn": "TLR106", "no_warta": "WKN 1154", "trkh_warta": "2025-10-16T00:00:00", "serah_PTD": "1899-12-30T00:00:00", "luas_h": 1.8079, "selenggara": null, "catatan": "PA 145148", "tahun_data": 2025, "PBT": "MBSA" }, "geometry": { "type": "Polygon", "coordinates": [ [ [ 101.523181979475794, 3.046312303597789 ], [ 101.523709836424032, 3.046477708928019 ], [ 101.523644854157425, 3.046687255449335 ], [ 101.524308386507172, 3.046897794140569 ], [ 101.524697789078644, 3.047021339158562 ], [ 101.524560484696821, 3.047466188142328 ], [ 101.524691643986301, 3.047507378820161 ], [ 101.524659503767083, 3.047612789665276 ], [ 101.524611378881744, 3.04777060749595 ], [ 101.524555077246092, 3.04795524829544 ], [ 101.524839957512171, 3.048044068182911 ], [ 101.524746802069572, 3.048345993952239 ], [ 101.524982906985471, 3.04841961259756 ], [ 101.52495013705915, 3.048524842591523 ], [ 101.524901049623296, 3.048682506710379 ], [ 101.524892863885384, 3.048708823251578 ], [ 101.524843623512083, 3.048866948585257 ], [ 101.524810862554901, 3.04897218761753 ], [ 101.524761802064802, 3.049129761294109 ], [ 101.524753607324229, 3.049156068790763 ], [ 101.52470433093012, 3.049314356899442 ], [ 101.52467156095031, 3.049419595926899 ], [ 101.524622491424694, 3.04957719672649 ], [ 101.524614296677555, 3.049603513265341 ], [ 101.524565191154267, 3.049761240670592 ], [ 101.524532430143466, 3.049866479692911 ], [ 101.524616649341226, 3.049892659046477 ], [ 101.525182922668748, 3.048073715787927 ], [ 101.524680429519023, 3.046615904045928 ], [ 101.523369262955157, 3.045745955418182 ], [ 101.523356165178114, 3.045750640121295 ], [ 101.523181979475794, 3.046312303597789 ] ] ] } },
{ "type": "Feature", "properties": { "Tarikh_Moh": null, "Daerah": "MBSJ", "UPI": null, "sts_warta": "Dalam Proses", "no_lot": null, "no_pt": null, "nama": "Taman Bukit serdang Seksyen 6", "gtn1": "Tanah Lapang dan Rekreasi", "gtn2": "Tanah Lapang", "gtn3": "Taman Kejiranan", "kod_gtn": "TLR104", "no_warta": null, "trkh_warta": null, "serah_PTD": "2025-10-10T00:00:00", "luas_h": 0.1357, "selenggara": "Majlis Bandaraya Subang Jaya", "catatan": null, "tahun_data": 2025, "PBT": "MBSJ" }, "geometry": { "type": "Polygon", "coordinates": [ [ [ 101.695955759628092, 3.020710589607809 ], [ 101.695118399638829, 3.020760990122521 ], [ 101.695120199969423, 3.020864939789236 ], [ 101.695164839647362, 3.020890859762617 ], [ 101.695911119735939, 3.020847389614176 ], [ 101.695957559643674, 3.020816339788777 ], [ 101.695955759628092, 3.020710589607809 ] ] ] } },
{ "type": "Feature", "properties": { "Tarikh_Moh": null, "Daerah": "MBSJ", "UPI": null, "sts_warta": "Dalam Proses", "no_lot": null, "no_pt": null, "nama": "Jalan Indah 1/11A Taman Universiti Indah", "gtn1": "Tanah Lapang dan Rekreasi", "gtn2": "Tanah Lapang", "gtn3": "Taman Kejiranan", "kod_gtn": "TLR104", "no_warta": null, "trkh_warta": null, "serah_PTD": "2025-09-25T00:00:00", "luas_h": 0.1465, "selenggara": "Majlis Bandaraya Subang Jaya", "catatan": null, "tahun_data": 2025, "PBT": "MBSJ" }, "geometry": { "type": "Polygon", "coordinates": [ [ [ 101.690352720259199, 3.011625990218355 ], [ 101.690242608855826, 3.011814989083856 ], [ 101.691159479672706, 3.01178718006453 ], [ 101.69121904989143, 3.011784821255137 ], [ 101.691258896291231, 3.01174222336189 ], [ 101.691258174655005, 3.011718659388444 ], [ 101.691215794769192, 3.011678358792476 ], [ 101.690751446947672, 3.011689988406256 ], [ 101.690475955623441, 3.011661241209796 ], [ 101.690352720259199, 3.011625990218355 ] ] ] } },
{ "type": "Feature", "properties": { "Tarikh_Moh": null, "Daerah": "MBSJ", "UPI": null, "sts_warta": "Warta", "no_lot": null, "no_pt": null, "nama": "Taman Puchong Prima", "gtn1": "Tanah Lapang dan Rekreasi", "gtn2": "Tanah Lapang", "gtn3": "Lot Permainan", "kod_gtn": "TLR107", "no_warta": null, "trkh_warta": null, "serah_PTD": "2024-02-08T00:00:00", "luas_h": 0.8296, "selenggara": "Majlis Bandaraya Subang Jaya", "catatan": null, "tahun_data": 2025, "PBT": "MBSJ" }, "geometry": { "type": "Polygon", "coordinates": [ [ [ 101.598035084272254, 2.998902449733685 ], [ 101.598019845406697, 2.998894149019123 ], [ 101.597236390098686, 2.999198408180426 ], [ 101.597545132779842, 3.000001955300041 ], [ 101.598174503390553, 2.999757531197244 ], [ 101.598204309019707, 2.999702191709735 ], [ 101.598035084272254, 2.998902449733685 ] ] ] } },
{ "type": "Feature", "properties": { "Tarikh_Moh": null, "Daerah": "MBSJ", "UPI": null, "sts_warta": "Dalam Proses", "no_lot": null, "no_pt": null, "nama": "Jalan Permai 1/4 Taman Puchong Permai", "gtn1": "Tanah Lapang dan Rekreasi", "gtn2": "Tanah Lapang", "gtn3": "Taman Kejiranan", "kod_gtn": "TLR104", "no_warta": null, "trkh_warta": null, "serah_PTD": "2025-10-10T00:00:00", "luas_h": 0.2303, "selenggara": "Majlis Bandaraya Subang Jaya", "catatan": null, "tahun_data": 2025, "PBT": "MBSJ" }, "geometry": { "type": "Polygon", "coordinates": [ [ [ 101.597360650029216, 3.004919857108146 ], [ 101.59674373942245, 3.004906576424728 ], [ 101.596905655417743, 3.005291297239495 ], [ 101.597044639776101, 3.005235757839704 ], [ 101.597313125765922, 3.005325673665517 ], [ 101.597360650029216, 3.004919857108146 ] ] ] } },
{ "type": "Feature", "properties": { "Tarikh_Moh": null, "Daerah": "MBSJ", "UPI": null, "sts_warta": "Dalam Proses", "no_lot": "PLOT 1", "no_pt": null, "nama": "Kampung Kenangan", "gtn1": "Tanah Lapang dan Rekreasi", "gtn2": "Tanah Lapang", "gtn3": "Taman Kejiranan", "kod_gtn": "TLR104", "no_warta": null, "trkh_warta": null, "serah_PTD": "2025-07-15T00:00:00", "luas_h": 0.3238, "selenggara": "Majlis Bandaraya Subang Jaya", "catatan": null, "tahun_data": 2025, "PBT": "MBSJ" }, "geometry": { "type": "Polygon", "coordinates": [ [ [ 101.592367313883102, 3.02152710036448 ], [ 101.592272844953797, 3.021149157050501 ], [ 101.591721785701992, 3.021258592266939 ], [ 101.591600085901376, 3.021280207052432 ], [ 101.591744643757167, 3.02166772794597 ], [ 101.592367313883102, 3.02152710036448 ] ] ] } },
{ "type": "Feature", "properties": { "Tarikh_Moh": null, "Daerah": "MBSJ", "UPI": null, "sts_warta": "Dalam Proses", "no_lot": "58171", "no_pt": null, "nama": "Putra Height", "gtn1": "Tanah Lapang dan Rekreasi", "gtn2": "Kawasan Hijau", "gtn3": "Zon Penampan", "kod_gtn": "TLR301", "no_warta": null, "trkh_warta": null, "serah_PTD": "2025-09-24T00:00:00", "luas_h": 2.1672, "selenggara": "Majlis Bandaraya Subang Jaya", "catatan": "PA83165", "tahun_data": 2025, "PBT": "MBSJ" }, "geometry": { "type": "Polygon", "coordinates": [ [ [ 101.561015547449188, 3.001014231853029 ], [ 101.564660537376412, 3.001029834213063 ], [ 101.564661239591089, 3.000920670272215 ], [ 101.568676666917042, 3.000922981563175 ], [ 101.571315532183164, 3.000933301108773 ], [ 101.571364981890014, 3.000803932417446 ], [ 101.56867716300782, 3.000793416667754 ], [ 101.56118905796032, 3.000772069074514 ], [ 101.561064840440835, 3.000870090275589 ], [ 101.561055479685237, 3.000909510148782 ], [ 101.561015547449188, 3.001014231853029 ] ] ] } },
{ "type": "Feature", "properties": { "Tarikh_Moh": null, "Daerah": "MBSJ", "UPI": "10088800064732", "sts_warta": "Warta", "no_lot": "647332", "no_pt": null, "nama": "Jalan PJS 9", "gtn1": "Tanah Lapang dan Rekreasi", "gtn2": "Tanah Lapang", "gtn3": "Tanah Lapang Lain", "kod_gtn": "TLR107", "no_warta": "WKN 1888", "trkh_warta": "2025-10-16T00:00:00", "serah_PTD": "1899-12-30T00:00:00", "luas_h": 0.0591, "selenggara": null, "catatan": "PA114028", "tahun_data": 2025, "PBT": "MBSJ" }, "geometry": { "type": "Polygon", "coordinates": [ [ [ 101.613390504116595, 3.062874679606508 ], [ 101.61340598591282, 3.0628728784188 ], [ 101.613460752430086, 3.062866515419887 ], [ 101.613153359524972, 3.062568628729249 ], [ 101.612888671758071, 3.062193217499801 ], [ 101.612876698314949, 3.062194394334906 ], [ 101.612825178986995, 3.062197040134497 ], [ 101.61295476520101, 3.062380807631754 ], [ 101.613081256437596, 3.062560234577858 ], [ 101.613112206714717, 3.062604137297924 ], [ 101.613390504116595, 3.062874679606508 ] ] ] } },
{ "type": "Feature", "properties": { "Tarikh_Moh": null, "Daerah": "MBSJ", "UPI": "10080300058708", "sts_warta": "Warta", "no_lot": "58708", "no_pt": null, "nama": "Jalan BPU 9", "gtn1": "Tanah Lapang dan Rekreasi", "gtn2": "Tanah Lapang", "gtn3": "Lot Permainan", "kod_gtn": "TLR109", "no_warta": "WKN 1902", "trkh_warta": "2025-10-16T00:00:00", "serah_PTD": "1899-12-30T00:00:00", "luas_h": 1.4211, "selenggara": null, "catatan": "PA 70943", "tahun_data": 2025, "PBT": "MBSJ" }, "geometry": { "type": "Polygon", "coordinates": [ [ [ 101.618969608613156, 2.989797641403419 ], [ 101.619016573916753, 2.989805151671726 ], [ 101.620227917081039, 2.988559592535765 ], [ 101.620243318986198, 2.988490906085258 ], [ 101.620161905023338, 2.98825262014455 ], [ 101.618862730975678, 2.988691279083655 ], [ 101.618760102104829, 2.988943519923105 ], [ 101.618636110480935, 2.989118305956933 ], [ 101.618792463263389, 2.989436799568908 ], [ 101.61879852735639, 2.989449152273464 ], [ 101.618969608613156, 2.989797641403419 ] ] ] } },
{ "type": "Feature", "properties": { "Tarikh_Moh": null, "Daerah": "MBSJ", "UPI": null, "sts_warta": "Dalam Proses", "no_lot": null, "no_pt": null, "nama": "Jalan LP 6/6 Taman Lestari Perdana Sri Kembangan", "gtn1": "Tanah Lapang dan Rekreasi", "gtn2": "Tanah Lapang", "gtn3": "Kejiranan", "kod_gtn": "TLR105", "no_warta": null, "trkh_warta": "1899-12-30T00:00:00", "serah_PTD": "1899-12-30T00:00:00", "luas_h": 0.3131, "selenggara": null, "catatan": null, "tahun_data": 2025, "PBT": "MBSJ" }, "geometry": { "type": "Polygon", "coordinates": [ [ [ 101.671126996906395, 3.008492041683922 ], [ 101.671124021221573, 3.008464098551767 ], [ 101.671056017765025, 3.008472978678974 ], [ 101.671038981160876, 3.008336067010096 ], [ 101.67106596649117, 3.008331900069757 ], [ 101.670994031715651, 3.007744101962085 ], [ 101.670872057064855, 3.007758964680704 ], [ 101.67085907718706, 3.007656054892345 ], [ 101.670846097544697, 3.007554049436882 ], [ 101.670833927728978, 3.007452948104345 ], [ 101.670725993493889, 3.007496926702294 ], [ 101.670673876942828, 3.007368886582483 ], [ 101.67057619625713, 3.007407888673088 ], [ 101.670612118954139, 3.007528065293378 ], [ 101.670716093461692, 3.007828005777765 ], [ 101.670756878034808, 3.007964911299301 ], [ 101.670813067237958, 3.008188990574015 ], [ 101.670857923201481, 3.008417051850776 ], [ 101.670869015068121, 3.008523941194232 ], [ 101.671126996906395, 3.008492041683922 ] ] ] } },
{ "type": "Feature", "properties": { "Tarikh_Moh": null, "Daerah": "MBSJ", "UPI": null, "sts_warta": "Dalam Proses", "no_lot": null, "no_pt": null, "nama": "Jalan LP 6/10 Taman Lestari Perdana Sri Kembangan", "gtn1": "Tanah Lapang dan Rekreasi", "gtn2": "Tanah Lapang", "gtn3": "Kejiranan", "kod_gtn": "TLR105", "no_warta": null, "trkh_warta": "1899-12-30T00:00:00", "serah_PTD": "2025-09-25T00:00:00", "luas_h": 0.1205, "selenggara": null, "catatan": null, "tahun_data": 2025, "PBT": "MBSJ" }, "geometry": { "type": "Polygon", "coordinates": [ [ [ 101.673287974404204, 3.009171989122427 ], [ 101.673211035151326, 3.009064031860976 ], [ 101.673189981602164, 3.00904803067028 ], [ 101.673164073588879, 3.009043967949124 ], [ 101.672930108867718, 3.009073058238069 ], [ 101.672906903098522, 3.009082921537828 ], [ 101.672896112437471, 3.009098026725369 ], [ 101.672892069386421, 3.00911701878246 ], [ 101.672888057629478, 3.009257010632902 ], [ 101.672928008902304, 3.009300950789201 ], [ 101.67327991862291, 3.00932699396099 ], [ 101.673317959664629, 3.009289092436731 ], [ 101.673313085500737, 3.009224976481056 ], [ 101.673287974404204, 3.009171989122427 ] ] ] } },
{ "type": "Feature", "properties": { "Tarikh_Moh": null, "Daerah": "MDSB", "UPI": "10057800002664", "sts_warta": "Belum Warta", "no_lot": "10102", "no_pt": null, "nama": null, "gtn1": "Tanah Lapang dan Rekreasi", "gtn2": "Tanah Lapang", "gtn3": "Tanah Lapang Lain", "kod_gtn": "TLR107", "no_warta": null, "trkh_warta": null, "serah_PTD": null, "luas_h": 0.0104, "selenggara": null, "catatan": null, "tahun_data": 2025, "PBT": "MDSB" }, "geometry": { "type": "Polygon", "coordinates": [ [ [ 100.887593858753419, 3.772241655307542 ], [ 100.887623848775391, 3.772221416434574 ], [ 100.887593086318731, 3.772175731711742 ], [ 100.887517705942571, 3.772226690373253 ], [ 100.887583818202032, 3.772324935123244 ], [ 100.88762920861231, 3.772294124901221 ], [ 100.887593858753419, 3.772241655307542 ] ] ] } },
{ "type": "Feature", "properties": { "Tarikh_Moh": null, "Daerah": "MDSB", "UPI": "10057800002664", "sts_warta": "Belum Warta", "no_lot": "10102", "no_pt": null, "nama": null, "gtn1": "Tanah Lapang dan Rekreasi", "gtn2": "Tanah Lapang", "gtn3": "Lot Permainan", "kod_gtn": "TLR106", "no_warta": null, "trkh_warta": null, "serah_PTD": null, "luas_h": 0.0516, "selenggara": null, "catatan": null, "tahun_data": 2025, "PBT": "MDSB" }, "geometry": { "type": "Polygon", "coordinates": [ [ [ 100.887583818202032, 3.772324935123244 ], [ 100.887517705942571, 3.772226690373253 ], [ 100.887593086318731, 3.772175731711742 ], [ 100.887555038093396, 3.772119100796597 ], [ 100.887320791249962, 3.772277940408144 ], [ 100.887424681741734, 3.772432635077473 ], [ 100.887583818202032, 3.772324935123244 ] ] ] } },
{ "type": "Feature", "properties": { "Tarikh_Moh": null, "Daerah": "MPAJ", "UPI": "10094400219062", "sts_warta": "Warta", "no_lot": "19062", "no_pt": null, "nama": "Taman Ukay Perdana", "gtn1": "Tanah Lapang dan Rekreasi", "gtn2": "Tanah Lapang", "gtn3": "Tanah Lapang Lain", "kod_gtn": "TLR107", "no_warta": "4937", "trkh_warta": "2025-12-18T00:00:00", "serah_PTD": "2023-07-01T00:00:00", "luas_h": 0.5075, "selenggara": null, "catatan": "9/4/10/2023", "tahun_data": 2025, "PBT": "MPAJ" }, "geometry": { "type": "Polygon", "coordinates": [ [ [ 101.770738323974115, 3.203654934074594 ], [ 101.770418228881439, 3.203285389422704 ], [ 101.770417126996463, 3.203198474402562 ], [ 101.770361582883709, 3.203144066081649 ], [ 101.770030993976064, 3.203148383709088 ], [ 101.770051179380147, 3.203343587513676 ], [ 101.770138961904749, 3.204179366167826 ], [ 101.770738323974115, 3.203654934074594 ] ] ] } },
{ "type": "Feature", "properties": { "Tarikh_Moh": null, "Daerah": "MPAJ", "UPI": "100944002126954", "sts_warta": "Warta", "no_lot": "126954", "no_pt": null, "nama": "Taman Ukay Bistari", "gtn1": "Tanah Lapang dan Rekreasi", "gtn2": "Tanah Lapang", "gtn3": "Tanah Lapang Lain", "kod_gtn": "TLR107", "no_warta": "4936", "trkh_warta": "2025-12-18T00:00:00", "serah_PTD": "2023-07-01T00:00:00", "luas_h": 0.025, "selenggara": null, "catatan": "PA240678", "tahun_data": 2025, "PBT": "MPAJ" }, "geometry": { "type": "Polygon", "coordinates": [ [ [ 101.764517239518369, 3.197393365517438 ], [ 101.764523564086929, 3.197391889861253 ], [ 101.764539433839076, 3.197387599325065 ], [ 101.764672212920658, 3.197353146951877 ], [ 101.76467563513873, 3.197366494029604 ], [ 101.764819416944661, 3.197329325865381 ], [ 101.764562233675377, 3.197248534432227 ], [ 101.764517239518369, 3.197393365517438 ] ] ] } },
{ "type": "Feature", "properties": { "Tarikh_Moh": null, "Daerah": "MPAJ", "UPI": "10094400218269", "sts_warta": "Warta", "no_lot": "18269", "no_pt": null, "nama": "Taman Ukay Perdana", "gtn1": "Tanah Lapang dan Rekreasi", "gtn2": "Tanah Lapang", "gtn3": "Tanah Lapang Lain", "kod_gtn": "TLR107", "no_warta": "4935", "trkh_warta": "2025-12-18T00:00:00", "serah_PTD": "2023-07-01T00:00:00", "luas_h": 0.0911, "selenggara": null, "catatan": "PA87951", "tahun_data": 2025, "PBT": "MPAJ" }, "geometry": { "type": "Polygon", "coordinates": [ [ [ 101.782621189552046, 3.20715046421332 ], [ 101.783382011196338, 3.207301543418944 ], [ 101.783423173206884, 3.207268216708061 ], [ 101.78342335954423, 3.207258531277752 ], [ 101.783383803804256, 3.207209183657334 ], [ 101.782591112626534, 3.207051764672935 ], [ 101.782621189552046, 3.20715046421332 ] ] ] } },
{ "type": "Feature", "properties": { "Tarikh_Moh": null, "Daerah": "MPAJ", "UPI": "1009440024996", "sts_warta": "Warta", "no_lot": "4996", "no_pt": null, "nama": "Taman Melawati", "gtn1": "Tanah Lapang dan Rekreasi", "gtn2": "Tanah Lapang", "gtn3": "Tanah Lapang Lain", "kod_gtn": "TLR107", "no_warta": "4938", "trkh_warta": "2025-12-18T00:00:00", "serah_PTD": "2022-07-01T00:00:00", "luas_h": 0.0098, "selenggara": null, "catatan": "PA87966", "tahun_data": 2025, "PBT": "MPAJ" }, "geometry": { "type": "Polygon", "coordinates": [ [ [ 101.753665638776454, 3.210548116754409 ], [ 101.753571167007777, 3.210729829126396 ], [ 101.753732803232523, 3.210587692142569 ], [ 101.753665638776454, 3.210548116754409 ] ] ] } },
{ "type": "Feature", "properties": { "Tarikh_Moh": null, "Daerah": "MPAJ", "UPI": "10094400218872", "sts_warta": "Warta", "no_lot": "18872", "no_pt": null, "nama": "Taman Ukay Perdana", "gtn1": "Tanah Lapang dan Rekreasi", "gtn2": "Tanah Lapang", "gtn3": "Tanah Lapang Lain", "kod_gtn": "TLR107", "no_warta": "4941", "trkh_warta": "2025-12-18T00:00:00", "serah_PTD": "2023-07-01T00:00:00", "luas_h": 0.4838, "selenggara": null, "catatan": "PA87966", "tahun_data": 2025, "PBT": "MPAJ" }, "geometry": { "type": "Polygon", "coordinates": [ [ [ 101.776939349258825, 3.211483324841953 ], [ 101.77698312170763, 3.211521846760272 ], [ 101.777881718615561, 3.211804970781841 ], [ 101.777986296795675, 3.211751270877258 ], [ 101.778147515444161, 3.21126645230842 ], [ 101.778590545631559, 3.210686820806804 ], [ 101.779333512320619, 3.210133994644763 ], [ 101.779938647903592, 3.209537272602288 ], [ 101.779939873353655, 3.20940864931357 ], [ 101.779654242922035, 3.209690289277846 ], [ 101.779624874835989, 3.209719253818973 ], [ 101.779274589433058, 3.210064648248394 ], [ 101.778526486382646, 3.210621310100569 ], [ 101.778408493144696, 3.210775683737185 ], [ 101.778238610523402, 3.21088615689865 ], [ 101.778066079800013, 3.211224359333429 ], [ 101.778041644838154, 3.21129785177114 ], [ 101.777946017625055, 3.21158547255254 ], [ 101.77790254169868, 3.211716214204455 ], [ 101.776917708676407, 3.211405919860055 ], [ 101.776939349258825, 3.211483324841953 ] ] ] } },
{ "type": "Feature", "properties": { "Tarikh_Moh": null, "Daerah": "MPAJ", "UPI": "10094400218685", "sts_warta": "Warta", "no_lot": "18685", "no_pt": null, "nama": "Taman Ukay Perdana 3", "gtn1": "Tanah Lapang dan Rekreasi", "gtn2": "Tanah Lapang", "gtn3": "Tanah Lapang Lain", "kod_gtn": "TLR107", "no_warta": "4931", "trkh_warta": "2025-12-18T00:00:00", "serah_PTD": "2023-07-01T00:00:00", "luas_h": 0.0674, "selenggara": null, "catatan": "PA87970", "tahun_data": 2025, "PBT": "MPAJ" }, "geometry": { "type": "Polygon", "coordinates": [ [ [ 101.773577997441194, 3.208561096753746 ], [ 101.773869593322431, 3.208483428712016 ], [ 101.774161180162992, 3.208405760592747 ], [ 101.774137998626955, 3.208317838556864 ], [ 101.773846411809018, 3.208395506667693 ], [ 101.773554815950419, 3.208473174700955 ], [ 101.773577997441194, 3.208561096753746 ] ] ] } },
{ "type": "Feature", "properties": { "Tarikh_Moh": null, "Daerah": "MPAJ", "UPI": "10094400219054", "sts_warta": "Warta", "no_lot": "19054", "no_pt": null, "nama": "Taman Ukay Perdana", "gtn1": "Tanah Lapang dan Rekreasi", "gtn2": "Tanah Lapang", "gtn3": "Tanah Lapang Lain", "kod_gtn": "TLR107", "no_warta": "3847", "trkh_warta": "2025-10-16T00:00:00", "serah_PTD": "2023-01-01T00:00:00", "luas_h": 0.1806, "selenggara": null, "catatan": "PA87980", "tahun_data": 2025, "PBT": "MPAJ" }, "geometry": { "type": "Polygon", "coordinates": [ [ [ 101.773130699118227, 3.208717988690405 ], [ 101.773218181509208, 3.208694688321868 ], [ 101.77291875008207, 3.207558881310148 ], [ 101.772878976402083, 3.207569472375125 ], [ 101.772669389345651, 3.206774656043538 ], [ 101.772621671760945, 3.206787374347559 ], [ 101.773130699118227, 3.208717988690405 ] ] ] } },
{ "type": "Feature", "properties": { "Tarikh_Moh": null, "Daerah": "MPAJ", "UPI": "10094400219060", "sts_warta": "Warta", "no_lot": "19060", "no_pt": null, "nama": "Taman Ukay Perdana", "gtn1": "Tanah Lapang dan Rekreasi", "gtn2": "Tanah Lapang", "gtn3": "Tanah Lapang Lain", "kod_gtn": "TLR107", "no_warta": "3845", "trkh_warta": "2025-10-16T00:00:00", "serah_PTD": "2023-01-01T00:00:00", "luas_h": 0.1605, "selenggara": null, "catatan": "PA87980", "tahun_data": 2025, "PBT": "MPAJ" }, "geometry": { "type": "Polygon", "coordinates": [ [ [ 101.77144047813448, 3.204429221599978 ], [ 101.771421414155739, 3.204432852916332 ], [ 101.771401331177287, 3.204462465939388 ], [ 101.771472798937651, 3.204511425983591 ], [ 101.771575275828056, 3.204649933913116 ], [ 101.771688022043733, 3.204802329692583 ], [ 101.772104104224752, 3.205364769898968 ], [ 101.772443245592683, 3.206110302785102 ], [ 101.772558188649114, 3.206546332346967 ], [ 101.772611197754415, 3.206747387548681 ], [ 101.772658924336923, 3.20673467828624 ], [ 101.772489900436298, 3.206093515277686 ], [ 101.772146825075566, 3.205339374198381 ], [ 101.771507473534683, 3.204475117118885 ], [ 101.77144047813448, 3.204429221599978 ] ] ] } },
{ "type": "Feature", "properties": { "Tarikh_Moh": null, "Daerah": "MPAJ", "UPI": "10094400218248", "sts_warta": "Warta", "no_lot": "18248", "no_pt": null, "nama": "Taman Ukay Perdana", "gtn1": "Tanah Lapang dan Rekreasi", "gtn2": "Tanah Lapang", "gtn3": "Tanah Lapang Lain", "kod_gtn": "TLR107", "no_warta": "3843", "trkh_warta": "2025-10-16T00:00:00", "serah_PTD": "2023-01-01T00:00:00", "luas_h": 0.3669, "selenggara": null, "catatan": "PA87947", "tahun_data": 2025, "PBT": "MPAJ" }, "geometry": { "type": "Polygon", "coordinates": [ [ [ 101.77801319919017, 3.213049810423632 ], [ 101.77810443641475, 3.213071001689643 ], [ 101.778088908704817, 3.212599433487078 ], [ 101.778474087460026, 3.21144099145187 ], [ 101.778848672656792, 3.210950888779341 ], [ 101.779570886985553, 3.210413486827996 ], [ 101.779595712703809, 3.210388999941579 ], [ 101.779596325444956, 3.210324683774999 ], [ 101.779532346347196, 3.210324067888124 ], [ 101.779511982061152, 3.210344149486982 ], [ 101.778784613371172, 3.210885369049205 ], [ 101.778393038346977, 3.211397686598981 ], [ 101.777997925521092, 3.212586109826309 ], [ 101.77801319919017, 3.213049810423632 ] ] ] } },
{ "type": "Feature", "properties": { "Tarikh_Moh": null, "Daerah": "MPAJ", "UPI": "10094400218259", "sts_warta": "Warta", "no_lot": "18259", "no_pt": null, "nama": "Taman Ukay Perdana", "gtn1": "Tanah Lapang dan Rekreasi", "gtn2": "Tanah Lapang", "gtn3": "Tanah Lapang Lain", "kod_gtn": "TLR107", "no_warta": "4932", "trkh_warta": "2025-12-18T00:00:00", "serah_PTD": "2022-01-01T00:00:00", "luas_h": 0.524, "selenggara": null, "catatan": "PA87948", "tahun_data": 2025, "PBT": "MPAJ" }, "geometry": { "type": "Polygon", "coordinates": [ [ [ 101.779726114390002, 3.210138790930224 ], [ 101.781532585191172, 3.211989478730307 ], [ 101.781537476796871, 3.21197875204883 ], [ 101.780102015577015, 3.210507982562038 ], [ 101.779909765510567, 3.210311016676085 ], [ 101.779794543300156, 3.210192960078384 ], [ 101.77989241595408, 3.210096441737228 ], [ 101.780755261478518, 3.209245659768795 ], [ 101.780939555411962, 3.208994034420339 ], [ 101.78117958439762, 3.208666321735593 ], [ 101.781301505538707, 3.20849985586834 ], [ 101.781675044079392, 3.20777138010651 ], [ 101.781823798853139, 3.20731792666881 ], [ 101.781875750371697, 3.207291605665815 ], [ 101.782512481338756, 3.207502621875124 ], [ 101.782583166739855, 3.207516665083236 ], [ 101.782509261410723, 3.207405787028774 ], [ 101.781857207008329, 3.2071897197405 ], [ 101.781753294982749, 3.207242370787184 ], [ 101.781591298141151, 3.207736142848896 ], [ 101.781224297075354, 3.208451820544307 ], [ 101.78068660617032, 3.20918591102375 ], [ 101.779726175819889, 3.210132948937199 ], [ 101.779726114390002, 3.210138790930224 ] ] ] } },
{ "type": "Feature", "properties": { "Tarikh_Moh": null, "Daerah": "MPAJ", "UPI": "1009440023844", "sts_warta": "Warta", "no_lot": "3844", "no_pt": null, "nama": "Taman Zoo View", "gtn1": "Tanah Lapang dan Rekreasi", "gtn2": "Tanah Lapang", "gtn3": "Tanah Lapang Lain", "kod_gtn": "TLR107", "no_warta": "3848", "trkh_warta": "2025-10-16T00:00:00", "serah_PTD": "2022-01-01T00:00:00", "luas_h": 0.001, "selenggara": null, "catatan": "PA52699", "tahun_data": 2025, "PBT": "MPAJ" }, "geometry": { "type": "Polygon", "coordinates": [ [ [ 101.763803345106027, 3.207481360097332 ], [ 101.76381944434992, 3.207494722062053 ], [ 101.763861638652543, 3.207485324450751 ], [ 101.763858071746341, 3.207469173982268 ], [ 101.763803345106027, 3.207481360097332 ] ] ] } },
{ "type": "Feature", "properties": { "Tarikh_Moh": null, "Daerah": "MPAJ", "UPI": "1009440027534", "sts_warta": "Warta", "no_lot": "7534", "no_pt": null, "nama": "Taman Zoo View", "gtn1": "Tanah Lapang dan Rekreasi", "gtn2": "Tanah Lapang", "gtn3": "Tanah Lapang Lain", "kod_gtn": "TLR107", "no_warta": "3849", "trkh_warta": "2025-10-16T00:00:00", "serah_PTD": "2023-01-01T00:00:00", "luas_h": 0.0013, "selenggara": null, "catatan": "PA52699", "tahun_data": 2025, "PBT": "MPAJ" }, "geometry": { "type": "Polygon", "coordinates": [ [ [ 101.763787254861981, 3.207468007173367 ], [ 101.763803345106027, 3.207481360097332 ], [ 101.763858071746341, 3.207469173982268 ], [ 101.763854513837387, 3.207453023511499 ], [ 101.763787254861981, 3.207468007173367 ] ] ] } },
{ "type": "Feature", "properties": { "Tarikh_Moh": null, "Daerah": "MPAJ", "UPI": "10064401549548", "sts_warta": "Warta", "no_lot": "49548", "no_pt": null, "nama": "Kg Baru Ampang", "gtn1": "Tanah Lapang dan Rekreasi", "gtn2": "Tanah Lapang", "gtn3": "Lot Permainan", "kod_gtn": "TLR106", "no_warta": "2149", "trkh_warta": "2025-06-16T00:00:00", "serah_PTD": "1899-12-30T00:00:00", "luas_h": 0.0167, "selenggara": null, "catatan": "PA101307", "tahun_data": 2025, "PBT": "MPAJ" }, "geometry": { "type": "Polygon", "coordinates": [ [ [ 101.75702891684098, 3.135983690544256 ], [ 101.757143349806412, 3.136122559662163 ], [ 101.757191672709681, 3.136019616793104 ], [ 101.757207044920079, 3.135969730054228 ], [ 101.75702891684098, 3.135983690544256 ] ] ] } },
{ "type": "Feature", "properties": { "Tarikh_Moh": null, "Daerah": "MPAJ", "UPI": "10064401549549", "sts_warta": "Warta", "no_lot": "49549", "no_pt": null, "nama": "Kg Baru Ampang", "gtn1": "Tanah Lapang dan Rekreasi", "gtn2": "Tanah Lapang", "gtn3": "Tanah Lapang Lain", "kod_gtn": "TLR107", "no_warta": "2151", "trkh_warta": "2025-06-12T00:00:00", "serah_PTD": "1899-12-30T00:00:00", "luas_h": 0.0021, "selenggara": null, "catatan": "PA101307", "tahun_data": 2025, "PBT": "MPAJ" }, "geometry": { "type": "Polygon", "coordinates": [ [ [ 101.757327102154179, 3.135963307554664 ], [ 101.75736548182951, 3.136003025702684 ], [ 101.757407007889555, 3.135957048436289 ], [ 101.757327102154179, 3.135963307554664 ] ] ] } },
{ "type": "Feature", "properties": { "Tarikh_Moh": null, "Daerah": "MPAJ", "UPI": "10064401549550", "sts_warta": "Warta", "no_lot": "49550", "no_pt": null, "nama": "Kg Baru Ampang", "gtn1": "Tanah Lapang dan Rekreasi", "gtn2": "Tanah Lapang", "gtn3": "Tanah Lapang Lain", "kod_gtn": "TLR107", "no_warta": "2617", "trkh_warta": "2025-06-12T00:00:00", "serah_PTD": "1899-12-30T00:00:00", "luas_h": 0.0054, "selenggara": null, "catatan": "PA101307", "tahun_data": 2025, "PBT": "MPAJ" }, "geometry": { "type": "Polygon", "coordinates": [ [ [ 101.756889938629541, 3.135757568145691 ], [ 101.756876032405572, 3.135578350633613 ], [ 101.75685729468394, 3.135587000560286 ], [ 101.756837074502968, 3.135641826120484 ], [ 101.756889938629541, 3.135757568145691 ] ] ] } },
{ "type": "Feature", "properties": { "Tarikh_Moh": null, "Daerah": "MPAJ", "UPI": "10064401541976", "sts_warta": "Warta", "no_lot": "41976", "no_pt": null, "nama": "Bandar Baru Ampang", "gtn1": "Tanah Lapang dan Rekreasi", "gtn2": "Tanah Lapang", "gtn3": "Lot Permainan", "kod_gtn": "TLR106", "no_warta": "2617", "trkh_warta": "2025-07-24T00:00:00", "serah_PTD": "1899-12-30T00:00:00", "luas_h": 0.1034, "selenggara": null, "catatan": "PA74248", "tahun_data": 2025, "PBT": "MPAJ" }, "geometry": { "type": "Polygon", "coordinates": [ [ [ 101.768245212950063, 3.138991632315365 ], [ 101.768236269668321, 3.138735446114581 ], [ 101.767864040299855, 3.13874856192264 ], [ 101.767961319954367, 3.139001642199582 ], [ 101.768245212950063, 3.138991632315365 ] ] ] } },
{ "type": "Feature", "properties": { "Tarikh_Moh": null, "Daerah": "MPAJ", "UPI": "10064401444225", "sts_warta": "Warta", "no_lot": "44225", "no_pt": null, "nama": "Taman Kosas", "gtn1": "Tanah Lapang dan Rekreasi", "gtn2": "Tanah Lapang", "gtn3": "Tanah Lapang Lain", "kod_gtn": "TLR107", "no_warta": "2616", "trkh_warta": "2025-07-24T00:00:00", "serah_PTD": "1899-12-30T00:00:00", "luas_h": 0.0116, "selenggara": null, "catatan": "PA142639", "tahun_data": 2025, "PBT": "MPAJ" }, "geometry": { "type": "Polygon", "coordinates": [ [ [ 101.768625088381881, 3.148176509655504 ], [ 101.768562480280082, 3.148030385292095 ], [ 101.768516384731896, 3.148223571413046 ], [ 101.768625088381881, 3.148176509655504 ] ] ] } },
{ "type": "Feature", "properties": { "Tarikh_Moh": null, "Daerah": "MPAJ", "UPI": "10094400219208", "sts_warta": "Belum Warta", "no_lot": null, "no_pt": null, "nama": "Taman Ukay Perdana", "gtn1": "Tanah Lapang dan Rekreasi", "gtn2": "Tanah Lapang", "gtn3": "Tanah Lapang Lain", "kod_gtn": "TLR107", "no_warta": "3846", "trkh_warta": "2025-10-16T00:00:00", "serah_PTD": "1899-12-30T00:00:00", "luas_h": 0.6742, "selenggara": null, "catatan": "PA87982", "tahun_data": 2025, "PBT": "MPAJ" }, "geometry": { "type": "Polygon", "coordinates": [ [ [ 101.771844364811059, 3.204556139096183 ], [ 101.772339253300231, 3.205225016609404 ], [ 101.772699991141451, 3.206017867433765 ], [ 101.772845338390539, 3.206568983268402 ], [ 101.77291242223518, 3.206608159471549 ], [ 101.773752076851878, 3.206384497697472 ], [ 101.774011841928427, 3.206174715208875 ], [ 101.774569768857035, 3.20508722807432 ], [ 101.774546159071591, 3.205012961552462 ], [ 101.77427619078982, 3.204873032894631 ], [ 101.77418068718022, 3.204876621009 ], [ 101.774099878893765, 3.204926479891976 ], [ 101.774086343972712, 3.204983356832409 ], [ 101.774322664165211, 3.205370321487103 ], [ 101.773940128447691, 3.206115907261195 ], [ 101.773710299597312, 3.206301518160961 ], [ 101.773025547211546, 3.206483920020566 ], [ 101.772896670655456, 3.206408659055027 ], [ 101.772785519004344, 3.20598707976601 ], [ 101.772417579334387, 3.205178450270073 ], [ 101.771916984655761, 3.204501860333223 ], [ 101.771853669464718, 3.204492507919027 ], [ 101.771844364811059, 3.204556139096183 ] ] ] } },
{ "type": "Feature", "properties": { "Tarikh_Moh": null, "Daerah": "MPS", "UPI": null, "sts_warta": "Belum Warta", "no_lot": "3004", "no_pt": null, "nama": null, "gtn1": "Tanah Lapang dan Rekreasi", "gtn2": "Tanah Lapang", "gtn3": "Tanah Lapang Lain", "kod_gtn": "TLR107", "no_warta": null, "trkh_warta": "1899-12-30T00:00:00", "serah_PTD": "1899-12-30T00:00:00", "luas_h": 0.0422, "selenggara": null, "catatan": "Komited Jul-Dis 2025", "tahun_data": 2025, "PBT": "MPS" }, "geometry": { "type": "Polygon", "coordinates": [ [ [ 101.543638379178986, 3.234732863201256 ], [ 101.54357227504542, 3.234594340968879 ], [ 101.543316426531831, 3.234717173191698 ], [ 101.543326756019511, 3.234739186976998 ], [ 101.543389768072174, 3.234708324873337 ], [ 101.543444446745298, 3.234824144277478 ], [ 101.543638379178986, 3.234732863201256 ] ] ] } },
{ "type": "Feature", "properties": { "Tarikh_Moh": null, "Daerah": "MPS", "UPI": null, "sts_warta": "Belum Warta", "no_lot": "PT 4278", "no_pt": null, "nama": null, "gtn1": "Tanah Lapang dan Rekreasi", "gtn2": "Tanah Lapang", "gtn3": "Tanah Lapang Lain", "kod_gtn": "TLR105", "no_warta": null, "trkh_warta": "1899-12-30T00:00:00", "serah_PTD": "1899-12-30T00:00:00", "luas_h": 0.0307, "selenggara": null, "catatan": "Komited Jul-Dis 2025", "tahun_data": 2025, "PBT": "MPS" }, "geometry": { "type": "Polygon", "coordinates": [ [ [ 101.506499138523552, 3.280763062476764 ], [ 101.506499024305882, 3.280722916618707 ], [ 101.50567587207486, 3.280744715570099 ], [ 101.50567592808072, 3.280765325983287 ], [ 101.506499138523552, 3.280763062476764 ] ] ] } },
{ "type": "Feature", "properties": { "Tarikh_Moh": null, "Daerah": "MPS", "UPI": null, "sts_warta": "Belum Warta", "no_lot": "2869", "no_pt": null, "nama": null, "gtn1": "Tanah Lapang dan Rekreasi", "gtn2": "Tanah Lapang", "gtn3": "Tanah Lapang Lain", "kod_gtn": "TLR107", "no_warta": null, "trkh_warta": "1899-12-30T00:00:00", "serah_PTD": "1899-12-30T00:00:00", "luas_h": 0.077, "selenggara": null, "catatan": "Komited Jul-Dis 2025", "tahun_data": 2025, "PBT": "MPS" }, "geometry": { "type": "MultiPolygon", "coordinates": [ [ [ [ 101.607183413607643, 3.204665373480268 ], [ 101.607227281559744, 3.204563288105546 ], [ 101.607227763949268, 3.204561844621697 ], [ 101.607227997565246, 3.20456034157912 ], [ 101.607227976925174, 3.20455882092814 ], [ 101.60722770313582, 3.204557322961709 ], [ 101.607227182796848, 3.204555894595259 ], [ 101.607226432390661, 3.204554574462541 ], [ 101.607225471144872, 3.204553398988958 ], [ 101.607224328171284, 3.204552402389945 ], [ 101.607223034227204, 3.204551610601129 ], [ 101.607221627209029, 3.204551050108581 ], [ 101.607220146108546, 3.204550734151045 ], [ 101.607218632662594, 3.204550672654928 ], [ 101.607217131900995, 3.204550866714508 ], [ 101.607215683910084, 3.204551311905539 ], [ 101.607202791723736, 3.204556500345505 ], [ 101.607198338571067, 3.204558304557635 ], [ 101.607175131646812, 3.20456764374932 ], [ 101.607208747633393, 3.20459766053671 ], [ 101.607193816217006, 3.204614554871481 ], [ 101.607185412769255, 3.204607050536529 ], [ 101.607170481352341, 3.204623944871002 ], [ 101.607136865366428, 3.204593930290211 ], [ 101.607135711403131, 3.204592901127682 ], [ 101.607134012636052, 3.204591608243748 ], [ 101.60713213216421, 3.204590603522845 ], [ 101.607130116668941, 3.204589907377562 ], [ 101.607128018322612, 3.204589538563476 ], [ 101.607125887648309, 3.2045895070051 ], [ 101.607123779010976, 3.204589812690817 ], [ 101.607121745675727, 3.204590447881779 ], [ 101.6071198348656, 3.20459139821684 ], [ 101.60709844249493, 3.204604244185822 ], [ 101.607095362283417, 3.204606467595242 ], [ 101.607092700071959, 3.204609181057602 ], [ 101.607090526682612, 3.204612303419369 ], [ 101.607088907994665, 3.204615751320188 ], [ 101.607087886819244, 3.204619420982046 ], [ 101.607087494985649, 3.204623214148912 ], [ 101.607087742354608, 3.204627017666443 ], [ 101.607088623412082, 3.204630725007165 ], [ 101.607090110129533, 3.204634230200305 ], [ 101.607092164046151, 3.204637434452957 ], [ 101.607094723639236, 3.204640248360356 ], [ 101.607097716404397, 3.204642588039771 ], [ 101.607101058309397, 3.204644388929601 ], [ 101.607103763077887, 3.20464556237479 ], [ 101.607121593700469, 3.204604073097109 ], [ 101.607142231771249, 3.204613031997169 ], [ 101.607162870941266, 3.204621993656355 ], [ 101.607183510660676, 3.204630954763016 ], [ 101.607165681687619, 3.204672444041231 ], [ 101.607167684551214, 3.204673132461662 ], [ 101.60716977026668, 3.204673497414616 ], [ 101.607171886114457, 3.204673529528027 ], [ 101.60717398102409, 3.204673227156898 ], [ 101.607176005025977, 3.204672600799245 ], [ 101.607177904856158, 3.204671663713467 ], [ 101.607179636039049, 3.204670438539583 ], [ 101.607181154100857, 3.204668956748932 ], [ 101.60718242445337, 3.204667254778358 ], [ 101.607183413607643, 3.204665373480268 ] ] ], [ [ [ 101.60749890171833, 3.204667548599541 ], [ 101.607497350895386, 3.204667320971294 ], [ 101.60749578365612, 3.20466736656774 ], [ 101.607494248873735, 3.204667683722556 ], [ 101.607492791027013, 3.204668264698751 ], [ 101.60749145623997, 3.204669091271676 ], [ 101.607490285143768, 3.204670138594382 ], [ 101.607489313425361, 3.20467137243756 ], [ 101.60748856743659, 3.204672760229803 ], [ 101.607442371746203, 3.204780262515682 ], [ 101.607441897038825, 3.204781677295971 ], [ 101.607441659572913, 3.204783151085394 ], [ 101.607441669224542, 3.20478464358863 ], [ 101.607441921043133, 3.204786115617465 ], [ 101.60744241282309, 3.204787524671233 ], [ 101.607443125885808, 3.204788833772512 ], [ 101.60744404539652, 3.204790005391014 ], [ 101.607445143342915, 3.204791010830806 ], [ 101.607446392261764, 3.204791820843688 ], [ 101.607447754806515, 3.204792412255289 ], [ 101.607449195828977, 3.204792770170153 ], [ 101.607450678534718, 3.204792885212808 ], [ 101.607452157893604, 3.204792754633064 ], [ 101.607453595466026, 3.204792380095056 ], [ 101.607454952265215, 3.204791772094416 ], [ 101.607456191502564, 3.20479094885374 ], [ 101.607457276389837, 3.204789930251536 ], [ 101.607458183320503, 3.204788747202776 ], [ 101.607458883196614, 3.204787430623521 ], [ 101.607505079983696, 3.204679927784778 ], [ 101.607505572795802, 3.204678433518071 ], [ 101.607505800908172, 3.204676874728492 ], [ 101.607505756093857, 3.204675299438467 ], [ 101.607505440559891, 3.204673756772181 ], [ 101.607504862552815, 3.20467229143677 ], [ 101.607504040204105, 3.204670949793203 ], [ 101.607502997684648, 3.204669772681426 ], [ 101.607501768499318, 3.204668794315952 ], [ 101.607500389996275, 3.204668045598673 ], [ 101.60749890171833, 3.204667548599541 ] ] ], [ [ [ 101.607274519271499, 3.204778775570608 ], [ 101.607066270181448, 3.204688361244326 ], [ 101.607062692608764, 3.204686153608711 ], [ 101.607059442226415, 3.204683483358976 ], [ 101.607056578900796, 3.204680397951075 ], [ 101.607054152616399, 3.204676956986217 ], [ 101.607053322623386, 3.20467581901785 ], [ 101.607052320231915, 3.204674831771963 ], [ 101.607051171806347, 3.204674021737075 ], [ 101.607049908651646, 3.204673407121275 ], [ 101.607048564269576, 3.204673007788029 ], [ 101.60704717161012, 3.204672830905798 ], [ 101.607045769663827, 3.204672883641743 ], [ 101.607044395222431, 3.204673162676256 ], [ 101.607043910920794, 3.204673355966442 ], [ 101.606943259627712, 3.204713484685569 ], [ 101.606940726703243, 3.204714733212704 ], [ 101.606938417909802, 3.204716366961479 ], [ 101.606936392545464, 3.204718342314213 ], [ 101.60693469947357, 3.204720611239791 ], [ 101.606933380966638, 3.2047231196369 ], [ 101.606932467763087, 3.204725804023334 ], [ 101.606931984011297, 3.20472859871046 ], [ 101.606931941778114, 3.204731436356355 ], [ 101.606932341597172, 3.204734243549905 ], [ 101.606933173570056, 3.204736954609769 ], [ 101.606943368895557, 3.204762787567629 ], [ 101.606995109007855, 3.204742130375685 ], [ 101.606993794757642, 3.204738799013561 ], [ 101.607000900046216, 3.204735967034328 ], [ 101.606985645517383, 3.204697316943395 ], [ 101.607044159814464, 3.204673983494102 ], [ 101.607060723100901, 3.204715950044259 ], [ 101.607280199303801, 3.204811148032488 ], [ 101.607283899242319, 3.204802539393205 ], [ 101.607284886514435, 3.204799549755659 ], [ 101.607285342739729, 3.204796431624561 ], [ 101.607285252013384, 3.204793280492764 ], [ 101.607284621495111, 3.204790195159907 ], [ 101.607283463834236, 3.204787265593107 ], [ 101.607281820784863, 3.204784583409097 ], [ 101.607279736295027, 3.204782227529103 ], [ 101.607277279572301, 3.204780272453147 ], [ 101.607274519271499, 3.204778775570608 ] ], [ [ 101.607141992727378, 3.204749794993314 ], [ 101.607150551821618, 3.204729879477348 ], [ 101.607175317620218, 3.204740631922643 ], [ 101.607166760173826, 3.204760547438451 ], [ 101.607141992727378, 3.204749794993314 ] ], [ [ 101.606976005502489, 3.204747417285216 ], [ 101.606950900316036, 3.204757348580984 ], [ 101.606942996652108, 3.204737162257409 ], [ 101.606968101838177, 3.204727230961853 ], [ 101.606976005502489, 3.204747417285216 ] ] ], [ [ [ 101.607536228438391, 3.204877134936213 ], [ 101.607726382893887, 3.204434531051365 ], [ 101.607704862600954, 3.204380145326329 ], [ 101.607592003207017, 3.204331262910888 ], [ 101.607394282482133, 3.204280539636931 ], [ 101.607205100562581, 3.204293007527363 ], [ 101.607019806001972, 3.204367779476 ], [ 101.60672115014988, 3.204547147553958 ], [ 101.606867385685419, 3.204793094918137 ], [ 101.606881569357228, 3.204787436486672 ], [ 101.606736959287886, 3.204544141507461 ], [ 101.606984730508799, 3.204395365200003 ], [ 101.606995972129639, 3.204414277986042 ], [ 101.607000122617038, 3.204412056004202 ], [ 101.607048827564086, 3.204385995198663 ], [ 101.607049959247419, 3.204385539588201 ], [ 101.607100050923421, 3.204365381718093 ], [ 101.607150144794161, 3.204345224397156 ], [ 101.607200236466056, 3.20432506541848 ], [ 101.607201483459164, 3.20432456397032 ], [ 101.607193293066359, 3.204304017278731 ], [ 101.607206393903027, 3.204298733305007 ], [ 101.607393758194988, 3.204286397722147 ], [ 101.607507013150595, 3.204315467950937 ], [ 101.607499335972705, 3.204345683443902 ], [ 101.607499107811364, 3.204347010961417 ], [ 101.607499087778649, 3.204348358305019 ], [ 101.607499279162212, 3.20434969125233 ], [ 101.607499675365744, 3.204350978894911 ], [ 101.607500265948673, 3.204352188669218 ], [ 101.607501037725257, 3.204353290220193 ], [ 101.607501972019122, 3.204354257609585 ], [ 101.607503046309901, 3.204355064348066 ], [ 101.6075042303912, 3.204355693331256 ], [ 101.607505498998847, 3.204356126901811 ], [ 101.607507014710805, 3.204356517366379 ], [ 101.607511352600483, 3.204339439284534 ], [ 101.607521809912299, 3.204342122892708 ], [ 101.607532265027615, 3.204344806501255 ], [ 101.607542720142987, 3.204347490109672 ], [ 101.607553177454975, 3.204350173717501 ], [ 101.607548839016815, 3.204367251799598 ], [ 101.607557217717357, 3.204369402657193 ], [ 101.607576341331423, 3.204376126426705 ], [ 101.607594030170361, 3.204386054090719 ], [ 101.607609756447616, 3.204398892670525 ], [ 101.607623051664831, 3.204414259756893 ], [ 101.607633519244473, 3.20443169454662 ], [ 101.607640848812196, 3.204450680469806 ], [ 101.607644818943513, 3.204470649053095 ], [ 101.607645312545444, 3.204491007514428 ], [ 101.607642315211123, 3.204511147594737 ], [ 101.607635917421774, 3.204530470947846 ], [ 101.607634124263043, 3.204534645820754 ], [ 101.607650221620318, 3.20454163462675 ], [ 101.607628826108069, 3.204591422872895 ], [ 101.607607430594271, 3.204641212774566 ], [ 101.607586035078214, 3.204691001020031 ], [ 101.607564639560252, 3.204740789265085 ], [ 101.607543244040727, 3.204790579165703 ], [ 101.607521849068092, 3.204840367409951 ], [ 101.607501209341436, 3.204831406310666 ], [ 101.607493543815991, 3.20484924902043 ], [ 101.607491894310712, 3.204852383413971 ], [ 101.607489777423069, 3.204855219848109 ], [ 101.607487245855964, 3.204857689316274 ], [ 101.607484360001848, 3.204859729985805 ], [ 101.607481195082897, 3.204861293819906 ], [ 101.607477823576659, 3.204862337749999 ], [ 101.607474330595267, 3.204862839679381 ], [ 101.607470803998623, 3.204862786342173 ], [ 101.607467327256515, 3.204862179376367 ], [ 101.607463989332871, 3.204861033113909 ], [ 101.607376890809903, 3.204823219728503 ], [ 101.607373915901462, 3.204822227385446 ], [ 101.607370813705316, 3.204821768816917 ], [ 101.607367679225931, 3.204821858353591 ], [ 101.607364609661218, 3.204822495422682 ], [ 101.607361694516328, 3.204823657374593 ], [ 101.607359024392267, 3.204825309416363 ], [ 101.607356682199267, 3.204827404061494 ], [ 101.607354737664267, 3.204829875059622 ], [ 101.607353248430925, 3.204832646227649 ], [ 101.607349557823625, 3.204841232786682 ], [ 101.607482083287351, 3.204898716654678 ], [ 101.607536228438391, 3.204877134936213 ] ], [ [ 101.607361508199389, 3.204843652238823 ], [ 101.60737006729002, 3.204823736721266 ], [ 101.607394833093366, 3.204834489712876 ], [ 101.607386275650427, 3.204854404678285 ], [ 101.607361508199389, 3.204843652238823 ] ] ] ] } },
{ "type": "Feature", "properties": { "Tarikh_Moh": null, "Daerah": "MPKS", "UPI": null, "sts_warta": "Belum Warta", "no_lot": "LOT 182", "no_pt": null, "nama": null, "gtn1": "Tanah Lapang dan Rekreasi", "gtn2": "Tanah Lapang", "gtn3": "Tanah Lapang Lain", "kod_gtn": "TLR107", "no_warta": null, "trkh_warta": "1899-12-30T00:00:00", "serah_PTD": "1899-12-30T00:00:00", "luas_h": 0.0995, "selenggara": null, "catatan": "Komited Jul-Dis 2025", "tahun_data": 2025, "PBT": "MPKS" }, "geometry": { "type": "Polygon", "coordinates": [ [ [ 101.432109201999168, 3.304051461390396 ], [ 101.433598592756354, 3.303804658578654 ], [ 101.433179065458319, 3.303239026443304 ], [ 101.432283970349729, 3.303288905015155 ], [ 101.432236275229542, 3.303305178283069 ], [ 101.432149350300008, 3.303333369186282 ], [ 101.431995624807726, 3.303383222456402 ], [ 101.431913660886551, 3.303616380419783 ], [ 101.431969094574058, 3.30371568440864 ], [ 101.431983372516498, 3.303741261693811 ], [ 101.432053084164508, 3.303866142969214 ], [ 101.432028540910508, 3.303879982652539 ], [ 101.432064972591832, 3.303957434038001 ], [ 101.432072045055477, 3.303958059271567 ], [ 101.432079241804303, 3.303957644866235 ], [ 101.43207938853277, 3.303957621754759 ], [ 101.43208173381656, 3.303957130784651 ], [ 101.43208629832138, 3.303956182864284 ], [ 101.432086437927438, 3.303956131699139 ], [ 101.432086584677918, 3.303956100448771 ], [ 101.432089189526195, 3.303955120041714 ], [ 101.432093070582496, 3.303953694575959 ], [ 101.43209305716401, 3.303953665600722 ], [ 101.432064285561822, 3.303891448685058 ], [ 101.43209044099882, 3.303876700939341 ], [ 101.431943675022595, 3.303613784749154 ], [ 101.432016972935003, 3.303405276807742 ], [ 101.432289164391619, 3.30331700405694 ], [ 101.433182304275277, 3.303266464505095 ], [ 101.433574122773791, 3.303794738159943 ], [ 101.432160498716385, 3.304028986144794 ], [ 101.432131260395323, 3.304033831199232 ], [ 101.43212332367608, 3.30401674933343 ], [ 101.432123239910524, 3.304016780755968 ], [ 101.432119790147539, 3.304018762658961 ], [ 101.432117035197464, 3.304020347651992 ], [ 101.432113603205877, 3.304023077483783 ], [ 101.432111269476394, 3.304024951204905 ], [ 101.432111220770565, 3.304024994479595 ], [ 101.432111189192455, 3.304025026044807 ], [ 101.432107917773592, 3.304028601863267 ], [ 101.432106314097055, 3.304030356399918 ], [ 101.432106253608382, 3.304030431293893 ], [ 101.432102188884159, 3.304036552439246 ], [ 101.432109201999168, 3.304051461390396 ] ] ] } },
{ "type": "Feature", "properties": { "Tarikh_Moh": null, "Daerah": "MPKS", "UPI": null, "sts_warta": "Belum Warta", "no_lot": "LOT 182", "no_pt": null, "nama": null, "gtn1": "Tanah Lapang dan Rekreasi", "gtn2": "Tanah Lapang", "gtn3": "Tanah Lapang Lain", "kod_gtn": "TLR107", "no_warta": null, "trkh_warta": "1899-12-30T00:00:00", "serah_PTD": "1899-12-30T00:00:00", "luas_h": 0.7147, "selenggara": null, "catatan": "Komited Jul-Dis 2025", "tahun_data": 2025, "PBT": "MPKS" }, "geometry": { "type": "MultiPolygon", "coordinates": [ [ [ [ 101.432285021111326, 3.303885215317666 ], [ 101.432285439317369, 3.303884290427626 ], [ 101.432285006790622, 3.303885187244325 ], [ 101.432208322720484, 3.303739321858564 ], [ 101.432386470884609, 3.303650379660576 ], [ 101.432457942071423, 3.303646085904764 ], [ 101.432512688833228, 3.303642796362156 ], [ 101.432512739228457, 3.303642793786872 ], [ 101.432532232761574, 3.303641622599518 ], [ 101.432666716632497, 3.303633542782055 ], [ 101.432670696043488, 3.303641659160151 ], [ 101.432674674557219, 3.303649774631495 ], [ 101.432678653968338, 3.303657891009614 ], [ 101.432682632482212, 3.30366600648098 ], [ 101.432686610996143, 3.303674121952319 ], [ 101.432690590407461, 3.303682238330509 ], [ 101.432694568921519, 3.30369035380187 ], [ 101.432698548335409, 3.30369846927574 ], [ 101.432702526847152, 3.30370658565144 ], [ 101.432706506261169, 3.303714701125332 ], [ 101.432710484775498, 3.303722816596724 ], [ 101.4327144641872, 3.303730932974955 ], [ 101.432718442701628, 3.303739048446382 ], [ 101.432721869092788, 3.303746037423361 ], [ 101.432689605003716, 3.303762109618896 ], [ 101.432699599938985, 3.303782375822605 ], [ 101.432651205149469, 3.303806485021596 ], [ 101.432602809460292, 3.30383059331049 ], [ 101.432554413766383, 3.303854702500343 ], [ 101.432506018972319, 3.303878810785018 ], [ 101.432457623273748, 3.303902919968206 ], [ 101.432409227575249, 3.303927028243732 ], [ 101.432399232646802, 3.303906762037194 ], [ 101.432320268535335, 3.303946098861298 ], [ 101.43231635594654, 3.303938893323675 ], [ 101.432313971498132, 3.303936899090669 ], [ 101.432311280821409, 3.303935348046326 ], [ 101.432308364772155, 3.30393428653244 ], [ 101.432305309641578, 3.303933747340671 ], [ 101.432302207166018, 3.303933746095435 ], [ 101.432299151822832, 3.303934283054888 ], [ 101.43229623453675, 3.303935341285305 ], [ 101.432123624629867, 3.304016592802811 ], [ 101.432123320976757, 3.304016749326053 ], [ 101.432131257695957, 3.304033831191854 ], [ 101.432160496017019, 3.304028986137404 ], [ 101.433574120074468, 3.303794738152566 ], [ 101.433182301575911, 3.303266464497731 ], [ 101.432289161692253, 3.303317004049563 ], [ 101.432016970235637, 3.303405276800352 ], [ 101.431943672323229, 3.303613784741777 ], [ 101.432090438299468, 3.303876700931977 ], [ 101.432064282862484, 3.30389144867768 ], [ 101.432093054464673, 3.303953665593345 ], [ 101.432093475089729, 3.303953509389839 ], [ 101.432120397287648, 3.303941370920428 ], [ 101.432128844599845, 3.303936687881837 ], [ 101.432136384113548, 3.303930641346297 ], [ 101.432142802110121, 3.303923404360761 ], [ 101.432147914475607, 3.303915182609094 ], [ 101.432151573906452, 3.303906211718645 ], [ 101.432153675327868, 3.303896750040296 ], [ 101.432154160424417, 3.303887066904817 ], [ 101.432153014045937, 3.303877440804262 ], [ 101.432150268740529, 3.303868146743576 ], [ 101.432102943816602, 3.303762901775887 ], [ 101.432092218222408, 3.303711064344261 ], [ 101.432085647944874, 3.303658531086222 ], [ 101.432054778163277, 3.303589950102373 ], [ 101.432013752168373, 3.303608588317637 ], [ 101.432004481618577, 3.303587976828069 ], [ 101.431995211968982, 3.303567365341026 ], [ 101.431985941419981, 3.303546753851601 ], [ 101.431976671768624, 3.303526143269005 ], [ 101.432017689651659, 3.303507508650285 ], [ 101.432008088184233, 3.303486156515595 ], [ 101.432005660080407, 3.303478350039802 ], [ 101.432004612179469, 3.303470238960612 ], [ 101.432004975310562, 3.303462068435478 ], [ 101.43200673981022, 3.303454084415473 ], [ 101.432009851942638, 3.303446526400906 ], [ 101.432014217508637, 3.303439623833881 ], [ 101.432019705476804, 3.303433584351855 ], [ 101.432026150692408, 3.303428590177831 ], [ 101.432033357493722, 3.303424791799941 ], [ 101.432063798028551, 3.303416578692243 ], [ 101.432073139037769, 3.303416140304295 ], [ 101.432082427340163, 3.303417223758103 ], [ 101.432091420067621, 3.303419801259885 ], [ 101.432099880760646, 3.303423804338686 ], [ 101.432107586554309, 3.303429128387511 ], [ 101.432114335376625, 3.30343563268299 ], [ 101.432119950427804, 3.303443147632397 ], [ 101.432124284676803, 3.303451475690142 ], [ 101.432127223543418, 3.303460397695322 ], [ 101.432128690280067, 3.303469679216982 ], [ 101.432138229729716, 3.303636317084941 ], [ 101.432138331093185, 3.303638095273149 ], [ 101.432141998030403, 3.303673566755802 ], [ 101.432143770877744, 3.303691093883689 ], [ 101.432143854290189, 3.303691525476684 ], [ 101.432143900762512, 3.303691975055306 ], [ 101.432154221456685, 3.303745141648258 ], [ 101.432223964827543, 3.303900207702308 ], [ 101.432224864599917, 3.303902209633634 ], [ 101.432226082490402, 3.303904029759965 ], [ 101.432227584439346, 3.303905619154428 ], [ 101.432229328269472, 3.303906936102658 ], [ 101.432231266395021, 3.303907942492685 ], [ 101.432233344004985, 3.303908610140491 ], [ 101.432235503562111, 3.303908920802265 ], [ 101.432237684805386, 3.303908865269966 ], [ 101.432239825642256, 3.303908446086849 ], [ 101.43227619788118, 3.303892154536364 ], [ 101.43227829190063, 3.303891413283994 ], [ 101.432278365766123, 3.303891382738685 ], [ 101.432280245515301, 3.30389035332395 ], [ 101.432280381612713, 3.303890268689006 ], [ 101.432281039845051, 3.303889756829119 ], [ 101.432282100257197, 3.303888922318677 ], [ 101.432282762580513, 3.303888228699798 ], [ 101.432283649691584, 3.303887261683572 ], [ 101.432284207038677, 3.303886457449635 ], [ 101.432284822199577, 3.303885569271062 ], [ 101.43228491449635, 3.303885377805554 ], [ 101.432285021111326, 3.303885215317666 ] ], [ [ 101.432250526913805, 3.303848902649341 ], [ 101.432268108397864, 3.303887966180651 ], [ 101.432232525585448, 3.303904143230111 ], [ 101.432214943200819, 3.303865080600048 ], [ 101.432250526913805, 3.303848902649341 ] ], [ [ 101.433036333406264, 3.303360488527455 ], [ 101.433044882582649, 3.303498108307573 ], [ 101.432976418493226, 3.303502404907831 ], [ 101.432967869328351, 3.303364785129407 ], [ 101.433036333406264, 3.303360488527455 ] ], [ [ 101.433243239513232, 3.303672138609103 ], [ 101.433214616572783, 3.303609483526579 ], [ 101.433339299617444, 3.303551949791169 ], [ 101.433367921667326, 3.303614604867898 ], [ 101.433243239513232, 3.303672138609103 ] ], [ [ 101.433251668540962, 3.30369650256861 ], [ 101.433385270598052, 3.30366515092412 ], [ 101.433400867752269, 3.30373228935396 ], [ 101.433267265686382, 3.303763640094767 ], [ 101.433251668540962, 3.30369650256861 ] ], [ [ 101.432854562885822, 3.303371894649743 ], [ 101.432923026962868, 3.30336759805746 ], [ 101.432931576117738, 3.30350521873914 ], [ 101.432863112031598, 3.303509514425463 ], [ 101.432854562885822, 3.303371894649743 ] ], [ [ 101.43325475140837, 3.303444595564884 ], [ 101.433301139510974, 3.303495386446116 ], [ 101.433200067576237, 3.303588628827553 ], [ 101.433153680376819, 3.303537837942492 ], [ 101.43325475140837, 3.303444595564884 ] ], [ [ 101.433175015172594, 3.303365898211311 ], [ 101.43322693448242, 3.303410958096832 ], [ 101.433137267015127, 3.303515320513783 ], [ 101.433085347706054, 3.303470260621447 ], [ 101.433175015172594, 3.303365898211311 ] ], [ [ 101.432693406818558, 3.303422122041164 ], [ 101.432694173712633, 3.30343499274211 ], [ 101.432700834461357, 3.3035468945607 ], [ 101.432514935390216, 3.303558072277855 ], [ 101.432393504202423, 3.30356537385051 ], [ 101.432297089462338, 3.303571171151311 ], [ 101.432297062790084, 3.303570719818166 ], [ 101.432278641083101, 3.303571827009394 ], [ 101.432278192012689, 3.303571854720541 ], [ 101.432277769616974, 3.303572332860505 ], [ 101.432275693463325, 3.303572457409378 ], [ 101.432260731112692, 3.303573357016329 ], [ 101.432258947723312, 3.303573691265376 ], [ 101.432258933938513, 3.303573465145383 ], [ 101.432242579384962, 3.303574448666748 ], [ 101.432243096649245, 3.303583137066625 ], [ 101.432243137081798, 3.303583823562985 ], [ 101.432243633681111, 3.303592168261267 ], [ 101.432244212942678, 3.303601886861565 ], [ 101.43224358388855, 3.303601924028347 ], [ 101.43224408048539, 3.303610269631044 ], [ 101.432244709541976, 3.303610231559933 ], [ 101.432244729307143, 3.303610575259029 ], [ 101.432245305991671, 3.303620248635847 ], [ 101.432243957885433, 3.303620329958044 ], [ 101.432173415429943, 3.303624571070098 ], [ 101.432172067323677, 3.303624652392193 ], [ 101.432167904296634, 3.303554711047953 ], [ 101.432146337310286, 3.303556007687231 ], [ 101.432146014551876, 3.303550588969119 ], [ 101.432152080127182, 3.303550223921613 ], [ 101.432146733677499, 3.30346040490253 ], [ 101.432140668105362, 3.303460769045797 ], [ 101.432140347073073, 3.303455377462358 ], [ 101.432291270966033, 3.303446302658054 ], [ 101.43229106958033, 3.303442915394927 ], [ 101.43229286675421, 3.303442807265731 ], [ 101.432325217681353, 3.303440861848892 ], [ 101.432325325265467, 3.303442668992611 ], [ 101.432325419067197, 3.303444249112057 ], [ 101.432693406818558, 3.303422122041164 ] ] ], [ [ [ 101.432286450602888, 3.303881326991861 ], [ 101.432286478765377, 3.30388122759262 ], [ 101.43228673974869, 3.303879216173423 ], [ 101.432286450602888, 3.303881326991861 ] ] ], [ [ [ 101.432285834894188, 3.303883415213833 ], [ 101.432285898255927, 3.303883276120298 ], [ 101.432286208045667, 3.30388218182433 ], [ 101.432285834894188, 3.303883415213833 ] ] ], [ [ [ 101.432285439317369, 3.303884290427626 ], [ 101.432285791310576, 3.303883560691712 ], [ 101.432285834894188, 3.303883415213833 ], [ 101.432285439317369, 3.303884290427626 ] ] ], [ [ [ 101.432286208045667, 3.30388218182433 ], [ 101.432286436836961, 3.303881426430446 ], [ 101.432286450602888, 3.303881326991861 ], [ 101.432286208045667, 3.30388218182433 ] ] ] ] } },
{ "type": "Feature", "properties": { "Tarikh_Moh": null, "Daerah": "MPS", "UPI": null, "sts_warta": "Belum Warta", "no_lot": "LOT 182", "no_pt": null, "nama": null, "gtn1": "Tanah Lapang dan Rekreasi", "gtn2": "Tanah Lapang", "gtn3": "Tanah Lapang Lain", "kod_gtn": "TLR109", "no_warta": null, "trkh_warta": "1899-12-30T00:00:00", "serah_PTD": "1899-12-30T00:00:00", "luas_h": 0.0037, "selenggara": null, "catatan": "Komited Jul-Dis 2025", "tahun_data": 2025, "PBT": "MPS" }, "geometry": { "type": "Polygon", "coordinates": [ [ [ 101.432082974675694, 3.303458690552795 ], [ 101.432082289479197, 3.303457196536789 ], [ 101.432081380791274, 3.303455829420339 ], [ 101.432080270121176, 3.303454620913726 ], [ 101.432078985276434, 3.303453602744446 ], [ 101.432077556783739, 3.303452799412806 ], [ 101.432076022384933, 3.303452229108649 ], [ 101.432074417127637, 3.303451908205619 ], [ 101.432072782384708, 3.303451843147119 ], [ 101.432071156841985, 3.303452035847556 ], [ 101.432046878642339, 3.303458374847645 ], [ 101.432045297957515, 3.303459281186317 ], [ 101.432043891145511, 3.303460441212406 ], [ 101.432042696085304, 3.303461822473659 ], [ 101.432041748878405, 3.303463384373822 ], [ 101.432041074836249, 3.303465083574435 ], [ 101.432040693883692, 3.303466872200393 ], [ 101.43204061605546, 3.303468699636795 ], [ 101.432040843288149, 3.303470515246455 ], [ 101.432041370324967, 3.30347226656393 ], [ 101.432089928684874, 3.30358023059641 ], [ 101.432082974675694, 3.303458690552795 ] ] ] } },
{ "type": "Feature", "properties": { "Tarikh_Moh": null, "Daerah": "MPS", "UPI": null, "sts_warta": "Belum Warta", "no_lot": "3505", "no_pt": null, "nama": null, "gtn1": "Tanah Lapang dan Rekreasi", "gtn2": "Tanah Lapang", "gtn3": "Tanah Lapang Lain", "kod_gtn": "TLR107", "no_warta": null, "trkh_warta": "1899-12-30T00:00:00", "serah_PTD": "1899-12-30T00:00:00", "luas_h": 0.018, "selenggara": null, "catatan": "Komited Jul-Dis 2025", "tahun_data": 2025, "PBT": "MPS" }, "geometry": { "type": "Polygon", "coordinates": [ [ [ 101.530494451609883, 3.277506103597907 ], [ 101.530471666359233, 3.276769229882411 ], [ 101.530451841546224, 3.276790433942144 ], [ 101.530472695993112, 3.277464885468237 ], [ 101.530473555820834, 3.277473040403032 ], [ 101.530475609327269, 3.277480976886988 ], [ 101.530478811974262, 3.277488520264831 ], [ 101.530483092216386, 3.277495501236903 ], [ 101.530488355069437, 3.277501767625071 ], [ 101.530494485721476, 3.277507179860277 ], [ 101.530494451609883, 3.277506103597907 ] ] ] } },
{ "type": "Feature", "properties": { "Tarikh_Moh": null, "Daerah": "MPS", "UPI": null, "sts_warta": "Belum Warta", "no_lot": "3502", "no_pt": null, "nama": null, "gtn1": "Tanah Lapang dan Rekreasi", "gtn2": "Tanah Lapang", "gtn3": "Tanah Lapang Lain", "kod_gtn": "TLR107", "no_warta": null, "trkh_warta": "1899-12-30T00:00:00", "serah_PTD": "1899-12-30T00:00:00", "luas_h": 0.075, "selenggara": null, "catatan": "Komited Jul-Dis 2025", "tahun_data": 2025, "PBT": "MPS" }, "geometry": { "type": "Polygon", "coordinates": [ [ [ 101.532062418141038, 3.278214005102512 ], [ 101.532071993535567, 3.278213705406721 ], [ 101.532065203709408, 3.277994784888457 ], [ 101.531581409392913, 3.27800989753832 ], [ 101.53193439455093, 3.278185870751343 ], [ 101.531964866644415, 3.278198789228517 ], [ 101.531996682139777, 3.278207865016153 ], [ 101.532029362701635, 3.27821296211909 ], [ 101.532062418141038, 3.278214005102512 ] ] ] } },
{ "type": "Feature", "properties": { "Tarikh_Moh": null, "Daerah": "MPS", "UPI": null, "sts_warta": "Belum Warta", "no_lot": "3506", "no_pt": null, "nama": null, "gtn1": "Tanah Lapang dan Rekreasi", "gtn2": "Tanah Lapang", "gtn3": "Tanah Lapang Lain", "kod_gtn": "TLR107", "no_warta": null, "trkh_warta": "1899-12-30T00:00:00", "serah_PTD": "1899-12-30T00:00:00", "luas_h": 0.3774, "selenggara": null, "catatan": "Komited Jul-Dis 2025", "tahun_data": 2025, "PBT": "MPS" }, "geometry": { "type": "Polygon", "coordinates": [ [ [ 101.531900113774071, 3.275490465606641 ], [ 101.531941913358722, 3.275447859525985 ], [ 101.531947055856691, 3.2751440501956 ], [ 101.531442491931614, 3.274793015635714 ], [ 101.531261925462445, 3.274813934475861 ], [ 101.531268487781801, 3.275026153031943 ], [ 101.531241075506102, 3.275027008512933 ], [ 101.531244901469051, 3.275150725045218 ], [ 101.531152876902055, 3.275153599662714 ], [ 101.531156762574085, 3.275279276071509 ], [ 101.531684388126678, 3.275262794491356 ], [ 101.531691629869385, 3.275496977833312 ], [ 101.531900113774071, 3.275490465606641 ] ] ] } },
{ "type": "Feature", "properties": { "Tarikh_Moh": null, "Daerah": "MPS", "UPI": null, "sts_warta": "Belum Warta", "no_lot": "3505", "no_pt": null, "nama": null, "gtn1": "Tanah Lapang dan Rekreasi", "gtn2": "Tanah Lapang", "gtn3": "Tanah Lapang Lain", "kod_gtn": "TLR107", "no_warta": null, "trkh_warta": "1899-12-30T00:00:00", "serah_PTD": "1899-12-30T00:00:00", "luas_h": 0.0189, "selenggara": null, "catatan": "Komited Jul-Dis 2025", "tahun_data": 2025, "PBT": "MPS" }, "geometry": { "type": "Polygon", "coordinates": [ [ [ 101.529536945143846, 3.275922772886889 ], [ 101.529518629718098, 3.275330444798003 ], [ 101.529510238571916, 3.275330706865814 ], [ 101.529493576610022, 3.275924127463466 ], [ 101.529536945143846, 3.275922772886889 ] ] ] } },
{ "type": "Feature", "properties": { "Tarikh_Moh": null, "Daerah": "MPS", "UPI": null, "sts_warta": "Belum Warta", "no_lot": "3505", "no_pt": null, "nama": null, "gtn1": "Tanah Lapang dan Rekreasi", "gtn2": "Tanah Lapang", "gtn3": "Tanah Lapang Lain", "kod_gtn": "TLR107", "no_warta": null, "trkh_warta": "1899-12-30T00:00:00", "serah_PTD": "1899-12-30T00:00:00", "luas_h": 0.773, "selenggara": null, "catatan": "Komited Jul-Dis 2025", "tahun_data": 2025, "PBT": "MPS" }, "geometry": { "type": "Polygon", "coordinates": [ [ [ 101.529518629718098, 3.275330444798003 ], [ 101.531101938902793, 3.275280988832904 ], [ 101.531098053241323, 3.275155311521169 ], [ 101.531020065512905, 3.275157747944354 ], [ 101.531016239580751, 3.275034032322071 ], [ 101.531241075506102, 3.275027008512933 ], [ 101.531268487781801, 3.275026153031943 ], [ 101.531261925462445, 3.274813934475861 ], [ 101.530831118654007, 3.274863845217221 ], [ 101.529519106665219, 3.275014845279774 ], [ 101.529510238571916, 3.275330706865814 ], [ 101.529518629718098, 3.275330444798003 ] ] ] } },
{ "type": "Feature", "properties": { "Tarikh_Moh": null, "Daerah": "MPS", "UPI": null, "sts_warta": "Belum Warta", "no_lot": "3506", "no_pt": null, "nama": null, "gtn1": "Tanah Lapang dan Rekreasi", "gtn2": "Tanah Lapang", "gtn3": "Tanah Lapang Lain", "kod_gtn": "TLR107", "no_warta": null, "trkh_warta": "1899-12-30T00:00:00", "serah_PTD": "1899-12-30T00:00:00", "luas_h": 0.0145, "selenggara": null, "catatan": "Komited Jul-Dis 2025", "tahun_data": 2025, "PBT": "MPS" }, "geometry": { "type": "Polygon", "coordinates": [ [ [ 101.53206699054995, 3.276160887331136 ], [ 101.532076097225527, 3.275622856868438 ], [ 101.532041255715583, 3.275623945319858 ], [ 101.53205786870862, 3.276161171935548 ], [ 101.53206699054995, 3.276160887331136 ] ] ] } },
{ "type": "Feature", "properties": { "Tarikh_Moh": null, "Daerah": "MPS", "UPI": null, "sts_warta": "Belum Warta", "no_lot": "3502", "no_pt": null, "nama": null, "gtn1": "Tanah Lapang dan Rekreasi", "gtn2": "Tanah Lapang", "gtn3": "Tanah Lapang Lain", "kod_gtn": "TLR107", "no_warta": null, "trkh_warta": "1899-12-30T00:00:00", "serah_PTD": "1899-12-30T00:00:00", "luas_h": 0.1932, "selenggara": null, "catatan": "Komited Jul-Dis 2025", "tahun_data": 2025, "PBT": "MPS" }, "geometry": { "type": "Polygon", "coordinates": [ [ [ 101.531574593785621, 3.277789507417634 ], [ 101.531179889157031, 3.277801836173378 ], [ 101.531170092428852, 3.277484999586558 ], [ 101.530494451609883, 3.277506103597907 ], [ 101.530494485721476, 3.277507179860277 ], [ 101.530498627262489, 3.277510032124657 ], [ 101.53050301096026, 3.277512491629699 ], [ 101.530532624564813, 3.277530303140628 ], [ 101.530559210076774, 3.277552418679481 ], [ 101.530582160532632, 3.277578338367648 ], [ 101.530591437328368, 3.277588785173131 ], [ 101.530602198324232, 3.277597662286051 ], [ 101.530614192105318, 3.277604766476642 ], [ 101.530627131179074, 3.277609927881854 ], [ 101.530640708138833, 3.277613022708376 ], [ 101.530654597453577, 3.277613976854857 ], [ 101.530654712625278, 3.277613977155319 ], [ 101.530715412925716, 3.277616798808121 ], [ 101.530775421771168, 3.277626403971903 ], [ 101.530833990850468, 3.277642673130035 ], [ 101.530890390960138, 3.277665404520128 ], [ 101.531581409392913, 3.27800989753832 ], [ 101.531574593785621, 3.277789507417634 ] ] ] } },
{ "type": "Feature", "properties": { "Tarikh_Moh": null, "Daerah": "MPS", "UPI": null, "sts_warta": "Belum Warta", "no_lot": "3505", "no_pt": null, "nama": null, "gtn1": "Tanah Lapang dan Rekreasi", "gtn2": "Tanah Lapang", "gtn3": "Tanah Lapang Lain", "kod_gtn": "TLR107", "no_warta": null, "trkh_warta": "1899-12-30T00:00:00", "serah_PTD": "1899-12-30T00:00:00", "luas_h": 0.0134, "selenggara": null, "catatan": "Komited Jul-Dis 2025", "tahun_data": 2025, "PBT": "MPS" }, "geometry": { "type": "Polygon", "coordinates": [ [ [ 101.529509755384822, 3.276640623211487 ], [ 101.529493144066663, 3.276103396837786 ], [ 101.529488539503717, 3.276103541273008 ], [ 101.529473746348955, 3.276630405971074 ], [ 101.529485634738094, 3.276641376884721 ], [ 101.529509755384822, 3.276640623211487 ] ] ] } },
{ "type": "Feature", "properties": { "Tarikh_Moh": null, "Daerah": "MPS", "UPI": null, "sts_warta": "Belum Warta", "no_lot": "3505", "no_pt": null, "nama": null, "gtn1": "Tanah Lapang dan Rekreasi", "gtn2": "Tanah Lapang", "gtn3": "Tanah Lapang Lain", "kod_gtn": "TLR107", "no_warta": null, "trkh_warta": "1899-12-30T00:00:00", "serah_PTD": "1899-12-30T00:00:00", "luas_h": 0.5309, "selenggara": null, "catatan": "Komited Jul-Dis 2025", "tahun_data": 2025, "PBT": "MPS" }, "geometry": { "type": "Polygon", "coordinates": [ [ [ 101.530203960910129, 3.277541869558534 ], [ 101.530217995262845, 3.277540317239505 ], [ 101.530231615964524, 3.277536578033429 ], [ 101.530244486261921, 3.277530742400718 ], [ 101.530256289056837, 3.277522955113945 ], [ 101.530266735920094, 3.277513408950897 ], [ 101.530275567112824, 3.27750233655557 ], [ 101.530282566877801, 3.277490012286672 ], [ 101.530287562572553, 3.277476739554519 ], [ 101.530290430983953, 3.277462844507031 ], [ 101.530291101044156, 3.277448669706502 ], [ 101.530270921787519, 3.276796085276448 ], [ 101.530244974131193, 3.276771577594786 ], [ 101.530251293629206, 3.276975953045225 ], [ 101.529520829582836, 3.276998769031356 ], [ 101.529514014467466, 3.276778379043926 ], [ 101.529477956323944, 3.276779504899148 ], [ 101.529497915548191, 3.277423682739589 ], [ 101.529682289063075, 3.277417923952826 ], [ 101.529686620364615, 3.277558028586814 ], [ 101.530203960910129, 3.277541869558534 ] ] ] } },
{ "type": "Feature", "properties": { "Tarikh_Moh": null, "Daerah": "MPS", "UPI": null, "sts_warta": "Belum Warta", "no_lot": "3506", "no_pt": null, "nama": null, "gtn1": "Tanah Lapang dan Rekreasi", "gtn2": "Tanah Lapang", "gtn3": "Tanah Lapang Lain", "kod_gtn": "TLR107", "no_warta": null, "trkh_warta": "1899-12-30T00:00:00", "serah_PTD": "1899-12-30T00:00:00", "luas_h": 0.0867, "selenggara": null, "catatan": "Komited Jul-Dis 2025", "tahun_data": 2025, "PBT": "MPS" }, "geometry": { "type": "Polygon", "coordinates": [ [ [ 101.532099377124197, 3.278212850748794 ], [ 101.532076817170676, 3.277484753077858 ], [ 101.532067412272553, 3.277181211382306 ], [ 101.53205597066848, 3.276811957208001 ], [ 101.532063955257584, 3.276340236858446 ], [ 101.532014068119707, 3.276341795229905 ], [ 101.532025143404667, 3.276699940314559 ], [ 101.53201087114401, 3.276741734610773 ], [ 101.532024502577926, 3.277182551899616 ], [ 101.532037282807565, 3.277595816954461 ], [ 101.532054097008626, 3.277636640543421 ], [ 101.532065203709408, 3.277994784888457 ], [ 101.532071993535567, 3.278213705406721 ], [ 101.532099377124197, 3.278212850748794 ] ] ] } },
{ "type": "Feature", "properties": { "Tarikh_Moh": null, "Daerah": "MPS", "UPI": null, "sts_warta": "Belum Warta", "no_lot": "3051", "no_pt": null, "nama": null, "gtn1": "Tanah Lapang dan Rekreasi", "gtn2": "Tanah Lapang", "gtn3": "Tanah Lapang Lain", "kod_gtn": "TLR107", "no_warta": null, "trkh_warta": "1899-12-30T00:00:00", "serah_PTD": "1899-12-30T00:00:00", "luas_h": 0.0313, "selenggara": null, "catatan": "Komited Jul-Dis 2025", "tahun_data": 2025, "PBT": "MPS" }, "geometry": { "type": "Polygon", "coordinates": [ [ [ 101.530491473243998, 3.277714123764451 ], [ 101.530489621425062, 3.277698470105463 ], [ 101.530485093094427, 3.277683378298135 ], [ 101.530478026538518, 3.27766930539863 ], [ 101.530468635702121, 3.277656678817082 ], [ 101.530457205720026, 3.27764588454934 ], [ 101.530444084867881, 3.277637248164639 ], [ 101.530429671070365, 3.277631032961846 ], [ 101.530414402933602, 3.277627428189477 ], [ 101.530398743565627, 3.27762654267299 ], [ 101.530383168881528, 3.27762840388017 ], [ 101.530368152316584, 3.277632954263655 ], [ 101.530354150413572, 3.27764005755379 ], [ 101.530341588433217, 3.27764949600813 ], [ 101.530330847724613, 3.277660983039265 ], [ 101.530322254909322, 3.277674170421401 ], [ 101.530316071960343, 3.277688657307879 ], [ 101.530312484469889, 3.277704003765939 ], [ 101.530311604318598, 3.277719742539873 ], [ 101.530313290877544, 3.27773458185482 ], [ 101.530317384704261, 3.277748940007548 ], [ 101.530323773438184, 3.277762425122523 ], [ 101.530332284372733, 3.277774668679618 ], [ 101.530342683522974, 3.277785338172838 ], [ 101.530354689110482, 3.277794141667006 ], [ 101.53036797153537, 3.277800838650043 ], [ 101.530382170453322, 3.277805247312142 ], [ 101.530396897468108, 3.277807247266045 ], [ 101.530411750518581, 3.277806783201878 ], [ 101.530426325566424, 3.277803868534973 ], [ 101.530440224703696, 3.277798581809683 ], [ 101.530453067845158, 3.277791068538732 ], [ 101.530464505346259, 3.277781533096764 ], [ 101.530474226110542, 3.277770235124271 ], [ 101.530481963904393, 3.27775748321352 ], [ 101.530487507277982, 3.277743625891024 ], [ 101.530490706793969, 3.277729039879834 ], [ 101.530491473243998, 3.277714123764451 ] ] ] } },
{ "type": "Feature", "properties": { "Tarikh_Moh": null, "Daerah": "MPS", "UPI": null, "sts_warta": "Belum Warta", "no_lot": "3502", "no_pt": null, "nama": null, "gtn1": "Tanah Lapang dan Rekreasi", "gtn2": "Tanah Lapang", "gtn3": "Tanah Lapang Lain", "kod_gtn": "TLR107", "no_warta": null, "trkh_warta": "1899-12-30T00:00:00", "serah_PTD": "1899-12-30T00:00:00", "luas_h": 0.0895, "selenggara": null, "catatan": "Komited Jul-Dis 2025", "tahun_data": 2025, "PBT": "MPS" }, "geometry": { "type": "Polygon", "coordinates": [ [ [ 101.531560553686873, 3.279934244707447 ], [ 101.531523120407144, 3.278660599172384 ], [ 101.532112937447494, 3.278650507276047 ], [ 101.532107912368701, 3.27848831203968 ], [ 101.532080536048696, 3.27848913596723 ], [ 101.532083677595736, 3.278590430217196 ], [ 101.531494212465063, 3.278608171088282 ], [ 101.531495707266274, 3.278661394948829 ], [ 101.53153314126412, 3.279935094739597 ], [ 101.531560553686873, 3.279934244707447 ] ] ] } },
{ "type": "Feature", "properties": { "Tarikh_Moh": null, "Daerah": "MPS", "UPI": null, "sts_warta": "Belum Warta", "no_lot": "18215", "no_pt": null, "nama": null, "gtn1": "Tanah Lapang dan Rekreasi", "gtn2": "Tanah Lapang", "gtn3": "Tanah Lapang Lain", "kod_gtn": "TLR107", "no_warta": null, "trkh_warta": "1899-12-30T00:00:00", "serah_PTD": "1899-12-30T00:00:00", "luas_h": 0.0007, "selenggara": null, "catatan": "Komited Jul-Dis 2025", "tahun_data": 2025, "PBT": "MPS" }, "geometry": { "type": "Polygon", "coordinates": [ [ [ 101.518719391633837, 3.254794718839615 ], [ 101.518720293902092, 3.254792708137296 ], [ 101.518720859974721, 3.254790576277675 ], [ 101.518721074405946, 3.254788381098138 ], [ 101.518720932549513, 3.254786179560043 ], [ 101.518720437851968, 3.254784030454632 ], [ 101.518719602764747, 3.254781989883566 ], [ 101.518718449638641, 3.254780113070224 ], [ 101.51871700893868, 3.254778448928801 ], [ 101.518715319241821, 3.254777040968572 ], [ 101.51871342453741, 3.25477592728707 ], [ 101.518697178137046, 3.254768082107993 ], [ 101.518695059506953, 3.25476727169904 ], [ 101.51869283555439, 3.254766828176994 ], [ 101.518690569224447, 3.254766766176075 ], [ 101.518688324399591, 3.254767085863495 ], [ 101.518686164985567, 3.254767778363068 ], [ 101.518684151315014, 3.254768824841538 ], [ 101.518682340151912, 3.254770194699919 ], [ 101.518680781980819, 3.254771850087966 ], [ 101.51867952280854, 3.254773745004695 ], [ 101.518695134590843, 3.25478274336697 ], [ 101.518702940930851, 3.254787243001388 ], [ 101.518703008730895, 3.254787120188422 ], [ 101.518718756116186, 3.254795872020164 ], [ 101.518719391633837, 3.254794718839615 ] ] ] } },
{ "type": "Feature", "properties": { "Tarikh_Moh": null, "Daerah": "MPS", "UPI": null, "sts_warta": "Belum Warta", "no_lot": "18215", "no_pt": null, "nama": null, "gtn1": "Tanah Lapang dan Rekreasi", "gtn2": "Tanah Lapang", "gtn3": "Tanah Lapang Lain", "kod_gtn": "TLR107", "no_warta": null, "trkh_warta": "1899-12-30T00:00:00", "serah_PTD": "1899-12-30T00:00:00", "luas_h": 0.0011, "selenggara": null, "catatan": "Komited Jul-Dis 2025", "tahun_data": 2025, "PBT": "MPS" }, "geometry": { "type": "Polygon", "coordinates": [ [ [ 101.518375902131183, 3.25525639393982 ], [ 101.518374988043675, 3.255256368034007 ], [ 101.518372744117286, 3.255256687722666 ], [ 101.518370583799765, 3.255257381123128 ], [ 101.518368570130036, 3.255258426696293 ], [ 101.518366758962998, 3.255259797458091 ], [ 101.518365201690088, 3.255261452847717 ], [ 101.518363941616514, 3.255263347761515 ], [ 101.518352013120804, 3.255285027960963 ], [ 101.518392777859262, 3.255304711858129 ], [ 101.518375902131183, 3.25525639393982 ] ] ] } },
{ "type": "Feature", "properties": { "Tarikh_Moh": null, "Daerah": "MPS", "UPI": null, "sts_warta": "Belum Warta", "no_lot": "18215", "no_pt": null, "nama": null, "gtn1": "Tanah Lapang dan Rekreasi", "gtn2": "Tanah Lapang", "gtn3": "Tanah Lapang Lain", "kod_gtn": "TLR107", "no_warta": null, "trkh_warta": "1899-12-30T00:00:00", "serah_PTD": "1899-12-30T00:00:00", "luas_h": 0.0006, "selenggara": null, "catatan": "Komited Jul-Dis 2025", "tahun_data": 2025, "PBT": "MPS" }, "geometry": { "type": "Polygon", "coordinates": [ [ [ 101.518654751499142, 3.255521424888166 ], [ 101.51865489556981, 3.255520688227038 ], [ 101.518654915507398, 3.255519938580159 ], [ 101.518654813062227, 3.25551919494336 ], [ 101.518654589077784, 3.255518479022984 ], [ 101.51865424980079, 3.255517810730937 ], [ 101.518653805983774, 3.255517207277802 ], [ 101.518653268379239, 3.255516685874276 ], [ 101.518640479013541, 3.255510510110117 ], [ 101.518639815827868, 3.255510187332954 ], [ 101.518639704385095, 3.255510138206823 ], [ 101.518639112781301, 3.255509969355084 ], [ 101.518639007578173, 3.255509942853803 ], [ 101.518638383334888, 3.25550986977682 ], [ 101.518638288879586, 3.255509862294822 ], [ 101.518637648173623, 3.25550989226969 ], [ 101.51863756627975, 3.255509898385701 ], [ 101.518636925299617, 3.255510034167766 ], [ 101.518636859575508, 3.255510050273876 ], [ 101.518636235411819, 3.2555102937166 ], [ 101.518636184969438, 3.255510315288757 ], [ 101.518635596528767, 3.255510661919909 ], [ 101.51863556227957, 3.255510684438816 ], [ 101.518635026666544, 3.255511130685795 ], [ 101.518635005923002, 3.255511149622663 ], [ 101.518634535741214, 3.25551169280548 ], [ 101.518634149929937, 3.255512315791143 ], [ 101.518626297454631, 3.255528744302755 ], [ 101.518646573343929, 3.255538535325345 ], [ 101.518654751499142, 3.255521424888166 ] ] ] } },
{ "type": "Feature", "properties": { "Tarikh_Moh": null, "Daerah": "MPS", "UPI": null, "sts_warta": "Belum Warta", "no_lot": "18215", "no_pt": null, "nama": null, "gtn1": "Tanah Lapang dan Rekreasi", "gtn2": "Tanah Lapang", "gtn3": "Tanah Lapang Lain", "kod_gtn": "TLR107", "no_warta": null, "trkh_warta": "1899-12-30T00:00:00", "serah_PTD": "1899-12-30T00:00:00", "luas_h": 0.0006, "selenggara": null, "catatan": "Komited Jul-Dis 2025", "tahun_data": 2025, "PBT": "MPS" }, "geometry": { "type": "Polygon", "coordinates": [ [ [ 101.518695230914403, 3.255541155054276 ], [ 101.518695383940411, 3.255540434694685 ], [ 101.518695419136264, 3.255539699557203 ], [ 101.518695334653273, 3.255538968628198 ], [ 101.518695133141534, 3.255538260905715 ], [ 101.518694819950312, 3.255537595394964 ], [ 101.51869440403263, 3.255536989301877 ], [ 101.518693896140988, 3.255536459837035 ], [ 101.518693308839104, 3.255536019694169 ], [ 101.518679300024303, 3.255529255629591 ], [ 101.518678556955038, 3.255529204850126 ], [ 101.518677816266376, 3.25552927706736 ], [ 101.518677097752871, 3.255529472333047 ], [ 101.518676421230126, 3.255529782560013 ], [ 101.518675804709659, 3.255530201465008 ], [ 101.518675265317185, 3.255530717336425 ], [ 101.518666848336338, 3.2555483254409 ], [ 101.518687124229089, 3.255558115558411 ], [ 101.518695230914403, 3.255541155054276 ] ] ] } },
{ "type": "Feature", "properties": { "Tarikh_Moh": null, "Daerah": "MPS", "UPI": null, "sts_warta": "Belum Warta", "no_lot": "18215", "no_pt": null, "nama": null, "gtn1": "Tanah Lapang dan Rekreasi", "gtn2": "Tanah Lapang", "gtn3": "Tanah Lapang Lain", "kod_gtn": "TLR107", "no_warta": null, "trkh_warta": "1899-12-30T00:00:00", "serah_PTD": "1899-12-30T00:00:00", "luas_h": 0.0009, "selenggara": null, "catatan": "Komited Jul-Dis 2025", "tahun_data": 2025, "PBT": "MPS" }, "geometry": { "type": "Polygon", "coordinates": [ [ [ 101.518662267531425, 3.254767732092989 ], [ 101.518663218747236, 3.254765582250318 ], [ 101.518663785213576, 3.254763298462444 ], [ 101.51866395145197, 3.254760951227489 ], [ 101.518663710981386, 3.254758611067091 ], [ 101.518663071721562, 3.254756346731928 ], [ 101.518662053286576, 3.254754227907646 ], [ 101.518660685204296, 3.254752317975383 ], [ 101.518659009613017, 3.254750674923239 ], [ 101.518657076774744, 3.254749346812947 ], [ 101.518654944168134, 3.254748374490215 ], [ 101.518652677397782, 3.254747787970115 ], [ 101.518648543963167, 3.254747419936534 ], [ 101.518644403468798, 3.254747693062404 ], [ 101.518640354006408, 3.254748600369826 ], [ 101.51863649010383, 3.254750121306266 ], [ 101.518632904531529, 3.254752219036656 ], [ 101.518629681092946, 3.254754844945829 ], [ 101.518626895531341, 3.254757935928203 ], [ 101.518624614615703, 3.254761419811212 ], [ 101.51862288071645, 3.254764570519691 ], [ 101.518638628097861, 3.254773323256947 ], [ 101.518642982737745, 3.254765409007478 ], [ 101.518658730119469, 3.254774161744414 ], [ 101.518662267531425, 3.254767732092989 ] ] ] } },
{ "type": "Feature", "properties": { "Tarikh_Moh": null, "Daerah": "MPS", "UPI": null, "sts_warta": "Belum Warta", "no_lot": "18215", "no_pt": null, "nama": null, "gtn1": "Tanah Lapang dan Rekreasi", "gtn2": "Tanah Lapang", "gtn3": "Tanah Lapang Lain", "kod_gtn": "TLR107", "no_warta": null, "trkh_warta": "1899-12-30T00:00:00", "serah_PTD": "1899-12-30T00:00:00", "luas_h": 0.0008, "selenggara": null, "catatan": "Komited Jul-Dis 2025", "tahun_data": 2025, "PBT": "MPS" }, "geometry": { "type": "Polygon", "coordinates": [ [ [ 101.518512632317297, 3.255032007668092 ], [ 101.518514015081834, 3.255031723707106 ], [ 101.518515337218574, 3.255031225258521 ], [ 101.518516565403885, 3.255030524895896 ], [ 101.518517669899069, 3.255029640628163 ], [ 101.518518622757909, 3.255028593182113 ], [ 101.518519400516581, 3.255027409626512 ], [ 101.518523754259448, 3.255019495375469 ], [ 101.518508006875649, 3.255010742634991 ], [ 101.518512360616143, 3.255002829288404 ], [ 101.51849661323277, 3.254994076547821 ], [ 101.518494703543098, 3.254998398822176 ], [ 101.518493569652961, 3.255002988099292 ], [ 101.518493247011222, 3.25500770610774 ], [ 101.518493743188429, 3.25501240907705 ], [ 101.518495045060988, 3.255016953182654 ], [ 101.518497111594044, 3.255021201761554 ], [ 101.518499881039901, 3.255025025331314 ], [ 101.518503269124068, 3.255028307011323 ], [ 101.51850717263288, 3.255030947053812 ], [ 101.518508457764753, 3.255031534622311 ], [ 101.518509819019471, 3.255031912582873 ], [ 101.518511222229861, 3.255032071802624 ], [ 101.518512632317297, 3.255032007668092 ] ] ] } },
{ "type": "Feature", "properties": { "Tarikh_Moh": null, "Daerah": "MPS", "UPI": null, "sts_warta": "Belum Warta", "no_lot": "18215", "no_pt": null, "nama": null, "gtn1": "Tanah Lapang dan Rekreasi", "gtn2": "Tanah Lapang", "gtn3": "Tanah Lapang Lain", "kod_gtn": "TLR107", "no_warta": null, "trkh_warta": "1899-12-30T00:00:00", "serah_PTD": "1899-12-30T00:00:00", "luas_h": 0.0008, "selenggara": null, "catatan": "Komited Jul-Dis 2025", "tahun_data": 2025, "PBT": "MPS" }, "geometry": { "type": "Polygon", "coordinates": [ [ [ 101.518569503950005, 3.255057816315578 ], [ 101.51857166426457, 3.255057123818791 ], [ 101.518573677935976, 3.255056077340725 ], [ 101.518575489102247, 3.255054706578343 ], [ 101.518577046374403, 3.255053051188221 ], [ 101.518578306444823, 3.25505115717836 ], [ 101.518579426524113, 3.255049119916139 ], [ 101.518563679136648, 3.255040368080769 ], [ 101.518555804995515, 3.255035991257477 ], [ 101.518540057608661, 3.255027239421756 ], [ 101.518538437613728, 3.255030183334028 ], [ 101.51853753534472, 3.255032194036092 ], [ 101.518536969273725, 3.255034324991188 ], [ 101.518536753939713, 3.255036521072621 ], [ 101.518536895797951, 3.255038721706434 ], [ 101.518537391392385, 3.255040871718685 ], [ 101.518538226481624, 3.255042911385636 ], [ 101.518539378707786, 3.255044788196942 ], [ 101.518540819405302, 3.255046453243119 ], [ 101.51854250910462, 3.255047860299443 ], [ 101.518544403806871, 3.255048974885832 ], [ 101.51856065110978, 3.255056820071434 ], [ 101.518562769740328, 3.255057630480893 ], [ 101.518564993695833, 3.255058073099078 ], [ 101.518567260024085, 3.255058136004866 ], [ 101.518569503950005, 3.255057816315578 ] ] ] } },
{ "type": "Feature", "properties": { "Tarikh_Moh": null, "Daerah": "MPS", "UPI": null, "sts_warta": "Belum Warta", "no_lot": "18215", "no_pt": null, "nama": null, "gtn1": "Tanah Lapang dan Rekreasi", "gtn2": "Tanah Lapang", "gtn3": "Tanah Lapang Lain", "kod_gtn": "TLR107", "no_warta": null, "trkh_warta": "1899-12-30T00:00:00", "serah_PTD": "1899-12-30T00:00:00", "luas_h": 0.0011, "selenggara": null, "catatan": "Komited Jul-Dis 2025", "tahun_data": 2025, "PBT": "MPS" }, "geometry": { "type": "Polygon", "coordinates": [ [ [ 101.518375902131183, 3.25525639393982 ], [ 101.518374988043675, 3.255256368034007 ], [ 101.518372744117286, 3.255256687722666 ], [ 101.518370583799765, 3.255257381123128 ], [ 101.518368570130036, 3.255258426696293 ], [ 101.518366758962998, 3.255259797458091 ], [ 101.518365201690088, 3.255261452847717 ], [ 101.518363941616514, 3.255263347761515 ], [ 101.518352013120804, 3.255285027960963 ], [ 101.518392777859262, 3.255304711858129 ], [ 101.518375902131183, 3.25525639393982 ] ] ] } },
{ "type": "Feature", "properties": { "Tarikh_Moh": null, "Daerah": "MPS", "UPI": null, "sts_warta": "Belum Warta", "no_lot": "18215", "no_pt": null, "nama": null, "gtn1": "Tanah Lapang dan Rekreasi", "gtn2": "Tanah Lapang", "gtn3": "Tanah Lapang Lain", "kod_gtn": "TLR107", "no_warta": null, "trkh_warta": "1899-12-30T00:00:00", "serah_PTD": "1899-12-30T00:00:00", "luas_h": 0.0004, "selenggara": null, "catatan": "Komited Jul-Dis 2025", "tahun_data": 2025, "PBT": "MPS" }, "geometry": { "type": "Polygon", "coordinates": [ [ [ 101.518363507426685, 3.255325693725036 ], [ 101.518355079849528, 3.255301558305387 ], [ 101.518339495213056, 3.255334164228756 ], [ 101.518363507426685, 3.255325693725036 ] ] ] } },
{ "type": "Feature", "properties": { "Tarikh_Moh": null, "Daerah": "MPS", "UPI": null, "sts_warta": "Belum Warta", "no_lot": "18215", "no_pt": null, "nama": null, "gtn1": "Tanah Lapang dan Rekreasi", "gtn2": "Tanah Lapang", "gtn3": "Tanah Lapang Lain", "kod_gtn": "TLR107", "no_warta": null, "trkh_warta": "1899-12-30T00:00:00", "serah_PTD": "1899-12-30T00:00:00", "luas_h": 0.0004, "selenggara": null, "catatan": "Komited Jul-Dis 2025", "tahun_data": 2025, "PBT": "MPS" }, "geometry": { "type": "Polygon", "coordinates": [ [ [ 101.518387520542078, 3.255317222318597 ], [ 101.518363507426685, 3.255325693725036 ], [ 101.518371935006599, 3.255349828240504 ], [ 101.518387520542078, 3.255317222318597 ] ] ] } },
{ "type": "Feature", "properties": { "Tarikh_Moh": null, "Daerah": "MPS", "UPI": null, "sts_warta": "Belum Warta", "no_lot": "18215", "no_pt": null, "nama": null, "gtn1": "Tanah Lapang dan Rekreasi", "gtn2": "Tanah Lapang", "gtn3": "Tanah Lapang Lain", "kod_gtn": "TLR107", "no_warta": null, "trkh_warta": "1899-12-30T00:00:00", "serah_PTD": "1899-12-30T00:00:00", "luas_h": 0.0014, "selenggara": null, "catatan": "Komited Jul-Dis 2025", "tahun_data": 2025, "PBT": "MPS" }, "geometry": { "type": "Polygon", "coordinates": [ [ [ 101.518194205522079, 3.255388084132025 ], [ 101.518198431116758, 3.255386915933898 ], [ 101.518202397611248, 3.25538504167117 ], [ 101.51820598969195, 3.255382517111153 ], [ 101.518209100995861, 3.255379416131348 ], [ 101.518211643117567, 3.255375827125679 ], [ 101.518213541101062, 3.255371856610331 ], [ 101.518214739761433, 3.255367620196398 ], [ 101.51821520369198, 3.255363239877374 ], [ 101.518215147652626, 3.255363183161735 ], [ 101.518214864326367, 3.255358786916648 ], [ 101.518213841605643, 3.255354503087344 ], [ 101.518212108359208, 3.255350457048287 ], [ 101.518209715568219, 3.255346766497342 ], [ 101.518206734036568, 3.255343538332153 ], [ 101.518203248997096, 3.255340866827312 ], [ 101.518199428395519, 3.255338864393352 ], [ 101.518196691795637, 3.255344593633082 ], [ 101.518177209866948, 3.25538535102909 ], [ 101.518181219987639, 3.255387126802267 ], [ 101.518185473086575, 3.255388191494859 ], [ 101.518189844177741, 3.255388514032189 ], [ 101.518194205522079, 3.255388084132025 ] ] ] } },
{ "type": "Feature", "properties": { "Tarikh_Moh": null, "Daerah": "MPS", "UPI": null, "sts_warta": "Belum Warta", "no_lot": "18215", "no_pt": null, "nama": null, "gtn1": "Tanah Lapang dan Rekreasi", "gtn2": "Tanah Lapang", "gtn3": "Tanah Lapang Lain", "kod_gtn": "TLR107", "no_warta": null, "trkh_warta": "1899-12-30T00:00:00", "serah_PTD": "1899-12-30T00:00:00", "luas_h": 0.0013, "selenggara": null, "catatan": "Komited Jul-Dis 2025", "tahun_data": 2025, "PBT": "MPS" }, "geometry": { "type": "Polygon", "coordinates": [ [ [ 101.518308134340018, 3.25539067580911 ], [ 101.51828465303106, 3.25537933719954 ], [ 101.518276727513296, 3.255393743407922 ], [ 101.518274903159721, 3.255397771994085 ], [ 101.518273754789618, 3.255402045617815 ], [ 101.51827331329217, 3.255406449508599 ], [ 101.518273589766764, 3.255410867035443 ], [ 101.518274578219888, 3.255415180618349 ], [ 101.518276251056719, 3.255419275333679 ], [ 101.518278563571045, 3.255423042543427 ], [ 101.518281454839666, 3.255426381706225 ], [ 101.518284847716004, 3.255429203090286 ], [ 101.518288652414554, 3.255431433208895 ], [ 101.518308134340018, 3.25539067580911 ] ] ] } },
{ "type": "Feature", "properties": { "Tarikh_Moh": null, "Daerah": "MPS", "UPI": null, "sts_warta": "Belum Warta", "no_lot": "18215", "no_pt": null, "nama": null, "gtn1": "Tanah Lapang dan Rekreasi", "gtn2": "Tanah Lapang", "gtn3": "Tanah Lapang Lain", "kod_gtn": "TLR107", "no_warta": null, "trkh_warta": "1899-12-30T00:00:00", "serah_PTD": "1899-12-30T00:00:00", "luas_h": 0.0063, "selenggara": null, "catatan": "Komited Jul-Dis 2025", "tahun_data": 2025, "PBT": "MPS" }, "geometry": { "type": "Polygon", "coordinates": [ [ [ 101.519257591069206, 3.255830480597781 ], [ 101.519259701728245, 3.255829853986463 ], [ 101.519261683691951, 3.255828891527576 ], [ 101.519263483809297, 3.255827618403636 ], [ 101.519265053406897, 3.255826067947905 ], [ 101.519266351888149, 3.255824281653891 ], [ 101.51926734404077, 3.255822306455131 ], [ 101.519308882150824, 3.255719561670681 ], [ 101.519309554490064, 3.255717393010217 ], [ 101.519309857241609, 3.255715141991869 ], [ 101.519309782146053, 3.255712870993583 ], [ 101.519309331733965, 3.255710645134556 ], [ 101.519308517542882, 3.25570852594022 ], [ 101.519307362811759, 3.255706573157978 ], [ 101.519305900690895, 3.255704841135014 ], [ 101.519304170640567, 3.255703379713409 ], [ 101.519302222946308, 3.255702227911465 ], [ 101.519283560091779, 3.255693216143779 ], [ 101.519224180785145, 3.255817444801575 ], [ 101.519248995698149, 3.2558294271548 ], [ 101.519251051395628, 3.25583021931165 ], [ 101.519253206963199, 3.255830665367013 ], [ 101.519255406646607, 3.255830753418507 ], [ 101.519257591069206, 3.255830480597781 ] ] ] } },
{ "type": "Feature", "properties": { "Tarikh_Moh": null, "Daerah": "MPS", "UPI": null, "sts_warta": "Belum Warta", "no_lot": "18215", "no_pt": null, "nama": null, "gtn1": "Tanah Lapang dan Rekreasi", "gtn2": "Tanah Lapang", "gtn3": "Tanah Lapang Lain", "kod_gtn": "TLR107", "no_warta": null, "trkh_warta": "1899-12-30T00:00:00", "serah_PTD": "1899-12-30T00:00:00", "luas_h": 0.0032, "selenggara": null, "catatan": "Komited Jul-Dis 2025", "tahun_data": 2025, "PBT": "MPS" }, "geometry": { "type": "Polygon", "coordinates": [ [ [ 101.518568032879287, 3.255032453829409 ], [ 101.518572387521544, 3.255024539580416 ], [ 101.518576741261612, 3.255016626233346 ], [ 101.518581095003967, 3.25500871198193 ], [ 101.518585449645954, 3.255000797732818 ], [ 101.51858980338811, 3.25499288348136 ], [ 101.518594157127822, 3.254984970134168 ], [ 101.518598511769568, 3.254977055884986 ], [ 101.51860286551144, 3.254969141633408 ], [ 101.518607219253212, 3.254961227381841 ], [ 101.518611573892315, 3.25495331403687 ], [ 101.518615927633945, 3.254945399785237 ], [ 101.518620281375419, 3.254937485533536 ], [ 101.518624636014238, 3.254929572188522 ], [ 101.518628989755584, 3.254921657936754 ], [ 101.51863334349683, 3.254913743684999 ], [ 101.518637698137738, 3.254905829435533 ], [ 101.518642051876412, 3.254897916088053 ], [ 101.518646405617389, 3.254890001836177 ], [ 101.518650760257998, 3.254882087586656 ], [ 101.518655113996445, 3.254874174239081 ], [ 101.518659468636869, 3.25486625998948 ], [ 101.518663822377434, 3.254858345737482 ], [ 101.518668176117956, 3.254850431485494 ], [ 101.518672530755779, 3.254842518140154 ], [ 101.518676884496102, 3.254834603888062 ], [ 101.518681238236297, 3.254826689635955 ], [ 101.518685592873879, 3.254818776290533 ], [ 101.518689946613918, 3.254810862038396 ], [ 101.518694300353857, 3.254802947786195 ], [ 101.518698654993457, 3.254795033536335 ], [ 101.518702940930851, 3.254787243001388 ], [ 101.518695134590843, 3.25478274336697 ], [ 101.518690780851045, 3.254790657619177 ], [ 101.518686427111163, 3.254798571871317 ], [ 101.51868207247378, 3.254806485216756 ], [ 101.518677718733684, 3.254814399468868 ], [ 101.518673364993489, 3.254822313720952 ], [ 101.518669010353491, 3.254830227970601 ], [ 101.518664656615513, 3.2548381413183 ], [ 101.518660302875048, 3.254846055570264 ], [ 101.51865594823478, 3.25485396981987 ], [ 101.518651594494131, 3.254861884071767 ], [ 101.518647239856008, 3.254869797417012 ], [ 101.518642886115188, 3.254877711668842 ], [ 101.518638532374311, 3.254885625920695 ], [ 101.518634177735905, 3.254893539265796 ], [ 101.518629823994814, 3.254901453517594 ], [ 101.518625470253625, 3.254909367769302 ], [ 101.518621115612618, 3.25491728201869 ], [ 101.518616761873602, 3.254925195366037 ], [ 101.518612408132142, 3.254933109617713 ], [ 101.51860805349088, 3.254941023866956 ], [ 101.518603699751552, 3.254948937214221 ], [ 101.51859934600985, 3.254956851465804 ], [ 101.518594991368275, 3.254964765715002 ], [ 101.51859063762636, 3.254972679966492 ], [ 101.518586283886677, 3.254980593313635 ], [ 101.518581929244846, 3.254988507562752 ], [ 101.518577575502704, 3.254996421814186 ], [ 101.518573221762722, 3.255004335161234 ], [ 101.518568867120621, 3.255012249410231 ], [ 101.518564513378138, 3.255020163661583 ], [ 101.518560158735838, 3.255028077910537 ], [ 101.518555804995515, 3.255035991257477 ], [ 101.518563679136648, 3.255040368080769 ], [ 101.518568032879287, 3.255032453829409 ] ] ] } },
{ "type": "Feature", "properties": { "Tarikh_Moh": null, "Daerah": "MPS", "UPI": null, "sts_warta": "Belum Warta", "no_lot": "18215", "no_pt": null, "nama": null, "gtn1": "Tanah Lapang dan Rekreasi", "gtn2": "Tanah Lapang", "gtn3": "Tanah Lapang Lain", "kod_gtn": "TLR107", "no_warta": null, "trkh_warta": "1899-12-30T00:00:00", "serah_PTD": "1899-12-30T00:00:00", "luas_h": 0.0004, "selenggara": null, "catatan": "Komited Jul-Dis 2025", "tahun_data": 2025, "PBT": "MPS" }, "geometry": { "type": "Polygon", "coordinates": [ [ [ 101.518387520542078, 3.255317222318597 ], [ 101.518355079849528, 3.255301558305387 ], [ 101.518363507426685, 3.255325693725036 ], [ 101.518387520542078, 3.255317222318597 ] ] ] } },
{ "type": "Feature", "properties": { "Tarikh_Moh": null, "Daerah": "MPS", "UPI": null, "sts_warta": "Belum Warta", "no_lot": "18215", "no_pt": null, "nama": null, "gtn1": "Tanah Lapang dan Rekreasi", "gtn2": "Tanah Lapang", "gtn3": "Tanah Lapang Lain", "kod_gtn": "TLR107", "no_warta": null, "trkh_warta": "1899-12-30T00:00:00", "serah_PTD": "1899-12-30T00:00:00", "luas_h": 0.0004, "selenggara": null, "catatan": "Komited Jul-Dis 2025", "tahun_data": 2025, "PBT": "MPS" }, "geometry": { "type": "Polygon", "coordinates": [ [ [ 101.518363507426685, 3.255325693725036 ], [ 101.518339495213056, 3.255334164228756 ], [ 101.518371935006599, 3.255349828240504 ], [ 101.518363507426685, 3.255325693725036 ] ] ] } },
{ "type": "Feature", "properties": { "Tarikh_Moh": null, "Daerah": "MPS", "UPI": null, "sts_warta": "Belum Warta", "no_lot": "18215", "no_pt": null, "nama": null, "gtn1": "Tanah Lapang dan Rekreasi", "gtn2": "Tanah Lapang", "gtn3": "Tanah Lapang Lain", "kod_gtn": "TLR107", "no_warta": null, "trkh_warta": "1899-12-30T00:00:00", "serah_PTD": "1899-12-30T00:00:00", "luas_h": 0.0032, "selenggara": null, "catatan": "Komited Jul-Dis 2025", "tahun_data": 2025, "PBT": "MPS" }, "geometry": { "type": "Polygon", "coordinates": [ [ [ 101.518405530376626, 3.255310869441502 ], [ 101.518392777859262, 3.255304711858129 ], [ 101.518352013120804, 3.255285027960963 ], [ 101.518321485377783, 3.255340517104247 ], [ 101.518354059067775, 3.255356245675447 ], [ 101.518378256589699, 3.255367929807783 ], [ 101.518405530376626, 3.255310869441502 ] ], [ [ 101.518339495213056, 3.255334164228756 ], [ 101.518355079849528, 3.255301558305387 ], [ 101.518387520542078, 3.255317222318597 ], [ 101.518371935006599, 3.255349828240504 ], [ 101.518339495213056, 3.255334164228756 ] ] ] } },
{ "type": "Feature", "properties": { "Tarikh_Moh": null, "Daerah": "MPS", "UPI": null, "sts_warta": "Belum Warta", "no_lot": "18215", "no_pt": null, "nama": null, "gtn1": "Tanah Lapang dan Rekreasi", "gtn2": "Tanah Lapang", "gtn3": "Tanah Lapang Lain", "kod_gtn": "TLR107", "no_warta": null, "trkh_warta": "1899-12-30T00:00:00", "serah_PTD": "1899-12-30T00:00:00", "luas_h": 0.0025, "selenggara": null, "catatan": "Komited Jul-Dis 2025", "tahun_data": 2025, "PBT": "MPS" }, "geometry": { "type": "Polygon", "coordinates": [ [ [ 101.518354059067775, 3.255356245675447 ], [ 101.518321485377783, 3.255340517104247 ], [ 101.518310560336545, 3.255360374064776 ], [ 101.518309658066542, 3.255362384766515 ], [ 101.518309091994638, 3.255364515721413 ], [ 101.518308876659759, 3.255366711802762 ], [ 101.5183090185173, 3.255368912436621 ], [ 101.518309514113483, 3.255371061544727 ], [ 101.518310349199922, 3.255373102116274 ], [ 101.51831150232556, 3.255374978930354 ], [ 101.518312942123202, 3.255376643974687 ], [ 101.518314632722351, 3.255378051033968 ], [ 101.518316526525112, 3.25537916561867 ], [ 101.51837129738108, 3.255405611771674 ], [ 101.518354059067775, 3.255356245675447 ] ] ] } },
{ "type": "Feature", "properties": { "Tarikh_Moh": null, "Daerah": "MPS", "UPI": null, "sts_warta": "Belum Warta", "no_lot": "18215", "no_pt": null, "nama": null, "gtn1": "Tanah Lapang dan Rekreasi", "gtn2": "Tanah Lapang", "gtn3": "Tanah Lapang Lain", "kod_gtn": "TLR107", "no_warta": null, "trkh_warta": "1899-12-30T00:00:00", "serah_PTD": "1899-12-30T00:00:00", "luas_h": 0.0038, "selenggara": null, "catatan": "Komited Jul-Dis 2025", "tahun_data": 2025, "PBT": "MPS" }, "geometry": { "type": "Polygon", "coordinates": [ [ [ 101.51838856409401, 3.255372841138926 ], [ 101.518415779077941, 3.255315903608681 ], [ 101.518398231744797, 3.255265650450531 ], [ 101.518381595330482, 3.255257617948036 ], [ 101.518379605240128, 3.255256855804605 ], [ 101.518378930828874, 3.255256698492402 ], [ 101.518377518037283, 3.255256417161162 ], [ 101.518376704832207, 3.255256349015403 ], [ 101.518375900505092, 3.255256327014299 ], [ 101.518392776233185, 3.255304644932621 ], [ 101.518405528750534, 3.255310802516007 ], [ 101.518378254963608, 3.255367862882238 ], [ 101.518354057441698, 3.255356178749913 ], [ 101.51837129575496, 3.25540554484614 ], [ 101.518405801509843, 3.255422207232724 ], [ 101.51838856409401, 3.255372841138926 ] ] ] } },
{ "type": "Feature", "properties": { "Tarikh_Moh": null, "Daerah": "MPS", "UPI": null, "sts_warta": "Belum Warta", "no_lot": "18215", "no_pt": null, "nama": null, "gtn1": "Tanah Lapang dan Rekreasi", "gtn2": "Tanah Lapang", "gtn3": "Tanah Lapang Lain", "kod_gtn": "TLR107", "no_warta": null, "trkh_warta": "1899-12-30T00:00:00", "serah_PTD": "1899-12-30T00:00:00", "luas_h": 0.0048, "selenggara": null, "catatan": "Komited Jul-Dis 2025", "tahun_data": 2025, "PBT": "MPS" }, "geometry": { "type": "Polygon", "coordinates": [ [ [ 101.518411406304097, 3.255383937518019 ], [ 101.518444178631086, 3.255315373852622 ], [ 101.518432641170293, 3.255282332477849 ], [ 101.518398232471156, 3.255265717373669 ], [ 101.518415780704032, 3.255315970534227 ], [ 101.518388565720088, 3.25537290806446 ], [ 101.518405803135948, 3.255422274158257 ], [ 101.51842864462121, 3.25543330361412 ], [ 101.518411406304097, 3.255383937518019 ] ] ] } },
{ "type": "Feature", "properties": { "Tarikh_Moh": null, "Daerah": "MPS", "UPI": null, "sts_warta": "Belum Warta", "no_lot": "18215", "no_pt": null, "nama": null, "gtn1": "Tanah Lapang dan Rekreasi", "gtn2": "Tanah Lapang", "gtn3": "Tanah Lapang Lain", "kod_gtn": "TLR107", "no_warta": null, "trkh_warta": "1899-12-30T00:00:00", "serah_PTD": "1899-12-30T00:00:00", "luas_h": 0.0028, "selenggara": null, "catatan": "Komited Jul-Dis 2025", "tahun_data": 2025, "PBT": "MPS" }, "geometry": { "type": "Polygon", "coordinates": [ [ [ 101.518426640700454, 3.255372948955965 ], [ 101.518462957492744, 3.255296970830066 ], [ 101.518432641170293, 3.255282332477849 ], [ 101.518444178631086, 3.255315373852622 ], [ 101.518411406304097, 3.255383937518019 ], [ 101.51842864462121, 3.25543330361412 ], [ 101.518451583158566, 3.255444380349321 ], [ 101.518426640700454, 3.255372948955965 ] ] ] } },
{ "type": "Feature", "properties": { "Tarikh_Moh": null, "Daerah": "MPS", "UPI": null, "sts_warta": "Belum Warta", "no_lot": "18215", "no_pt": null, "nama": null, "gtn1": "Tanah Lapang dan Rekreasi", "gtn2": "Tanah Lapang", "gtn3": "Tanah Lapang Lain", "kod_gtn": "TLR107", "no_warta": null, "trkh_warta": "1899-12-30T00:00:00", "serah_PTD": "1899-12-30T00:00:00", "luas_h": 0.0031, "selenggara": null, "catatan": "Komited Jul-Dis 2025", "tahun_data": 2025, "PBT": "MPS" }, "geometry": { "type": "Polygon", "coordinates": [ [ [ 101.518715469718416, 3.255551021943067 ], [ 101.518715638112837, 3.255550273589122 ], [ 101.51871567788946, 3.255549506811683 ], [ 101.518715588987391, 3.255548745123483 ], [ 101.518715372252444, 3.255548009326573 ], [ 101.518715034828773, 3.255547320239524 ], [ 101.518714586557493, 3.255546699592264 ], [ 101.518714040894949, 3.255546162793849 ], [ 101.51871341219271, 3.255545727064314 ], [ 101.518700002767474, 3.255539252149515 ], [ 101.518699437294003, 3.255538721629637 ], [ 101.518698970127915, 3.255538100932916 ], [ 101.518698615615975, 3.255537409088149 ], [ 101.518698384503779, 3.255536666018859 ], [ 101.518698283930718, 3.255535894352345 ], [ 101.518698316537424, 3.255535116704066 ], [ 101.518698480465915, 3.25553435567765 ], [ 101.518704506420548, 3.255521750461468 ], [ 101.518704814004806, 3.255521107375476 ], [ 101.518705018220643, 3.255520424227873 ], [ 101.518705112727531, 3.255519717280252 ], [ 101.518705094781737, 3.255519003707871 ], [ 101.518704966133555, 3.255518302506497 ], [ 101.5187047285403, 3.25551762995892 ], [ 101.518704390055248, 3.255517003268626 ], [ 101.518703956934459, 3.255516438730211 ], [ 101.518703440841961, 3.255515949034983 ], [ 101.518702854341413, 3.255515546876532 ], [ 101.518689824141433, 3.255509254726987 ], [ 101.518689096681982, 3.255509082806631 ], [ 101.518688351810894, 3.255509032926811 ], [ 101.518687609313389, 3.255509108756681 ], [ 101.51868688899566, 3.255509305826342 ], [ 101.518686210661755, 3.255509620570289 ], [ 101.518685594129551, 3.255510043996952 ], [ 101.5186850556275, 3.255510563488102 ], [ 101.518684610484144, 3.255511166422997 ], [ 101.518678304987333, 3.255524356920477 ], [ 101.518677868021413, 3.255524929129197 ], [ 101.518677349370122, 3.255525426968054 ], [ 101.518676759858621, 3.255525839613376 ], [ 101.518676115710591, 3.25552615625547 ], [ 101.518675429538959, 3.255526370596971 ], [ 101.518674720257266, 3.255526475452706 ], [ 101.518674002261619, 3.25552647086029 ], [ 101.518673293551686, 3.255526355058165 ], [ 101.518659445593798, 3.255519668283438 ], [ 101.518658899026889, 3.255519133291329 ], [ 101.518658447149591, 3.255518515347649 ], [ 101.518658101614193, 3.255517831665401 ], [ 101.518657872273366, 3.255517099452874 ], [ 101.51865776626903, 3.255516340432944 ], [ 101.518657784451648, 3.255515573598985 ], [ 101.518657928566824, 3.255514819755463 ], [ 101.518658193159808, 3.255514100592277 ], [ 101.518658570985764, 3.255513434177271 ], [ 101.518664147329005, 3.255501767395405 ], [ 101.518664436180174, 3.255501061860849 ], [ 101.518664598264664, 3.255500318012114 ], [ 101.518664630829221, 3.255499556641832 ], [ 101.518664532013517, 3.255498801258104 ], [ 101.518664305360247, 3.255498073574302 ], [ 101.518663956207106, 3.255497397117353 ], [ 101.518663497101315, 3.255496790911189 ], [ 101.518662940590261, 3.255496273979881 ], [ 101.518649118692949, 3.25548959993411 ], [ 101.518648409158303, 3.255489455190919 ], [ 101.518647684925284, 3.255489427069271 ], [ 101.518646966683647, 3.255489517432041 ], [ 101.518646271537946, 3.255489722706628 ], [ 101.518645619294517, 3.255490038423194 ], [ 101.518645025272548, 3.25549045557839 ], [ 101.518644506595507, 3.255490963364927 ], [ 101.518644076792441, 3.255491549157466 ], [ 101.518637710681446, 3.255504867008001 ], [ 101.518637231375592, 3.255505459001363 ], [ 101.518636655116694, 3.255505965732812 ], [ 101.518636021561861, 3.255506361080322 ], [ 101.51863599003299, 3.255506375467228 ], [ 101.518635321699463, 3.255506650446287 ], [ 101.518635277578753, 3.255506662991591 ], [ 101.518634584356747, 3.255506820341112 ], [ 101.518634526758518, 3.255506825616381 ], [ 101.518633829340018, 3.255506866294887 ], [ 101.518633760073115, 3.255506860687534 ], [ 101.518633076450826, 3.255506785646434 ], [ 101.518632998221577, 3.255506766450486 ], [ 101.518632347273936, 3.255506582069597 ], [ 101.518632262793261, 3.255506544770442 ], [ 101.518631570850658, 3.255506208352915 ], [ 101.518620142914159, 3.255500690895378 ], [ 101.518619461763933, 3.255500356314755 ], [ 101.518618734414645, 3.255500141890607 ], [ 101.51861798244633, 3.255500053105481 ], [ 101.518617224746762, 3.255500092721828 ], [ 101.518616485613933, 3.255500258994553 ], [ 101.518615784851761, 3.255500548358174 ], [ 101.518615141378561, 3.255500951818755 ], [ 101.518614575019271, 3.255501457671782 ], [ 101.518614101104902, 3.255502052392263 ], [ 101.518606022463274, 3.255518954186477 ], [ 101.518626297454631, 3.255528744302755 ], [ 101.518634149929937, 3.255512315791143 ], [ 101.518634535741214, 3.25551169280548 ], [ 101.518635005923002, 3.255511149622663 ], [ 101.518635026666544, 3.255511130685795 ], [ 101.51863556227957, 3.255510684438816 ], [ 101.518635596528767, 3.255510661919909 ], [ 101.518636184969438, 3.255510315288757 ], [ 101.518636235411819, 3.2555102937166 ], [ 101.518636859575508, 3.255510050273876 ], [ 101.518636925299617, 3.255510034167766 ], [ 101.51863756627975, 3.255509898385701 ], [ 101.518637648173623, 3.25550989226969 ], [ 101.518638288879586, 3.255509862294822 ], [ 101.518638383334888, 3.25550986977682 ], [ 101.518639007578173, 3.255509942853803 ], [ 101.518639112781301, 3.255509969355084 ], [ 101.518639704385095, 3.255510138206823 ], [ 101.518639815827868, 3.255510187332954 ], [ 101.518640479013541, 3.255510510110117 ], [ 101.518653268379239, 3.255516685874276 ], [ 101.518653805983774, 3.255517207277802 ], [ 101.51865424980079, 3.255517810730937 ], [ 101.518654589077784, 3.255518479022984 ], [ 101.518654813062227, 3.25551919494336 ], [ 101.518654915507398, 3.255519938580159 ], [ 101.51865489556981, 3.255520688227038 ], [ 101.518654751499142, 3.255521424888166 ], [ 101.518646573343929, 3.255538535325345 ], [ 101.518666848336338, 3.2555483254409 ], [ 101.518675265317185, 3.255530717336425 ], [ 101.518675804709659, 3.255530201465008 ], [ 101.518676421230126, 3.255529782560013 ], [ 101.518677097752871, 3.255529472333047 ], [ 101.518677816266376, 3.25552927706736 ], [ 101.518678556955038, 3.255529204850126 ], [ 101.518679300024303, 3.255529255629591 ], [ 101.518693308839104, 3.255536019694169 ], [ 101.518693896140988, 3.255536459837035 ], [ 101.51869440403263, 3.255536989301877 ], [ 101.518694819950312, 3.255537595394964 ], [ 101.518695133141534, 3.255538260905715 ], [ 101.518695334653273, 3.255538968628198 ], [ 101.518695419136264, 3.255539699557203 ], [ 101.518695383940411, 3.255540434694685 ], [ 101.518695230914403, 3.255541155054276 ], [ 101.518687124229089, 3.255558115558411 ], [ 101.518707399222606, 3.255567905673205 ], [ 101.518715469718416, 3.255551021943067 ] ] ] } },
{ "type": "Feature", "properties": { "Tarikh_Moh": null, "Daerah": "MPS", "UPI": null, "sts_warta": "Belum Warta", "no_lot": "18215", "no_pt": null, "nama": null, "gtn1": "Tanah Lapang dan Rekreasi", "gtn2": "Tanah Lapang", "gtn3": "Tanah Lapang Lain", "kod_gtn": "TLR107", "no_warta": null, "trkh_warta": "1899-12-30T00:00:00", "serah_PTD": "1899-12-30T00:00:00", "luas_h": 0.0598, "selenggara": null, "catatan": "Komited Jul-Dis 2025", "tahun_data": 2025, "PBT": "MPS" }, "geometry": { "type": "Polygon", "coordinates": [ [ [ 101.518741375015168, 3.255581797568529 ], [ 101.51874267179565, 3.255581709624348 ], [ 101.518744173457364, 3.255581376235545 ], [ 101.51874541947916, 3.25558108468169 ], [ 101.518747970250359, 3.255580060409008 ], [ 101.518748094603723, 3.255579988387165 ], [ 101.518750398915287, 3.255578588167674 ], [ 101.518750481870626, 3.255578519654842 ], [ 101.518752557724667, 3.255576740822629 ], [ 101.518752605552152, 3.255576686687303 ], [ 101.51875439077196, 3.255574565253277 ], [ 101.518754409746421, 3.255574534555342 ], [ 101.518755849318239, 3.255572120114294 ], [ 101.518791807488753, 3.255496683633432 ], [ 101.518793167474314, 3.255494079072311 ], [ 101.518794929890717, 3.255491729684414 ], [ 101.518797047784417, 3.255489699555149 ], [ 101.518799465234906, 3.255488040989963 ], [ 101.518802118244849, 3.255486798134014 ], [ 101.5188049365469, 3.255486004264037 ], [ 101.518807845407665, 3.255485679984336 ], [ 101.518810768324769, 3.255485834138051 ], [ 101.518813627928836, 3.255486462905258 ], [ 101.51881634778772, 3.255487547999184 ], [ 101.518831702809408, 3.255494942293659 ], [ 101.518834305843441, 3.255495971916908 ], [ 101.518837039557127, 3.25549657141564 ], [ 101.518839832914594, 3.25549672342145 ], [ 101.518842614842328, 3.255496425035305 ], [ 101.518845314241148, 3.255495683305811 ], [ 101.518847859979033, 3.255494517942315 ], [ 101.518850188096152, 3.255492958620694 ], [ 101.518852239103495, 3.255491045880559 ], [ 101.518853958891611, 3.255488827510472 ], [ 101.518855304120152, 3.25548636217917 ], [ 101.518462955854943, 3.255296908426239 ], [ 101.518426639062668, 3.255372886552138 ], [ 101.518451581520736, 3.255444317945494 ], [ 101.518606020825459, 3.255518891782613 ], [ 101.518614099467044, 3.255501989988411 ], [ 101.518614573381456, 3.255501395267956 ], [ 101.518615139740746, 3.25550088941494 ], [ 101.518615782314214, 3.255500485951966 ], [ 101.518616483976118, 3.255500196590688 ], [ 101.518617223108947, 3.255500030317976 ], [ 101.51861797990874, 3.255499990699271 ], [ 101.518618732776829, 3.255500079486755 ], [ 101.518619460126089, 3.25550029391089 ], [ 101.518620141278674, 3.255500627587208 ], [ 101.518631569212815, 3.255506145949064 ], [ 101.518632261155446, 3.255506482366615 ], [ 101.518632345636107, 3.255506519665745 ], [ 101.518632996583747, 3.255506704046621 ], [ 101.51863307481301, 3.255506723242581 ], [ 101.518633758435314, 3.255506798283682 ], [ 101.518633826802429, 3.255506803888678 ], [ 101.518634525120689, 3.255506763212568 ], [ 101.518634582718931, 3.255506757937261 ], [ 101.518635275043522, 3.255506599681064 ], [ 101.518635320061634, 3.25550658804246 ], [ 101.518635988395161, 3.255506313063402 ], [ 101.518636019924003, 3.255506298676469 ], [ 101.518636653478879, 3.255505903328985 ], [ 101.518637229737777, 3.255505396597497 ], [ 101.518637709043631, 3.255504804604149 ], [ 101.518644075154626, 3.255491486753614 ], [ 101.518644504957663, 3.255490900961075 ], [ 101.518645023634718, 3.255490393174538 ], [ 101.518645617656688, 3.25548997601933 ], [ 101.518646269900131, 3.255489660302801 ], [ 101.518646965045804, 3.255489455028215 ], [ 101.518647683287469, 3.255489364665432 ], [ 101.518648407520473, 3.255489392787054 ], [ 101.518649117055119, 3.255489537530245 ], [ 101.518662938052657, 3.255496211573659 ], [ 101.518663495463471, 3.255496728507337 ], [ 101.518663954569277, 3.255497334713488 ], [ 101.518664303722431, 3.25549801117045 ], [ 101.518664530375688, 3.255498738854252 ], [ 101.518664629191406, 3.255499494238018 ], [ 101.518664596626806, 3.255500255608248 ], [ 101.518664433642627, 3.255500999454628 ], [ 101.518664145693535, 3.255501704087234 ], [ 101.518658569350293, 3.255513370869101 ], [ 101.518658190624606, 3.25551403728175 ], [ 101.518657926929009, 3.255514757351637 ], [ 101.518657782816163, 3.255515510290802 ], [ 101.518657764633559, 3.255516277124761 ], [ 101.51865787063555, 3.255517037049023 ], [ 101.518658099976363, 3.255517769261574 ], [ 101.518658445511761, 3.255518452943784 ], [ 101.518658897389074, 3.25551907088749 ], [ 101.518659443955983, 3.255519605879586 ], [ 101.518673291913871, 3.25552629265434 ], [ 101.518674000623804, 3.255526408456463 ], [ 101.518674717719733, 3.255526413046498 ], [ 101.518675427901144, 3.255526308193158 ], [ 101.51867611407279, 3.255526093851606 ], [ 101.518676758220792, 3.255525777209511 ], [ 101.518677347732307, 3.255525364564201 ], [ 101.518677866383598, 3.255524866725333 ], [ 101.518678303351862, 3.255524293612307 ], [ 101.518684607948899, 3.255511103112458 ], [ 101.518685053989685, 3.255510501084236 ], [ 101.518685592491721, 3.255509981593139 ], [ 101.518686209023926, 3.255509558166424 ], [ 101.518686887357845, 3.25550924342249 ], [ 101.518687607675545, 3.255509046352829 ], [ 101.518688350173079, 3.255508970522958 ], [ 101.518689095044152, 3.255509020402779 ], [ 101.518689821603871, 3.255509192320779 ], [ 101.518702852703598, 3.255515484472681 ], [ 101.518703438304371, 3.255515886628762 ], [ 101.518703954396898, 3.25551637632404 ], [ 101.518704387517658, 3.255516940862444 ], [ 101.518704726902484, 3.255517567555068 ], [ 101.518704964495726, 3.255518240102671 ], [ 101.518705093143922, 3.255518941304006 ], [ 101.51870511018997, 3.255519654874031 ], [ 101.518705016582814, 3.255520361824034 ], [ 101.518704812366991, 3.255521044971624 ], [ 101.518704504782718, 3.255521688057641 ], [ 101.518698478828099, 3.255534293273799 ], [ 101.518698313999863, 3.255535054297845 ], [ 101.518698282292874, 3.255535831948518 ], [ 101.518698382865963, 3.255536603615008 ], [ 101.51869861398049, 3.255537345779927 ], [ 101.518698968490057, 3.25553803852909 ], [ 101.518699434756428, 3.255538659223415 ], [ 101.518700001129645, 3.255539189745688 ], [ 101.518713410554881, 3.255545664660488 ], [ 101.518714039257134, 3.255546100390024 ], [ 101.518714584919636, 3.255546637188438 ], [ 101.518715033190958, 3.255547257835658 ], [ 101.518715370614615, 3.255547946922734 ], [ 101.518715586449815, 3.255548682717263 ], [ 101.518715676251645, 3.255549444407843 ], [ 101.518715636475008, 3.255550211185258 ], [ 101.5187154680806, 3.255550959539216 ], [ 101.518707397584791, 3.255567843269354 ], [ 101.518734368304877, 3.255580866748057 ], [ 101.518735775408118, 3.255581260202299 ], [ 101.518737057598059, 3.255581594547368 ], [ 101.518738551675142, 3.255581757622185 ], [ 101.518739859606455, 3.255581880418754 ], [ 101.518741375015168, 3.255581797568529 ] ] ] } },
{ "type": "Feature", "properties": { "Tarikh_Moh": null, "Daerah": "MPS", "UPI": null, "sts_warta": "Belum Warta", "no_lot": "18215", "no_pt": null, "nama": null, "gtn1": "Tanah Lapang dan Rekreasi", "gtn2": "Tanah Lapang", "gtn3": "Tanah Lapang Lain", "kod_gtn": "TLR107", "no_warta": null, "trkh_warta": "1899-12-30T00:00:00", "serah_PTD": "1899-12-30T00:00:00", "luas_h": 0.0142, "selenggara": null, "catatan": "Komited Jul-Dis 2025", "tahun_data": 2025, "PBT": "MPS" }, "geometry": { "type": "Polygon", "coordinates": [ [ [ 101.518826716320973, 3.25562552700374 ], [ 101.51882679277891, 3.255625535342955 ], [ 101.518829549872578, 3.25562687535065 ], [ 101.518859864566963, 3.255563277506124 ], [ 101.518888795536895, 3.255502586227572 ], [ 101.51888872719006, 3.255502560507874 ], [ 101.518855314802366, 3.255486406519892 ], [ 101.518855287198406, 3.25548639319077 ], [ 101.518853958891611, 3.255488827510502 ], [ 101.518852239103495, 3.255491045880551 ], [ 101.518850188096167, 3.255492958620702 ], [ 101.518847859979033, 3.255494517942349 ], [ 101.518845314241148, 3.255495683305806 ], [ 101.518842614842328, 3.255496425035329 ], [ 101.51883983291458, 3.25549672342145 ], [ 101.518837039557127, 3.255496571415672 ], [ 101.518834305843455, 3.255495971916929 ], [ 101.518831702809408, 3.255494942293692 ], [ 101.518816347787734, 3.255487547999208 ], [ 101.518813627928836, 3.255486462905259 ], [ 101.518810768324769, 3.255485834138066 ], [ 101.518807845407693, 3.255485679984346 ], [ 101.5188049365469, 3.255486004264043 ], [ 101.518802118244849, 3.255486798134031 ], [ 101.518799465234906, 3.255488040989983 ], [ 101.518797047784417, 3.255489699555168 ], [ 101.518794929890717, 3.25549172968444 ], [ 101.518793167474314, 3.255494079072307 ], [ 101.518791807488753, 3.255496683633434 ], [ 101.518755849318239, 3.255572120114298 ], [ 101.518754409746421, 3.255574534555339 ], [ 101.51875439077196, 3.255574565253293 ], [ 101.518752605552166, 3.255576686687307 ], [ 101.518752557724667, 3.25557674082263 ], [ 101.51875048187064, 3.255578519654856 ], [ 101.518750398915287, 3.255578588167696 ], [ 101.518748094603723, 3.255579988387149 ], [ 101.518747970250359, 3.255580060409013 ], [ 101.51874541947916, 3.255581084681687 ], [ 101.518744173457364, 3.255581376235586 ], [ 101.518742671795664, 3.25558170962434 ], [ 101.518741375015182, 3.255581797568547 ], [ 101.518739859606455, 3.255581880418776 ], [ 101.518738551675156, 3.255581757622216 ], [ 101.518737057598059, 3.25558159454739 ], [ 101.518735775408118, 3.2555812602023 ], [ 101.518734368304877, 3.255580866748066 ], [ 101.518821020252474, 3.255622745490909 ], [ 101.518826716320973, 3.25562552700374 ] ] ] } },
{ "type": "Feature", "properties": { "Tarikh_Moh": null, "Daerah": "MPS", "UPI": null, "sts_warta": "Belum Warta", "no_lot": "18215", "no_pt": null, "nama": null, "gtn1": "Tanah Lapang dan Rekreasi", "gtn2": "Tanah Lapang", "gtn3": "Tanah Lapang Lain", "kod_gtn": "TLR107", "no_warta": null, "trkh_warta": "1899-12-30T00:00:00", "serah_PTD": "1899-12-30T00:00:00", "luas_h": 0.0259, "selenggara": null, "catatan": "Komited Jul-Dis 2025", "tahun_data": 2025, "PBT": "MPS" }, "geometry": { "type": "Polygon", "coordinates": [ [ [ 101.519026864113997, 3.255569264527638 ], [ 101.518888791579954, 3.255502594130163 ], [ 101.518859864566949, 3.255563277506118 ], [ 101.518829544340448, 3.255626886396281 ], [ 101.51896748388647, 3.255693493156203 ], [ 101.519026864113997, 3.255569264527638 ] ] ] } },
{ "type": "Feature", "properties": { "Tarikh_Moh": null, "Daerah": "MPS", "UPI": null, "sts_warta": "Belum Warta", "no_lot": "18215", "no_pt": null, "nama": null, "gtn1": "Tanah Lapang dan Rekreasi", "gtn2": "Tanah Lapang", "gtn3": "Tanah Lapang Lain", "kod_gtn": "TLR107", "no_warta": null, "trkh_warta": "1899-12-30T00:00:00", "serah_PTD": "1899-12-30T00:00:00", "luas_h": 0.0323, "selenggara": null, "catatan": "Komited Jul-Dis 2025", "tahun_data": 2025, "PBT": "MPS" }, "geometry": { "type": "Polygon", "coordinates": [ [ [ 101.519353899879178, 3.255975180404397 ], [ 101.519312422560986, 3.255958240256567 ], [ 101.51931021752138, 3.255963693092379 ], [ 101.519308314505366, 3.255967870692467 ], [ 101.519305759217119, 3.255971680327287 ], [ 101.519302620302653, 3.255975019985824 ], [ 101.519298980773527, 3.255977799451096 ], [ 101.519294938892671, 3.25597994572868 ], [ 101.519290602782704, 3.255981400319174 ], [ 101.51928608951232, 3.255982124642342 ], [ 101.519281517900566, 3.255982099113591 ], [ 101.519277012113335, 3.255981324057849 ], [ 101.51927269266146, 3.255979821494723 ], [ 101.519266816471614, 3.255976989092771 ], [ 101.519247330947934, 3.256017754655302 ], [ 101.519227055036069, 3.256007964546798 ], [ 101.519206780026863, 3.255998173535932 ], [ 101.519186504116107, 3.255988383426654 ], [ 101.519166229105636, 3.255978593319385 ], [ 101.519145953195988, 3.255968803209359 ], [ 101.519125678188942, 3.255959012196998 ], [ 101.519105402280388, 3.255949222086262 ], [ 101.519085127272106, 3.255939431977484 ], [ 101.519064851366949, 3.255929640961644 ], [ 101.519044576359789, 3.255919850852144 ], [ 101.519024300453367, 3.255910060739887 ], [ 101.519004025449604, 3.255900269725308 ], [ 101.519023504662854, 3.255859511389333 ], [ 101.519018468710982, 3.255857079999799 ], [ 101.519014354678234, 3.255855472165232 ], [ 101.519010035497274, 3.255854560136757 ], [ 101.519005626275515, 3.255854367728481 ], [ 101.519001243966827, 3.255854900672528 ], [ 101.518997007378459, 3.255856143906103 ], [ 101.518993029066223, 3.255858064263105 ], [ 101.518989414434785, 3.255860610471947 ], [ 101.518986261732948, 3.255863714964149 ], [ 101.518983653955928, 3.255867293853189 ], [ 101.518981661530447, 3.255871252367528 ], [ 101.51897396340658, 3.25589026951363 ], [ 101.519015629409012, 3.255907306934226 ], [ 101.519007152504741, 3.255928249194441 ], [ 101.518998675602305, 3.255949190550224 ], [ 101.518990623399191, 3.255969084885612 ], [ 101.519305600564024, 3.256096139932787 ], [ 101.519353899879178, 3.255975180404397 ] ] ] } },
{ "type": "Feature", "properties": { "Tarikh_Moh": null, "Daerah": "MPS", "UPI": null, "sts_warta": "Belum Warta", "no_lot": "18215", "no_pt": null, "nama": null, "gtn1": "Tanah Lapang dan Rekreasi", "gtn2": "Tanah Lapang", "gtn3": "Tanah Lapang Lain", "kod_gtn": "TLR107", "no_warta": null, "trkh_warta": "1899-12-30T00:00:00", "serah_PTD": "1899-12-30T00:00:00", "luas_h": 0.0408, "selenggara": null, "catatan": "Komited Jul-Dis 2025", "tahun_data": 2025, "PBT": "MPS" }, "geometry": { "type": "Polygon", "coordinates": [ [ [ 101.518654300197312, 3.256470960584022 ], [ 101.518658310807922, 3.256469771926097 ], [ 101.518662075638375, 3.256467945063918 ], [ 101.518665494694147, 3.256465526761481 ], [ 101.51866847782874, 3.256462582799771 ], [ 101.518670945664667, 3.256459189840073 ], [ 101.518672831383498, 3.256455439045888 ], [ 101.518772535904276, 3.256209117746581 ], [ 101.518773815241971, 3.256204997297847 ], [ 101.518774392277564, 3.256200718559646 ], [ 101.518774251396579, 3.256196404481631 ], [ 101.51877339589106, 3.256192173541123 ], [ 101.518771849745036, 3.256188145173987 ], [ 101.518769655851457, 3.256184433439525 ], [ 101.51876687692355, 3.256181142501206 ], [ 101.518763590105877, 3.256178362995067 ], [ 101.518759886969377, 3.256176173838551 ], [ 101.518757399547269, 3.256174972692253 ], [ 101.518737917615212, 3.256215730108611 ], [ 101.518649313986487, 3.256172945284575 ], [ 101.518551710677443, 3.256377139693714 ], [ 101.518647350634495, 3.25642332157281 ], [ 101.518627868689549, 3.256464078985954 ], [ 101.518637974745033, 3.25646895813879 ], [ 101.518641878501839, 3.25647046323478 ], [ 101.51864597291295, 3.25647131046913 ], [ 101.51865015096395, 3.256471477857594 ], [ 101.518654300197312, 3.256470960584022 ] ] ] } },
{ "type": "Feature", "properties": { "Tarikh_Moh": null, "Daerah": "MPS", "UPI": null, "sts_warta": "Belum Warta", "no_lot": "18215", "no_pt": null, "nama": null, "gtn1": "Tanah Lapang dan Rekreasi", "gtn2": "Tanah Lapang", "gtn3": "Tanah Lapang Lain", "kod_gtn": "TLR107", "no_warta": null, "trkh_warta": "1899-12-30T00:00:00", "serah_PTD": "1899-12-30T00:00:00", "luas_h": 0.0286, "selenggara": null, "catatan": "Komited Jul-Dis 2025", "tahun_data": 2025, "PBT": "MPS" }, "geometry": { "type": "Polygon", "coordinates": [ [ [ 101.518456691357542, 3.256965336045364 ], [ 101.518462885603071, 3.256952376769488 ], [ 101.518463007019562, 3.256952122754065 ], [ 101.518330663271399, 3.256887750885902 ], [ 101.51832512693845, 3.25689924865832 ], [ 101.51842513211669, 3.256999414921625 ], [ 101.518514938498967, 3.257143685446095 ], [ 101.518600274963973, 3.256933452283659 ], [ 101.518558603536803, 3.256916412103493 ], [ 101.518557029281055, 3.256920105834936 ], [ 101.518555044074134, 3.25692405441918 ], [ 101.518552447109514, 3.256927625195659 ], [ 101.518549307012279, 3.256930724292605 ], [ 101.518545707670484, 3.256933270538769 ], [ 101.518543504989495, 3.256934338225544 ], [ 101.518541630287757, 3.256935225902681 ], [ 101.51853742439063, 3.256936428517845 ], [ 101.5185330826029, 3.256936947094974 ], [ 101.518528713837057, 3.256936765640992 ], [ 101.518524428753466, 3.256935888063084 ], [ 101.518520393600483, 3.256934394378465 ], [ 101.518502625972062, 3.256971566040511 ], [ 101.518496430827156, 3.256984525314471 ], [ 101.518456691357542, 3.256965336045364 ] ] ] } },
{ "type": "Feature", "properties": { "Tarikh_Moh": null, "Daerah": "MPS", "UPI": null, "sts_warta": "Belum Warta", "no_lot": "18215", "no_pt": null, "nama": null, "gtn1": "Tanah Lapang dan Rekreasi", "gtn2": "Tanah Lapang", "gtn3": "Tanah Lapang Lain", "kod_gtn": "TLR107", "no_warta": null, "trkh_warta": "1899-12-30T00:00:00", "serah_PTD": "1899-12-30T00:00:00", "luas_h": 0.0881, "selenggara": null, "catatan": "Komited Jul-Dis 2025", "tahun_data": 2025, "PBT": "MPS" }, "geometry": { "type": "Polygon", "coordinates": [ [ [ 101.519265928485012, 3.255849836335724 ], [ 101.519269315287914, 3.255841458334529 ], [ 101.519272702990435, 3.255833080335683 ], [ 101.519276089793124, 3.255824702334435 ], [ 101.519279477497832, 3.255816323431247 ], [ 101.519282864300393, 3.255807945429977 ], [ 101.519286251102827, 3.255799567428729 ], [ 101.519289638804963, 3.25579118942978 ], [ 101.519293025607283, 3.255782811428478 ], [ 101.519296412409503, 3.255774433427165 ], [ 101.519299800111384, 3.255766055428201 ], [ 101.519303186915764, 3.255757676522547 ], [ 101.519306573717742, 3.255749298521152 ], [ 101.519309961419381, 3.255740920522139 ], [ 101.519313348221203, 3.25573254252074 ], [ 101.519316735022912, 3.255724164519363 ], [ 101.519320122724295, 3.255715786520235 ], [ 101.519323509525876, 3.255707408518787 ], [ 101.519326673559135, 3.255699581582819 ], [ 101.519309449419239, 3.255691264497521 ], [ 101.519289173515688, 3.255681473488214 ], [ 101.519268898510092, 3.25567168338521 ], [ 101.519248623505035, 3.255661893281862 ], [ 101.519228347603104, 3.255652102271442 ], [ 101.519208072599127, 3.255642312167291 ], [ 101.519187796695974, 3.255632522060487 ], [ 101.519167521693106, 3.255622731955615 ], [ 101.519147245793405, 3.255612940943688 ], [ 101.519126970791604, 3.255603150838114 ], [ 101.519106694890567, 3.255593360729787 ], [ 101.519086419892261, 3.255583569719089 ], [ 101.519066143992333, 3.255573779610075 ], [ 101.519045868992734, 3.255563989502927 ], [ 101.519025593096273, 3.255554198488807 ], [ 101.519005318097769, 3.255544408380989 ], [ 101.518985042200072, 3.255534618270418 ], [ 101.518964767204977, 3.255524827257511 ], [ 101.518944492208121, 3.255515037148614 ], [ 101.518924216312044, 3.25550524703693 ], [ 101.518903941318598, 3.255495456022859 ], [ 101.518883665423616, 3.255485665910455 ], [ 101.518863390428947, 3.255475875800068 ], [ 101.518843114537361, 3.255466084782541 ], [ 101.518822839543773, 3.255456294671367 ], [ 101.518802563650979, 3.255446504557473 ], [ 101.518782288658457, 3.255436714445547 ], [ 101.518762012769088, 3.255426923426563 ], [ 101.518741737777688, 3.255417133313933 ], [ 101.518721461887097, 3.255407343198499 ], [ 101.518701186899094, 3.255397552180745 ], [ 101.518680911009568, 3.255387762064677 ], [ 101.518660636020343, 3.255377971950472 ], [ 101.518640361034016, 3.255368180931606 ], [ 101.518620085146097, 3.255358390814373 ], [ 101.518599810158534, 3.255348600699107 ], [ 101.518579534274053, 3.255338809676784 ], [ 101.518559259287542, 3.255329019560798 ], [ 101.518538983401868, 3.255319229442025 ], [ 101.518518708418782, 3.255309438420933 ], [ 101.518498432534187, 3.255299648301491 ], [ 101.51847815754985, 3.255289858183948 ], [ 101.518457881668695, 3.255280067159399 ], [ 101.518437606685467, 3.255270277041188 ], [ 101.518417330803018, 3.255260486920188 ], [ 101.518397055823243, 3.255250695896887 ], [ 101.518364165816607, 3.255234814570898 ], [ 101.518284662975219, 3.255379319138787 ], [ 101.518308143384402, 3.255390657745941 ], [ 101.518328419267817, 3.255400447870171 ], [ 101.51834867627808, 3.255410229805493 ], [ 101.518368952162547, 3.255420019928986 ], [ 101.518389227145491, 3.255429810954062 ], [ 101.518409503031066, 3.255439601076735 ], [ 101.518429778017421, 3.255449391196771 ], [ 101.518450053901816, 3.255459182223077 ], [ 101.518470328889236, 3.25546897234231 ], [ 101.518490604777028, 3.255478762463576 ], [ 101.518510879763255, 3.255488553486426 ], [ 101.518531155652113, 3.255498343606872 ], [ 101.51855143064175, 3.255508133724633 ], [ 101.518571706529372, 3.25551792474873 ], [ 101.518591981520117, 3.255527714865719 ], [ 101.518612257411149, 3.25553750498476 ], [ 101.518632532400659, 3.25554729600535 ], [ 101.518652807393039, 3.255557086121226 ], [ 101.518673083285705, 3.25556687623912 ], [ 101.518693358279194, 3.255576666354278 ], [ 101.518713634170638, 3.255586457375755 ], [ 101.518733909165178, 3.255596247490192 ], [ 101.518754185060061, 3.255606037606529 ], [ 101.518774460053393, 3.25561582862455 ], [ 101.518794735949328, 3.255625618740268 ], [ 101.518815010946085, 3.255635408853148 ], [ 101.518835286840783, 3.255645199872399 ], [ 101.518855561838635, 3.255654989984576 ], [ 101.518875837736758, 3.255664780098737 ], [ 101.518896112733344, 3.255674571114498 ], [ 101.518916388632604, 3.255684361227939 ], [ 101.518936663632587, 3.255694151338593 ], [ 101.518956938630822, 3.255703942353291 ], [ 101.518977214531716, 3.255713732465619 ], [ 101.518997489533362, 3.25572352257516 ], [ 101.519017765432977, 3.255733313591087 ], [ 101.519038040435746, 3.255743103699908 ], [ 101.5190583163388, 3.255752893810695 ], [ 101.519078591342648, 3.255762683918763 ], [ 101.519098867244409, 3.255772474933218 ], [ 101.519119142249366, 3.255782265040549 ], [ 101.51913941815458, 3.255792055149846 ], [ 101.519159693158272, 3.255801846160777 ], [ 101.519179969064623, 3.255811636269421 ], [ 101.51920024407174, 3.255821426375245 ], [ 101.519220519976813, 3.255831217387405 ], [ 101.519240794985024, 3.25584100749256 ], [ 101.519264810114208, 3.25585260340737 ], [ 101.519265928485012, 3.255849836335724 ] ], [ [ 101.51925321690733, 3.255830647306212 ], [ 101.519251060439984, 3.255830201248495 ], [ 101.51924900564228, 3.255829409094011 ], [ 101.519224189829529, 3.25581742673843 ], [ 101.51928357003591, 3.255693198082989 ], [ 101.519302232890453, 3.255702209850673 ], [ 101.519304180584697, 3.255703361652584 ], [ 101.519305909732935, 3.255704823976211 ], [ 101.519307372755875, 3.255706555097155 ], [ 101.519308527484682, 3.25570850878376 ], [ 101.519309341678095, 3.255710627073745 ], [ 101.519309792087839, 3.25571285383708 ], [ 101.519309867185768, 3.255715123931057 ], [ 101.519309564434195, 3.255717374949392 ], [ 101.519308891195195, 3.255719543607528 ], [ 101.519267353984901, 3.255822288394372 ], [ 101.51926636183228, 3.255824263593103 ], [ 101.519265063351057, 3.255826049887105 ], [ 101.519263492853668, 3.255827600340513 ], [ 101.519261693633752, 3.255828874371149 ], [ 101.51925971167006, 3.255829836830032 ], [ 101.519257600113562, 3.255830462534608 ], [ 101.519255415690992, 3.255830735355395 ], [ 101.51925321690733, 3.255830647306212 ] ], [ [ 101.51896749383063, 3.25569347509541 ], [ 101.518829554284608, 3.255626868335497 ], [ 101.51882679277891, 3.255625535342955 ], [ 101.518734368304877, 3.255580866748066 ], [ 101.518707409164435, 3.255567888516754 ], [ 101.518687133273474, 3.255558097495249 ], [ 101.518666858280483, 3.255548307380113 ], [ 101.518646582388314, 3.255538517262208 ], [ 101.518626307398804, 3.255528726241948 ], [ 101.518606031507716, 3.255518936123306 ], [ 101.518451593102725, 3.255444362288536 ], [ 101.518428653665595, 3.255433285550981 ], [ 101.518405813080108, 3.255422256097509 ], [ 101.518371306423134, 3.255405594612848 ], [ 101.518316536469257, 3.255379147557878 ], [ 101.518314641764391, 3.255378033875171 ], [ 101.518312952067376, 3.255376625913903 ], [ 101.518311511367614, 3.255374961771533 ], [ 101.518310358244321, 3.255373084053132 ], [ 101.518309523155537, 3.255371044385919 ], [ 101.518309028459115, 3.255368895280181 ], [ 101.518308886603918, 3.255366693741968 ], [ 101.518309101039037, 3.255364497658286 ], [ 101.518309668010701, 3.255362366705727 ], [ 101.518310570280704, 3.255360356003964 ], [ 101.518321494422167, 3.255340499041123 ], [ 101.518352023064963, 3.255285009900197 ], [ 101.518363951560673, 3.255263329700734 ], [ 101.518365210734459, 3.255261434784584 ], [ 101.518366768007411, 3.255259779394946 ], [ 101.518368580071851, 3.255258409539843 ], [ 101.51837059374391, 3.255257363062359 ], [ 101.5183727531617, 3.255256669659549 ], [ 101.518374997985489, 3.255256350877588 ], [ 101.518375912075314, 3.255256375878998 ], [ 101.518375895999327, 3.255256329715545 ], [ 101.518376715502697, 3.255256397877771 ], [ 101.518377264316499, 3.255256412879604 ], [ 101.51837752960752, 3.255256466025868 ], [ 101.518377857049458, 3.255256493108961 ], [ 101.518378941499364, 3.255256747354786 ], [ 101.518379488272316, 3.255256855498421 ], [ 101.518379616810364, 3.255256904669332 ], [ 101.518379775070684, 3.255256942161654 ], [ 101.518381606900704, 3.255257666812745 ], [ 101.518398242415316, 3.255265699312883 ], [ 101.518432651114438, 3.255282314417054 ], [ 101.518462967434559, 3.255296953673636 ], [ 101.518855314802366, 3.255486406519892 ], [ 101.518888800624353, 3.255502576067023 ], [ 101.519026873156065, 3.255569247368836 ], [ 101.51896749383063, 3.25569347509541 ] ] ] } },
{ "type": "Feature", "properties": { "Tarikh_Moh": null, "Daerah": "MPS", "UPI": null, "sts_warta": "Belum Warta", "no_lot": "18215", "no_pt": null, "nama": null, "gtn1": "Tanah Lapang dan Rekreasi", "gtn2": "Tanah Lapang", "gtn3": "Tanah Lapang Lain", "kod_gtn": "TLR107", "no_warta": null, "trkh_warta": "1899-12-30T00:00:00", "serah_PTD": "1899-12-30T00:00:00", "luas_h": 0.0084, "selenggara": null, "catatan": "Komited Jul-Dis 2025", "tahun_data": 2025, "PBT": "MPS" }, "geometry": { "type": "Polygon", "coordinates": [ [ [ 101.518223666209167, 3.255271471390126 ], [ 101.518225713671058, 3.255270926910887 ], [ 101.518227650381505, 3.255270066526607 ], [ 101.518229430397014, 3.255268911821185 ], [ 101.518231007752789, 3.255267492517504 ], [ 101.518232345472313, 3.255265841979427 ], [ 101.518233409259508, 3.255264000812532 ], [ 101.518247825970988, 3.255233840790738 ], [ 101.51824865588361, 3.2552316282316 ], [ 101.518249091090865, 3.255229304309487 ], [ 101.518249117911338, 3.255226940431552 ], [ 101.518248736162221, 3.255224607135941 ], [ 101.518247957355143, 3.255222375895737 ], [ 101.518246804707928, 3.255220314597338 ], [ 101.518245313149166, 3.255218485731739 ], [ 101.518243528420939, 3.255216945487844 ], [ 101.518241505290987, 3.255215739226071 ], [ 101.518091633836335, 3.255143371235455 ], [ 101.518062454883818, 3.25519640680165 ], [ 101.518064349857397, 3.255197416486205 ], [ 101.51809835957728, 3.25521382888918 ], [ 101.518078088221543, 3.255204030634009 ], [ 101.518097562008563, 3.255163289498542 ], [ 101.518117837883594, 3.255173079625746 ], [ 101.518138112859447, 3.255182869750246 ], [ 101.518158388733212, 3.255192660781058 ], [ 101.51817866371016, 3.255202450904797 ], [ 101.518159181785393, 3.255243208299917 ], [ 101.518215399425515, 3.255270353685832 ], [ 101.518217374203488, 3.255271122119891 ], [ 101.518219445184826, 3.255271570669043 ], [ 101.518221559312309, 3.255271688342176 ], [ 101.518223666209167, 3.255271471390126 ] ] ] } },
{ "type": "Feature", "properties": { "Tarikh_Moh": null, "Daerah": "MPS", "UPI": null, "sts_warta": "Belum Warta", "no_lot": "18215", "no_pt": null, "nama": null, "gtn1": "Tanah Lapang dan Rekreasi", "gtn2": "Tanah Lapang", "gtn3": "Tanah Lapang Lain", "kod_gtn": "TLR107", "no_warta": null, "trkh_warta": "1899-12-30T00:00:00", "serah_PTD": "1899-12-30T00:00:00", "luas_h": 0.0036, "selenggara": null, "catatan": "Komited Jul-Dis 2025", "tahun_data": 2025, "PBT": "MPS" }, "geometry": { "type": "Polygon", "coordinates": [ [ [ 101.51876922792124, 3.254362145469055 ], [ 101.518771032458517, 3.254358123160089 ], [ 101.518772165499911, 3.254353860347576 ], [ 101.518772595261183, 3.254349469991077 ], [ 101.518772311547622, 3.254345066915208 ], [ 101.518771321252657, 3.254340768702376 ], [ 101.518769651075999, 3.254336688465142 ], [ 101.518767344826671, 3.254332933934799 ], [ 101.518764464327461, 3.254329605654935 ], [ 101.518761084035191, 3.254326789732934 ], [ 101.518757295527763, 3.254324562373028 ], [ 101.518724801841913, 3.254308872018654 ], [ 101.518720563686358, 3.254307250294796 ], [ 101.518716116680864, 3.25430636415815 ], [ 101.518711584025766, 3.254306239252606 ], [ 101.518707095278273, 3.254306878630362 ], [ 101.518702775550651, 3.254308264531973 ], [ 101.518698748214277, 3.254310356585017 ], [ 101.518695124988284, 3.254313097203992 ], [ 101.518692010445335, 3.254316408889299 ], [ 101.518689491205194, 3.25432019781614 ], [ 101.518685699770941, 3.254327088016861 ], [ 101.518725069562777, 3.254348968498061 ], [ 101.518764438454809, 3.254370849879916 ], [ 101.51876922792124, 3.254362145469055 ] ] ] } },
{ "type": "Feature", "properties": { "Tarikh_Moh": null, "Daerah": "MPS", "UPI": null, "sts_warta": "Belum Warta", "no_lot": "18215", "no_pt": null, "nama": null, "gtn1": "Tanah Lapang dan Rekreasi", "gtn2": "Tanah Lapang", "gtn3": "Tanah Lapang Lain", "kod_gtn": "TLR107", "no_warta": null, "trkh_warta": "1899-12-30T00:00:00", "serah_PTD": "1899-12-30T00:00:00", "luas_h": 0.0036, "selenggara": null, "catatan": "Komited Jul-Dis 2025", "tahun_data": 2025, "PBT": "MPS" }, "geometry": { "type": "Polygon", "coordinates": [ [ [ 101.518858223060377, 3.254411422615326 ], [ 101.518877704927661, 3.254370665198548 ], [ 101.518870570676469, 3.254367219978839 ], [ 101.518866333419965, 3.254365598257942 ], [ 101.518861886411514, 3.254364713026269 ], [ 101.518857353755934, 3.254364588121482 ], [ 101.518852864108311, 3.254365227497609 ], [ 101.518848545282552, 3.254366612497973 ], [ 101.518844517044002, 3.254368705453719 ], [ 101.518840894717812, 3.254371446075751 ], [ 101.518837780177364, 3.254374756857374 ], [ 101.518835260037818, 3.254378545782443 ], [ 101.518817815271134, 3.254410253359676 ], [ 101.5188160107339, 3.254414275668816 ], [ 101.518814878592337, 3.254418538483807 ], [ 101.518814447931405, 3.254422928838069 ], [ 101.518814731645094, 3.254427331914032 ], [ 101.518815721940314, 3.254431630126944 ], [ 101.518817392117313, 3.254435710364219 ], [ 101.518819698367082, 3.254439464894615 ], [ 101.518822579764247, 3.254442794081144 ], [ 101.518825959159699, 3.254445609096436 ], [ 101.51882974856764, 3.254447836458577 ], [ 101.51883874209301, 3.254452179129561 ], [ 101.518858223060377, 3.254411422615326 ] ] ] } },
{ "type": "Feature", "properties": { "Tarikh_Moh": null, "Daerah": "MPS", "UPI": null, "sts_warta": "Belum Warta", "no_lot": "18215", "no_pt": null, "nama": null, "gtn1": "Tanah Lapang dan Rekreasi", "gtn2": "Tanah Lapang", "gtn3": "Tanah Lapang Lain", "kod_gtn": "TLR107", "no_warta": null, "trkh_warta": "1899-12-30T00:00:00", "serah_PTD": "1899-12-30T00:00:00", "luas_h": 0.002, "selenggara": null, "catatan": "Komited Jul-Dis 2025", "tahun_data": 2025, "PBT": "MPS" }, "geometry": { "type": "Polygon", "coordinates": [ [ [ 101.518775217995312, 3.25453286913071 ], [ 101.518794378717587, 3.254492782801537 ], [ 101.518790106358978, 3.254492207311134 ], [ 101.518785797120117, 3.254492322640987 ], [ 101.51878156167983, 3.254493125463324 ], [ 101.518777507160124, 3.25449459616301 ], [ 101.518773737130772, 3.254496697028808 ], [ 101.518770347108429, 3.254499373145857 ], [ 101.518767425439705, 3.254502558728444 ], [ 101.518765045220107, 3.254506170768514 ], [ 101.518747600447497, 3.254537878343873 ], [ 101.518745789566779, 3.254541917818718 ], [ 101.518744656477992, 3.254546198717946 ], [ 101.518744232063185, 3.254550608984025 ], [ 101.518744527428709, 3.254555029273015 ], [ 101.51874553478136, 3.254559342000163 ], [ 101.518747227423788, 3.254563433148543 ], [ 101.518749558852406, 3.254567193171179 ], [ 101.518752469046305, 3.254570520624739 ], [ 101.518755879052208, 3.254573328485842 ], [ 101.518775217995312, 3.25453286913071 ] ] ] } },
{ "type": "Feature", "properties": { "Tarikh_Moh": null, "Daerah": "MPS", "UPI": null, "sts_warta": "Belum Warta", "no_lot": "18215", "no_pt": null, "nama": null, "gtn1": "Tanah Lapang dan Rekreasi", "gtn2": "Tanah Lapang", "gtn3": "Tanah Lapang Lain", "kod_gtn": "TLR107", "no_warta": null, "trkh_warta": "1899-12-30T00:00:00", "serah_PTD": "1899-12-30T00:00:00", "luas_h": 0.0029, "selenggara": null, "catatan": "Komited Jul-Dis 2025", "tahun_data": 2025, "PBT": "MPS" }, "geometry": { "type": "Polygon", "coordinates": [ [ [ 101.51871248696979, 3.25466410935886 ], [ 101.518731967951922, 3.254623351944096 ], [ 101.518730140131709, 3.254622469044798 ], [ 101.518725902874451, 3.254620847322939 ], [ 101.518721454965274, 3.254619962087877 ], [ 101.518716923208274, 3.254619837184359 ], [ 101.518712433559344, 3.254620476559445 ], [ 101.518708114732092, 3.254621861558878 ], [ 101.518704086492008, 3.254623954513687 ], [ 101.51870046416424, 3.254626695134919 ], [ 101.518697349622215, 3.254630005915828 ], [ 101.518694829481134, 3.254633794840321 ], [ 101.518677384702556, 3.254665502413792 ], [ 101.518675580163958, 3.254669524722571 ], [ 101.51867444802113, 3.254673787537291 ], [ 101.518674017359032, 3.254678177891523 ], [ 101.51867430107184, 3.254682580967597 ], [ 101.51867529136635, 3.254686879180723 ], [ 101.518676961542852, 3.254690959418433 ], [ 101.518679267792365, 3.254694713949418 ], [ 101.51868214918953, 3.254698043136642 ], [ 101.518685528585237, 3.254700858152734 ], [ 101.518689317993676, 3.25470308551577 ], [ 101.518693005085723, 3.254704866770724 ], [ 101.51871248696979, 3.25466410935886 ] ] ] } },
{ "type": "Feature", "properties": { "Tarikh_Moh": null, "Daerah": "MPS", "UPI": null, "sts_warta": "Belum Warta", "no_lot": "18215", "no_pt": null, "nama": null, "gtn1": "Tanah Lapang dan Rekreasi", "gtn2": "Tanah Lapang", "gtn3": "Tanah Lapang Lain", "kod_gtn": "TLR107", "no_warta": null, "trkh_warta": "1899-12-30T00:00:00", "serah_PTD": "1899-12-30T00:00:00", "luas_h": 0.0037, "selenggara": null, "catatan": "Komited Jul-Dis 2025", "tahun_data": 2025, "PBT": "MPS" }, "geometry": { "type": "Polygon", "coordinates": [ [ [ 101.519676465742464, 3.254850498019967 ], [ 101.519680688852375, 3.254849245703255 ], [ 101.519684651874485, 3.254847320780283 ], [ 101.519688252105837, 3.25484477362556 ], [ 101.519691391295467, 3.254841672711932 ], [ 101.519693988254858, 3.254838099217775 ], [ 101.519695972552753, 3.254834149723368 ], [ 101.519709546882453, 3.25480057357309 ], [ 101.519710892458733, 3.254796235349455 ], [ 101.519711497958085, 3.254791733312574 ], [ 101.519711347759213, 3.254787193124998 ], [ 101.519710446033088, 3.254782741405503 ], [ 101.51970881854929, 3.254778503020634 ], [ 101.519706509086589, 3.254774597457974 ], [ 101.519703583945571, 3.254771133411976 ], [ 101.519700124750827, 3.254768208765077 ], [ 101.519696229364513, 3.254765905163988 ], [ 101.519688746432664, 3.254762292638529 ], [ 101.519669265487067, 3.254803050085509 ], [ 101.519649783639551, 3.254843807529549 ], [ 101.51965927681637, 3.254848391151521 ], [ 101.519663387308384, 3.254849975459718 ], [ 101.519667698439633, 3.254850867567217 ], [ 101.519672097804346, 3.25485104276266 ], [ 101.519676465742464, 3.254850498019967 ] ] ] } },
{ "type": "Feature", "properties": { "Tarikh_Moh": null, "Daerah": "MPS", "UPI": null, "sts_warta": "Belum Warta", "no_lot": "18215", "no_pt": null, "nama": null, "gtn1": "Tanah Lapang dan Rekreasi", "gtn2": "Tanah Lapang", "gtn3": "Tanah Lapang Lain", "kod_gtn": "TLR107", "no_warta": null, "trkh_warta": "1899-12-30T00:00:00", "serah_PTD": "1899-12-30T00:00:00", "luas_h": 0.0021, "selenggara": null, "catatan": "Komited Jul-Dis 2025", "tahun_data": 2025, "PBT": "MPS" }, "geometry": { "type": "Polygon", "coordinates": [ [ [ 101.518810856223084, 3.254822973817076 ], [ 101.518798836094604, 3.25481716994687 ], [ 101.518794598836251, 3.25481554822507 ], [ 101.518790151825712, 3.25481466299246 ], [ 101.518785619167815, 3.254814538086725 ], [ 101.518781129520136, 3.254815176557695 ], [ 101.518776810689531, 3.254816562461643 ], [ 101.518772782450881, 3.254818654512342 ], [ 101.518769160122304, 3.254821395133829 ], [ 101.51876604557728, 3.25482470681936 ], [ 101.518763525435702, 3.254828495744114 ], [ 101.518754054969278, 3.254845710416492 ], [ 101.518791374338036, 3.254863731232522 ], [ 101.518810856223084, 3.254822973817076 ] ] ] } },
{ "type": "Feature", "properties": { "Tarikh_Moh": null, "Daerah": "MPS", "UPI": null, "sts_warta": "Belum Warta", "no_lot": "18215", "no_pt": null, "nama": null, "gtn1": "Tanah Lapang dan Rekreasi", "gtn2": "Tanah Lapang", "gtn3": "Tanah Lapang Lain", "kod_gtn": "TLR107", "no_warta": null, "trkh_warta": "1899-12-30T00:00:00", "serah_PTD": "1899-12-30T00:00:00", "luas_h": 0.0022, "selenggara": null, "catatan": "Komited Jul-Dis 2025", "tahun_data": 2025, "PBT": "MPS" }, "geometry": { "type": "Polygon", "coordinates": [ [ [ 101.519619298776036, 3.254985960805286 ], [ 101.519621338289483, 3.254985705690834 ], [ 101.519623712557291, 3.254985086098256 ], [ 101.519625656628691, 3.254984509692872 ], [ 101.519627932987007, 3.254983479273028 ], [ 101.519629718556402, 3.254982611254962 ], [ 101.519631847516521, 3.254981170782751 ], [ 101.519633413264856, 3.254980063443381 ], [ 101.51963536158047, 3.254978195649307 ], [ 101.519636637104554, 3.254976934716927 ], [ 101.519639262805242, 3.254973381193707 ], [ 101.519639302569999, 3.254973313472129 ], [ 101.519641335628506, 3.254969297184157 ], [ 101.519654909965837, 3.25493572013059 ], [ 101.519656232828723, 3.25493146685573 ], [ 101.519656251043926, 3.25493138189529 ], [ 101.51965644912832, 3.254929939084368 ], [ 101.519656849123294, 3.25492696575145 ], [ 101.519656804292879, 3.254925167803125 ], [ 101.519656715007983, 3.25492246901429 ], [ 101.519656353705969, 3.254920577090838 ], [ 101.519655843770693, 3.254918057165464 ], [ 101.519655154907312, 3.254916184280545 ], [ 101.51965425849346, 3.254913850542738 ], [ 101.519653251757532, 3.254912077208111 ], [ 101.519652003859477, 3.254909966827482 ], [ 101.519650702473612, 3.254908359120807 ], [ 101.519649141682322, 3.254906510180631 ], [ 101.51964757879216, 3.254905124257807 ], [ 101.519646025611905, 3.254903810707739 ], [ 101.519626575420048, 3.25494450312144 ], [ 101.519607407480436, 3.254984604833664 ], [ 101.519608055557825, 3.254984855223156 ], [ 101.519610368177553, 3.254985457234787 ], [ 101.51961241493197, 3.254985880395523 ], [ 101.519614809562313, 3.254986083807044 ], [ 101.519616883290155, 3.254986167005914 ], [ 101.519619298776036, 3.254985960805286 ] ] ] } },
{ "type": "Feature", "properties": { "Tarikh_Moh": null, "Daerah": "MPS", "UPI": null, "sts_warta": "Belum Warta", "no_lot": "18215", "no_pt": null, "nama": null, "gtn1": "Tanah Lapang dan Rekreasi", "gtn2": "Tanah Lapang", "gtn3": "Tanah Lapang Lain", "kod_gtn": "TLR107", "no_warta": null, "trkh_warta": "1899-12-30T00:00:00", "serah_PTD": "1899-12-30T00:00:00", "luas_h": 0.0037, "selenggara": null, "catatan": "Komited Jul-Dis 2025", "tahun_data": 2025, "PBT": "MPS" }, "geometry": { "type": "Polygon", "coordinates": [ [ [ 101.518361514066456, 3.255084533233155 ], [ 101.518365833798455, 3.255083147334057 ], [ 101.518369861139362, 3.255081055283323 ], [ 101.518373483470128, 3.255078314663968 ], [ 101.518376598917257, 3.255075002982621 ], [ 101.518379118161533, 3.255071214057021 ], [ 101.518383459243708, 3.255063325095419 ], [ 101.518344089437264, 3.255041443686095 ], [ 101.518304720532839, 3.255019562277758 ], [ 101.518299381413485, 3.255029266352036 ], [ 101.518297575972383, 3.255033288657346 ], [ 101.518296443826884, 3.255037551471357 ], [ 101.518296014062074, 3.255041941827519 ], [ 101.518296297772608, 3.255046344903602 ], [ 101.518297288065156, 3.255050643117148 ], [ 101.518298958240024, 3.255054723355638 ], [ 101.518301264488301, 3.255058477887701 ], [ 101.518304144984882, 3.255061807074009 ], [ 101.51830752527998, 3.255064622094187 ], [ 101.518311313788715, 3.255066849456841 ], [ 101.518343807489501, 3.255082539833736 ], [ 101.518348044747754, 3.255084161557958 ], [ 101.518352492656092, 3.255085047699849 ], [ 101.518357025314856, 3.255085172608182 ], [ 101.518361514066456, 3.255084533233155 ] ] ] } },
{ "type": "Feature", "properties": { "Tarikh_Moh": null, "Daerah": "MPS", "UPI": null, "sts_warta": "Belum Warta", "no_lot": "18215", "no_pt": null, "nama": null, "gtn1": "Tanah Lapang dan Rekreasi", "gtn2": "Tanah Lapang", "gtn3": "Tanah Lapang Lain", "kod_gtn": "TLR107", "no_warta": null, "trkh_warta": "1899-12-30T00:00:00", "serah_PTD": "1899-12-30T00:00:00", "luas_h": 0.0067, "selenggara": null, "catatan": "Komited Jul-Dis 2025", "tahun_data": 2025, "PBT": "MPS" }, "geometry": { "type": "Polygon", "coordinates": [ [ [ 101.518671236120028, 3.255110217879082 ], [ 101.518690717118645, 3.255069460464838 ], [ 101.518698685306205, 3.255073308493522 ], [ 101.518699269718681, 3.25507208554497 ], [ 101.518734784939156, 3.25499778466726 ], [ 101.518702397092213, 3.254979783085394 ], [ 101.518701215609795, 3.25497912705854 ], [ 101.518696861870993, 3.254987040406498 ], [ 101.518692508129774, 3.25499495465874 ], [ 101.518688153488682, 3.25500286890859 ], [ 101.518683799747265, 3.255010783160764 ], [ 101.518679446008079, 3.255018696508619 ], [ 101.518675091366731, 3.255026610758415 ], [ 101.518670737625072, 3.255034525010487 ], [ 101.518666383885616, 3.255042438358239 ], [ 101.518662029243984, 3.255050352607899 ], [ 101.518657675502027, 3.255058266859919 ], [ 101.51865332086021, 3.255066181109544 ], [ 101.518637573473754, 3.255057428370979 ], [ 101.518635524072266, 3.255061152510426 ], [ 101.518633719532232, 3.255065174819177 ], [ 101.518632587388268, 3.255069437634011 ], [ 101.51863215762512, 3.255073827990696 ], [ 101.518632441337388, 3.255078231067087 ], [ 101.518633430731938, 3.255082529278311 ], [ 101.518635100908583, 3.255086609516489 ], [ 101.518637407158621, 3.255090364048006 ], [ 101.518640288558927, 3.255093692331511 ], [ 101.518643667953427, 3.255096508252639 ], [ 101.518647457363244, 3.255098735616278 ], [ 101.518671236120028, 3.255110217879082 ] ] ] } },
{ "type": "Feature", "properties": { "Tarikh_Moh": null, "Daerah": "MPS", "UPI": null, "sts_warta": "Belum Warta", "no_lot": "18215", "no_pt": null, "nama": null, "gtn1": "Tanah Lapang dan Rekreasi", "gtn2": "Tanah Lapang", "gtn3": "Tanah Lapang Lain", "kod_gtn": "TLR107", "no_warta": null, "trkh_warta": "1899-12-30T00:00:00", "serah_PTD": "1899-12-30T00:00:00", "luas_h": 0.0032, "selenggara": null, "catatan": "Komited Jul-Dis 2025", "tahun_data": 2025, "PBT": "MPS" }, "geometry": { "type": "Polygon", "coordinates": [ [ [ 101.51956719186866, 3.255120791125161 ], [ 101.519571414078001, 3.25511953971124 ], [ 101.519575378001335, 3.25511761479137 ], [ 101.519578977334518, 3.255115067634947 ], [ 101.519582117427717, 3.255111965819919 ], [ 101.519584714386212, 3.255108393230528 ], [ 101.519586698685458, 3.255104443736443 ], [ 101.519600273028061, 3.255070866683894 ], [ 101.519601617703444, 3.255066529362443 ], [ 101.519602224103593, 3.255062027327951 ], [ 101.519602073907933, 3.255057486235948 ], [ 101.519601172182405, 3.255053034516203 ], [ 101.519599543799217, 3.255048796128546 ], [ 101.519597235236347, 3.255044890567695 ], [ 101.519594310092842, 3.255041427425426 ], [ 101.519590850897657, 3.255038502777778 ], [ 101.519586954610901, 3.25503619917353 ], [ 101.519583535306154, 3.255034547943151 ], [ 101.519564053447311, 3.25507530538479 ], [ 101.519544572486012, 3.255116062828243 ], [ 101.519550002035885, 3.255118685155249 ], [ 101.519554112528795, 3.255120269464329 ], [ 101.519558424560913, 3.255121161575011 ], [ 101.519562823027087, 3.255121336768981 ], [ 101.51956719186866, 3.255120791125161 ] ] ] } },
{ "type": "Feature", "properties": { "Tarikh_Moh": null, "Daerah": "MPS", "UPI": null, "sts_warta": "Belum Warta", "no_lot": "18215", "no_pt": null, "nama": null, "gtn1": "Tanah Lapang dan Rekreasi", "gtn2": "Tanah Lapang", "gtn3": "Tanah Lapang Lain", "kod_gtn": "TLR107", "no_warta": null, "trkh_warta": "1899-12-30T00:00:00", "serah_PTD": "1899-12-30T00:00:00", "luas_h": 0.0027, "selenggara": null, "catatan": "Komited Jul-Dis 2025", "tahun_data": 2025, "PBT": "MPS" }, "geometry": { "type": "Polygon", "coordinates": [ [ [ 101.518459238173563, 3.2551204698376 ], [ 101.518479152874193, 3.255078667242743 ], [ 101.518474915615599, 3.255077045519084 ], [ 101.518470468604448, 3.255076160284534 ], [ 101.518465935945585, 3.255076035376815 ], [ 101.518461446294253, 3.255076674750075 ], [ 101.518457127464416, 3.255078059747686 ], [ 101.518453099221574, 3.255080152700881 ], [ 101.518449476890936, 3.255082893320646 ], [ 101.518446362346111, 3.255086204100311 ], [ 101.518443842202302, 3.255089993023836 ], [ 101.518426397402521, 3.255121700590534 ], [ 101.518424592861408, 3.255125722898637 ], [ 101.518423460716335, 3.255129985712997 ], [ 101.518423030052247, 3.255134376067062 ], [ 101.518423314663153, 3.255138779145657 ], [ 101.518424304056566, 3.255143077356951 ], [ 101.51842597423223, 3.255147157595406 ], [ 101.518428280481302, 3.255150912127344 ], [ 101.518431161878468, 3.255154241315808 ], [ 101.518434541274615, 3.255157056333328 ], [ 101.518438330683907, 3.255159283697961 ], [ 101.518440295095999, 3.255160232972638 ], [ 101.518459238173563, 3.2551204698376 ] ] ] } },
{ "type": "Feature", "properties": { "Tarikh_Moh": null, "Daerah": "MPS", "UPI": null, "sts_warta": "Belum Warta", "no_lot": "18215", "no_pt": null, "nama": null, "gtn1": "Tanah Lapang dan Rekreasi", "gtn2": "Tanah Lapang", "gtn3": "Tanah Lapang Lain", "kod_gtn": "TLR107", "no_warta": null, "trkh_warta": "1899-12-30T00:00:00", "serah_PTD": "1899-12-30T00:00:00", "luas_h": 0.0415, "selenggara": null, "catatan": "Komited Jul-Dis 2025", "tahun_data": 2025, "PBT": "MPS" }, "geometry": { "type": "Polygon", "coordinates": [ [ [ 101.51829395780257, 3.255169833815598 ], [ 101.518273681926985, 3.255160042787878 ], [ 101.518253406949384, 3.255150252666473 ], [ 101.518233131072591, 3.255140462542323 ], [ 101.518212856096071, 3.255130672420195 ], [ 101.518232337115066, 3.255089915021137 ], [ 101.518234181112234, 3.255090805198783 ], [ 101.51823027764631, 3.255088496144129 ], [ 101.518226812179662, 3.255085563336308 ], [ 101.518223884369149, 3.255082090235642 ], [ 101.518221575841451, 3.255078173820336 ], [ 101.518219950195416, 3.25507392368218 ], [ 101.518219055703568, 3.255069461129291 ], [ 101.518218915438396, 3.255064910116838 ], [ 101.518219534463256, 3.255060399978842 ], [ 101.51822403375327, 3.255052222043355 ], [ 101.518184664850352, 3.255030341534284 ], [ 101.518195550114029, 3.255010555915032 ], [ 101.51820643537485, 3.254990771199948 ], [ 101.518217319735299, 3.254970986482293 ], [ 101.518228204997257, 3.254951200862511 ], [ 101.51823909025633, 3.254931416146833 ], [ 101.518249975514834, 3.254911631431029 ], [ 101.518260860775086, 3.254891845810691 ], [ 101.51827174603244, 3.25487206109447 ], [ 101.518282631289196, 3.254852276378122 ], [ 101.518293516545398, 3.254832491661521 ], [ 101.518304400903617, 3.254812706038107 ], [ 101.518315286158654, 3.254792921321165 ], [ 101.518326171413136, 3.254773136604072 ], [ 101.518337056669381, 3.254753350982444 ], [ 101.518347941922698, 3.254733566264947 ], [ 101.518358827175476, 3.254713781547323 ], [ 101.518369712429973, 3.25469399592514 ], [ 101.518380597681613, 3.254674211207099 ], [ 101.518391482032868, 3.254654426486562 ], [ 101.518402367283315, 3.254634641768154 ], [ 101.518413252535566, 3.254614856145251 ], [ 101.518424137784891, 3.25459507142649 ], [ 101.518435023033618, 3.254575286707564 ], [ 101.518445908284136, 3.254555501084119 ], [ 101.518456793531712, 3.254535716364787 ], [ 101.518467678778748, 3.254515931645317 ], [ 101.518478563127786, 3.254496146018933 ], [ 101.518489448373629, 3.254476361299097 ], [ 101.518500333618945, 3.254456576579047 ], [ 101.518511218863679, 3.254436791858844 ], [ 101.518522104110161, 3.254417006234122 ], [ 101.518532989353744, 3.254397221513528 ], [ 101.51854387459673, 3.254377436792769 ], [ 101.518554758941761, 3.254357651165134 ], [ 101.518565644183624, 3.25433786644397 ], [ 101.518576529424891, 3.254318081722657 ], [ 101.518587414667962, 3.254298296096821 ], [ 101.518598299908106, 3.254278511375166 ], [ 101.518637669692481, 3.254300392763645 ], [ 101.518638439917012, 3.254298991241926 ], [ 101.518640245352103, 3.254294969840052 ], [ 101.518641377494134, 3.254290707025572 ], [ 101.518641807258334, 3.254286315764977 ], [ 101.518641523543067, 3.25428191359356 ], [ 101.518640533251158, 3.254277614476467 ], [ 101.518638863075239, 3.254273534239187 ], [ 101.518636557724065, 3.254269780615359 ], [ 101.518633676328193, 3.254266451428559 ], [ 101.518630296934134, 3.254263636412869 ], [ 101.518626507529959, 3.254261408145874 ], [ 101.518588465687245, 3.254243039077026 ], [ 101.518587269514569, 3.254242496958882 ], [ 101.518118248091938, 3.255094996258516 ], [ 101.518119232928953, 3.255095497128968 ], [ 101.51829006141898, 3.255177985295424 ], [ 101.51829395780257, 3.255169833815598 ] ] ] } },
{ "type": "Feature", "properties": { "Tarikh_Moh": null, "Daerah": "MPS", "UPI": null, "sts_warta": "Belum Warta", "no_lot": "18215", "no_pt": null, "nama": null, "gtn1": "Tanah Lapang dan Rekreasi", "gtn2": "Tanah Lapang", "gtn3": "Tanah Lapang Lain", "kod_gtn": "TLR107", "no_warta": null, "trkh_warta": "1899-12-30T00:00:00", "serah_PTD": "1899-12-30T00:00:00", "luas_h": 0.0014, "selenggara": null, "catatan": "Komited Jul-Dis 2025", "tahun_data": 2025, "PBT": "MPS" }, "geometry": { "type": "Polygon", "coordinates": [ [ [ 101.51830533042768, 3.255180373842659 ], [ 101.518307928244795, 3.255179943846611 ], [ 101.518309857058611, 3.25517935293515 ], [ 101.518312276924121, 3.255178498337152 ], [ 101.518314118415233, 3.255177578016824 ], [ 101.518316319746503, 3.255176334884341 ], [ 101.518318004575406, 3.255175107582173 ], [ 101.518319938685096, 3.255173514674367 ], [ 101.518321410980434, 3.255172013704719 ], [ 101.518323031859282, 3.255170117926865 ], [ 101.518324242917274, 3.255168388379358 ], [ 101.518325507236554, 3.255166243878565 ], [ 101.518326420040751, 3.255164334490676 ], [ 101.518327295252433, 3.255162001772598 ], [ 101.51832788176057, 3.255159970348768 ], [ 101.51832834250277, 3.255157514459592 ], [ 101.518328587262076, 3.255155421550214 ], [ 101.51832861626842, 3.25515290846168 ], [ 101.518328515511129, 3.255150819169498 ], [ 101.518328106312367, 3.255148314881523 ], [ 101.51832767066675, 3.255146294346948 ], [ 101.518326820399565, 3.255143862155985 ], [ 101.518326074880662, 3.255141979174408 ], [ 101.518324785206246, 3.255139672440933 ], [ 101.518323776420672, 3.255137996768631 ], [ 101.518322027450793, 3.25513585161421 ], [ 101.518320838873976, 3.255134461243126 ], [ 101.518318517291419, 3.255132457475601 ], [ 101.518317349249386, 3.255131475920505 ], [ 101.518313405399624, 3.255129126065075 ], [ 101.518293923483071, 3.255169883464528 ], [ 101.518290027999228, 3.25517803494671 ], [ 101.518294317431696, 3.255179661329623 ], [ 101.518295809345034, 3.255179964572302 ], [ 101.518298816661428, 3.255180534041139 ], [ 101.518300639409603, 3.255180596690778 ], [ 101.518303397984567, 3.255180629234006 ], [ 101.51830533042768, 3.255180373842659 ] ] ] } },
{ "type": "Feature", "properties": { "Tarikh_Moh": null, "Daerah": "MPS", "UPI": null, "sts_warta": "Belum Warta", "no_lot": "18215", "no_pt": null, "nama": null, "gtn1": "Tanah Lapang dan Rekreasi", "gtn2": "Tanah Lapang", "gtn3": "Tanah Lapang Lain", "kod_gtn": "TLR107", "no_warta": null, "trkh_warta": "1899-12-30T00:00:00", "serah_PTD": "1899-12-30T00:00:00", "luas_h": 0.0018, "selenggara": null, "catatan": "Komited Jul-Dis 2025", "tahun_data": 2025, "PBT": "MPS" }, "geometry": { "type": "Polygon", "coordinates": [ [ [ 101.518416527793875, 3.255209956554606 ], [ 101.518408937929422, 3.255206292190437 ], [ 101.518404700670445, 3.255204670466285 ], [ 101.518400252761396, 3.255203784324549 ], [ 101.518395720101964, 3.255203659416319 ], [ 101.518391231349696, 3.255204298791408 ], [ 101.518386911617057, 3.255205684690502 ], [ 101.518382884275525, 3.255207776741268 ], [ 101.518379261944119, 3.255210517360627 ], [ 101.518376146496394, 3.255213829041948 ], [ 101.518373627253908, 3.255217617063191 ], [ 101.518364155872447, 3.255234832631691 ], [ 101.518397045879098, 3.255250713957659 ], [ 101.518416527793875, 3.255209956554606 ] ] ] } },
{ "type": "Feature", "properties": { "Tarikh_Moh": null, "Daerah": "MPS", "UPI": null, "sts_warta": "Belum Warta", "no_lot": "18215", "no_pt": null, "nama": null, "gtn1": "Tanah Lapang dan Rekreasi", "gtn2": "Tanah Lapang", "gtn3": "Tanah Lapang Lain", "kod_gtn": "TLR107", "no_warta": null, "trkh_warta": "1899-12-30T00:00:00", "serah_PTD": "1899-12-30T00:00:00", "luas_h": 0.0166, "selenggara": null, "catatan": "Komited Jul-Dis 2025", "tahun_data": 2025, "PBT": "MPS" }, "geometry": { "type": "Polygon", "coordinates": [ [ [ 101.519440899233985, 3.255417035886091 ], [ 101.519444286032638, 3.255408657884046 ], [ 101.519447673730951, 3.255400279884403 ], [ 101.519451060529477, 3.255391901882304 ], [ 101.519454447327874, 3.255383523880297 ], [ 101.519457835026017, 3.25537514588057 ], [ 101.519461221824244, 3.255366767878491 ], [ 101.519464608624801, 3.255358388972031 ], [ 101.519467996322632, 3.255350010972239 ], [ 101.519471383120631, 3.255341632970128 ], [ 101.519474769918602, 3.255333254967906 ], [ 101.519478157616206, 3.255324876968116 ], [ 101.519481544413964, 3.255316498965939 ], [ 101.51948493211377, 3.255308120061758 ], [ 101.519488318911357, 3.25529974205951 ], [ 101.519491705708901, 3.255291364057302 ], [ 101.519495093406107, 3.255282986057409 ], [ 101.519498480203467, 3.25527460805513 ], [ 101.519501867000798, 3.255266230052839 ], [ 101.519505254697734, 3.255257852052914 ], [ 101.519508641497183, 3.255249473146249 ], [ 101.51951202829423, 3.255241095143928 ], [ 101.519515415990938, 3.255232717143937 ], [ 101.519518802787857, 3.255224339141544 ], [ 101.519522189584606, 3.255215961139191 ], [ 101.519525577281073, 3.255207583139118 ], [ 101.519528964077736, 3.25519920513671 ], [ 101.519545635169408, 3.255206013230699 ], [ 101.519546980745147, 3.255201675911706 ], [ 101.519547586246077, 3.25519717387487 ], [ 101.51954743694823, 3.255192633689469 ], [ 101.519546535225345, 3.255188181065254 ], [ 101.519544906840011, 3.255183943581749 ], [ 101.519542597379782, 3.255180037113989 ], [ 101.51953967223622, 3.255176573971366 ], [ 101.519536213940555, 3.255173649325712 ], [ 101.519532317653457, 3.255171345721083 ], [ 101.519513196501222, 3.255162113007159 ], [ 101.519512612089684, 3.255163335956583 ], [ 101.519493714635132, 3.255202870446707 ], [ 101.519507704583077, 3.255209625404747 ], [ 101.519408932794377, 3.255416265846445 ], [ 101.519240992318984, 3.255335171783596 ], [ 101.519239775567129, 3.255334584394906 ], [ 101.519228086437238, 3.255359038853469 ], [ 101.51923619661595, 3.255362955075508 ], [ 101.519244306794747, 3.25536687129758 ], [ 101.519252416973629, 3.255370787519517 ], [ 101.519260527152611, 3.255374703741436 ], [ 101.519268637331692, 3.255378619963303 ], [ 101.51927674751316, 3.255382535280731 ], [ 101.519284857692455, 3.255386451502479 ], [ 101.519292967871763, 3.255390367724124 ], [ 101.519301078051171, 3.255394283945752 ], [ 101.519309188230665, 3.255398200167311 ], [ 101.519317298410243, 3.255402116388835 ], [ 101.519325408589935, 3.255406032610257 ], [ 101.519333518769685, 3.255409948831645 ], [ 101.519341628949533, 3.255413865052965 ], [ 101.519349739129481, 3.255417781274232 ], [ 101.5193578493095, 3.255421697495364 ], [ 101.519365959489605, 3.25542561371653 ], [ 101.51937406966978, 3.255429529937576 ], [ 101.519382179850069, 3.255433446158603 ], [ 101.519390290032788, 3.255437361475244 ], [ 101.519398400213248, 3.255441277696135 ], [ 101.519406510393779, 3.255445193916991 ], [ 101.519414620574423, 3.255449110137796 ], [ 101.519406827822763, 3.255465413112578 ], [ 101.519409336810327, 3.255466625165146 ], [ 101.519413447304373, 3.255468209475234 ], [ 101.519417759337841, 3.255469101587044 ], [ 101.51942215780565, 3.255469276782132 ], [ 101.519426526648985, 3.255468731139416 ], [ 101.519430748860188, 3.25546747972651 ], [ 101.519434712785525, 3.255465554807651 ], [ 101.519438312120641, 3.255463007652048 ], [ 101.519441452215801, 3.255459905837761 ], [ 101.519444048276455, 3.255456333246641 ], [ 101.519446032577434, 3.255452383752971 ], [ 101.519447409027833, 3.255448979795423 ], [ 101.51943073793538, 3.255442170794 ], [ 101.519434124734275, 3.255433792792038 ], [ 101.519437512432859, 3.255425414792426 ], [ 101.519440899233985, 3.255417035886091 ] ] ] } },
{ "type": "Feature", "properties": { "Tarikh_Moh": null, "Daerah": "MPS", "UPI": null, "sts_warta": "Belum Warta", "no_lot": "18215", "no_pt": null, "nama": null, "gtn1": "Tanah Lapang dan Rekreasi", "gtn2": "Tanah Lapang", "gtn3": "Tanah Lapang Lain", "kod_gtn": "TLR107", "no_warta": null, "trkh_warta": "1899-12-30T00:00:00", "serah_PTD": "1899-12-30T00:00:00", "luas_h": 0.0059, "selenggara": null, "catatan": "Komited Jul-Dis 2025", "tahun_data": 2025, "PBT": "MPS" }, "geometry": { "type": "Polygon", "coordinates": [ [ [ 101.518121360202485, 3.255462016843927 ], [ 101.518141635182232, 3.255471807874629 ], [ 101.518161910164864, 3.255481598000652 ], [ 101.518182186047781, 3.255491388128606 ], [ 101.518202461031478, 3.255501178253869 ], [ 101.518221960032449, 3.25546043084924 ], [ 101.518213875922001, 3.255456526442801 ], [ 101.518210399257825, 3.255455136411394 ], [ 101.518206763847942, 3.255454243352114 ], [ 101.518203040730612, 3.255453863729079 ], [ 101.518199300965207, 3.255454005867383 ], [ 101.518191832696601, 3.255455846544795 ], [ 101.518184176584285, 3.255456566251491 ], [ 101.518176498220328, 3.25545615095146 ], [ 101.518168964037812, 3.255454609219597 ], [ 101.518161171264651, 3.25547091217778 ], [ 101.51815306109215, 3.255466995946123 ], [ 101.518144950919734, 3.255463079714374 ], [ 101.518136840747417, 3.255459163482588 ], [ 101.518128730575185, 3.255455247250737 ], [ 101.518120620403039, 3.255451331018822 ], [ 101.518112510230978, 3.255447414786893 ], [ 101.518120303004608, 3.25543111182934 ], [ 101.518119837511748, 3.255430887238326 ], [ 101.518115600250255, 3.255429266416874 ], [ 101.518111153240454, 3.25542838027572 ], [ 101.518106620580198, 3.255428255365672 ], [ 101.518102131826822, 3.255428894738952 ], [ 101.518097812095149, 3.255430279731965 ], [ 101.518093784749666, 3.255432372685371 ], [ 101.518090161516753, 3.25543511330082 ], [ 101.518087046966869, 3.255438424983147 ], [ 101.518084527722394, 3.25544221300324 ], [ 101.51807567649, 3.255458300668797 ], [ 101.518073871046596, 3.255462322973496 ], [ 101.518072738899022, 3.255466585787113 ], [ 101.518072309132393, 3.255470976143227 ], [ 101.518072592841449, 3.255475379219478 ], [ 101.518073583132846, 3.255479677433435 ], [ 101.518075253306947, 3.255483757672634 ], [ 101.518077559554868, 3.255487512205616 ], [ 101.518080440051506, 3.255490841393064 ], [ 101.518083819447341, 3.255493656412198 ], [ 101.518087608856675, 3.255495883778657 ], [ 101.518101878266691, 3.255502774237629 ], [ 101.518121360202485, 3.255462016843927 ] ] ] } },
{ "type": "Feature", "properties": { "Tarikh_Moh": null, "Daerah": "MPS", "UPI": null, "sts_warta": "Belum Warta", "no_lot": "18215", "no_pt": null, "nama": null, "gtn1": "Tanah Lapang dan Rekreasi", "gtn2": "Tanah Lapang", "gtn3": "Tanah Lapang Lain", "kod_gtn": "TLR107", "no_warta": null, "trkh_warta": "1899-12-30T00:00:00", "serah_PTD": "1899-12-30T00:00:00", "luas_h": 0.0027, "selenggara": null, "catatan": "Komited Jul-Dis 2025", "tahun_data": 2025, "PBT": "MPS" }, "geometry": { "type": "Polygon", "coordinates": [ [ [ 101.519371888723853, 3.255603878576958 ], [ 101.519376111837872, 3.255602626262525 ], [ 101.519380074864245, 3.255600701341641 ], [ 101.519383675099874, 3.255598154188761 ], [ 101.519386815193485, 3.255595053279063 ], [ 101.519389411257166, 3.255591479783799 ], [ 101.519391395558813, 3.255587530290291 ], [ 101.519404969920174, 3.255553953241473 ], [ 101.51940631549752, 3.255549615922717 ], [ 101.519406920999813, 3.255545113885925 ], [ 101.519406770803329, 3.255540573698043 ], [ 101.519405869081226, 3.255536121073487 ], [ 101.519404241596106, 3.255531883591828 ], [ 101.519401932135978, 3.255527977123366 ], [ 101.519399006992174, 3.255524513979912 ], [ 101.519395547796222, 3.255521589330969 ], [ 101.519391652408032, 3.255519285727609 ], [ 101.5193726572343, 3.255559024340088 ], [ 101.5193526886396, 3.255600800599463 ], [ 101.519354699784998, 3.25560177169895 ], [ 101.519358810279485, 3.255603356009535 ], [ 101.519363121413775, 3.25560424811941 ], [ 101.519367520781927, 3.255604423317284 ], [ 101.519371888723853, 3.255603878576958 ] ] ] } },
{ "type": "Feature", "properties": { "Tarikh_Moh": null, "Daerah": "MPS", "UPI": null, "sts_warta": "Belum Warta", "no_lot": "18215", "no_pt": null, "nama": null, "gtn1": "Tanah Lapang dan Rekreasi", "gtn2": "Tanah Lapang", "gtn3": "Tanah Lapang Lain", "kod_gtn": "TLR107", "no_warta": null, "trkh_warta": "1899-12-30T00:00:00", "serah_PTD": "1899-12-30T00:00:00", "luas_h": 0.0014, "selenggara": null, "catatan": "Komited Jul-Dis 2025", "tahun_data": 2025, "PBT": "MPS" }, "geometry": { "type": "Polygon", "coordinates": [ [ [ 101.519326887285331, 3.255699047676175 ], [ 101.519330274086713, 3.255690669674706 ], [ 101.519333661787783, 3.255682291675565 ], [ 101.519350332883363, 3.25568910068003 ], [ 101.519351677561588, 3.255684763359021 ], [ 101.519352283966484, 3.25568026042026 ], [ 101.519352133770411, 3.255675720232317 ], [ 101.51935123204629, 3.255671268511979 ], [ 101.519349603663912, 3.255667030123443 ], [ 101.519347295101255, 3.255663124561388 ], [ 101.519344369959697, 3.255659660513307 ], [ 101.519340910763532, 3.255656735863977 ], [ 101.519337014472924, 3.255654433162217 ], [ 101.519328921365258, 3.255650525123976 ], [ 101.519309439475094, 3.255691282558316 ], [ 101.519326664514736, 3.255699599645948 ], [ 101.519326887285331, 3.255699047676175 ] ] ] } },
{ "type": "Feature", "properties": { "Tarikh_Moh": null, "Daerah": "MPS", "UPI": null, "sts_warta": "Belum Warta", "no_lot": "18215", "no_pt": null, "nama": null, "gtn1": "Tanah Lapang dan Rekreasi", "gtn2": "Tanah Lapang", "gtn3": "Tanah Lapang Lain", "kod_gtn": "TLR107", "no_warta": null, "trkh_warta": "1899-12-30T00:00:00", "serah_PTD": "1899-12-30T00:00:00", "luas_h": 0.0013, "selenggara": null, "catatan": "Komited Jul-Dis 2025", "tahun_data": 2025, "PBT": "MPS" }, "geometry": { "type": "Polygon", "coordinates": [ [ [ 101.517931107420225, 3.25577571399776 ], [ 101.517927046671019, 3.255774031237625 ], [ 101.517922760017484, 3.255773067741645 ], [ 101.517918372445578, 3.255772854584651 ], [ 101.517914013510335, 3.255773395723249 ], [ 101.517909809216931, 3.25577467611364 ], [ 101.517905884727199, 3.255776659005543 ], [ 101.517902353564594, 3.255779285009651 ], [ 101.517899319400058, 3.255782477528494 ], [ 101.517896872450223, 3.255786143651078 ], [ 101.517887398328782, 3.255803368248721 ], [ 101.5179121718772, 3.25581533063346 ], [ 101.517931107420225, 3.25577571399776 ] ] ] } },
{ "type": "Feature", "properties": { "Tarikh_Moh": null, "Daerah": "MPS", "UPI": null, "sts_warta": "Belum Warta", "no_lot": "18215", "no_pt": null, "nama": null, "gtn1": "Tanah Lapang dan Rekreasi", "gtn2": "Tanah Lapang", "gtn3": "Tanah Lapang Lain", "kod_gtn": "TLR107", "no_warta": null, "trkh_warta": "1899-12-30T00:00:00", "serah_PTD": "1899-12-30T00:00:00", "luas_h": 0.0031, "selenggara": null, "catatan": "Komited Jul-Dis 2025", "tahun_data": 2025, "PBT": "MPS" }, "geometry": { "type": "Polygon", "coordinates": [ [ [ 101.518894282912044, 3.255879006292405 ], [ 101.518898645594888, 3.255877713650655 ], [ 101.518902740148889, 3.255875726677152 ], [ 101.518906460271964, 3.255873095736755 ], [ 101.518909705001917, 3.255869893816886 ], [ 101.518912388649056, 3.25586620298836 ], [ 101.518914439872702, 3.255862123446373 ], [ 101.518927348567317, 3.25583023216761 ], [ 101.518928740412306, 3.255825749372113 ], [ 101.518929368802631, 3.255821096370917 ], [ 101.518929215408292, 3.255816402436821 ], [ 101.518928284381218, 3.255811801423326 ], [ 101.518926602386003, 3.25580742000795 ], [ 101.518924216788591, 3.2558033822095 ], [ 101.518921192975782, 3.255799802146155 ], [ 101.518917617968214, 3.255796778618833 ], [ 101.518913591415853, 3.255794397800857 ], [ 101.518911307085574, 3.255793294855758 ], [ 101.518891825172787, 3.255834052276471 ], [ 101.518873317577942, 3.255872772052293 ], [ 101.518872344157558, 3.255874809698973 ], [ 101.518876525505107, 3.255876829185772 ], [ 101.518880771728575, 3.255878465401554 ], [ 101.518885225846574, 3.255879387731643 ], [ 101.518889770059403, 3.255879569641787 ], [ 101.518894282912044, 3.255879006292405 ] ] ] } },
{ "type": "Feature", "properties": { "Tarikh_Moh": null, "Daerah": "MPS", "UPI": null, "sts_warta": "Belum Warta", "no_lot": "18215", "no_pt": null, "nama": null, "gtn1": "Tanah Lapang dan Rekreasi", "gtn2": "Tanah Lapang", "gtn3": "Tanah Lapang Lain", "kod_gtn": "TLR107", "no_warta": null, "trkh_warta": "1899-12-30T00:00:00", "serah_PTD": "1899-12-30T00:00:00", "luas_h": 0.002, "selenggara": null, "catatan": "Komited Jul-Dis 2025", "tahun_data": 2025, "PBT": "MPS" }, "geometry": { "type": "Polygon", "coordinates": [ [ [ 101.51925538732911, 3.255892046929981 ], [ 101.519259609542615, 3.255890795518366 ], [ 101.51926357347034, 3.25588887060066 ], [ 101.519267173707632, 3.255886323448491 ], [ 101.519270312903103, 3.255883222537024 ], [ 101.519272909868107, 3.255879649044591 ], [ 101.519274894171176, 3.25587569955142 ], [ 101.519275816032874, 3.255873419405592 ], [ 101.519259144934935, 3.255866610398805 ], [ 101.519262531737922, 3.25585823239768 ], [ 101.519264800170063, 3.255852621468196 ], [ 101.519240785040893, 3.255841025553344 ], [ 101.519221304040443, 3.255881782987506 ], [ 101.51923819838305, 3.255889940952632 ], [ 101.519242308878475, 3.255891525264102 ], [ 101.519246620016233, 3.25589241647056 ], [ 101.51925101938339, 3.255892592573713 ], [ 101.51925538732911, 3.255892046929981 ] ] ] } },
{ "type": "Feature", "properties": { "Tarikh_Moh": null, "Daerah": "MPS", "UPI": null, "sts_warta": "Belum Warta", "no_lot": "18215", "no_pt": null, "nama": null, "gtn1": "Tanah Lapang dan Rekreasi", "gtn2": "Tanah Lapang", "gtn3": "Tanah Lapang Lain", "kod_gtn": "TLR107", "no_warta": null, "trkh_warta": "1899-12-30T00:00:00", "serah_PTD": "1899-12-30T00:00:00", "luas_h": 0.0041, "selenggara": null, "catatan": "Komited Jul-Dis 2025", "tahun_data": 2025, "PBT": "MPS" }, "geometry": { "type": "Polygon", "coordinates": [ [ [ 101.518839884274271, 3.256014474444683 ], [ 101.518844105586496, 3.256013223937376 ], [ 101.518848068613281, 3.256011299923854 ], [ 101.518851667947615, 3.256008754580098 ], [ 101.518854808039862, 3.256005655481569 ], [ 101.518857404999778, 3.256002084703806 ], [ 101.518859390200078, 3.255998137023037 ], [ 101.518873281514573, 3.255963784890807 ], [ 101.518874476703189, 3.255959498727176 ], [ 101.518874958743595, 3.255955073236968 ], [ 101.5188747147253, 3.255950629568232 ], [ 101.518873750644346, 3.25594628439671 ], [ 101.518872093183987, 3.255942157165348 ], [ 101.518869785248953, 3.255938357411723 ], [ 101.518866891354321, 3.255934988399654 ], [ 101.518863487747169, 3.255932139858546 ], [ 101.518859666902898, 3.255929888899408 ], [ 101.518848575947203, 3.255924534202248 ], [ 101.518829094927113, 3.255965291623474 ], [ 101.518809613007463, 3.256006048137456 ], [ 101.518822698929995, 3.25601236756361 ], [ 101.518826808524992, 3.256013951874716 ], [ 101.518831118762691, 3.25601484308102 ], [ 101.518835516330412, 3.256015019181723 ], [ 101.518839884274271, 3.256014474444683 ] ] ] } },
{ "type": "Feature", "properties": { "Tarikh_Moh": null, "Daerah": "MPS", "UPI": null, "sts_warta": "Belum Warta", "no_lot": "18215", "no_pt": null, "nama": null, "gtn1": "Tanah Lapang dan Rekreasi", "gtn2": "Tanah Lapang", "gtn3": "Tanah Lapang Lain", "kod_gtn": "TLR107", "no_warta": null, "trkh_warta": "1899-12-30T00:00:00", "serah_PTD": "1899-12-30T00:00:00", "luas_h": 0.0035, "selenggara": null, "catatan": "Komited Jul-Dis 2025", "tahun_data": 2025, "PBT": "MPS" }, "geometry": { "type": "Polygon", "coordinates": [ [ [ 101.517818100056928, 3.255929265526968 ], [ 101.517816883305741, 3.255928678136219 ], [ 101.517767580833777, 3.256018294954672 ], [ 101.517767569076028, 3.256018318436752 ], [ 101.517767557315977, 3.25601834282315 ], [ 101.517766503043646, 3.256020677784576 ], [ 101.517765746250575, 3.256022450120363 ], [ 101.517765093174361, 3.256024822306072 ], [ 101.517764649462563, 3.256026608122518 ], [ 101.517764387896136, 3.256028936116414 ], [ 101.517764220846388, 3.256030900812664 ], [ 101.517764320352896, 3.256033124848527 ], [ 101.517764476872017, 3.256035222425905 ], [ 101.517764889103901, 3.256037250134333 ], [ 101.517765417823099, 3.25603946353774 ], [ 101.517766081737804, 3.2560412404984 ], [ 101.517766978549744, 3.256043418692111 ], [ 101.517767020587343, 3.256043515566722 ], [ 101.517767868801869, 3.256045003620767 ], [ 101.517769267458036, 3.256047267232475 ], [ 101.517770214526294, 3.256048454399737 ], [ 101.517772094810638, 3.256050618890765 ], [ 101.517773064253618, 3.256051504970961 ], [ 101.517775436307204, 3.256053476316446 ], [ 101.517776357880877, 3.256054085542844 ], [ 101.517779484279217, 3.256055923212571 ], [ 101.517793153406771, 3.256062523622055 ], [ 101.517812635374369, 3.256021766237492 ], [ 101.51781141862304, 3.256021178846709 ], [ 101.517789784900614, 3.25601073221698 ], [ 101.517826732335976, 3.255933434536865 ], [ 101.517818100056928, 3.255929265526968 ] ] ] } },
{ "type": "Feature", "properties": { "Tarikh_Moh": null, "Daerah": "MPS", "UPI": null, "sts_warta": "Belum Warta", "no_lot": "18215", "no_pt": null, "nama": null, "gtn1": "Tanah Lapang dan Rekreasi", "gtn2": "Tanah Lapang", "gtn3": "Tanah Lapang Lain", "kod_gtn": "TLR107", "no_warta": null, "trkh_warta": "1899-12-30T00:00:00", "serah_PTD": "1899-12-30T00:00:00", "luas_h": 0.0029, "selenggara": null, "catatan": "Komited Jul-Dis 2025", "tahun_data": 2025, "PBT": "MPS" }, "geometry": { "type": "Polygon", "coordinates": [ [ [ 101.517731718395765, 3.256144223714074 ], [ 101.517751200368664, 3.256103466331451 ], [ 101.517748808203081, 3.256102311553411 ], [ 101.517744642211852, 3.256100964027073 ], [ 101.517740313369103, 3.256100308799694 ], [ 101.517735936798658, 3.25610036335523 ], [ 101.517731626776154, 3.256101125279957 ], [ 101.517727494917906, 3.256102576779291 ], [ 101.517723649297395, 3.256104678345284 ], [ 101.517720190830005, 3.256107375077369 ], [ 101.517717210573608, 3.256110596675429 ], [ 101.517714786125069, 3.256114259238904 ], [ 101.517697341272296, 3.256145966785685 ], [ 101.517695535825084, 3.256149989089377 ], [ 101.517694403674085, 3.256154251902379 ], [ 101.517693973904471, 3.256158642258309 ], [ 101.517694257611012, 3.256163045334826 ], [ 101.517695247900434, 3.256167343549499 ], [ 101.517696918073241, 3.256171423789777 ], [ 101.517699223420735, 3.25617517832196 ], [ 101.517702104819463, 3.256178506609269 ], [ 101.517705484213636, 3.256181322534911 ], [ 101.517709273624291, 3.256183549903775 ], [ 101.51771223642065, 3.256184981096166 ], [ 101.517731718395765, 3.256144223714074 ] ] ] } },
{ "type": "Feature", "properties": { "Tarikh_Moh": null, "Daerah": "MPS", "UPI": null, "sts_warta": "Belum Warta", "no_lot": "18215", "no_pt": null, "nama": null, "gtn1": "Tanah Lapang dan Rekreasi", "gtn2": "Tanah Lapang", "gtn3": "Tanah Lapang Lain", "kod_gtn": "TLR107", "no_warta": null, "trkh_warta": "1899-12-30T00:00:00", "serah_PTD": "1899-12-30T00:00:00", "luas_h": 0.0017, "selenggara": null, "catatan": "Komited Jul-Dis 2025", "tahun_data": 2025, "PBT": "MPS" }, "geometry": { "type": "Polygon", "coordinates": [ [ [ 101.51766817026369, 3.256250054231772 ], [ 101.517677638830847, 3.256229770236044 ], [ 101.517676618623682, 3.256229376888764 ], [ 101.517674696374229, 3.256228822919378 ], [ 101.517672333037055, 3.256228348281228 ], [ 101.517670350597442, 3.256228105247602 ], [ 101.517667933126873, 3.256228034708205 ], [ 101.517665948067176, 3.25622810818721 ], [ 101.517663534930776, 3.256228448230123 ], [ 101.517661605753716, 3.256228831140184 ], [ 101.517659250034555, 3.25622958280875 ], [ 101.517657438879411, 3.256230253608449 ], [ 101.517655185558056, 3.25623141973349 ], [ 101.517653556412824, 3.256232337894988 ], [ 101.517651435127263, 3.256233939354012 ], [ 101.517650063765743, 3.256235030015489 ], [ 101.517648040044008, 3.256237175239122 ], [ 101.51764705110341, 3.256238256954381 ], [ 101.51764459962402, 3.256241933916289 ], [ 101.517638070836924, 3.256253785393131 ], [ 101.517636311609508, 3.256257679401203 ], [ 101.517636257282007, 3.256257811292759 ], [ 101.517635149768438, 3.256261941232033 ], [ 101.517634955447221, 3.256263666206349 ], [ 101.517634696780604, 3.25626626370153 ], [ 101.517634779243451, 3.256268120530222 ], [ 101.517634935663182, 3.256270603356814 ], [ 101.517635320370459, 3.25627248901165 ], [ 101.517635860408632, 3.256274848043812 ], [ 101.517636550249506, 3.256276689280726 ], [ 101.517637448804507, 3.256278889183434 ], [ 101.517638431344196, 3.256280623570271 ], [ 101.517639657030145, 3.256282623565954 ], [ 101.517640911717351, 3.256284195884141 ], [ 101.517642431351177, 3.256285954286149 ], [ 101.51764392591204, 3.256287319234038 ], [ 101.517645698205939, 3.25628879704763 ], [ 101.517647396751073, 3.256289915644559 ], [ 101.517648738945184, 3.25629070503231 ], [ 101.51766817026369, 3.256250054231772 ] ] ] } },
{ "type": "Feature", "properties": { "Tarikh_Moh": null, "Daerah": "MPS", "UPI": null, "sts_warta": "Belum Warta", "no_lot": "18215", "no_pt": null, "nama": null, "gtn1": "Tanah Lapang dan Rekreasi", "gtn2": "Tanah Lapang", "gtn3": "Tanah Lapang Lain", "kod_gtn": "TLR107", "no_warta": null, "trkh_warta": "1899-12-30T00:00:00", "serah_PTD": "1899-12-30T00:00:00", "luas_h": 0.0028, "selenggara": null, "catatan": "Komited Jul-Dis 2025", "tahun_data": 2025, "PBT": "MPS" }, "geometry": { "type": "Polygon", "coordinates": [ [ [ 101.517601444656407, 3.256379294339981 ], [ 101.517620804426258, 3.256338478763312 ], [ 101.517618430721427, 3.256337491336236 ], [ 101.51761643523362, 3.256336728272008 ], [ 101.517614064747448, 3.256336234623719 ], [ 101.517611988278972, 3.256335819518806 ], [ 101.517609545657251, 3.256335732635187 ], [ 101.517607452069456, 3.25633567379589 ], [ 101.517604998467263, 3.256336004689172 ], [ 101.517603026376179, 3.256336281678748 ], [ 101.517602883252081, 3.256336305721103 ], [ 101.517598680607406, 3.256337643087206 ], [ 101.517598570736666, 3.256337681686101 ], [ 101.517594623606797, 3.256339719681558 ], [ 101.517594547017524, 3.256339761985002 ], [ 101.517590970697441, 3.256342452077317 ], [ 101.517590925616005, 3.256342488132904 ], [ 101.517587827349843, 3.256345763681769 ], [ 101.517587808398787, 3.256345785336336 ], [ 101.517585282888092, 3.256349558868631 ], [ 101.517567798247654, 3.256381338655073 ], [ 101.517565993701282, 3.256385360056394 ], [ 101.517564861549118, 3.25638962286919 ], [ 101.517564430876348, 3.256394014126999 ], [ 101.517564715484113, 3.25639841630167 ], [ 101.517565704870805, 3.256402715418587 ], [ 101.517567375043143, 3.256406795659226 ], [ 101.517569681292485, 3.256410549289945 ], [ 101.517572562688912, 3.256413878482254 ], [ 101.517575942085656, 3.256416693504312 ], [ 101.517579731494408, 3.256418921778296 ], [ 101.517582083982234, 3.256420110818079 ], [ 101.517601444656407, 3.256379294339981 ] ] ] } },
{ "type": "Feature", "properties": { "Tarikh_Moh": null, "Daerah": "MPS", "UPI": null, "sts_warta": "Belum Warta", "no_lot": "18215", "no_pt": null, "nama": null, "gtn1": "Tanah Lapang dan Rekreasi", "gtn2": "Tanah Lapang", "gtn3": "Tanah Lapang Lain", "kod_gtn": "TLR107", "no_warta": null, "trkh_warta": "1899-12-30T00:00:00", "serah_PTD": "1899-12-30T00:00:00", "luas_h": 0.0023, "selenggara": null, "catatan": "Komited Jul-Dis 2025", "tahun_data": 2025, "PBT": "MPS" }, "geometry": { "type": "Polygon", "coordinates": [ [ [ 101.518596585678637, 3.256607884166659 ], [ 101.518600778529745, 3.256607201513173 ], [ 101.518604812914305, 3.256605866414496 ], [ 101.518608589772711, 3.256603912071999 ], [ 101.518612013606855, 3.256601386165729 ], [ 101.518615001475297, 3.25659835178254 ], [ 101.51861747850397, 3.256594883786738 ], [ 101.518619384186707, 3.256591067932383 ], [ 101.518632970264264, 3.25655750359152 ], [ 101.518634338587873, 3.256553071378093 ], [ 101.518634935353845, 3.256548470746029 ], [ 101.518634743122462, 3.256543834587815 ], [ 101.518633768740159, 3.256539298572667 ], [ 101.518632038852772, 3.256534996612868 ], [ 101.518629605322616, 3.256531053643334 ], [ 101.518626538932651, 3.256527584700751 ], [ 101.51862292939343, 3.256524692210544 ], [ 101.518603514386754, 3.256565310529727 ], [ 101.518584099377932, 3.256605928848354 ], [ 101.518588141301336, 3.256607239872999 ], [ 101.518592337879625, 3.256607896559171 ], [ 101.518596585678637, 3.256607884166659 ] ] ] } },
{ "type": "Feature", "properties": { "Tarikh_Moh": null, "Daerah": "MPS", "UPI": null, "sts_warta": "Belum Warta", "no_lot": "18215", "no_pt": null, "nama": null, "gtn1": "Tanah Lapang dan Rekreasi", "gtn2": "Tanah Lapang", "gtn3": "Tanah Lapang Lain", "kod_gtn": "TLR107", "no_warta": null, "trkh_warta": "1899-12-30T00:00:00", "serah_PTD": "1899-12-30T00:00:00", "luas_h": 0.0026, "selenggara": null, "catatan": "Komited Jul-Dis 2025", "tahun_data": 2025, "PBT": "MPS" }, "geometry": { "type": "Polygon", "coordinates": [ [ [ 101.518551797382216, 3.256721780874798 ], [ 101.518553797350421, 3.256721510286526 ], [ 101.518556087196586, 3.256720832599037 ], [ 101.518557988098266, 3.256720250657883 ], [ 101.518560178163327, 3.25671919017271 ], [ 101.518561922332211, 3.256718328379647 ], [ 101.518565445050896, 3.256715837097505 ], [ 101.518565546062376, 3.256715745119136 ], [ 101.51856858603513, 3.256712742524531 ], [ 101.518568642005022, 3.256712671228037 ], [ 101.518571184786666, 3.256709176274318 ], [ 101.51857120648387, 3.256709136540091 ], [ 101.518573172678018, 3.256705233123129 ], [ 101.518578249192558, 3.256692707716991 ], [ 101.518579611890956, 3.256688363210092 ], [ 101.518580232721163, 3.256683851266497 ], [ 101.518580094259804, 3.256679298448406 ], [ 101.518579199773143, 3.256674833180933 ], [ 101.518577575930308, 3.256670580332986 ], [ 101.518575266505323, 3.256666661200984 ], [ 101.518572336896582, 3.256663185381387 ], [ 101.518568871427888, 3.256660250763925 ], [ 101.518564965259884, 3.256657939892725 ], [ 101.51853270694177, 3.256642363165565 ], [ 101.518522966414537, 3.256662741419519 ], [ 101.518539997352931, 3.256670965776144 ], [ 101.518560273267553, 3.256680755903995 ], [ 101.518541007408544, 3.256721106022435 ], [ 101.5185430676528, 3.256721532839333 ], [ 101.518545088406327, 3.256721921570497 ], [ 101.518547420341335, 3.256722015396643 ], [ 101.518549459052664, 3.256722071377105 ], [ 101.518551797382216, 3.256721780874798 ] ] ] } },
{ "type": "Feature", "properties": { "Tarikh_Moh": null, "Daerah": "MPS", "UPI": null, "sts_warta": "Belum Warta", "no_lot": "18215", "no_pt": null, "nama": null, "gtn1": "Tanah Lapang dan Rekreasi", "gtn2": "Tanah Lapang", "gtn3": "Tanah Lapang Lain", "kod_gtn": "TLR107", "no_warta": null, "trkh_warta": "1899-12-30T00:00:00", "serah_PTD": "1899-12-30T00:00:00", "luas_h": 0.0034, "selenggara": null, "catatan": "Komited Jul-Dis 2025", "tahun_data": 2025, "PBT": "MPS" }, "geometry": { "type": "Polygon", "coordinates": [ [ [ 101.518498984605145, 3.256856664426891 ], [ 101.518503205921945, 3.256855413922136 ], [ 101.518507168951132, 3.256853490815331 ], [ 101.518510768290298, 3.256850945473605 ], [ 101.518513908389622, 3.256847845472516 ], [ 101.518516505354057, 3.256844274696152 ], [ 101.518518490558549, 3.256840327016393 ], [ 101.518532079361435, 3.256806756354194 ], [ 101.518533426748107, 3.25680241813764 ], [ 101.518534034059016, 3.256797915202098 ], [ 101.51853388567261, 3.256793373210097 ], [ 101.51853298485743, 3.256788919682355 ], [ 101.518531357380638, 3.256784680389858 ], [ 101.518529047925185, 3.256780773014005 ], [ 101.518526122787023, 3.256777308057956 ], [ 101.518522662693229, 3.256774382497646 ], [ 101.518518765506073, 3.256772077980028 ], [ 101.518513159815143, 3.256769371983495 ], [ 101.518493677852973, 3.256810129392847 ], [ 101.518474196790734, 3.25685088589968 ], [ 101.518481799246587, 3.25685455753512 ], [ 101.518485908844369, 3.256856141848867 ], [ 101.518490219085436, 3.256857033057866 ], [ 101.518494616657037, 3.256857209161332 ], [ 101.518498984605145, 3.256856664426891 ] ] ] } },
{ "type": "Feature", "properties": { "Tarikh_Moh": null, "Daerah": "MPS", "UPI": null, "sts_warta": "Belum Warta", "no_lot": "18215", "no_pt": null, "nama": null, "gtn1": "Tanah Lapang dan Rekreasi", "gtn2": "Tanah Lapang", "gtn3": "Tanah Lapang Lain", "kod_gtn": "TLR107", "no_warta": null, "trkh_warta": "1899-12-30T00:00:00", "serah_PTD": "1899-12-30T00:00:00", "luas_h": 0.0052, "selenggara": null, "catatan": "Komited Jul-Dis 2025", "tahun_data": 2025, "PBT": "MPS" }, "geometry": { "type": "Polygon", "coordinates": [ [ [ 101.518058628992378, 3.255593255199122 ], [ 101.518078110930688, 3.25555249871099 ], [ 101.518058216069846, 3.255542892254935 ], [ 101.518053978810386, 3.255541270528709 ], [ 101.518049531800145, 3.255540384387135 ], [ 101.518044999139377, 3.255540259476626 ], [ 101.518040509485658, 3.255540898847061 ], [ 101.518036190650761, 3.255542284746334 ], [ 101.518032162407181, 3.255544376792663 ], [ 101.518028540073303, 3.255547117410127 ], [ 101.518025425522751, 3.255550429092136 ], [ 101.518022905377833, 3.255554217109657 ], [ 101.51800546054875, 3.255585925569089 ], [ 101.518003656006712, 3.255589946971595 ], [ 101.518002523860858, 3.255594208880792 ], [ 101.518002093191598, 3.255598600138838 ], [ 101.518002376902501, 3.255603002310769 ], [ 101.518003367193529, 3.255607300524904 ], [ 101.518005036469987, 3.255611379857556 ], [ 101.518007341818063, 3.255615134388514 ], [ 101.518010222314686, 3.255618463576296 ], [ 101.518013601710607, 3.255621278595831 ], [ 101.518017389318373, 3.255623506862348 ], [ 101.518039147049521, 3.25563401259098 ], [ 101.518058628992378, 3.255593255199122 ] ] ] } },
{ "type": "Feature", "properties": { "Tarikh_Moh": null, "Daerah": "MPS", "UPI": null, "sts_warta": "Belum Warta", "no_lot": "18215", "no_pt": null, "nama": null, "gtn1": "Tanah Lapang dan Rekreasi", "gtn2": "Tanah Lapang", "gtn3": "Tanah Lapang Lain", "kod_gtn": "TLR107", "no_warta": null, "trkh_warta": "1899-12-30T00:00:00", "serah_PTD": "1899-12-30T00:00:00", "luas_h": 0.0019, "selenggara": null, "catatan": "Komited Jul-Dis 2025", "tahun_data": 2025, "PBT": "MPS" }, "geometry": { "type": "Polygon", "coordinates": [ [ [ 101.517969955086741, 3.255711967413766 ], [ 101.517989436135394, 3.25567121002166 ], [ 101.517988001018693, 3.255670516251545 ], [ 101.517983763758835, 3.255668894524839 ], [ 101.51797931584602, 3.255668009284679 ], [ 101.517974783184698, 3.255667884373659 ], [ 101.517970294430071, 3.255668523745973 ], [ 101.517965974696992, 3.255669908738055 ], [ 101.517961947350088, 3.25567200169059 ], [ 101.5179583250154, 3.255674742307674 ], [ 101.517955209566665, 3.255678053082637 ], [ 101.51795269031841, 3.255681842006578 ], [ 101.517948328435551, 3.255689768893141 ], [ 101.5179465238906, 3.255693791199852 ], [ 101.51794539174189, 3.255698054013278 ], [ 101.51794496197428, 3.255702444369312 ], [ 101.517945245682469, 3.255706847445664 ], [ 101.517946235073396, 3.255711145657509 ], [ 101.517947905247112, 3.255715225897054 ], [ 101.517950211494806, 3.255718980430577 ], [ 101.517953092893521, 3.255722308716656 ], [ 101.517956472287239, 3.255725124640859 ], [ 101.517960261697027, 3.255727352008124 ], [ 101.517962162306759, 3.255728270369482 ], [ 101.517969955086741, 3.255711967413766 ] ] ] } },
{ "type": "Feature", "properties": { "Tarikh_Moh": null, "Daerah": "MPS", "UPI": null, "sts_warta": "Belum Warta", "no_lot": "18215", "no_pt": null, "nama": null, "gtn1": "Tanah Lapang dan Rekreasi", "gtn2": "Tanah Lapang", "gtn3": "Tanah Lapang Lain", "kod_gtn": "TLR107", "no_warta": null, "trkh_warta": "1899-12-30T00:00:00", "serah_PTD": "1899-12-30T00:00:00", "luas_h": 0.0021, "selenggara": null, "catatan": "Komited Jul-Dis 2025", "tahun_data": 2025, "PBT": "MPS" }, "geometry": { "type": "Polygon", "coordinates": [ [ [ 101.518795380729756, 3.256124416323158 ], [ 101.518799602042535, 3.256123165816188 ], [ 101.518803565069959, 3.256121241803005 ], [ 101.518807164404919, 3.256118696459514 ], [ 101.518810304497791, 3.25611559736121 ], [ 101.518812902358064, 3.256112026585993 ], [ 101.518814887561248, 3.256108078001007 ], [ 101.518818284304501, 3.256099685558995 ], [ 101.518819631687933, 3.25609534734195 ], [ 101.518820239895845, 3.256090844408668 ], [ 101.518820090607463, 3.256086302414597 ], [ 101.51881918979069, 3.256081848887528 ], [ 101.518817562312961, 3.25607760959609 ], [ 101.518815253757026, 3.256073702223931 ], [ 101.518812327719544, 3.256070237267239 ], [ 101.518808867626873, 3.256067311708847 ], [ 101.518804970441479, 3.256065007193363 ], [ 101.518800453002726, 3.256062825853457 ], [ 101.518780971976, 3.256103583273356 ], [ 101.518773179204786, 3.256119886240211 ], [ 101.518778195385906, 3.256122308536365 ], [ 101.518782304981301, 3.256123892847812 ], [ 101.51878661521711, 3.256124784958802 ], [ 101.518791012785343, 3.256124961059891 ], [ 101.518795380729756, 3.256124416323158 ] ] ] } },
{ "type": "Feature", "properties": { "Tarikh_Moh": null, "Daerah": "MPS", "UPI": null, "sts_warta": "Belum Warta", "no_lot": "18215", "no_pt": null, "nama": null, "gtn1": "Tanah Lapang dan Rekreasi", "gtn2": "Tanah Lapang", "gtn3": "Tanah Lapang Lain", "kod_gtn": "TLR107", "no_warta": null, "trkh_warta": "1899-12-30T00:00:00", "serah_PTD": "1899-12-30T00:00:00", "luas_h": 0.2486, "selenggara": null, "catatan": "Komited Jul-Dis 2025", "tahun_data": 2025, "PBT": "MPS" }, "geometry": { "type": "Polygon", "coordinates": [ [ [ 101.518517197239802, 3.257211252011866 ], [ 101.519002802427678, 3.256003857947701 ], [ 101.519006030590361, 3.256003577911764 ], [ 101.519316972914567, 3.256130414399569 ], [ 101.519885754461313, 3.254713434585613 ], [ 101.518653713647737, 3.254122086003297 ], [ 101.518624640544516, 3.254174929246947 ], [ 101.518629247970765, 3.25418231168676 ], [ 101.51863497146347, 3.254188857819011 ], [ 101.518641663899231, 3.254194399051049 ], [ 101.518649151998574, 3.254198791139108 ], [ 101.518658130337045, 3.254203437629995 ], [ 101.518677649048996, 3.254162698403558 ], [ 101.518698215974752, 3.254172318352734 ], [ 101.518718490938824, 3.254182108457935 ], [ 101.518738766800865, 3.254191899469472 ], [ 101.518759041766003, 3.254201689573919 ], [ 101.518779317631498, 3.25421147968035 ], [ 101.518799592597773, 3.254221269784078 ], [ 101.518819868461989, 3.254231060794109 ], [ 101.518840143429344, 3.254240850897084 ], [ 101.518860419296999, 3.254250641002042 ], [ 101.518880694263089, 3.254260432008568 ], [ 101.518900970131824, 3.25427022211284 ], [ 101.518921245101367, 3.254280012214292 ], [ 101.51894152096888, 3.254289803222098 ], [ 101.518961795939461, 3.254299593322865 ], [ 101.518982071810427, 3.254309383425547 ], [ 101.519002346779814, 3.254319174429897 ], [ 101.519022621752072, 3.254328964529517 ], [ 101.51904289762463, 3.254338754631171 ], [ 101.519063172595637, 3.254348545634374 ], [ 101.519083448469289, 3.254358335735258 ], [ 101.519103723443749, 3.254368125833372 ], [ 101.51912399931615, 3.254377916837806 ], [ 101.519144274291691, 3.254387706935233 ], [ 101.519164550167503, 3.254397497034578 ], [ 101.519184825141792, 3.254407288035556 ], [ 101.519205101018741, 3.254417078134214 ], [ 101.51922537599647, 3.254426868230119 ], [ 101.519245651874485, 3.254436658328058 ], [ 101.519265926850977, 3.254446449327529 ], [ 101.519286202730072, 3.254456239424647 ], [ 101.519306477709975, 3.254466029519097 ], [ 101.519326752688087, 3.254475820517456 ], [ 101.519347028568845, 3.254485610613477 ], [ 101.519367303550368, 3.254495400706848 ], [ 101.519387579429846, 3.254505191706453 ], [ 101.519407854412506, 3.254514981799002 ], [ 101.519428130295452, 3.254524771893569 ], [ 101.519448405276805, 3.254534562889718 ], [ 101.519468681160845, 3.254544352983497 ], [ 101.519488956145651, 3.254554143074608 ], [ 101.519509232028469, 3.254563934071987 ], [ 101.51952950701434, 3.254573724162311 ], [ 101.51954978290054, 3.254583514254617 ], [ 101.519570057885204, 3.254593305248574 ], [ 101.519590333772484, 3.254603095340144 ], [ 101.519610608760587, 3.254612885428978 ], [ 101.519630883749215, 3.254622675517435 ], [ 101.519651159635814, 3.254632466512245 ], [ 101.519671434625536, 3.254642256599932 ], [ 101.519691710515588, 3.254652046689652 ], [ 101.519711985504031, 3.254661837680973 ], [ 101.519732261395177, 3.254671627769923 ], [ 101.519752536387088, 3.254681417856188 ], [ 101.519772520312287, 3.254691379909891 ], [ 101.519753039374976, 3.254732136455135 ], [ 101.519759321416998, 3.254735140754767 ], [ 101.51975956038271, 3.25473525513282 ], [ 101.519759669064982, 3.254735026254919 ], [ 101.519783644524637, 3.254684932116917 ], [ 101.51982338394177, 3.254704121299667 ], [ 101.51979906122564, 3.254754329115018 ], [ 101.519795378185734, 3.254764184942366 ], [ 101.519837055899472, 3.254781206967701 ], [ 101.519828588018868, 3.254802152879821 ], [ 101.519820121039857, 3.254823097889847 ], [ 101.519811653160616, 3.254844042897432 ], [ 101.519803185278548, 3.25486498880927 ], [ 101.519794717398241, 3.254885933816622 ], [ 101.519786249517452, 3.254906878823925 ], [ 101.51977778163382, 3.254927824735431 ], [ 101.51976931375205, 3.254948769742483 ], [ 101.51976084586974, 3.254969714749487 ], [ 101.519752377984574, 3.254990660660711 ], [ 101.519743911001015, 3.255011605669857 ], [ 101.519735443117199, 3.255032550676511 ], [ 101.519726975230512, 3.255053496587454 ], [ 101.519718507345686, 3.255074441593925 ], [ 101.519710039457991, 3.2550953875046 ], [ 101.519701571572128, 3.255116332510906 ], [ 101.519693103685753, 3.255137277517063 ], [ 101.519684635796537, 3.255158223427506 ], [ 101.519676167909196, 3.25517916843348 ], [ 101.519667700921033, 3.255200113441729 ], [ 101.519659233030296, 3.255221059351806 ], [ 101.519650765141392, 3.255242004357498 ], [ 101.519642297251991, 3.255262949363073 ], [ 101.519633829359748, 3.255283895272868 ], [ 101.519625361469309, 3.255304840278244 ], [ 101.519616893576043, 3.255325786187856 ], [ 101.519608425684609, 3.255346731193049 ], [ 101.519599958692382, 3.255367676200468 ], [ 101.519591490797623, 3.255388622109765 ], [ 101.519583022904669, 3.255409567114676 ], [ 101.519574555011175, 3.255430512119437 ], [ 101.519566087114868, 3.255451458028451 ], [ 101.519557619220365, 3.255472403032979 ], [ 101.519549151325364, 3.255493348037458 ], [ 101.519540683427536, 3.25551429394614 ], [ 101.519532215531498, 3.255535238950452 ], [ 101.519523748532407, 3.255556184861295 ], [ 101.519515280635375, 3.255577129865391 ], [ 101.519506812737845, 3.255598074869355 ], [ 101.519498344837459, 3.255619020777555 ], [ 101.519489876938906, 3.255639965781353 ], [ 101.519481409039855, 3.255660910785034 ], [ 101.519472941137934, 3.255681856692952 ], [ 101.519464473237917, 3.255702801696417 ], [ 101.519456005337318, 3.255723746699749 ], [ 101.519447538333623, 3.255744692609744 ], [ 101.519439070432043, 3.25576563761291 ], [ 101.519430602529923, 3.255786582615993 ], [ 101.519422134624989, 3.255807528523279 ], [ 101.519413666721888, 3.255828473526146 ], [ 101.519405198815903, 3.255849419433233 ], [ 101.519396730911765, 3.255870364435918 ], [ 101.51938826300713, 3.255891309438502 ], [ 101.519379795999413, 3.25591225534765 ], [ 101.51937132809374, 3.255933200350019 ], [ 101.519362860187599, 3.25595414535232 ], [ 101.519354392278572, 3.255975091258776 ], [ 101.519354191844371, 3.255975009343531 ], [ 101.519305892529289, 3.256095968871933 ], [ 101.518990623399176, 3.255969084885652 ], [ 101.518990199596772, 3.255970132812612 ], [ 101.51898172269334, 3.25599107416824 ], [ 101.518973245789411, 3.256012015523751 ], [ 101.518964769782329, 3.256032957785825 ], [ 101.518956292877334, 3.256053899141086 ], [ 101.518947815969511, 3.2560748414006 ], [ 101.518939339963268, 3.256095782758071 ], [ 101.518930863054436, 3.256116725017403 ], [ 101.518922386147452, 3.256137666372314 ], [ 101.518913910139673, 3.256158607729418 ], [ 101.518905433229293, 3.256179549988467 ], [ 101.518896956320759, 3.256200491343062 ], [ 101.518888480309116, 3.256221433604237 ], [ 101.518880003399616, 3.256242374958599 ], [ 101.518871526489534, 3.256263316312894 ], [ 101.518863050476384, 3.256284258573803 ], [ 101.518854573565292, 3.256305199927882 ], [ 101.518846096651387, 3.256326142186214 ], [ 101.518837620639047, 3.25634708354242 ], [ 101.518829143726478, 3.256368024896232 ], [ 101.518820666810996, 3.256388967154231 ], [ 101.518812190797178, 3.256409908510153 ], [ 101.518803713880686, 3.256430850767987 ], [ 101.518795236966056, 3.2564517921214 ], [ 101.518786760948316, 3.256472734381358 ], [ 101.518778284032692, 3.256493675734554 ], [ 101.518769807116556, 3.256514617087635 ], [ 101.518761331097281, 3.256535559347261 ], [ 101.518752854180107, 3.256556500700174 ], [ 101.518744377260106, 3.256577442957291 ], [ 101.518735901241669, 3.256598384312331 ], [ 101.518727424322989, 3.256619325664911 ], [ 101.518718947401425, 3.256640267921695 ], [ 101.518710471381453, 3.256661209276451 ], [ 101.518701994458937, 3.256682151533102 ], [ 101.518693517538196, 3.256703092885249 ], [ 101.518685041516719, 3.256724034239672 ], [ 101.518676564592596, 3.256744976495956 ], [ 101.518668087670363, 3.25676591784787 ], [ 101.518659611645006, 3.256786860106314 ], [ 101.51865113472175, 3.256807801458011 ], [ 101.518642657795638, 3.256828743713895 ], [ 101.518634180871359, 3.256849685065376 ], [ 101.518625704846301, 3.256870626419117 ], [ 101.518617227918668, 3.256891568674734 ], [ 101.518608750992883, 3.256912510025882 ], [ 101.518600274963973, 3.256933452283659 ], [ 101.518514938498967, 3.257143685446095 ], [ 101.51842513211669, 3.256999414921625 ], [ 101.51832512693845, 3.25689924865832 ], [ 101.518330663271399, 3.256887750885902 ], [ 101.518461530263963, 3.256951404461747 ], [ 101.518463007019562, 3.256952122754065 ], [ 101.518480653232459, 3.256915205108692 ], [ 101.518455638809627, 3.25690312634367 ], [ 101.51844589827644, 3.256923504596617 ], [ 101.518395907084326, 3.256899053251525 ], [ 101.518345331964255, 3.256874944025045 ], [ 101.518295048813187, 3.256850663735848 ], [ 101.518304790248166, 3.256830285487882 ], [ 101.518254507101119, 3.256806005197227 ], [ 101.518244765665443, 3.256826383444375 ], [ 101.518194458094143, 3.256802154634102 ], [ 101.518144150526155, 3.256777925821554 ], [ 101.518093842961534, 3.256753697006694 ], [ 101.518043535400267, 3.256729468189559 ], [ 101.517993227842396, 3.256705239370131 ], [ 101.517942920287808, 3.256681010548409 ], [ 101.517892612736617, 3.256656781724394 ], [ 101.51784230519111, 3.256632551993733 ], [ 101.517791997646654, 3.256608323165149 ], [ 101.51774169010551, 3.256584094334222 ], [ 101.517691382567733, 3.256559865501052 ], [ 101.517641075033282, 3.25653563666559 ], [ 101.517590767502199, 3.256511407827784 ], [ 101.517540459974526, 3.256487178987703 ], [ 101.517490152452496, 3.256462949241009 ], [ 101.51750026119592, 3.25644180147001 ], [ 101.517500273355978, 3.256441777086915 ], [ 101.517500205558946, 3.256441744350821 ], [ 101.517493783916109, 3.256438643727551 ], [ 101.517489995407274, 3.256436415455533 ], [ 101.517486615111082, 3.256433600430835 ], [ 101.517483734614814, 3.256430271240667 ], [ 101.517481428368143, 3.256426516705421 ], [ 101.517479758196231, 3.256422436464661 ], [ 101.517478767907917, 3.256418138249708 ], [ 101.517478484202712, 3.256413735173158 ], [ 101.517478913973846, 3.256409344817433 ], [ 101.517480047026211, 3.256405082007132 ], [ 101.517481851575369, 3.256401059701733 ], [ 101.517482472542284, 3.256399930999596 ], [ 101.517443164766604, 3.256378097529507 ], [ 101.517454050067016, 3.256358312827065 ], [ 101.517464935369276, 3.256338527220109 ], [ 101.517475820668565, 3.256318742517279 ], [ 101.517486705967244, 3.256298957814258 ], [ 101.517497591267741, 3.256279172206672 ], [ 101.517508476565297, 3.256259387503348 ], [ 101.517519360962538, 3.256239602797453 ], [ 101.517530246258957, 3.256219818093725 ], [ 101.517541131557138, 3.256200032485468 ], [ 101.517552016852434, 3.256180247781321 ], [ 101.517562902147134, 3.256160463077031 ], [ 101.517573787443595, 3.256140677468228 ], [ 101.517584672737172, 3.256120892763586 ], [ 101.517595558030138, 3.25610110805875 ], [ 101.517606442425119, 3.256081322447024 ], [ 101.517617327716962, 3.256061537741886 ], [ 101.517628213008209, 3.256041753036472 ], [ 101.517639098298886, 3.256021968330897 ], [ 101.517649983591369, 3.256002182720775 ], [ 101.517660868880895, 3.255982398014866 ], [ 101.517671754169868, 3.255962613308728 ], [ 101.517682639460574, 3.255942827698113 ], [ 101.517693523848635, 3.255923042989262 ], [ 101.517704409135888, 3.255903258282631 ], [ 101.517715294424875, 3.255883472671435 ], [ 101.517726179710976, 3.255863687964349 ], [ 101.517737064996524, 3.255843903257172 ], [ 101.517747950281446, 3.255824118549751 ], [ 101.517758835568188, 3.255804332937867 ], [ 101.517769720851959, 3.25578454823011 ], [ 101.51778060523543, 3.255764763519799 ], [ 101.517791490520437, 3.255744977907336 ], [ 101.517802375802489, 3.255725193199034 ], [ 101.517813261084029, 3.255705408490538 ], [ 101.517824146367317, 3.25568562287753 ], [ 101.517835031647664, 3.255665838168682 ], [ 101.517845916927456, 3.255646053459658 ], [ 101.51785680130692, 3.25562626874803 ], [ 101.517867686587877, 3.255606483134299 ], [ 101.51787857186595, 3.255586698424712 ], [ 101.517889457143426, 3.25556691371495 ], [ 101.517900342422692, 3.25554712810064 ], [ 101.517911227699045, 3.255527343390475 ], [ 101.517922112974802, 3.255507558680166 ], [ 101.517932998252363, 3.255487773065362 ], [ 101.517943882627222, 3.255467988352273 ], [ 101.51795476790123, 3.255448203641419 ], [ 101.517965653174727, 3.255428418930339 ], [ 101.517976538449929, 3.255408633314796 ], [ 101.517987423722303, 3.25538884860338 ], [ 101.517987981190814, 3.255387835366989 ], [ 101.517987714787679, 3.255388677540636 ], [ 101.517998600059414, 3.255368892829008 ], [ 101.51800948533058, 3.255349108117287 ], [ 101.518020230369871, 3.255329577396683 ], [ 101.518059448445101, 3.255351374987911 ], [ 101.518062646294027, 3.255348556389802 ], [ 101.518066268626839, 3.255345815772131 ], [ 101.51807029597191, 3.255343722818791 ], [ 101.518074615703114, 3.255342337825834 ], [ 101.518079104456007, 3.255341698452606 ], [ 101.518083637115751, 3.25534182336273 ], [ 101.518088085027188, 3.255342708601924 ], [ 101.518092322285838, 3.255344330327715 ], [ 101.518096052515148, 3.255346131594259 ], [ 101.518096119900619, 3.255346164135528 ], [ 101.518115590080683, 3.255305432224587 ], [ 101.518135865059321, 3.255315222349981 ], [ 101.518156140938245, 3.255325012477394 ], [ 101.518176415915605, 3.25533480350644 ], [ 101.518196691795637, 3.255344593633082 ], [ 101.518199428395519, 3.255338864393352 ], [ 101.518199362819885, 3.255338830024168 ], [ 101.518029438284913, 3.255256778060222 ], [ 101.517779295319187, 3.25571144025407 ], [ 101.517704897749596, 3.255846665885244 ], [ 101.517406636848747, 3.25639212585621 ], [ 101.517408576188117, 3.256398234335214 ], [ 101.517412981414083, 3.256412113947356 ], [ 101.517428857545241, 3.256462133952841 ], [ 101.518145872529274, 3.25680852601272 ], [ 101.518282055361411, 3.256894409793736 ], [ 101.518403888738646, 3.257016439601638 ], [ 101.518492161115873, 3.257158245398474 ], [ 101.518516162772073, 3.257209069840068 ], [ 101.518517197239802, 3.257211252011866 ] ] ] } },
{ "type": "Feature", "properties": { "Tarikh_Moh": null, "Daerah": "MPS", "UPI": null, "sts_warta": "Belum Warta", "no_lot": "35750", "no_pt": null, "nama": null, "gtn1": "Tanah Lapang dan Rekreasi", "gtn2": "Tanah Lapang", "gtn3": "Tanah Lapang Lain", "kod_gtn": "TLR107", "no_warta": null, "trkh_warta": "1899-12-30T00:00:00", "serah_PTD": "1899-12-30T00:00:00", "luas_h": 0.0846, "selenggara": null, "catatan": "Komited Jul-Dis 2025", "tahun_data": 2025, "PBT": "MPS" }, "geometry": { "type": "Polygon", "coordinates": [ [ [ 101.555166096931501, 3.235652581570014 ], [ 101.555589275962163, 3.235605653447795 ], [ 101.555544593397258, 3.235339689694678 ], [ 101.555544023213969, 3.235337466250306 ], [ 101.555543089209266, 3.235335370288519 ], [ 101.555541816419421, 3.235333463369195 ], [ 101.555540241598138, 3.235331798943169 ], [ 101.555538410507907, 3.235330425962715 ], [ 101.555536375237111, 3.235329382544245 ], [ 101.555534194192958, 3.235328698681227 ], [ 101.555531929406854, 3.235328394428614 ], [ 101.555529646536826, 3.235328478998561 ], [ 101.55551518401748, 3.2353302505373 ], [ 101.555544595115904, 3.23550530992599 ], [ 101.555504136346599, 3.235587352309135 ], [ 101.555415299207723, 3.235597186737734 ], [ 101.555171755611923, 3.235624211384987 ], [ 101.554998686989123, 3.235527914078106 ], [ 101.554788914849183, 3.235411194522993 ], [ 101.55475676385764, 3.23539330531665 ], [ 101.554743926462578, 3.235386162353818 ], [ 101.554731837499602, 3.235379434600623 ], [ 101.554730199805448, 3.235365702413328 ], [ 101.554696606002622, 3.235088763094903 ], [ 101.555323074413437, 3.235011991322778 ], [ 101.555329069697279, 3.235061412983116 ], [ 101.555467177773252, 3.235044488446737 ], [ 101.555473434888356, 3.235081527563759 ], [ 101.555473663583157, 3.235082880149311 ], [ 101.555499536630336, 3.235079709056454 ], [ 101.555502773550273, 3.235106389264444 ], [ 101.555507162272036, 3.235142572591994 ], [ 101.555484127905629, 3.235145395569168 ], [ 101.555486753212094, 3.235161023091427 ], [ 101.555499921493464, 3.235159409201418 ], [ 101.555502149551899, 3.235158941952076 ], [ 101.555504267882938, 3.235158104543058 ], [ 101.555506217039351, 3.235156922143423 ], [ 101.555507939354996, 3.235155427161436 ], [ 101.555509388835063, 3.235153661983287 ], [ 101.55551052126124, 3.235151678043107 ], [ 101.555511787819867, 3.235148251110424 ], [ 101.555512229939907, 3.235147053987038 ], [ 101.555489864285974, 3.235013929172333 ], [ 101.555489215369121, 3.235014007992122 ], [ 101.555489192320792, 3.235013872280937 ], [ 101.555352914901604, 3.235030572725504 ], [ 101.555346937256814, 3.234981290380011 ], [ 101.555346436842953, 3.234981351494267 ], [ 101.555346420960404, 3.234981228462346 ], [ 101.554666022702406, 3.235064734693134 ], [ 101.55470629647651, 3.235396743264046 ], [ 101.554710323386317, 3.235399003627045 ], [ 101.5547103521872, 3.235399000083655 ], [ 101.555166096931501, 3.235652581570014 ] ] ] } },
{ "type": "Feature", "properties": { "Tarikh_Moh": null, "Daerah": "MPS", "UPI": null, "sts_warta": "Belum Warta", "no_lot": "35750", "no_pt": null, "nama": null, "gtn1": "Tanah Lapang dan Rekreasi", "gtn2": "Tanah Lapang", "gtn3": "Tanah Lapang Lain", "kod_gtn": "TLR107", "no_warta": null, "trkh_warta": "1899-12-30T00:00:00", "serah_PTD": "1899-12-30T00:00:00", "luas_h": 0.0022, "selenggara": null, "catatan": "Komited Jul-Dis 2025", "tahun_data": 2025, "PBT": "MPS" }, "geometry": { "type": "Polygon", "coordinates": [ [ [ 101.555410937975566, 3.235171274424389 ], [ 101.555403715075244, 3.235111733588552 ], [ 101.555403227898424, 3.235109419922894 ], [ 101.555402348129292, 3.235107225526712 ], [ 101.555401102587467, 3.2351052182949 ], [ 101.555399529807801, 3.235103458917675 ], [ 101.555397676438673, 3.235102001775692 ], [ 101.555395599055601, 3.235100889518527 ], [ 101.55539336145506, 3.235100155770958 ], [ 101.555391031055393, 3.23509982512349 ], [ 101.555388678915293, 3.23509990589787 ], [ 101.555375143426261, 3.235101564060196 ], [ 101.555376232674405, 3.235110544306428 ], [ 101.555377259603873, 3.235110418527547 ], [ 101.555377014611679, 3.235108398492355 ], [ 101.555378801162846, 3.235108179708679 ], [ 101.555386813678865, 3.235174230250531 ], [ 101.555410937975566, 3.235171274424389 ] ] ] } },
{ "type": "Feature", "properties": { "Tarikh_Moh": null, "Daerah": "MPS", "UPI": null, "sts_warta": "Belum Warta", "no_lot": "35750", "no_pt": null, "nama": null, "gtn1": "Tanah Lapang dan Rekreasi", "gtn2": "Tanah Lapang", "gtn3": "Tanah Lapang Lain", "kod_gtn": "TLR107", "no_warta": null, "trkh_warta": "1899-12-30T00:00:00", "serah_PTD": "1899-12-30T00:00:00", "luas_h": 0.0012, "selenggara": null, "catatan": "Komited Jul-Dis 2025", "tahun_data": 2025, "PBT": "MPS" }, "geometry": { "type": "Polygon", "coordinates": [ [ [ 101.555413936465413, 3.23528569643444 ], [ 101.555416239260069, 3.235285206768703 ], [ 101.555418421592606, 3.235284322498396 ], [ 101.555420418612727, 3.235283070587264 ], [ 101.555422169041492, 3.235281488860469 ], [ 101.555423619667749, 3.235279626920398 ], [ 101.555424726266352, 3.235277538914152 ], [ 101.555425455381311, 3.235275289868766 ], [ 101.555425785246328, 3.23527294755434 ], [ 101.555425704882921, 3.23527058338597 ], [ 101.55541836831209, 3.235210099927796 ], [ 101.555418087529077, 3.235208709225793 ], [ 101.555417594253399, 3.2352073785691 ], [ 101.555416899194583, 3.235206142350391 ], [ 101.555416021171226, 3.235205030461468 ], [ 101.55541498080602, 3.23520407099004 ], [ 101.555413803234259, 3.235203286609293 ], [ 101.55541251899875, 3.235202696389058 ], [ 101.555411157751834, 3.235202315779379 ], [ 101.555409754560358, 3.235202153913751 ], [ 101.555408343605222, 3.235202214497459 ], [ 101.55540387677577, 3.235202761907796 ], [ 101.555405548535646, 3.235216547539545 ], [ 101.555411802818611, 3.235215780443467 ], [ 101.555418148857612, 3.235268091490238 ], [ 101.555418366525984, 3.235269888081665 ], [ 101.555416579074702, 3.2352701068631 ], [ 101.555416498011994, 3.23526943291667 ], [ 101.555398627991224, 3.235271623455187 ], [ 101.55539868263439, 3.235272072151477 ], [ 101.555400535075961, 3.235287338662899 ], [ 101.555413936465413, 3.23528569643444 ] ] ] } },
{ "type": "Feature", "properties": { "Tarikh_Moh": null, "Daerah": "MPS", "UPI": null, "sts_warta": "Belum Warta", "no_lot": "35750", "no_pt": null, "nama": null, "gtn1": "Tanah Lapang dan Rekreasi", "gtn2": "Tanah Lapang", "gtn3": "Tanah Lapang Lain", "kod_gtn": "TLR107", "no_warta": null, "trkh_warta": "1899-12-30T00:00:00", "serah_PTD": "1899-12-30T00:00:00", "luas_h": 0.0047, "selenggara": null, "catatan": "Komited Jul-Dis 2025", "tahun_data": 2025, "PBT": "MPS" }, "geometry": { "type": "Polygon", "coordinates": [ [ [ 101.554796322299026, 3.235361384071274 ], [ 101.554858195501325, 3.235353800965657 ], [ 101.554857542495299, 3.235348413000176 ], [ 101.55485888263334, 3.235348249140023 ], [ 101.554855287055915, 3.23531861351103 ], [ 101.554834290345653, 3.235321186679859 ], [ 101.554836060814836, 3.23533577924185 ], [ 101.554836251160509, 3.235337351485085 ], [ 101.554836278481943, 3.235337575833185 ], [ 101.554834491930393, 3.235337794615643 ], [ 101.554834464606657, 3.23533757117185 ], [ 101.554819498972691, 3.235339404709785 ], [ 101.554819444332125, 3.235338955109189 ], [ 101.554787502403769, 3.235342869329664 ], [ 101.554787584365727, 3.235343543278346 ], [ 101.554785797814176, 3.235343762060702 ], [ 101.554785579245149, 3.235341966371355 ], [ 101.554786026558403, 3.235341911451431 ], [ 101.554783378859668, 3.23532059010652 ], [ 101.554782992749395, 3.235320637044619 ], [ 101.554778921303765, 3.235287073521006 ], [ 101.554775448223168, 3.235258448362337 ], [ 101.554766326266744, 3.235183242082558 ], [ 101.554768111932034, 3.235183017871842 ], [ 101.554768356920391, 3.23518503881126 ], [ 101.554836037976045, 3.235176744440072 ], [ 101.554835792987475, 3.235174723500642 ], [ 101.554838473265306, 3.235174394875838 ], [ 101.554837928643011, 3.235169905205107 ], [ 101.554774044799061, 3.235177733648666 ], [ 101.554770975005624, 3.235178386836902 ], [ 101.554768064928965, 3.235179565860874 ], [ 101.554765401935867, 3.235181234771203 ], [ 101.554763068931237, 3.235183343137544 ], [ 101.554761134458531, 3.235185826927431 ], [ 101.554759658993575, 3.235188610331252 ], [ 101.554758686837559, 3.235191609358596 ], [ 101.554758247914222, 3.235194732747385 ], [ 101.554758354164036, 3.235197884667572 ], [ 101.55477627469881, 3.235345612297456 ], [ 101.554776835358297, 3.235348395507861 ], [ 101.55477782190988, 3.235351055917327 ], [ 101.554779211125904, 3.23535352835316 ], [ 101.55478096807299, 3.235355751230074 ], [ 101.55478304879729, 3.235357671983043 ], [ 101.554785403039929, 3.235359240743802 ], [ 101.5547879724121, 3.235360420284085 ], [ 101.554790694005717, 3.23536118150317 ], [ 101.554793500388527, 3.235361505236501 ], [ 101.554796322299026, 3.235361384071274 ] ] ] } },
{ "type": "Feature", "properties": { "Tarikh_Moh": null, "Daerah": "MPS", "UPI": null, "sts_warta": "Belum Warta", "no_lot": "35750", "no_pt": null, "nama": null, "gtn1": "Tanah Lapang dan Rekreasi", "gtn2": "Tanah Lapang", "gtn3": "Tanah Lapang Lain", "kod_gtn": "TLR107", "no_warta": null, "trkh_warta": "1899-12-30T00:00:00", "serah_PTD": "1899-12-30T00:00:00", "luas_h": 0.0058, "selenggara": null, "catatan": "Komited Jul-Dis 2025", "tahun_data": 2025, "PBT": "MPS" }, "geometry": { "type": "Polygon", "coordinates": [ [ [ 101.554759048124097, 3.235393025413571 ], [ 101.554745182873788, 3.235385310975388 ], [ 101.554741642962341, 3.235382957812078 ], [ 101.55473851377603, 3.235380077566054 ], [ 101.554735872517625, 3.235376739165966 ], [ 101.554733783756674, 3.235373025977669 ], [ 101.554732299443501, 3.235369030378 ], [ 101.554731456218917, 3.235364850130565 ], [ 101.554698494284878, 3.235093118757986 ], [ 101.555315885037871, 3.235017459522123 ], [ 101.555316048964997, 3.235018806515193 ], [ 101.555321495200673, 3.235063708649914 ], [ 101.555439210490519, 3.235049282886684 ], [ 101.555442033302384, 3.235049160817049 ], [ 101.555444839684895, 3.235049484548039 ], [ 101.555447560378852, 3.235050245762583 ], [ 101.55545013065128, 3.235051425303145 ], [ 101.555452484892527, 3.23505299496639 ], [ 101.55545456562038, 3.235054914813417 ], [ 101.555456322566741, 3.235057138593425 ], [ 101.555457710884937, 3.235059611026025 ], [ 101.555458698340658, 3.235062270532922 ], [ 101.555459259002475, 3.235065053743193 ], [ 101.55546824620437, 3.235139141908018 ], [ 101.555469498487952, 3.235149466432211 ], [ 101.555469985662683, 3.235151781002184 ], [ 101.555470865434344, 3.23515397449402 ], [ 101.555472110976339, 3.235155981725791 ], [ 101.555473684656022, 3.235157741105254 ], [ 101.555475538023146, 3.235159199151502 ], [ 101.5554776145067, 3.235160311406208 ], [ 101.555479852109812, 3.235161044249291 ], [ 101.555482182507475, 3.235161375800871 ], [ 101.555484534647761, 3.235161295026323 ], [ 101.555486753212094, 3.235161023091427 ], [ 101.555484127905629, 3.235145395569168 ], [ 101.555471423139892, 3.235146951867244 ], [ 101.555463797498589, 3.235084089236195 ], [ 101.555473663583157, 3.235082880149311 ], [ 101.555473434888356, 3.235081527563759 ], [ 101.555467177773252, 3.235044488446737 ], [ 101.555329069697279, 3.235061412983116 ], [ 101.555323074413437, 3.235011991322778 ], [ 101.554696606002622, 3.235088763094903 ], [ 101.554730199805448, 3.235365702413328 ], [ 101.554731837499602, 3.235379434600623 ], [ 101.554743926462578, 3.235386162353818 ], [ 101.55475676385764, 3.23539330531665 ], [ 101.554759048124097, 3.235393025413571 ] ] ] } },
{ "type": "Feature", "properties": { "Tarikh_Moh": null, "Daerah": "MPS", "UPI": null, "sts_warta": "Belum Warta", "no_lot": "35750", "no_pt": null, "nama": null, "gtn1": "Tanah Lapang dan Rekreasi", "gtn2": "Tanah Lapang", "gtn3": "Tanah Lapang Lain", "kod_gtn": "TLR107", "no_warta": null, "trkh_warta": "1899-12-30T00:00:00", "serah_PTD": "1899-12-30T00:00:00", "luas_h": 0.0017, "selenggara": null, "catatan": "Komited Jul-Dis 2025", "tahun_data": 2025, "PBT": "MPS" }, "geometry": { "type": "Polygon", "coordinates": [ [ [ 101.555435181450093, 3.235412284473039 ], [ 101.555428022974851, 3.235353237572974 ], [ 101.555427602701215, 3.235351151070079 ], [ 101.555426861887895, 3.235349155082666 ], [ 101.555425821097842, 3.235347301211334 ], [ 101.555424503611576, 3.235345633828859 ], [ 101.555422942616005, 3.23534419371611 ], [ 101.555421177610029, 3.235343016244109 ], [ 101.555419249905725, 3.235342131362376 ], [ 101.555417208933605, 3.23534156090223 ], [ 101.555415104147201, 3.235341317651564 ], [ 101.555412987715258, 3.235341408074909 ], [ 101.555407179847236, 3.235342119343898 ], [ 101.555407833754273, 3.235347508216324 ], [ 101.555407386443235, 3.235347562232262 ], [ 101.555412833582039, 3.235392464372576 ], [ 101.555413503200128, 3.235392382893032 ], [ 101.555414129787863, 3.235397546513007 ], [ 101.555416198098371, 3.23541460961174 ], [ 101.555435181450093, 3.235412284473039 ] ] ] } },
{ "type": "Feature", "properties": { "Tarikh_Moh": null, "Daerah": "MPS", "UPI": null, "sts_warta": "Belum Warta", "no_lot": "35750", "no_pt": null, "nama": null, "gtn1": "Tanah Lapang dan Rekreasi", "gtn2": "Tanah Lapang", "gtn3": "Tanah Lapang Lain", "kod_gtn": "TLR107", "no_warta": null, "trkh_warta": "1899-12-30T00:00:00", "serah_PTD": "1899-12-30T00:00:00", "luas_h": 0.006, "selenggara": null, "catatan": "Komited Jul-Dis 2025", "tahun_data": 2025, "PBT": "MPS" }, "geometry": { "type": "Polygon", "coordinates": [ [ [ 101.555001826280417, 3.235527529658686 ], [ 101.554984093094035, 3.235517662887134 ], [ 101.554975832995439, 3.235512173077999 ], [ 101.554968529765787, 3.235505449486032 ], [ 101.554962365629038, 3.235497658979269 ], [ 101.554957492153548, 3.235488993668738 ], [ 101.554954030261342, 3.235479667290929 ], [ 101.554952063938941, 3.235469911574353 ], [ 101.554944513461791, 3.235407581795868 ], [ 101.554944221981614, 3.23540615217944 ], [ 101.554943705400845, 3.235404787097499 ], [ 101.554942978018758, 3.23540352456937 ], [ 101.554942056852155, 3.235402395386574 ], [ 101.554940967917588, 3.235401429459305 ], [ 101.554939738140547, 3.235400653082916 ], [ 101.554938399865677, 3.235400084427398 ], [ 101.554936989038822, 3.235399740767702 ], [ 101.55493764204536, 3.235405128733238 ], [ 101.554936301907205, 3.235405292593544 ], [ 101.55494109688604, 3.235444817620993 ], [ 101.554937969303182, 3.235445197548585 ], [ 101.554916525287737, 3.235447821117196 ], [ 101.554895081269919, 3.235450445589587 ], [ 101.554873638142652, 3.235453073681098 ], [ 101.554872074797643, 3.235453265002422 ], [ 101.554866627688142, 3.235408362864128 ], [ 101.554814087755688, 3.235414801539353 ], [ 101.554807751949298, 3.235415075552353 ], [ 101.554801451070958, 3.235414352160929 ], [ 101.554795340731971, 3.235412648947614 ], [ 101.554789568383882, 3.235410007891296 ], [ 101.554759048124097, 3.235393025413571 ], [ 101.55475676385764, 3.23539330531665 ], [ 101.554788914849183, 3.235411194522993 ], [ 101.554998686989123, 3.235527914078106 ], [ 101.555001826280417, 3.235527529658686 ] ] ] } },
{ "type": "Feature", "properties": { "Tarikh_Moh": null, "Daerah": "MPS", "UPI": null, "sts_warta": "Belum Warta", "no_lot": "35750", "no_pt": null, "nama": null, "gtn1": "Tanah Lapang dan Rekreasi", "gtn2": "Tanah Lapang", "gtn3": "Tanah Lapang Lain", "kod_gtn": "TLR107", "no_warta": null, "trkh_warta": "1899-12-30T00:00:00", "serah_PTD": "1899-12-30T00:00:00", "luas_h": 0.0052, "selenggara": null, "catatan": "Komited Jul-Dis 2025", "tahun_data": 2025, "PBT": "MPS" }, "geometry": { "type": "Polygon", "coordinates": [ [ [ 101.555504136346599, 3.235587352309135 ], [ 101.555544595115904, 3.23550530992599 ], [ 101.55551518401748, 3.2353302505373 ], [ 101.555502498145756, 3.235331805979525 ], [ 101.555500656270709, 3.23533219735149 ], [ 101.555498910764967, 3.23533290458795 ], [ 101.55549731296891, 3.235333906116555 ], [ 101.555495912446418, 3.235335171316761 ], [ 101.55549475248614, 3.2353366605086 ], [ 101.555493867388648, 3.235338330371563 ], [ 101.555493283377402, 3.235340129425226 ], [ 101.555493019485013, 3.235342003457722 ], [ 101.555493083956264, 3.23534389461204 ], [ 101.555499918233338, 3.235400226735412 ], [ 101.555517790051908, 3.235398038008537 ], [ 101.555518879301331, 3.235407018255428 ], [ 101.555519968548438, 3.235415999406675 ], [ 101.555521056898101, 3.235424979651295 ], [ 101.555522146147496, 3.235433959898219 ], [ 101.555523234497201, 3.235442940142899 ], [ 101.55552432374661, 3.23545192038987 ], [ 101.555525413898053, 3.235460899734812 ], [ 101.555526502245442, 3.235469880883856 ], [ 101.555527591494865, 3.235478861130872 ], [ 101.555528680744331, 3.235487841377923 ], [ 101.555529769993754, 3.235496821625011 ], [ 101.555530859240875, 3.23550580277639 ], [ 101.555531948490341, 3.235514783023525 ], [ 101.555533037739778, 3.235523763270619 ], [ 101.555515167715654, 3.235525952906262 ], [ 101.55551518181943, 3.235526067794536 ], [ 101.555515493346562, 3.235535536199494 ], [ 101.55551416306642, 3.235544914473612 ], [ 101.555511233991268, 3.235553917858178 ], [ 101.555506793190574, 3.23556227346421 ], [ 101.555500976271588, 3.235569727518638 ], [ 101.555493960162906, 3.235576052580657 ], [ 101.555485958590509, 3.235581057477817 ], [ 101.555477213075719, 3.235584589091661 ], [ 101.555467990213089, 3.235586541394212 ], [ 101.555459472365641, 3.235587583926569 ], [ 101.555414803127562, 3.235593067068832 ], [ 101.555415299207723, 3.235597186737734 ], [ 101.555504136346599, 3.235587352309135 ] ] ] } },
{ "type": "Feature", "properties": { "Tarikh_Moh": null, "Daerah": "MPS", "UPI": null, "sts_warta": "Belum Warta", "no_lot": "35750", "no_pt": null, "nama": null, "gtn1": "Tanah Lapang dan Rekreasi", "gtn2": "Tanah Lapang", "gtn3": "Tanah Lapang Lain", "kod_gtn": "TLR107", "no_warta": null, "trkh_warta": "1899-12-30T00:00:00", "serah_PTD": "1899-12-30T00:00:00", "luas_h": 0.0477, "selenggara": null, "catatan": "Komited Jul-Dis 2025", "tahun_data": 2025, "PBT": "MPS" }, "geometry": { "type": "Polygon", "coordinates": [ [ [ 101.555415299207723, 3.235597186737734 ], [ 101.555414800453661, 3.235593057114154 ], [ 101.555412190189912, 3.23557151520247 ], [ 101.555409580851205, 3.235549963345456 ], [ 101.555406972409983, 3.235528412395197 ], [ 101.5554043621716, 3.235506860536073 ], [ 101.555401751937822, 3.23548530686835 ], [ 101.555443421338509, 3.235480208505175 ], [ 101.555440878085662, 3.235459204852274 ], [ 101.555421891129285, 3.235461531790335 ], [ 101.555423634284651, 3.235475900909786 ], [ 101.555400949125655, 3.23547867865842 ], [ 101.555371142958407, 3.235482328892321 ], [ 101.555261466687313, 3.235495752473658 ], [ 101.555001826280417, 3.235527529658686 ], [ 101.554998686989123, 3.235527914078106 ], [ 101.555171755611923, 3.235624211384987 ], [ 101.555415299207723, 3.235597186737734 ] ] ] } },
{ "type": "Feature", "properties": { "Tarikh_Moh": null, "Daerah": "MPS", "UPI": null, "sts_warta": "Belum Warta", "no_lot": "LOT 11696", "no_pt": null, "nama": null, "gtn1": "Tanah Lapang dan Rekreasi", "gtn2": "Tanah Lapang", "gtn3": "Tanah Lapang Lain", "kod_gtn": "TLR107", "no_warta": null, "trkh_warta": "1899-12-30T00:00:00", "serah_PTD": "1899-12-30T00:00:00", "luas_h": 0.0652, "selenggara": null, "catatan": "Komited Jul-Dis 2025", "tahun_data": 2025, "PBT": "MPS" }, "geometry": { "type": "Polygon", "coordinates": [ [ [ 101.513472961643856, 3.28717790254288 ], [ 101.513512810954964, 3.287135320510528 ], [ 101.513503158073391, 3.286818553677382 ], [ 101.513460809328436, 3.286778519927526 ], [ 101.513364874033073, 3.286781473374379 ], [ 101.513377044300753, 3.287180855124895 ], [ 101.513472961643856, 3.28717790254288 ] ] ] } },
{ "type": "Feature", "properties": { "Tarikh_Moh": null, "Daerah": "MPS", "UPI": null, "sts_warta": "Belum Warta", "no_lot": "LOT 11696", "no_pt": null, "nama": null, "gtn1": "Tanah Lapang dan Rekreasi", "gtn2": "Tanah Lapang", "gtn3": "Tanah Lapang Lain", "kod_gtn": "TLR107", "no_warta": null, "trkh_warta": "1899-12-30T00:00:00", "serah_PTD": "1899-12-30T00:00:00", "luas_h": 0.0652, "selenggara": null, "catatan": "Komited Jul-Dis 2025", "tahun_data": 2025, "PBT": "MPS" }, "geometry": { "type": "Polygon", "coordinates": [ [ [ 101.513489328789476, 3.287715002724886 ], [ 101.513529177228648, 3.287672421595042 ], [ 101.513519525233889, 3.287355671011804 ], [ 101.513477157613323, 3.287315620925573 ], [ 101.513381241154178, 3.287318573507231 ], [ 101.513393411384783, 3.287717955296254 ], [ 101.513489328789476, 3.287715002724886 ] ] ] } },
{ "type": "Feature", "properties": { "Tarikh_Moh": null, "Daerah": "MPS", "UPI": null, "sts_warta": "Belum Warta", "no_lot": "LOT 11696", "no_pt": null, "nama": null, "gtn1": "Tanah Lapang dan Rekreasi", "gtn2": "Tanah Lapang", "gtn3": "Tanah Lapang Lain", "kod_gtn": "TLR107", "no_warta": null, "trkh_warta": "1899-12-30T00:00:00", "serah_PTD": "1899-12-30T00:00:00", "luas_h": 0.0219, "selenggara": null, "catatan": "Komited Jul-Dis 2025", "tahun_data": 2025, "PBT": "MPS" }, "geometry": { "type": "Polygon", "coordinates": [ [ [ 101.513496864048918, 3.286611991947194 ], [ 101.513491611917317, 3.286439648858421 ], [ 101.513449262288461, 3.286399615112245 ], [ 101.512865300083064, 3.286417590421186 ], [ 101.51286593502418, 3.286438429101841 ], [ 101.51346358235584, 3.286420032207621 ], [ 101.513470296659548, 3.286640380870583 ], [ 101.513496864048918, 3.286611991947194 ] ] ] } },
{ "type": "Feature", "properties": { "Tarikh_Moh": null, "Daerah": "MPS", "UPI": null, "sts_warta": "Belum Warta", "no_lot": "LOT 11696", "no_pt": null, "nama": null, "gtn1": "Tanah Lapang dan Rekreasi", "gtn2": "Tanah Lapang", "gtn3": "Tanah Lapang Lain", "kod_gtn": "TLR107", "no_warta": null, "trkh_warta": "1899-12-30T00:00:00", "serah_PTD": "1899-12-30T00:00:00", "luas_h": 0.0121, "selenggara": null, "catatan": "Komited Jul-Dis 2025", "tahun_data": 2025, "PBT": "MPS" }, "geometry": { "type": "Polygon", "coordinates": [ [ [ 101.512827470709723, 3.288093778325553 ], [ 101.512777111393731, 3.286441163364599 ], [ 101.512824845501811, 3.286439693744763 ], [ 101.512824210561689, 3.286418855064325 ], [ 101.512771329241744, 3.286420482961387 ], [ 101.51282207062529, 3.288093944074209 ], [ 101.512827470709723, 3.288093778325553 ] ] ] } },
{ "type": "Feature", "properties": { "Tarikh_Moh": null, "Daerah": "MPS", "UPI": null, "sts_warta": "Belum Warta", "no_lot": "LOT 11696", "no_pt": null, "nama": null, "gtn1": "Tanah Lapang dan Rekreasi", "gtn2": "Tanah Lapang", "gtn3": "Tanah Lapang Lain", "kod_gtn": "TLR107", "no_warta": null, "trkh_warta": "1899-12-30T00:00:00", "serah_PTD": "1899-12-30T00:00:00", "luas_h": 0.001, "selenggara": null, "catatan": "Komited Jul-Dis 2025", "tahun_data": 2025, "PBT": "MPS" }, "geometry": { "type": "Polygon", "coordinates": [ [ [ 101.513490353613889, 3.286398350442824 ], [ 101.513449262288461, 3.286399615112245 ], [ 101.513491611917317, 3.286439648858421 ], [ 101.513490353613889, 3.286398350442824 ] ] ] } },
{ "type": "Feature", "properties": { "Tarikh_Moh": null, "Daerah": "MPS", "UPI": null, "sts_warta": "Belum Warta", "no_lot": "LOT 11696", "no_pt": null, "nama": null, "gtn1": "Tanah Lapang dan Rekreasi", "gtn2": "Tanah Lapang", "gtn3": "Tanah Lapang Lain", "kod_gtn": "TLR107", "no_warta": null, "trkh_warta": "1899-12-30T00:00:00", "serah_PTD": "1899-12-30T00:00:00", "luas_h": 0.0056, "selenggara": null, "catatan": "Komited Jul-Dis 2025", "tahun_data": 2025, "PBT": "MPS" }, "geometry": { "type": "Polygon", "coordinates": [ [ [ 101.51354009194992, 3.288030488722347 ], [ 101.513535472074963, 3.287878998740715 ], [ 101.513507227879273, 3.287852298680177 ], [ 101.513512682983006, 3.288031331787614 ], [ 101.51354009194992, 3.288030488722347 ] ] ] } },
{ "type": "Feature", "properties": { "Tarikh_Moh": null, "Daerah": "MPS", "UPI": null, "sts_warta": "Belum Warta", "no_lot": "PT 43405", "no_pt": null, "nama": null, "gtn1": "Tanah Lapang dan Rekreasi", "gtn2": "Tanah Lapang", "gtn3": "Tanah Lapang Lain", "kod_gtn": "TLR107", "no_warta": null, "trkh_warta": "1899-12-30T00:00:00", "serah_PTD": "1899-12-30T00:00:00", "luas_h": 0.0025, "selenggara": null, "catatan": "Komited Jul-Dis 2025", "tahun_data": 2025, "PBT": "MPS" }, "geometry": { "type": "Polygon", "coordinates": [ [ [ 101.549705207825411, 3.30943257755535 ], [ 101.549685756994393, 3.309423568553772 ], [ 101.54966630706366, 3.30941455955415 ], [ 101.549646856231277, 3.309405551456206 ], [ 101.549627405401694, 3.309396542453531 ], [ 101.549607954572608, 3.30938753345056 ], [ 101.549588504641505, 3.309378525353838 ], [ 101.549569053813372, 3.309369516350146 ], [ 101.549549602985749, 3.309360507346067 ], [ 101.549530153056054, 3.309351499248327 ], [ 101.549510702229412, 3.309342490243526 ], [ 101.549491251403239, 3.309333481238378 ], [ 101.549471801474994, 3.309324473139568 ], [ 101.549452350649815, 3.309315464133749 ], [ 101.549432899825106, 3.309306455127531 ], [ 101.549413448998507, 3.309297447025321 ], [ 101.549393999074553, 3.309288438020737 ], [ 101.549374548251308, 3.30927942901345 ], [ 101.549355097428503, 3.309270420005853 ], [ 101.549335647503668, 3.309261411904517 ], [ 101.549353574293448, 3.309222314258232 ], [ 101.549333388290933, 3.309212965114221 ], [ 101.549314413639493, 3.3092543471582 ], [ 101.549327415005223, 3.309260369530838 ], [ 101.549346866736485, 3.309269374923936 ], [ 101.549366326559635, 3.309278383050705 ], [ 101.549385781865567, 3.309287398400276 ], [ 101.549405230880282, 3.309296411020104 ], [ 101.549424683506317, 3.309305419127155 ], [ 101.549444135228413, 3.309314429040188 ], [ 101.549463586962574, 3.30932343443116 ], [ 101.549483043191671, 3.309332441642098 ], [ 101.549502497610021, 3.30934145336979 ], [ 101.549521947536718, 3.309350462372413 ], [ 101.549541395668925, 3.309359469561317 ], [ 101.549560850993146, 3.309368479481573 ], [ 101.549580304508979, 3.309377493014227 ], [ 101.549599752628694, 3.309386505628129 ], [ 101.549619201651055, 3.309395517339721 ], [ 101.549638653382601, 3.309404525440512 ], [ 101.549658103312709, 3.309413534440648 ], [ 101.549677554145433, 3.309422542538413 ], [ 101.549697004978611, 3.309431550635802 ], [ 101.549704159964946, 3.309434861954407 ], [ 101.549705207825411, 3.30943257755535 ] ] ] } },
{ "type": "Feature", "properties": { "Tarikh_Moh": null, "Daerah": "MPS", "UPI": null, "sts_warta": "Belum Warta", "no_lot": "PT 43405", "no_pt": null, "nama": null, "gtn1": "Tanah Lapang dan Rekreasi", "gtn2": "Tanah Lapang", "gtn3": "Tanah Lapang Lain", "kod_gtn": "TLR107", "no_warta": null, "trkh_warta": "1899-12-30T00:00:00", "serah_PTD": "1899-12-30T00:00:00", "luas_h": 0.001, "selenggara": null, "catatan": "Komited Jul-Dis 2025", "tahun_data": 2025, "PBT": "MPS" }, "geometry": { "type": "Polygon", "coordinates": [ [ [ 101.549740019501016, 3.309401297536331 ], [ 101.549723135509339, 3.309393478091031 ], [ 101.549705207825411, 3.30943257755535 ], [ 101.549704159964946, 3.309434861954407 ], [ 101.549716456719096, 3.309440556022148 ], [ 101.54972104485924, 3.30944268049825 ], [ 101.549740019501016, 3.309401297536331 ] ] ] } },
{ "type": "Feature", "properties": { "Tarikh_Moh": null, "Daerah": "MPS", "UPI": null, "sts_warta": "Belum Warta", "no_lot": "PT 43405", "no_pt": null, "nama": null, "gtn1": "Tanah Lapang dan Rekreasi", "gtn2": "Tanah Lapang", "gtn3": "Tanah Lapang Lain", "kod_gtn": "TLR107", "no_warta": null, "trkh_warta": "1899-12-30T00:00:00", "serah_PTD": "1899-12-30T00:00:00", "luas_h": 0.0087, "selenggara": null, "catatan": "Komited Jul-Dis 2025", "tahun_data": 2025, "PBT": "MPS" }, "geometry": { "type": "Polygon", "coordinates": [ [ [ 101.547906954811509, 3.308821525645562 ], [ 101.547898805787185, 3.308817766791162 ], [ 101.547880940064147, 3.308856892585724 ], [ 101.547861474796875, 3.308847914259714 ], [ 101.547842715053477, 3.308839261524063 ], [ 101.547842010427601, 3.308838936840069 ], [ 101.547823250684658, 3.30883028410407 ], [ 101.547822546058811, 3.308829959420025 ], [ 101.547803786316322, 3.308821306683677 ], [ 101.547803080793003, 3.308820981092973 ], [ 101.547784321050969, 3.308812328356276 ], [ 101.547783616425178, 3.308812003672206 ], [ 101.5477648566836, 3.308803350935175 ], [ 101.547764152060125, 3.308803025346775 ], [ 101.547738904196081, 3.308791380436942 ], [ 101.547738198670501, 3.308791055750516 ], [ 101.547712246183849, 3.308779085251638 ], [ 101.547730111011802, 3.308739959460029 ], [ 101.547718498225294, 3.308734586381486 ], [ 101.547699670603961, 3.308776156859893 ], [ 101.547880445699391, 3.308859834980396 ], [ 101.547824329660699, 3.308982214144924 ], [ 101.547801561639986, 3.309031867478118 ], [ 101.547778794515992, 3.309081520812913 ], [ 101.54775602648904, 3.309131174144617 ], [ 101.547733258458948, 3.3091808274755 ], [ 101.547677354110462, 3.309302746860422 ], [ 101.54749852489833, 3.309220264763864 ], [ 101.547479703585196, 3.309261821687246 ], [ 101.547489711240829, 3.309266437275036 ], [ 101.547507576992658, 3.309227311491651 ], [ 101.547533529487623, 3.309239281999913 ], [ 101.54755948288323, 3.309251252509849 ], [ 101.547578947256824, 3.309260229938002 ], [ 101.547598411630929, 3.309269207365741 ], [ 101.547617876902962, 3.309278185699833 ], [ 101.547637341277991, 3.309287163126902 ], [ 101.547656806551004, 3.309296141460285 ], [ 101.547676270926999, 3.309305118886634 ], [ 101.547658405179874, 3.309344244675367 ], [ 101.547666554209613, 3.309348002628842 ], [ 101.547906954811509, 3.308821525645562 ] ] ] } },
{ "type": "Feature", "properties": { "Tarikh_Moh": null, "Daerah": "MPS", "UPI": null, "sts_warta": "Belum Warta", "no_lot": "PT 43405", "no_pt": null, "nama": null, "gtn1": "Tanah Lapang dan Rekreasi", "gtn2": "Tanah Lapang", "gtn3": "Tanah Lapang Lain", "kod_gtn": "TLR107", "no_warta": null, "trkh_warta": "1899-12-30T00:00:00", "serah_PTD": "1899-12-30T00:00:00", "luas_h": 0.0085, "selenggara": null, "catatan": "Komited Jul-Dis 2025", "tahun_data": 2025, "PBT": "MPS" }, "geometry": { "type": "Polygon", "coordinates": [ [ [ 101.548372529356485, 3.308659883021718 ], [ 101.548376251264344, 3.308651731773549 ], [ 101.548031791197474, 3.308493195039274 ], [ 101.548017008684283, 3.308525509093211 ], [ 101.548026277559316, 3.308529783622031 ], [ 101.548033721377053, 3.30851348203451 ], [ 101.548041831754006, 3.308517222699514 ], [ 101.548049942131044, 3.308520963364479 ], [ 101.548058052508154, 3.308524704029355 ], [ 101.54806616198556, 3.308528444691847 ], [ 101.548074272362854, 3.308532185356633 ], [ 101.548082382740219, 3.308535926021329 ], [ 101.548090493117698, 3.308539666685971 ], [ 101.54809860349522, 3.308543407350563 ], [ 101.548106713872869, 3.308547148015065 ], [ 101.548114824250561, 3.308550888679529 ], [ 101.548122934628367, 3.30855462934394 ], [ 101.548131045003913, 3.308558370912628 ], [ 101.54813915538189, 3.308562111576912 ], [ 101.548147265759937, 3.308565852241117 ], [ 101.548155375238238, 3.308569592902914 ], [ 101.548163485616442, 3.308573333567017 ], [ 101.548171595994759, 3.308577074231041 ], [ 101.548179706373134, 3.308580814895015 ], [ 101.548187816751607, 3.308584555558911 ], [ 101.548195927130152, 3.308588296222743 ], [ 101.54820403750881, 3.308592036886522 ], [ 101.548212147887511, 3.308595777550238 ], [ 101.548220258266326, 3.308599518213902 ], [ 101.548228368645198, 3.308603258877489 ], [ 101.548236478124352, 3.308606999538706 ], [ 101.548244588503422, 3.30861074020219 ], [ 101.548252698880248, 3.308614481769926 ], [ 101.54826080925946, 3.308618222433268 ], [ 101.548268919638758, 3.308621963096558 ], [ 101.54827703001817, 3.308625703759771 ], [ 101.548285140397624, 3.308629444422946 ], [ 101.548293250777206, 3.308633185086043 ], [ 101.548301361156831, 3.308636925749063 ], [ 101.548309471536584, 3.308640666412083 ], [ 101.548317581916379, 3.308644407074986 ], [ 101.548325691396457, 3.308648147735508 ], [ 101.548333801776437, 3.308651888398296 ], [ 101.548341912156502, 3.308655629061019 ], [ 101.548350022536667, 3.308659369723691 ], [ 101.548358132916874, 3.308663110386286 ], [ 101.548366243294879, 3.308666851953171 ], [ 101.548368807448526, 3.308668034269924 ], [ 101.548372529356485, 3.308659883021718 ] ] ] } },
{ "type": "Feature", "properties": { "Tarikh_Moh": null, "Daerah": "MPS", "UPI": null, "sts_warta": "Belum Warta", "no_lot": "PT 43405", "no_pt": null, "nama": null, "gtn1": "Tanah Lapang dan Rekreasi", "gtn2": "Tanah Lapang", "gtn3": "Tanah Lapang Lain", "kod_gtn": "TLR107", "no_warta": null, "trkh_warta": "1899-12-30T00:00:00", "serah_PTD": "1899-12-30T00:00:00", "luas_h": 0.0087, "selenggara": null, "catatan": "Komited Jul-Dis 2025", "tahun_data": 2025, "PBT": "MPS" }, "geometry": { "type": "Polygon", "coordinates": [ [ [ 101.548486831192889, 3.309023377086548 ], [ 101.548470610424602, 3.309015895761712 ], [ 101.548474332333868, 3.309007744512777 ], [ 101.548478054243049, 3.308999593263761 ], [ 101.548481776152144, 3.308991442014782 ], [ 101.54848549806114, 3.308983290765738 ], [ 101.548489219970079, 3.308975139516717 ], [ 101.548492941876574, 3.308966989172 ], [ 101.548496663785343, 3.308958837922898 ], [ 101.548500385693998, 3.308950686673808 ], [ 101.548504108502414, 3.308942535427009 ], [ 101.548507830410927, 3.308934384177877 ], [ 101.54851155231934, 3.308926232928692 ], [ 101.548515274227697, 3.308918081679518 ], [ 101.54851899613594, 3.308909930430291 ], [ 101.548522718044083, 3.308901779181074 ], [ 101.548526439952155, 3.308893627931806 ], [ 101.548530161860157, 3.308885476682561 ], [ 101.548533883765757, 3.308877326337619 ], [ 101.548537605673587, 3.308869175088293 ], [ 101.548541327581333, 3.308861023838965 ], [ 101.548545049489007, 3.308852872589597 ], [ 101.548548771396582, 3.308844721340254 ], [ 101.548552493304072, 3.308836570090831 ], [ 101.548568714070271, 3.308844051413321 ], [ 101.548570193602572, 3.308840811328022 ], [ 101.548547127905024, 3.308830172320108 ], [ 101.548465449536224, 3.309009049960352 ], [ 101.548343403730797, 3.308952758132416 ], [ 101.548293963113323, 3.308929954910209 ], [ 101.548244522501307, 3.308907150781378 ], [ 101.548195081890071, 3.308884347554584 ], [ 101.548145642181751, 3.308861544327827 ], [ 101.548096201579099, 3.308838740192116 ], [ 101.548046760977215, 3.30881593695844 ], [ 101.547925234717013, 3.308759885180758 ], [ 101.54792149470363, 3.30876807707514 ], [ 101.548484775228957, 3.309027879965344 ], [ 101.548486831192889, 3.309023377086548 ] ] ] } },
{ "type": "Feature", "properties": { "Tarikh_Moh": null, "Daerah": "MPS", "UPI": null, "sts_warta": "Belum Warta", "no_lot": "PT 43405", "no_pt": null, "nama": null, "gtn1": "Tanah Lapang dan Rekreasi", "gtn2": "Tanah Lapang", "gtn3": "Tanah Lapang Lain", "kod_gtn": "TLR107", "no_warta": null, "trkh_warta": "1899-12-30T00:00:00", "serah_PTD": "1899-12-30T00:00:00", "luas_h": 0.0025, "selenggara": null, "catatan": "Komited Jul-Dis 2025", "tahun_data": 2025, "PBT": "MPS" }, "geometry": { "type": "Polygon", "coordinates": [ [ [ 101.549705207825411, 3.30943257755535 ], [ 101.549685756994393, 3.309423568553772 ], [ 101.54966630706366, 3.30941455955415 ], [ 101.549646856231277, 3.309405551456206 ], [ 101.549627405401694, 3.309396542453531 ], [ 101.549607954572608, 3.30938753345056 ], [ 101.549588504641505, 3.309378525353838 ], [ 101.549569053813372, 3.309369516350146 ], [ 101.549549602985749, 3.309360507346067 ], [ 101.549530153056054, 3.309351499248327 ], [ 101.549510702229412, 3.309342490243526 ], [ 101.549491251403239, 3.309333481238378 ], [ 101.549471801474994, 3.309324473139568 ], [ 101.549452350649815, 3.309315464133749 ], [ 101.549432899825106, 3.309306455127531 ], [ 101.549413448998507, 3.309297447025321 ], [ 101.549393999074553, 3.309288438020737 ], [ 101.549374548251308, 3.30927942901345 ], [ 101.549355097428503, 3.309270420005853 ], [ 101.549335647503668, 3.309261411904517 ], [ 101.549353574293448, 3.309222314258232 ], [ 101.549333388290933, 3.309212965114221 ], [ 101.549314413639493, 3.3092543471582 ], [ 101.549327415005223, 3.309260369530838 ], [ 101.549346866736485, 3.309269374923936 ], [ 101.549366326559635, 3.309278383050705 ], [ 101.549385781865567, 3.309287398400276 ], [ 101.549405230880282, 3.309296411020104 ], [ 101.549424683506317, 3.309305419127155 ], [ 101.549444135228413, 3.309314429040188 ], [ 101.549463586962574, 3.30932343443116 ], [ 101.549483043191671, 3.309332441642098 ], [ 101.549502497610021, 3.30934145336979 ], [ 101.549521947536718, 3.309350462372413 ], [ 101.549541395668925, 3.309359469561317 ], [ 101.549560850993146, 3.309368479481573 ], [ 101.549580304508979, 3.309377493014227 ], [ 101.549599752628694, 3.309386505628129 ], [ 101.549619201651055, 3.309395517339721 ], [ 101.549638653382601, 3.309404525440512 ], [ 101.549658103312709, 3.309413534440648 ], [ 101.549677554145433, 3.309422542538413 ], [ 101.549697004978611, 3.309431550635802 ], [ 101.549704159964946, 3.309434861954407 ], [ 101.549705207825411, 3.30943257755535 ] ] ] } },
{ "type": "Feature", "properties": { "Tarikh_Moh": null, "Daerah": "MPS", "UPI": null, "sts_warta": "Belum Warta", "no_lot": "PT 43405", "no_pt": null, "nama": null, "gtn1": "Tanah Lapang dan Rekreasi", "gtn2": "Tanah Lapang", "gtn3": "Tanah Lapang Lain", "kod_gtn": "TLR107", "no_warta": null, "trkh_warta": "1899-12-30T00:00:00", "serah_PTD": "1899-12-30T00:00:00", "luas_h": 0.3578, "selenggara": null, "catatan": "Komited Jul-Dis 2025", "tahun_data": 2025, "PBT": "MPS" }, "geometry": { "type": "Polygon", "coordinates": [ [ [ 101.55051785322992, 3.309030077670601 ], [ 101.55034721267036, 3.308928426931698 ], [ 101.549731504327639, 3.308782459803175 ], [ 101.54969480482788, 3.308773798561992 ], [ 101.549219980289593, 3.30866174265517 ], [ 101.54901695596925, 3.308593512270271 ], [ 101.548980430679848, 3.308673634787908 ], [ 101.550259272918183, 3.309198385300632 ], [ 101.550419021230539, 3.309247424030642 ], [ 101.55051785322992, 3.309030077670601 ] ] ] } },
{ "type": "Feature", "properties": { "Tarikh_Moh": null, "Daerah": "MPS", "UPI": null, "sts_warta": "Belum Warta", "no_lot": "PT 43405", "no_pt": null, "nama": null, "gtn1": "Tanah Lapang dan Rekreasi", "gtn2": "Tanah Lapang", "gtn3": "Tanah Lapang Lain", "kod_gtn": "TLR107", "no_warta": null, "trkh_warta": "1899-12-30T00:00:00", "serah_PTD": "1899-12-30T00:00:00", "luas_h": 0.0219, "selenggara": null, "catatan": "Komited Jul-Dis 2025", "tahun_data": 2025, "PBT": "MPS" }, "geometry": { "type": "Polygon", "coordinates": [ [ [ 101.548595513063617, 3.308785361334403 ], [ 101.548579292298101, 3.308777880012657 ], [ 101.548583014204908, 3.308769728763117 ], [ 101.548586736111616, 3.308761577513512 ], [ 101.548590458915783, 3.308753427170604 ], [ 101.54859418082232, 3.308745275920995 ], [ 101.548597902728801, 3.308737124671347 ], [ 101.548601624635182, 3.308728973421696 ], [ 101.548605346541478, 3.308720822171991 ], [ 101.548609068447703, 3.308712670922299 ], [ 101.548612790353829, 3.308704519672566 ], [ 101.548616512259883, 3.308696368422831 ], [ 101.548620234165853, 3.308688217173094 ], [ 101.548623956071765, 3.308680065923292 ], [ 101.548627677977564, 3.3086719146735 ], [ 101.548631399880946, 3.308663764328025 ], [ 101.548635121786603, 3.308655613078153 ], [ 101.548638843692132, 3.308647461828317 ], [ 101.548642566497392, 3.308639310580747 ], [ 101.548646288402765, 3.308631159330857 ], [ 101.548650010308066, 3.308623008080902 ], [ 101.548653732213268, 3.308614856830982 ], [ 101.548657454118427, 3.308606705580997 ], [ 101.548673674881968, 3.308614186900472 ], [ 101.548677729776699, 3.308604963043984 ], [ 101.548681784673647, 3.308595738283101 ], [ 101.54869046371293, 3.308577071384176 ], [ 101.548699142754046, 3.308558403580784 ], [ 101.548479632317253, 3.308468330807802 ], [ 101.548478077675739, 3.308471736195041 ], [ 101.54850240791211, 3.308482959079872 ], [ 101.548518628671516, 3.308490440401446 ], [ 101.548514906765902, 3.308498591650495 ], [ 101.548511184860217, 3.308506742899506 ], [ 101.548507462956763, 3.308514893244145 ], [ 101.54850374105088, 3.308523044493151 ], [ 101.548500019144939, 3.308531195742091 ], [ 101.548496297238898, 3.30853934699103 ], [ 101.548492575332801, 3.308547498239928 ], [ 101.548488852526816, 3.308555649486507 ], [ 101.54848513062052, 3.308563800735363 ], [ 101.548481408714167, 3.308571951984218 ], [ 101.548477686807715, 3.308580103233046 ], [ 101.548473964901191, 3.308588254481871 ], [ 101.548470242994554, 3.308596405730643 ], [ 101.548466521090177, 3.308604556075071 ], [ 101.548462799183397, 3.30861270732384 ], [ 101.548459077276533, 3.308620858572542 ], [ 101.548455355369583, 3.308629009821269 ], [ 101.548451633462548, 3.308637161069957 ], [ 101.548447911555428, 3.308645312318641 ], [ 101.548444189648237, 3.30865346356726 ], [ 101.54844046774096, 3.308661614815903 ], [ 101.548436745833584, 3.308669766064505 ], [ 101.548433023026291, 3.308677917310763 ], [ 101.548429301121075, 3.308686067654981 ], [ 101.548425579213458, 3.308694218903513 ], [ 101.54840935935151, 3.308686737581608 ], [ 101.548401914636003, 3.308703040076086 ], [ 101.548442206799166, 3.308721624242129 ], [ 101.548494478867212, 3.308607584058334 ], [ 101.548524737587925, 3.308541569539682 ], [ 101.54865208871955, 3.308600307811297 ], [ 101.548569817687266, 3.30878048258119 ], [ 101.548592883386291, 3.308791120683841 ], [ 101.548595513063617, 3.308785361334403 ] ] ] } },
{ "type": "Feature", "properties": { "Tarikh_Moh": null, "Daerah": "MPS", "UPI": null, "sts_warta": "Belum Warta", "no_lot": "PT 43405", "no_pt": null, "nama": null, "gtn1": "Tanah Lapang dan Rekreasi", "gtn2": "Tanah Lapang", "gtn3": "Tanah Lapang Lain", "kod_gtn": "TLR107", "no_warta": null, "trkh_warta": "1899-12-30T00:00:00", "serah_PTD": "1899-12-30T00:00:00", "luas_h": 0.0425, "selenggara": null, "catatan": "Komited Jul-Dis 2025", "tahun_data": 2025, "PBT": "MPS" }, "geometry": { "type": "Polygon", "coordinates": [ [ [ 101.548214116552316, 3.308324408109514 ], [ 101.548054889375464, 3.308271258273617 ], [ 101.548217449784687, 3.308349159932541 ], [ 101.548382161970508, 3.308428007680725 ], [ 101.548463196259604, 3.308461293869994 ], [ 101.548463093934629, 3.308461545015405 ], [ 101.548479632317253, 3.308468330807802 ], [ 101.548699142754046, 3.308558403580784 ], [ 101.548789258079395, 3.308595190554761 ], [ 101.548820124012806, 3.308527481024695 ], [ 101.548807090517272, 3.308523113535768 ], [ 101.548214116552316, 3.308324408109514 ] ] ] } },
{ "type": "Feature", "properties": { "Tarikh_Moh": null, "Daerah": "MPS", "UPI": null, "sts_warta": "Belum Warta", "no_lot": "PT 43405", "no_pt": null, "nama": null, "gtn1": "Tanah Lapang dan Rekreasi", "gtn2": "Tanah Lapang", "gtn3": "Tanah Lapang Lain", "kod_gtn": "TLR107", "no_warta": null, "trkh_warta": "1899-12-30T00:00:00", "serah_PTD": "1899-12-30T00:00:00", "luas_h": 0.2126, "selenggara": null, "catatan": "Komited Jul-Dis 2025", "tahun_data": 2025, "PBT": "MPS" }, "geometry": { "type": "Polygon", "coordinates": [ [ [ 101.547552290462733, 3.310843073736732 ], [ 101.547188784088362, 3.310433261472701 ], [ 101.547147665962626, 3.310522781778707 ], [ 101.547496423564297, 3.310914651333804 ], [ 101.547816397721732, 3.311129802754081 ], [ 101.548683918382679, 3.311631961099103 ], [ 101.548722311238393, 3.31154965127502 ], [ 101.547860333770132, 3.311050203265369 ], [ 101.547856118180846, 3.311047368921125 ], [ 101.547552290462733, 3.310843073736732 ] ] ] } },
{ "type": "Feature", "properties": { "Tarikh_Moh": null, "Daerah": "MPS", "UPI": null, "sts_warta": "Belum Warta", "no_lot": "PT 43405", "no_pt": null, "nama": null, "gtn1": "Tanah Lapang dan Rekreasi", "gtn2": "Tanah Lapang", "gtn3": "Tanah Lapang Lain", "kod_gtn": "TLR107", "no_warta": null, "trkh_warta": "1899-12-30T00:00:00", "serah_PTD": "1899-12-30T00:00:00", "luas_h": 0.0033, "selenggara": null, "catatan": "Komited Jul-Dis 2025", "tahun_data": 2025, "PBT": "MPS" }, "geometry": { "type": "Polygon", "coordinates": [ [ [ 101.547288876544414, 3.309485842470912 ], [ 101.547306742311349, 3.309446716693226 ], [ 101.547324608074007, 3.309407591819446 ], [ 101.54734247293726, 3.309368466038462 ], [ 101.547360338698368, 3.309329340259398 ], [ 101.547378204457516, 3.309290214479832 ], [ 101.547396069312654, 3.309251089601825 ], [ 101.547413935067951, 3.309211963821305 ], [ 101.547431800821329, 3.309172838040335 ], [ 101.547449666572774, 3.309133712258914 ], [ 101.547467531420139, 3.309094587379013 ], [ 101.547485397167719, 3.309055461596612 ], [ 101.547503262913352, 3.309016335813749 ], [ 101.547521128657081, 3.308977210030446 ], [ 101.547538993496673, 3.308938085148665 ], [ 101.547556859236522, 3.308898959364384 ], [ 101.547574724974382, 3.308859833579626 ], [ 101.547592590710352, 3.308820707794443 ], [ 101.547610455542227, 3.308781582910743 ], [ 101.547628321274317, 3.308742457124618 ], [ 101.547646187004474, 3.308703331337967 ], [ 101.547664052732699, 3.308664205550864 ], [ 101.547660714750364, 3.308662666715978 ], [ 101.547269204276546, 3.309524134263202 ], [ 101.547271010775546, 3.309524968248095 ], [ 101.547288876544414, 3.309485842470912 ] ] ] } },
{ "type": "Feature", "properties": { "Tarikh_Moh": null, "Daerah": "MPS", "UPI": null, "sts_warta": "Belum Warta", "no_lot": "PT 43405", "no_pt": null, "nama": null, "gtn1": "Tanah Lapang dan Rekreasi", "gtn2": "Tanah Lapang", "gtn3": "Tanah Lapang Lain", "kod_gtn": "TLR107", "no_warta": null, "trkh_warta": "1899-12-30T00:00:00", "serah_PTD": "1899-12-30T00:00:00", "luas_h": 0.001, "selenggara": null, "catatan": "Komited Jul-Dis 2025", "tahun_data": 2025, "PBT": "MPS" }, "geometry": { "type": "Polygon", "coordinates": [ [ [ 101.549740019501016, 3.309401297536331 ], [ 101.549723135509339, 3.309393478091031 ], [ 101.549705207825411, 3.30943257755535 ], [ 101.549704159964946, 3.309434861954407 ], [ 101.549716456719096, 3.309440556022148 ], [ 101.54972104485924, 3.30944268049825 ], [ 101.549740019501016, 3.309401297536331 ] ] ] } },
{ "type": "Feature", "properties": { "Tarikh_Moh": null, "Daerah": "MPS", "UPI": null, "sts_warta": "Belum Warta", "no_lot": "3430", "no_pt": null, "nama": null, "gtn1": "Tanah Lapang dan Rekreasi", "gtn2": "Tanah Lapang", "gtn3": "Tanah Lapang Lain", "kod_gtn": "TLR107", "no_warta": null, "trkh_warta": "1899-12-30T00:00:00", "serah_PTD": "1899-12-30T00:00:00", "luas_h": 0.0007, "selenggara": null, "catatan": "Komited Jul-Dis 2025", "tahun_data": 2025, "PBT": "MPS" }, "geometry": { "type": "Polygon", "coordinates": [ [ [ 101.746556382613022, 3.257079874412477 ], [ 101.746520887091592, 3.25705510748324 ], [ 101.746507307351408, 3.257074761371715 ], [ 101.746508885728915, 3.257075871149823 ], [ 101.746556382613022, 3.257079874412477 ] ] ] } },
{ "type": "Feature", "properties": { "Tarikh_Moh": null, "Daerah": "MPS", "UPI": null, "sts_warta": "Belum Warta", "no_lot": "3430", "no_pt": null, "nama": null, "gtn1": "Tanah Lapang dan Rekreasi", "gtn2": "Tanah Lapang", "gtn3": "Tanah Lapang Lain", "kod_gtn": "TLR107", "no_warta": null, "trkh_warta": "1899-12-30T00:00:00", "serah_PTD": "1899-12-30T00:00:00", "luas_h": 0.0005, "selenggara": null, "catatan": "Komited Jul-Dis 2025", "tahun_data": 2025, "PBT": "MPS" }, "geometry": { "type": "Polygon", "coordinates": [ [ [ 101.746579057219193, 3.257148528289551 ], [ 101.746591223095507, 3.257130922227899 ], [ 101.746548695773313, 3.257127334913125 ], [ 101.746579057219193, 3.257148528289551 ] ] ] } },
{ "type": "Feature", "properties": { "Tarikh_Moh": null, "Daerah": "MPS", "UPI": null, "sts_warta": "Belum Warta", "no_lot": "3430", "no_pt": null, "nama": null, "gtn1": "Tanah Lapang dan Rekreasi", "gtn2": "Tanah Lapang", "gtn3": "Tanah Lapang Lain", "kod_gtn": "TLR107", "no_warta": null, "trkh_warta": "1899-12-30T00:00:00", "serah_PTD": "1899-12-30T00:00:00", "luas_h": 0.0005, "selenggara": null, "catatan": "Komited Jul-Dis 2025", "tahun_data": 2025, "PBT": "MPS" }, "geometry": { "type": "Polygon", "coordinates": [ [ [ 101.746554499953561, 3.257102410054293 ], [ 101.74659332979374, 3.257105685704779 ], [ 101.746556382619332, 3.257079871699303 ], [ 101.746554499953561, 3.257102410054293 ] ] ] } },
{ "type": "Feature", "properties": { "Tarikh_Moh": null, "Daerah": "MPS", "UPI": null, "sts_warta": "Belum Warta", "no_lot": "3430", "no_pt": null, "nama": null, "gtn1": "Tanah Lapang dan Rekreasi", "gtn2": "Tanah Lapang", "gtn3": "Tanah Lapang Lain", "kod_gtn": "TLR107", "no_warta": null, "trkh_warta": "1899-12-30T00:00:00", "serah_PTD": "1899-12-30T00:00:00", "luas_h": 0.0002, "selenggara": null, "catatan": "Komited Jul-Dis 2025", "tahun_data": 2025, "PBT": "MPS" }, "geometry": { "type": "Polygon", "coordinates": [ [ [ 101.746591223095507, 3.257130922227899 ], [ 101.746603690526044, 3.257112878246769 ], [ 101.74659332979374, 3.257105685704779 ], [ 101.746591223095507, 3.257130922227899 ] ] ] } },
{ "type": "Feature", "properties": { "Tarikh_Moh": null, "Daerah": "MPS", "UPI": null, "sts_warta": "Belum Warta", "no_lot": "3430", "no_pt": null, "nama": null, "gtn1": "Tanah Lapang dan Rekreasi", "gtn2": "Tanah Lapang", "gtn3": "Tanah Lapang Lain", "kod_gtn": "TLR107", "no_warta": null, "trkh_warta": "1899-12-30T00:00:00", "serah_PTD": "1899-12-30T00:00:00", "luas_h": 0.0103, "selenggara": null, "catatan": "Komited Jul-Dis 2025", "tahun_data": 2025, "PBT": "MPS" }, "geometry": { "type": "Polygon", "coordinates": [ [ [ 101.747352477864311, 3.257688561596172 ], [ 101.74735369723841, 3.257689277120426 ], [ 101.74735501335644, 3.257689793002187 ], [ 101.747356393859221, 3.25769009469524 ], [ 101.747357803666915, 3.257690176690796 ], [ 101.747359209495443, 3.257690035292999 ], [ 101.747360575344132, 3.257689674034835 ], [ 101.747361868797029, 3.257689102788406 ], [ 101.747363056529807, 3.257688335041156 ], [ 101.747364111502108, 3.257687390626109 ], [ 101.747365004869749, 3.257686291180765 ], [ 101.747410304350069, 3.2576207327204 ], [ 101.747411083167805, 3.257619364402379 ], [ 101.747411613905115, 3.257617881548341 ], [ 101.74741187936479, 3.2576163275285 ], [ 101.747411873134567, 3.257614751164727 ], [ 101.747411595102918, 3.257613200389398 ], [ 101.747411052360974, 3.257611721342951 ], [ 101.747410263699379, 3.25761035928902 ], [ 101.747409250618674, 3.257609154975575 ], [ 101.747408045423413, 3.257608146462885 ], [ 101.747382315170341, 3.257645382966523 ], [ 101.747197535680925, 3.257516400668955 ], [ 101.747223200040096, 3.257479254456143 ], [ 101.747214338732064, 3.25747306931522 ], [ 101.747188664491802, 3.257510208269388 ], [ 101.747003883267809, 3.25738122413023 ], [ 101.747029549424596, 3.257344079737589 ], [ 101.747020687215425, 3.257337896401964 ], [ 101.746995013879115, 3.257375032637919 ], [ 101.746865667056696, 3.257284744627729 ], [ 101.746891333215061, 3.257247600240206 ], [ 101.746889927299819, 3.257246619291198 ], [ 101.746888598315067, 3.257245832966551 ], [ 101.746887154495624, 3.257245286939245 ], [ 101.74688563989595, 3.257244996687418 ], [ 101.746884097687698, 3.257244970452059 ], [ 101.746882573760715, 3.257245208341083 ], [ 101.746881113117709, 3.257245705033896 ], [ 101.746879758085228, 3.257246445255527 ], [ 101.74687854920488, 3.25724740739587 ], [ 101.746877520736447, 3.257248562595047 ], [ 101.746832184254671, 3.257314163439869 ], [ 101.746831398259104, 3.257315522696455 ], [ 101.74683085943974, 3.257316998295824 ], [ 101.746830582298671, 3.257318545052674 ], [ 101.746830575941246, 3.257320116864656 ], [ 101.746830840478978, 3.257321665799407 ], [ 101.746831367921061, 3.25732314571436 ], [ 101.746832142178363, 3.257324510447905 ], [ 101.7468331390467, 3.257325721054382 ], [ 101.746834330720645, 3.257326739484111 ], [ 101.746835894742247, 3.257327832044703 ], [ 101.746861560003424, 3.257290687656197 ], [ 101.746990906823982, 3.257380976571499 ], [ 101.746965242470296, 3.2574181182538 ], [ 101.746974101969741, 3.257424306105701 ], [ 101.746999777114596, 3.257387167161617 ], [ 101.747184558338887, 3.257516151301869 ], [ 101.747158892181531, 3.257553295700245 ], [ 101.747167761573294, 3.257559487191605 ], [ 101.747193427730551, 3.257522342792903 ], [ 101.74737820901781, 3.257651326000161 ], [ 101.747352477864311, 3.257688561596172 ] ] ] } },
{ "type": "Feature", "properties": { "Tarikh_Moh": null, "Daerah": "MPS", "UPI": null, "sts_warta": "Belum Warta", "no_lot": "3430", "no_pt": null, "nama": null, "gtn1": "Tanah Lapang dan Rekreasi", "gtn2": "Tanah Lapang", "gtn3": "Tanah Lapang Lain", "kod_gtn": "TLR107", "no_warta": null, "trkh_warta": "1899-12-30T00:00:00", "serah_PTD": "1899-12-30T00:00:00", "luas_h": 0.0014, "selenggara": null, "catatan": "Komited Jul-Dis 2025", "tahun_data": 2025, "PBT": "MPS" }, "geometry": { "type": "Polygon", "coordinates": [ [ [ 101.747705838911841, 3.258019141209665 ], [ 101.747707007139581, 3.258017088279933 ], [ 101.747707803248545, 3.258014862641828 ], [ 101.747708201886525, 3.258012532064902 ], [ 101.747708192091707, 3.258010167065763 ], [ 101.747707774595639, 3.258007839997143 ], [ 101.747706960933755, 3.258005620524152 ], [ 101.747705776140577, 3.258003577439065 ], [ 101.747704256065262, 3.258001772324603 ], [ 101.747702447371253, 3.258000259553759 ], [ 101.747672345466555, 3.257979256735713 ], [ 101.747646083430837, 3.258017263442754 ], [ 101.747650316452336, 3.258020218080445 ], [ 101.747664698819193, 3.257999403012237 ], [ 101.747701660526516, 3.258025190793302 ], [ 101.747705838911841, 3.258019141209665 ] ] ] } },
{ "type": "Feature", "properties": { "Tarikh_Moh": null, "Daerah": "MPS", "UPI": null, "sts_warta": "Belum Warta", "no_lot": "3430", "no_pt": null, "nama": null, "gtn1": "Tanah Lapang dan Rekreasi", "gtn2": "Tanah Lapang", "gtn3": "Tanah Lapang Lain", "kod_gtn": "TLR107", "no_warta": null, "trkh_warta": "1899-12-30T00:00:00", "serah_PTD": "1899-12-30T00:00:00", "luas_h": 0.009, "selenggara": null, "catatan": "Komited Jul-Dis 2025", "tahun_data": 2025, "PBT": "MPS" }, "geometry": { "type": "Polygon", "coordinates": [ [ [ 101.747869442455638, 3.258032874463223 ], [ 101.747909512668201, 3.257974868892331 ], [ 101.747910673659092, 3.25797283222422 ], [ 101.747911468825649, 3.257970624671413 ], [ 101.747911871917907, 3.257968313096932 ], [ 101.747911873777866, 3.257965966212866 ], [ 101.747911472444031, 3.25796365365249 ], [ 101.747910680351637, 3.257961445082938 ], [ 101.74790952163967, 3.257959407485677 ], [ 101.747908030361828, 3.257957600630439 ], [ 101.747906251379902, 3.257956079790307 ], [ 101.747902449640407, 3.257953393866258 ], [ 101.74787678349351, 3.257990538291267 ], [ 101.747673523912525, 3.257848655848486 ], [ 101.747699190061667, 3.257811511431045 ], [ 101.747690320660837, 3.257805320848137 ], [ 101.747664654511595, 3.257842465265274 ], [ 101.747461395003896, 3.257700582788035 ], [ 101.747487061155439, 3.257663438378464 ], [ 101.747485571687633, 3.257662401161676 ], [ 101.747484210298168, 3.257661619283452 ], [ 101.747482734053065, 3.257661086746501 ], [ 101.747481187904526, 3.257660819935467 ], [ 101.747479619525294, 3.257660826197522 ], [ 101.747478076602775, 3.257661106549146 ], [ 101.747476605050096, 3.257661651149892 ], [ 101.7474752498931, 3.257662444731112 ], [ 101.747474051681863, 3.257663462065104 ], [ 101.747473048277499, 3.257664673396127 ], [ 101.747427662051251, 3.257730389020341 ], [ 101.747426966391913, 3.257731595648278 ], [ 101.74742647206746, 3.257732897710234 ], [ 101.747426192648575, 3.257734263584475 ], [ 101.747426134520154, 3.257735656206151 ], [ 101.747426299561752, 3.257737041212855 ], [ 101.747426684262493, 3.257738380612015 ], [ 101.747427277902688, 3.257739640916102 ], [ 101.747428064363717, 3.257740788624831 ], [ 101.747429024816995, 3.257741794753529 ], [ 101.747430133229344, 3.257742633013757 ], [ 101.747431621797432, 3.257743670228532 ], [ 101.747441469758925, 3.257729418124732 ], [ 101.747457287951704, 3.257706525820085 ], [ 101.747660547459759, 3.257848408298475 ], [ 101.747634881307818, 3.257885552714488 ], [ 101.747643750706743, 3.257891744202495 ], [ 101.747669416860717, 3.257854598881738 ], [ 101.747872677341888, 3.257996481327823 ], [ 101.747847011192363, 3.258033625751724 ], [ 101.747850707003408, 3.258036204709276 ], [ 101.747852740546122, 3.258037375244977 ], [ 101.7478549441186, 3.258038173572118 ], [ 101.747857252085709, 3.258038577831218 ], [ 101.747859595192054, 3.258038575197963 ], [ 101.747861902355282, 3.258038164600961 ], [ 101.747864104256891, 3.258037360347589 ], [ 101.747866134258857, 3.258036184890885 ], [ 101.7478679319902, 3.258034674264568 ], [ 101.747869442455638, 3.258032874463223 ] ] ] } },
{ "type": "Feature", "properties": { "Tarikh_Moh": null, "Daerah": "MPS", "UPI": null, "sts_warta": "Belum Warta", "no_lot": "3430", "no_pt": null, "nama": null, "gtn1": "Tanah Lapang dan Rekreasi", "gtn2": "Tanah Lapang", "gtn3": "Tanah Lapang Lain", "kod_gtn": "TLR107", "no_warta": null, "trkh_warta": "1899-12-30T00:00:00", "serah_PTD": "1899-12-30T00:00:00", "luas_h": 0.0012, "selenggara": null, "catatan": "Komited Jul-Dis 2025", "tahun_data": 2025, "PBT": "MPS" }, "geometry": { "type": "Polygon", "coordinates": [ [ [ 101.747698750614973, 3.258284687409866 ], [ 101.747624837123624, 3.258233093776163 ], [ 101.747623804262147, 3.258234589920562 ], [ 101.747623032678206, 3.258235942881242 ], [ 101.747622503780249, 3.258237408556464 ], [ 101.747622233863595, 3.258238944478272 ], [ 101.747622229336372, 3.258240503633586 ], [ 101.747622492105393, 3.258242039903008 ], [ 101.747623013275756, 3.258243508950603 ], [ 101.747623777656074, 3.258244865521223 ], [ 101.747624762841696, 3.258246070673555 ], [ 101.747625938325541, 3.258247087255912 ], [ 101.747649140434746, 3.258263274878471 ], [ 101.747656849785002, 3.258268653529393 ], [ 101.747661989351911, 3.258272239296647 ], [ 101.747685680404103, 3.258288768042591 ], [ 101.747687028560605, 3.258289436841094 ], [ 101.747688469943895, 3.258289870717625 ], [ 101.747689962290579, 3.258290057815874 ], [ 101.74769146512422, 3.258289991709939 ], [ 101.74769293614564, 3.258289675918004 ], [ 101.747694333947081, 3.258289117577832 ], [ 101.747695619797014, 3.258288333781724 ], [ 101.747696757654879, 3.258287345246019 ], [ 101.747697715962389, 3.258286179932586 ], [ 101.747698750614973, 3.258284687409866 ] ] ] } },
{ "type": "Feature", "properties": { "Tarikh_Moh": null, "Daerah": "MPS", "UPI": null, "sts_warta": "Belum Warta", "no_lot": "3430", "no_pt": null, "nama": null, "gtn1": "Tanah Lapang dan Rekreasi", "gtn2": "Tanah Lapang", "gtn3": "Tanah Lapang Lain", "kod_gtn": "TLR107", "no_warta": null, "trkh_warta": "1899-12-30T00:00:00", "serah_PTD": "1899-12-30T00:00:00", "luas_h": 0.0011, "selenggara": null, "catatan": "Komited Jul-Dis 2025", "tahun_data": 2025, "PBT": "MPS" }, "geometry": { "type": "Polygon", "coordinates": [ [ [ 101.747762390661777, 3.258042857854344 ], [ 101.747760966496429, 3.258042758642242 ], [ 101.747759544498194, 3.258042888245525 ], [ 101.747758160671864, 3.258043241322516 ], [ 101.747756850126521, 3.258043810720591 ], [ 101.747755645290852, 3.258044581141347 ], [ 101.747754577704299, 3.258045532762365 ], [ 101.747753672616028, 3.258046642128895 ], [ 101.747753155286816, 3.258047389746886 ], [ 101.747772966599598, 3.258061218582014 ], [ 101.747780910352432, 3.258066763537311 ], [ 101.747827068773972, 3.258098983366843 ], [ 101.747827580702264, 3.258098236640517 ], [ 101.74782833238703, 3.258096927947858 ], [ 101.747828856671916, 3.258095511098646 ], [ 101.747829138167759, 3.258094025849665 ], [ 101.747829170476976, 3.258092514692199 ], [ 101.747828951703241, 3.258091019223717 ], [ 101.747828488048398, 3.258089581060621 ], [ 101.747827792916937, 3.258088240027482 ], [ 101.747826885114236, 3.258087035057275 ], [ 101.74782578975902, 3.25808599876699 ], [ 101.747766324480637, 3.258044466058185 ], [ 101.747765103373339, 3.258043721589858 ], [ 101.747763781012637, 3.258043181275391 ], [ 101.747762390661777, 3.258042857854344 ] ] ] } },
{ "type": "Feature", "properties": { "Tarikh_Moh": null, "Daerah": "MPS", "UPI": null, "sts_warta": "Belum Warta", "no_lot": "3430", "no_pt": null, "nama": null, "gtn1": "Tanah Lapang dan Rekreasi", "gtn2": "Tanah Lapang", "gtn3": "Tanah Lapang Lain", "kod_gtn": "TLR107", "no_warta": null, "trkh_warta": "1899-12-30T00:00:00", "serah_PTD": "1899-12-30T00:00:00", "luas_h": 0.2941, "selenggara": null, "catatan": "Komited Jul-Dis 2025", "tahun_data": 2025, "PBT": "MPS" }, "geometry": { "type": "Polygon", "coordinates": [ [ [ 101.747729634653197, 3.258463024940554 ], [ 101.747827676079325, 3.258323353664328 ], [ 101.748120074336967, 3.257906656357137 ], [ 101.748258994535206, 3.257708678363346 ], [ 101.747184451046436, 3.256958610981847 ], [ 101.747012117343203, 3.257208020557188 ], [ 101.747817024974381, 3.257769873555969 ], [ 101.747790588703126, 3.25780813218349 ], [ 101.747820695077905, 3.257829146763943 ], [ 101.747822707945673, 3.257830308207144 ], [ 101.747824889924459, 3.257831105579157 ], [ 101.747827174483504, 3.257831515209511 ], [ 101.747829495064764, 3.257831525184743 ], [ 101.747831784180875, 3.257831136250664 ], [ 101.747833972523892, 3.257830358192706 ], [ 101.747835995251165, 3.257829215276922 ], [ 101.747837794697531, 3.257827740830221 ], [ 101.747839314974158, 3.257825978131881 ], [ 101.747846925976887, 3.257814963381062 ], [ 101.747809968794073, 3.257789165670129 ], [ 101.747938299480381, 3.257603443547573 ], [ 101.747944536717398, 3.257607797460205 ], [ 101.74798685224961, 3.257546555832078 ], [ 101.748015759348476, 3.257566723791715 ], [ 101.747993695545418, 3.257598669216076 ], [ 101.74800757415052, 3.25760835255762 ], [ 101.748033240278403, 3.257571208127631 ], [ 101.748181057350152, 3.257674388946322 ], [ 101.748155399311599, 3.257711537922756 ], [ 101.748170829370679, 3.257722303843321 ], [ 101.748192883244741, 3.257690371051412 ], [ 101.748225074669463, 3.25771285291379 ], [ 101.748180964296623, 3.257776685934786 ], [ 101.748174515046472, 3.257772184109884 ], [ 101.747732069202854, 3.258412500660284 ], [ 101.747700240654623, 3.258390293657701 ], [ 101.747711507317831, 3.25837397964322 ], [ 101.747697722144849, 3.258364357107972 ], [ 101.747672055073338, 3.258401502427521 ], [ 101.747524238871634, 3.258298320598321 ], [ 101.747549905946912, 3.258261174379902 ], [ 101.747534377968393, 3.258250340387889 ], [ 101.747523084221825, 3.258266692320169 ], [ 101.747494019008386, 3.258246413633002 ], [ 101.747650316452336, 3.258020218080442 ], [ 101.746836831353932, 3.257452366712961 ], [ 101.746661889115401, 3.257705549506387 ], [ 101.747729634653197, 3.258463024940554 ] ], [ [ 101.747352090976719, 3.258114711262247 ], [ 101.747392771515152, 3.258055837134188 ], [ 101.747409216691281, 3.258067316303715 ], [ 101.747422049775082, 3.258048744100063 ], [ 101.747427593487345, 3.258052613443149 ], [ 101.747439912850822, 3.258034784343405 ], [ 101.747429934890391, 3.258027818804172 ], [ 101.747443024381965, 3.258008875499131 ], [ 101.747437480669873, 3.258005006156207 ], [ 101.747450313751983, 3.257986433951995 ], [ 101.747418531065776, 3.257964248757513 ], [ 101.747405697983453, 3.257982820961124 ], [ 101.747400155171505, 3.257978951620132 ], [ 101.747387064779858, 3.25799789492228 ], [ 101.747377086818219, 3.257990930286993 ], [ 101.747364767454386, 3.258008759385574 ], [ 101.747370311166122, 3.258012628728928 ], [ 101.747357478082023, 3.258031200931616 ], [ 101.747373923255054, 3.258042681005969 ], [ 101.747333242716252, 3.25810155513287 ], [ 101.747193178455746, 3.258003786166348 ], [ 101.747233858997078, 3.257944912047697 ], [ 101.747250304168773, 3.257956391219295 ], [ 101.747263137253455, 3.257937819018579 ], [ 101.74726868096424, 3.257941688362384 ], [ 101.747281000328528, 3.257923859265554 ], [ 101.747271022370796, 3.257916893725004 ], [ 101.747284111863323, 3.257897950422938 ], [ 101.747278568152737, 3.257894081079278 ], [ 101.747291401235756, 3.257875508878053 ], [ 101.747259618558118, 3.257853323679533 ], [ 101.747246785474914, 3.257871895880192 ], [ 101.747241241764655, 3.257868026536376 ], [ 101.747228152271887, 3.257886969837621 ], [ 101.747218174312948, 3.257880005201102 ], [ 101.747205854948248, 3.257897834296886 ], [ 101.747211397758647, 3.257901703638804 ], [ 101.74719856557347, 3.257920275840676 ], [ 101.747215010742067, 3.257931755917066 ], [ 101.747174330200409, 3.257990630034626 ], [ 101.747034265077957, 3.257892861048257 ], [ 101.747074945622131, 3.257833986938914 ], [ 101.747091391689153, 3.25784546611467 ], [ 101.747104224774773, 3.257826893916958 ], [ 101.747109767584249, 3.257830763259327 ], [ 101.747122087849235, 3.257812934167414 ], [ 101.747112108994358, 3.257805968623495 ], [ 101.747124317306643, 3.25778830115387 ], [ 101.747119655678517, 3.257783155982228 ], [ 101.74713248876246, 3.257764583783924 ], [ 101.747100706093434, 3.257742398581384 ], [ 101.747087873009264, 3.257760970779054 ], [ 101.74708232930054, 3.257757101434588 ], [ 101.747069239806848, 3.257776044732792 ], [ 101.74705926185058, 3.25776908009499 ], [ 101.747046941585225, 3.257786909185822 ], [ 101.747052485293963, 3.257790778530613 ], [ 101.747039652208073, 3.257809350727411 ], [ 101.747056098272026, 3.257820830808026 ], [ 101.747015417727511, 3.257879704916262 ], [ 101.746875352642917, 3.257781935912035 ], [ 101.74688904956237, 3.257762113322856 ], [ 101.746916033189947, 3.257723061812066 ], [ 101.74693247925255, 3.257734540989925 ], [ 101.746945311439234, 3.257715968792979 ], [ 101.746950855146991, 3.257719838138221 ], [ 101.746963175412873, 3.257702009049072 ], [ 101.74695319656071, 3.25769504350392 ], [ 101.74696628605507, 3.257676100207867 ], [ 101.746960743247286, 3.257672230864943 ], [ 101.746973575434396, 3.257653657763099 ], [ 101.746941793671638, 3.257631473462999 ], [ 101.746928960586629, 3.257650045657765 ], [ 101.746923416879369, 3.257646176312547 ], [ 101.746910327384768, 3.257665119607811 ], [ 101.746900349431186, 3.257658154968694 ], [ 101.746888029165021, 3.257675984056712 ], [ 101.746893572872253, 3.25767985340217 ], [ 101.746880739785425, 3.257698425596014 ], [ 101.746897185847018, 3.257709904774344 ], [ 101.746856505299647, 3.257768778873272 ], [ 101.746716440250822, 3.257671010755697 ], [ 101.74675712080068, 3.257612136665002 ], [ 101.746773565959046, 3.257623615842844 ], [ 101.746786399046471, 3.257605043650989 ], [ 101.746791942752736, 3.257608912996882 ], [ 101.746804262119667, 3.257591083908526 ], [ 101.746794284169994, 3.257584118364179 ], [ 101.746807373665263, 3.257565175071167 ], [ 101.746801829961285, 3.25756130482098 ], [ 101.746814663047005, 3.2575427326286 ], [ 101.746798217889307, 3.257531253451843 ], [ 101.746838898426205, 3.257472379356257 ], [ 101.747634570218281, 3.258027778841641 ], [ 101.747593889695679, 3.258086652983936 ], [ 101.747577443616379, 3.258075173815335 ], [ 101.747564611434768, 3.258093746023988 ], [ 101.747559067721511, 3.258089876681559 ], [ 101.747545978230605, 3.258108819988819 ], [ 101.747535999366463, 3.258101855352711 ], [ 101.747523680003511, 3.258119684454138 ], [ 101.747529223716725, 3.258123553796791 ], [ 101.74751639063355, 3.258142126002433 ], [ 101.747532835810986, 3.258153606074649 ], [ 101.747492156174886, 3.258212480213027 ], [ 101.747352090976719, 3.258114711262247 ] ], [ [ 101.747823393506039, 3.257755307064818 ], [ 101.747779784047538, 3.257724867773307 ], [ 101.747777987380871, 3.257727468190146 ], [ 101.747753969123721, 3.25771070226378 ], [ 101.747755508479784, 3.25770847385038 ], [ 101.747730003456837, 3.257690669809127 ], [ 101.74772846319884, 3.25769289912476 ], [ 101.747705552605865, 3.257676907243939 ], [ 101.747707349272574, 3.257674306827284 ], [ 101.747619762056573, 3.257613169618197 ], [ 101.747617965389807, 3.25761577003466 ], [ 101.747595055700899, 3.257599778153968 ], [ 101.747596595059193, 3.257597548836516 ], [ 101.747571090041063, 3.257579745696451 ], [ 101.747569549785041, 3.257581974107341 ], [ 101.74754664009599, 3.257565983130121 ], [ 101.747548435862996, 3.257563382711752 ], [ 101.747460849570444, 3.257502245493666 ], [ 101.747459052905668, 3.257504845005333 ], [ 101.747436142323167, 3.25748885311961 ], [ 101.74743768257926, 3.257486624709023 ], [ 101.747411920259495, 3.257469192664554 ], [ 101.747410636412127, 3.25747104997407 ], [ 101.747387726731333, 3.257455058089604 ], [ 101.747389523396151, 3.257452458578136 ], [ 101.747301936229618, 3.257391320442436 ], [ 101.747300139562569, 3.257393920858052 ], [ 101.747277228986263, 3.257377928969439 ], [ 101.74727876924247, 3.257375700559171 ], [ 101.747253263340411, 3.25735789650611 ], [ 101.74725172398189, 3.257360125822768 ], [ 101.747228813407503, 3.257344133933274 ], [ 101.747230610074595, 3.25734153351779 ], [ 101.747152609400459, 3.257287087787797 ], [ 101.747143022929592, 3.25728039627541 ], [ 101.747141226262414, 3.257282996690603 ], [ 101.747118316592122, 3.257267004801187 ], [ 101.747119855950714, 3.25726477548478 ], [ 101.747094350953276, 3.257246972334944 ], [ 101.747092810696941, 3.25724920074479 ], [ 101.747068791565852, 3.257232435707539 ], [ 101.747070588233044, 3.257229835292514 ], [ 101.747027349853099, 3.25719965278883 ], [ 101.747028119079374, 3.257198539486237 ], [ 101.747071622789164, 3.257135578751789 ], [ 101.747093279260099, 3.257150695865161 ], [ 101.747105342204847, 3.257133237872147 ], [ 101.747097950599112, 3.257128078144762 ], [ 101.747107960467872, 3.257113591667721 ], [ 101.747120118706519, 3.257122078991835 ], [ 101.747129358446927, 3.257108706719448 ], [ 101.747134902152368, 3.257112576062612 ], [ 101.747150814835564, 3.257089547041912 ], [ 101.74711884712697, 3.257067232988236 ], [ 101.747159271209227, 3.257008729974426 ], [ 101.747954945596348, 3.257564125480494 ], [ 101.747914521528301, 3.257622628540739 ], [ 101.747882554677986, 3.257600314508666 ], [ 101.747866641098057, 3.257623344448438 ], [ 101.747872184810419, 3.257627213788378 ], [ 101.747863211413161, 3.257640200522629 ], [ 101.747875104227148, 3.257649073389554 ], [ 101.747865094361742, 3.257663559877712 ], [ 101.747857702746444, 3.257658400154784 ], [ 101.747845639805732, 3.257675858160837 ], [ 101.747867297204976, 3.257690975262924 ], [ 101.747823393506039, 3.257755307064818 ] ] ] } },
{ "type": "Feature", "properties": { "Tarikh_Moh": null, "Daerah": "MPS", "UPI": null, "sts_warta": "Belum Warta", "no_lot": "3430", "no_pt": null, "nama": null, "gtn1": "Tanah Lapang dan Rekreasi", "gtn2": "Tanah Lapang", "gtn3": "Tanah Lapang Lain", "kod_gtn": "TLR107", "no_warta": null, "trkh_warta": "1899-12-30T00:00:00", "serah_PTD": "1899-12-30T00:00:00", "luas_h": 0.0048, "selenggara": null, "catatan": "Komited Jul-Dis 2025", "tahun_data": 2025, "PBT": "MPS" }, "geometry": { "type": "Polygon", "coordinates": [ [ [ 101.746782251351988, 3.257241436324709 ], [ 101.746781978705584, 3.257239891892886 ], [ 101.746781443150681, 3.257238418289565 ], [ 101.746780660778441, 3.257237060772087 ], [ 101.746779657588505, 3.257235860098987 ], [ 101.746778461390505, 3.257234852511261 ], [ 101.74676513079875, 3.257225552094308 ], [ 101.746754869003041, 3.257240414199632 ], [ 101.746651391944582, 3.257168182506336 ], [ 101.746661654644825, 3.257153318595996 ], [ 101.746603690526044, 3.257112878246766 ], [ 101.746591223095507, 3.257130922227932 ], [ 101.746579057219208, 3.257148528289546 ], [ 101.746637012309009, 3.257188982185399 ], [ 101.74664728488861, 3.25717412643794 ], [ 101.746750747499931, 3.257246379803127 ], [ 101.746740475824765, 3.25726123374552 ], [ 101.746753759692183, 3.257270506017017 ], [ 101.746755084224105, 3.257271272434856 ], [ 101.746756519083362, 3.257271802162343 ], [ 101.746758022912672, 3.257272080632041 ], [ 101.746759550743079, 3.257272098694331 ], [ 101.746761060281713, 3.257271857154135 ], [ 101.746762507425615, 3.257271361334166 ], [ 101.746763850746063, 3.257270627415933 ], [ 101.746765050605376, 3.257269675202829 ], [ 101.746766072745885, 3.25726853265038 ], [ 101.746780678141292, 3.257247385309944 ], [ 101.746781455140919, 3.257246025127901 ], [ 101.746781985859954, 3.257244550413906 ], [ 101.746782253998845, 3.257243005444671 ], [ 101.746782251351988, 3.257241436324709 ] ], [ [ 101.746644707034648, 3.257155142693182 ], [ 101.746631872155433, 3.257173713973872 ], [ 101.746590182000276, 3.257144461185598 ], [ 101.74660306000078, 3.25712591985189 ], [ 101.746644707034648, 3.257155142693182 ] ] ] } },
{ "type": "Feature", "properties": { "Tarikh_Moh": null, "Daerah": "MPS", "UPI": null, "sts_warta": "Belum Warta", "no_lot": "3430", "no_pt": null, "nama": "AMNI", "gtn1": "Tanah Lapang dan Rekreasi", "gtn2": "Tanah Lapang", "gtn3": "Tanah Lapang Lain", "kod_gtn": "TLR107", "no_warta": null, "trkh_warta": "1899-12-30T00:00:00", "serah_PTD": "1899-12-30T00:00:00", "luas_h": 0.0012, "selenggara": null, "catatan": "Komited Jul-Dis 2025", "tahun_data": 2025, "PBT": "MPS" }, "geometry": { "type": "Polygon", "coordinates": [ [ [ 101.74646361014949, 3.257137336346252 ], [ 101.746797234860793, 3.257370218465143 ], [ 101.746771826005272, 3.257406990846081 ], [ 101.746775363699555, 3.257409460004227 ], [ 101.746801847631346, 3.25737122413722 ], [ 101.746464621443153, 3.257135828395838 ], [ 101.74646361014949, 3.257137336346252 ] ] ] } },
{ "type": "Feature", "properties": { "Tarikh_Moh": null, "Daerah": "MPS", "UPI": null, "sts_warta": "Belum Warta", "no_lot": "PT 47003", "no_pt": null, "nama": "HAZIQ", "gtn1": "Tanah Lapang dan Rekreasi", "gtn2": "Tanah Lapang", "gtn3": "Tanah Lapang Lain", "kod_gtn": "TLR107", "no_warta": null, "trkh_warta": "1899-12-30T00:00:00", "serah_PTD": "1899-12-30T00:00:00", "luas_h": 0.8507, "selenggara": null, "catatan": "Komited Jul-Dis 2025", "tahun_data": 2025, "PBT": "MPS" }, "geometry": { "type": "Polygon", "coordinates": [ [ [ 101.54389698431504, 3.323947674127977 ], [ 101.543919943011119, 3.323958744459178 ], [ 101.543919960203482, 3.323958707425319 ], [ 101.543883884568942, 3.323867363859253 ], [ 101.54386765371639, 3.323873838390762 ], [ 101.543833028374095, 3.323887651809944 ], [ 101.543806185101374, 3.323819683687697 ], [ 101.543840810438581, 3.323805871173664 ], [ 101.543857041292128, 3.32379939573816 ], [ 101.543859176101265, 3.323798543966769 ], [ 101.543954495824579, 3.323760493558741 ], [ 101.543945900857892, 3.323738745809475 ], [ 101.543956719931472, 3.323734426736864 ], [ 101.543967539904813, 3.323730107666429 ], [ 101.543978358978222, 3.323725788593523 ], [ 101.543989178951392, 3.323721469522768 ], [ 101.543999998024631, 3.323717150449514 ], [ 101.544010817997616, 3.32371283137845 ], [ 101.544021637070685, 3.323708512304889 ], [ 101.544032456143654, 3.323704193231148 ], [ 101.544043276116383, 3.323699874159634 ], [ 101.544054095189182, 3.323695555085584 ], [ 101.544064915161741, 3.323691236013698 ], [ 101.544075734234369, 3.323686916939339 ], [ 101.544084329204424, 3.32370866468765 ], [ 101.544156681241901, 3.32367978251107 ], [ 101.54420867331568, 3.323659028133337 ], [ 101.544220276620237, 3.323688387547499 ], [ 101.544231019889722, 3.32371557155255 ], [ 101.544241763157459, 3.323742756462077 ], [ 101.544252507325552, 3.323769941374069 ], [ 101.544263250596671, 3.323797125379482 ], [ 101.544273994765859, 3.323824310291703 ], [ 101.544284738035799, 3.323851495201701 ], [ 101.544295482208398, 3.323878679209782 ], [ 101.54430622547936, 3.323905864120023 ], [ 101.54431696875092, 3.323933049030332 ], [ 101.544327712925181, 3.323960233038802 ], [ 101.544338456197792, 3.323987417949378 ], [ 101.544349200370803, 3.324014602862382 ], [ 101.544359943646867, 3.324041786868858 ], [ 101.54430793292812, 3.324062434490629 ], [ 101.544307972266594, 3.324062533168004 ], [ 101.544328317362059, 3.324114287331269 ], [ 101.544369713514868, 3.324151626586497 ], [ 101.5444069461157, 3.324193158453246 ], [ 101.544427773466808, 3.324184889876646 ], [ 101.544155997825072, 3.323483064986351 ], [ 101.543691321581349, 3.3236648191071 ], [ 101.543473909468332, 3.32413728674983 ], [ 101.543512939330071, 3.324306410015292 ], [ 101.544370277979553, 3.325005760909195 ], [ 101.544736523136208, 3.325134867281751 ], [ 101.544779515135616, 3.325220593812008 ], [ 101.544797179631843, 3.325213352484679 ], [ 101.544815080307288, 3.325204201768872 ], [ 101.544831225557047, 3.325192195948387 ], [ 101.544845168204006, 3.325177667567079 ], [ 101.544856522980226, 3.325161018965612 ], [ 101.544864976459863, 3.325142708741804 ], [ 101.544870293376732, 3.32512324453223 ], [ 101.544872328371156, 3.32510316405126 ], [ 101.544871024225003, 3.325083021521169 ], [ 101.544866417293505, 3.325063375025102 ], [ 101.54480481088062, 3.324896782148109 ], [ 101.544798148629113, 3.324885201691992 ], [ 101.544748432976462, 3.32481800784532 ], [ 101.544557521703638, 3.324579491241618 ], [ 101.544538679660789, 3.32455029656276 ], [ 101.544523110693348, 3.324519214872082 ], [ 101.544522128521734, 3.324516945091497 ], [ 101.544517584008275, 3.324517423421983 ], [ 101.544511079719555, 3.324517524959567 ], [ 101.544504829800999, 3.324517038422737 ], [ 101.544495385901612, 3.324515332636262 ], [ 101.544486141606185, 3.324512641619934 ], [ 101.544472224309402, 3.324506864527319 ], [ 101.544460195964461, 3.324500314605138 ], [ 101.544449268771103, 3.324493163438952 ], [ 101.544437310955558, 3.324484037186365 ], [ 101.544425085619622, 3.324473269733184 ], [ 101.544420334615111, 3.32446867769895 ], [ 101.544414709246837, 3.324462930332819 ], [ 101.544405680766133, 3.324452965228117 ], [ 101.544386094174811, 3.32442776225101 ], [ 101.544366967362777, 3.324396988726058 ], [ 101.544360831706186, 3.324385687278013 ], [ 101.544359592682085, 3.324382525132422 ], [ 101.544357945078445, 3.324379034545788 ], [ 101.544356294180915, 3.324375425479755 ], [ 101.544354393132451, 3.324371116694379 ], [ 101.544353024667828, 3.324367901759054 ], [ 101.544351535756306, 3.324364286784269 ], [ 101.544350323417149, 3.324361244987683 ], [ 101.544348649277794, 3.324356878009841 ], [ 101.54434790757395, 3.324354875640632 ], [ 101.544347345570728, 3.324353325917905 ], [ 101.544346724668145, 3.324351586126843 ], [ 101.544345238994595, 3.324347413172126 ], [ 101.544341982624545, 3.324337583374798 ], [ 101.544336714349129, 3.324317927924616 ], [ 101.544334946051066, 3.324309246013494 ], [ 101.544333749094889, 3.324301981813292 ], [ 101.544332551163933, 3.324291953894974 ], [ 101.544331925754193, 3.324281838840244 ], [ 101.544332160230752, 3.324268022681657 ], [ 101.544332790946399, 3.324261417090178 ], [ 101.544333985382906, 3.324253949305231 ], [ 101.544336548674693, 3.324243959214599 ], [ 101.544339264019627, 3.32423676940965 ], [ 101.544343717381537, 3.324228365056214 ], [ 101.544304818831975, 3.324188017174603 ], [ 101.544261281052698, 3.324152778587997 ], [ 101.544213764941858, 3.324123185491358 ], [ 101.544210454961814, 3.324124379668294 ], [ 101.544060062951417, 3.324075323724199 ], [ 101.544027363182934, 3.324072060667945 ], [ 101.54401464684608, 3.324039884896579 ], [ 101.543962775445593, 3.324060591641181 ], [ 101.543960549657228, 3.324061480254507 ], [ 101.543919982554726, 3.323958763553656 ], [ 101.543919943011119, 3.323958744459178 ], [ 101.543880682554473, 3.324040988456315 ], [ 101.543857750819427, 3.324029930854719 ], [ 101.543855601198345, 3.324034433476864 ], [ 101.543826186098869, 3.324020249811875 ], [ 101.543833982098946, 3.324003918433728 ], [ 101.543797638770258, 3.323986394118606 ], [ 101.543794113063811, 3.323993779864676 ], [ 101.543764671004766, 3.323979583466864 ], [ 101.543768196709053, 3.323972198625339 ], [ 101.543708525315154, 3.323943426660594 ], [ 101.54374234025083, 3.323872590523174 ], [ 101.543870314510258, 3.323934231047457 ], [ 101.543870087426356, 3.323934706147927 ], [ 101.54389698431504, 3.323947674127977 ] ], [ [ 101.544110816631061, 3.324176140667772 ], [ 101.544042440603278, 3.32415383753103 ], [ 101.544064901677729, 3.324084282223882 ], [ 101.544133570799048, 3.324106681982559 ], [ 101.544201654624445, 3.324128890297438 ], [ 101.544179192661147, 3.324198444704054 ], [ 101.544110816631061, 3.324176140667772 ] ], [ [ 101.544032593327415, 3.324301276361131 ], [ 101.544032214521565, 3.324301964494877 ], [ 101.544022024968029, 3.324296300199734 ], [ 101.544022403773866, 3.324295612065986 ], [ 101.54395912225236, 3.32426542353131 ], [ 101.543976117481023, 3.324229820742634 ], [ 101.543981366007202, 3.324232351235439 ], [ 101.543994458258368, 3.32420492452357 ], [ 101.54398921063445, 3.324202393128867 ], [ 101.544006757741371, 3.324165634199399 ], [ 101.544064561328639, 3.324180355715066 ], [ 101.544080926147487, 3.324189284539553 ], [ 101.544067411181814, 3.324213838818764 ], [ 101.544077599842055, 3.32421950039777 ], [ 101.544091109410928, 3.324194945199926 ], [ 101.544107331387991, 3.324204133202569 ], [ 101.544150460989556, 3.324245517649451 ], [ 101.54412880391358, 3.324279994136617 ], [ 101.544123881757216, 3.324276870331755 ], [ 101.544107722755044, 3.324302593391615 ], [ 101.544112644013936, 3.324305716289931 ], [ 101.544091669111808, 3.324339106610484 ], [ 101.544032593327415, 3.324301276361131 ] ], [ [ 101.543824996098024, 3.324351632081275 ], [ 101.543670669683564, 3.324277221209634 ], [ 101.543791289252241, 3.324024541450433 ], [ 101.543945615639913, 3.324098952289731 ], [ 101.543824996098024, 3.324351632081275 ] ], [ [ 101.544225922476173, 3.32477776917343 ], [ 101.544209939054497, 3.324789133309043 ], [ 101.544145866865165, 3.32471867440523 ], [ 101.544145440216582, 3.324719072115829 ], [ 101.544122189626535, 3.324693816182021 ], [ 101.544099050514419, 3.324716420025422 ], [ 101.543970091309177, 3.324600832032514 ], [ 101.544034579979254, 3.324516013902646 ], [ 101.544043290060017, 3.324523827620295 ], [ 101.54405073356034, 3.32451403744071 ], [ 101.544166230019229, 3.324617515387121 ], [ 101.544198877553697, 3.324584500921593 ], [ 101.544194582825341, 3.32458058472463 ], [ 101.544134270819796, 3.32452558203683 ], [ 101.544068732317555, 3.324475562310673 ], [ 101.543999916243735, 3.32443196945196 ], [ 101.544000320305599, 3.324431257870712 ], [ 101.544045161491979, 3.32434904377004 ], [ 101.54404656406318, 3.324349848682619 ], [ 101.544046968124945, 3.324349137101331 ], [ 101.544122238089727, 3.324396818175589 ], [ 101.544121776532052, 3.324397493432917 ], [ 101.544123004421877, 3.324398342204089 ], [ 101.544123465979581, 3.324397666946747 ], [ 101.544194832812821, 3.324452191976445 ], [ 101.544262417211257, 3.324513864236961 ], [ 101.544326769814035, 3.324583755017826 ], [ 101.544385341054465, 3.324533872140966 ], [ 101.544473686920227, 3.324695588704169 ], [ 101.544425206816342, 3.324724035653417 ], [ 101.544428174798284, 3.324729149381831 ], [ 101.544346147000468, 3.324777119064892 ], [ 101.544323556013694, 3.324741727911933 ], [ 101.544283227289597, 3.324767826659234 ], [ 101.544268912744087, 3.324747201695324 ], [ 101.544256355888137, 3.324756129371927 ], [ 101.544297868166126, 3.324815102072299 ], [ 101.544267463561127, 3.324836736524173 ], [ 101.544225922476173, 3.32477776917343 ] ] ] } },
{ "type": "Feature", "properties": { "Tarikh_Moh": null, "Daerah": "MPS", "UPI": null, "sts_warta": "Belum Warta", "no_lot": "PT 47003", "no_pt": null, "nama": "HAZIQ", "gtn1": "Tanah Lapang dan Rekreasi", "gtn2": "Tanah Lapang", "gtn3": "Tanah Lapang Lain", "kod_gtn": "TLR107", "no_warta": null, "trkh_warta": "1899-12-30T00:00:00", "serah_PTD": "1899-12-30T00:00:00", "luas_h": 0.0092, "selenggara": null, "catatan": "Komited Jul-Dis 2025", "tahun_data": 2025, "PBT": "MPS" }, "geometry": { "type": "Polygon", "coordinates": [ [ [ 101.544214112319395, 3.32401844375288 ], [ 101.544192624880765, 3.323964074831842 ], [ 101.544138527699417, 3.323985670202916 ], [ 101.544127783533909, 3.323958485288727 ], [ 101.544117040268759, 3.323931300377027 ], [ 101.544106296102015, 3.323904116367408 ], [ 101.544095552838002, 3.323876931455887 ], [ 101.5440848095745, 3.323849746544537 ], [ 101.544074078934813, 3.323822551718216 ], [ 101.544063344724336, 3.323795346030405 ], [ 101.544117422950436, 3.323773768700611 ], [ 101.544114845539042, 3.323767244288434 ], [ 101.544003398597525, 3.323811711641579 ], [ 101.544006016542397, 3.323818219881109 ], [ 101.544060067747893, 3.323796653337451 ], [ 101.544070811910018, 3.323823838250967 ], [ 101.544081555175211, 3.323851022257903 ], [ 101.544092307385625, 3.323878227088474 ], [ 101.544103050649539, 3.323905412 ], [ 101.544113793916367, 3.323932596007282 ], [ 101.544124538081235, 3.323959780921388 ], [ 101.544070439999473, 3.323981376285434 ], [ 101.544079199155021, 3.324003661651009 ], [ 101.544182860312063, 3.324030919381986 ], [ 101.544214112319395, 3.32401844375288 ] ] ] } },
{ "type": "Feature", "properties": { "Tarikh_Moh": null, "Daerah": "MPS", "UPI": null, "sts_warta": "Belum Warta", "no_lot": "PT 47003", "no_pt": null, "nama": "HAZIQ", "gtn1": "Tanah Lapang dan Rekreasi", "gtn2": "Tanah Lapang", "gtn3": "Tanah Lapang Lain", "kod_gtn": "TLR107", "no_warta": null, "trkh_warta": "1899-12-30T00:00:00", "serah_PTD": "1899-12-30T00:00:00", "luas_h": 0.0057, "selenggara": null, "catatan": "Komited Jul-Dis 2025", "tahun_data": 2025, "PBT": "MPS" }, "geometry": { "type": "Polygon", "coordinates": [ [ [ 101.544504440115915, 3.324405690230753 ], [ 101.544505472831815, 3.324400219749287 ], [ 101.544505659946125, 3.32439465391761 ], [ 101.544504999316558, 3.324389125670675 ], [ 101.544500763727797, 3.324373435802434 ], [ 101.544494694471567, 3.324358366071364 ], [ 101.544486878274512, 3.324344132844573 ], [ 101.544473994321237, 3.324325660363134 ], [ 101.544458396955378, 3.324309438997505 ], [ 101.544453675839534, 3.324305819225556 ], [ 101.544448529245869, 3.324302841343846 ], [ 101.544443044332127, 3.324300554414608 ], [ 101.544441397225498, 3.324300012938297 ], [ 101.544439682780819, 3.324299762489677 ], [ 101.544437950470154, 3.324299810432455 ], [ 101.544436251583832, 3.324300156900124 ], [ 101.544434637442592, 3.324300790269611 ], [ 101.54443315488426, 3.324301692575817 ], [ 101.544431848972707, 3.3243028359009 ], [ 101.544430755785115, 3.32430418778193 ], [ 101.544429910519725, 3.324305707614503 ], [ 101.544429335786589, 3.324307351143998 ], [ 101.544428321493797, 3.324313354339566 ], [ 101.544428310298628, 3.324319443347542 ], [ 101.544429305336436, 3.324325449061219 ], [ 101.544436368426545, 3.324347689315137 ], [ 101.544447067176151, 3.32436841067063 ], [ 101.544456085325891, 3.324382034777121 ], [ 101.544466673168813, 3.324394465601199 ], [ 101.544478675497828, 3.324405522771654 ], [ 101.544482695039136, 3.324408328604347 ], [ 101.54448705529245, 3.324410562865937 ], [ 101.544491674475609, 3.324412185551755 ], [ 101.544493220197538, 3.324412611910733 ], [ 101.544494813375039, 3.324412780651404 ], [ 101.544496412634416, 3.324412684431242 ], [ 101.544497975669714, 3.324412328566245 ], [ 101.544499459267996, 3.324411721083135 ], [ 101.544500824692179, 3.324410879063852 ], [ 101.544502035893132, 3.3244098241191 ], [ 101.54450305950246, 3.324408585101458 ], [ 101.544503867541451, 3.324407194494962 ], [ 101.544504440115915, 3.324405690230753 ] ] ] } },
{ "type": "Feature", "properties": { "Tarikh_Moh": null, "Daerah": "MPS", "UPI": null, "sts_warta": "Belum Warta", "no_lot": "LOT 1383", "no_pt": null, "nama": null, "gtn1": "Tanah Lapang dan Rekreasi", "gtn2": "Tanah Lapang", "gtn3": "Tanah Lapang Lain", "kod_gtn": "TLR107", "no_warta": null, "trkh_warta": "1899-12-30T00:00:00", "serah_PTD": "1899-12-30T00:00:00", "luas_h": 0.0108, "selenggara": null, "catatan": "Komited Jul-Dis 2025", "tahun_data": 2025, "PBT": "MPS" }, "geometry": { "type": "Polygon", "coordinates": [ [ [ 101.51681723425402, 3.294036342269434 ], [ 101.516974962231416, 3.293987113740524 ], [ 101.516660705708347, 3.293978753377597 ], [ 101.516664218453229, 3.293980163447221 ], [ 101.516685107951815, 3.293988551929743 ], [ 101.516705996553526, 3.293996939505127 ], [ 101.516726886053121, 3.294005327986801 ], [ 101.516747775553256, 3.294013716468061 ], [ 101.516768665056247, 3.294022104044542 ], [ 101.516789554557391, 3.294030492524968 ], [ 101.516810444059004, 3.294038881004904 ], [ 101.51681723425402, 3.294036342269434 ] ] ] } },
{ "type": "Feature", "properties": { "Tarikh_Moh": null, "Daerah": "MPS", "UPI": null, "sts_warta": "Belum Warta", "no_lot": "LOT 1383", "no_pt": null, "nama": null, "gtn1": "Tanah Lapang dan Rekreasi", "gtn2": "Tanah Lapang", "gtn3": "Tanah Lapang Lain", "kod_gtn": "TLR107", "no_warta": null, "trkh_warta": "1899-12-30T00:00:00", "serah_PTD": "1899-12-30T00:00:00", "luas_h": 0.001, "selenggara": null, "catatan": "Komited Jul-Dis 2025", "tahun_data": 2025, "PBT": "MPS" }, "geometry": { "type": "Polygon", "coordinates": [ [ [ 101.516646071240515, 3.294718862210431 ], [ 101.516632744119235, 3.294675726895998 ], [ 101.516619400927411, 3.294632543609268 ], [ 101.516610807154265, 3.294635225912479 ], [ 101.516624148546043, 3.294678409194545 ], [ 101.516637477471136, 3.294721542705104 ], [ 101.516646071240515, 3.294718862210431 ] ] ] } },
{ "type": "Feature", "properties": { "Tarikh_Moh": null, "Daerah": "MPS", "UPI": null, "sts_warta": "Belum Warta", "no_lot": "LOT 1383", "no_pt": null, "nama": null, "gtn1": "Tanah Lapang dan Rekreasi", "gtn2": "Tanah Lapang", "gtn3": "Tanah Lapang Lain", "kod_gtn": "TLR107", "no_warta": null, "trkh_warta": "1899-12-30T00:00:00", "serah_PTD": "1899-12-30T00:00:00", "luas_h": 0.001, "selenggara": null, "catatan": "Komited Jul-Dis 2025", "tahun_data": 2025, "PBT": "MPS" }, "geometry": { "type": "Polygon", "coordinates": [ [ [ 101.51644411723035, 3.294781842503724 ], [ 101.516430805296139, 3.294738753349148 ], [ 101.516417461212839, 3.29469557096267 ], [ 101.516408868338587, 3.294698253265941 ], [ 101.516422208819918, 3.294741436547371 ], [ 101.516435523462491, 3.294784522091757 ], [ 101.51644411723035, 3.294781842503724 ] ] ] } },
{ "type": "Feature", "properties": { "Tarikh_Moh": null, "Daerah": "MPS", "UPI": null, "sts_warta": "Belum Warta", "no_lot": "LOT 1383", "no_pt": null, "nama": null, "gtn1": "Tanah Lapang dan Rekreasi", "gtn2": "Tanah Lapang", "gtn3": "Tanah Lapang Lain", "kod_gtn": "TLR107", "no_warta": null, "trkh_warta": "1899-12-30T00:00:00", "serah_PTD": "1899-12-30T00:00:00", "luas_h": 0.0035, "selenggara": null, "catatan": "Komited Jul-Dis 2025", "tahun_data": 2025, "PBT": "MPS" }, "geometry": { "type": "Polygon", "coordinates": [ [ [ 101.516242163201539, 3.294844821838365 ], [ 101.516228865549877, 3.294801780649976 ], [ 101.516215566097202, 3.294758740361575 ], [ 101.516208616733849, 3.294762276166845 ], [ 101.516202383317591, 3.294766961471242 ], [ 101.516197045272335, 3.294772656572861 ], [ 101.516192765005982, 3.294779190977396 ], [ 101.516189668998351, 3.294786369678611 ], [ 101.516187850490908, 3.294793976782884 ], [ 101.516187364962192, 3.294801785445014 ], [ 101.516188224719457, 3.294809561471646 ], [ 101.516190001325413, 3.29481597344172 ], [ 101.516192692983779, 3.294822056827585 ], [ 101.516196239754478, 3.294827678532629 ], [ 101.516201122846297, 3.294833254917669 ], [ 101.516206848636742, 3.294837953589673 ], [ 101.516213262695715, 3.294841645725182 ], [ 101.516220191617222, 3.294844233198625 ], [ 101.516227448427799, 3.294845644979208 ], [ 101.51623483706895, 3.29484584347296 ], [ 101.516242163201539, 3.294844821838365 ] ] ] } },
{ "type": "Feature", "properties": { "Tarikh_Moh": null, "Daerah": "MPS", "UPI": null, "sts_warta": "Belum Warta", "no_lot": "LOT 1383", "no_pt": null, "nama": null, "gtn1": "Tanah Lapang dan Rekreasi", "gtn2": "Tanah Lapang", "gtn3": "Tanah Lapang Lain", "kod_gtn": "TLR107", "no_warta": null, "trkh_warta": "1899-12-30T00:00:00", "serah_PTD": "1899-12-30T00:00:00", "luas_h": 0.0006, "selenggara": null, "catatan": "Komited Jul-Dis 2025", "tahun_data": 2025, "PBT": "MPS" }, "geometry": { "type": "Polygon", "coordinates": [ [ [ 101.515818587751156, 3.294012101210833 ], [ 101.515817906045996, 3.294009896429245 ], [ 101.51577040362298, 3.294008603060758 ], [ 101.515775623420396, 3.294025509986099 ], [ 101.515818587751156, 3.294012101210833 ] ] ] } },
{ "type": "Feature", "properties": { "Tarikh_Moh": null, "Daerah": "MPS", "UPI": null, "sts_warta": "Belum Warta", "no_lot": "LOT 1383", "no_pt": null, "nama": null, "gtn1": "Tanah Lapang dan Rekreasi", "gtn2": "Tanah Lapang", "gtn3": "Tanah Lapang Lain", "kod_gtn": "TLR107", "no_warta": null, "trkh_warta": "1899-12-30T00:00:00", "serah_PTD": "1899-12-30T00:00:00", "luas_h": 0.001, "selenggara": null, "catatan": "Komited Jul-Dis 2025", "tahun_data": 2025, "PBT": "MPS" }, "geometry": { "type": "Polygon", "coordinates": [ [ [ 101.516646071240515, 3.294718862210431 ], [ 101.516632744119235, 3.294675726895998 ], [ 101.516619400927411, 3.294632543609268 ], [ 101.516610807154265, 3.294635225912479 ], [ 101.516624148546043, 3.294678409194545 ], [ 101.516637477471136, 3.294721542705104 ], [ 101.516646071240515, 3.294718862210431 ] ] ] } },
{ "type": "Feature", "properties": { "Tarikh_Moh": null, "Daerah": "MPS", "UPI": null, "sts_warta": "Belum Warta", "no_lot": "LOT 1383", "no_pt": null, "nama": null, "gtn1": "Tanah Lapang dan Rekreasi", "gtn2": "Tanah Lapang", "gtn3": "Tanah Lapang Lain", "kod_gtn": "TLR107", "no_warta": null, "trkh_warta": "1899-12-30T00:00:00", "serah_PTD": "1899-12-30T00:00:00", "luas_h": 0.001, "selenggara": null, "catatan": "Komited Jul-Dis 2025", "tahun_data": 2025, "PBT": "MPS" }, "geometry": { "type": "Polygon", "coordinates": [ [ [ 101.51644411723035, 3.294781842503724 ], [ 101.516430805296139, 3.294738753349148 ], [ 101.516417461212839, 3.29469557096267 ], [ 101.516408868338587, 3.294698253265941 ], [ 101.516422208819918, 3.294741436547371 ], [ 101.516435523462491, 3.294784522091757 ], [ 101.51644411723035, 3.294781842503724 ] ] ] } },
{ "type": "Feature", "properties": { "Tarikh_Moh": null, "Daerah": "MPS", "UPI": null, "sts_warta": "Belum Warta", "no_lot": "LOT 1383", "no_pt": null, "nama": null, "gtn1": "Tanah Lapang dan Rekreasi", "gtn2": "Tanah Lapang", "gtn3": "Tanah Lapang Lain", "kod_gtn": "TLR107", "no_warta": null, "trkh_warta": "1899-12-30T00:00:00", "serah_PTD": "1899-12-30T00:00:00", "luas_h": 0.0035, "selenggara": null, "catatan": "Komited Jul-Dis 2025", "tahun_data": 2025, "PBT": "MPS" }, "geometry": { "type": "Polygon", "coordinates": [ [ [ 101.516242163201539, 3.294844821838365 ], [ 101.516228865549877, 3.294801780649976 ], [ 101.516215566097202, 3.294758740361575 ], [ 101.516208616733849, 3.294762276166845 ], [ 101.516202383317591, 3.294766961471242 ], [ 101.516197045272335, 3.294772656572861 ], [ 101.516192765005982, 3.294779190977396 ], [ 101.516189668998351, 3.294786369678611 ], [ 101.516187850490908, 3.294793976782884 ], [ 101.516187364962192, 3.294801785445014 ], [ 101.516188224719457, 3.294809561471646 ], [ 101.516190001325413, 3.29481597344172 ], [ 101.516192692983779, 3.294822056827585 ], [ 101.516196239754478, 3.294827678532629 ], [ 101.516201122846297, 3.294833254917669 ], [ 101.516206848636742, 3.294837953589673 ], [ 101.516213262695715, 3.294841645725182 ], [ 101.516220191617222, 3.294844233198625 ], [ 101.516227448427799, 3.294845644979208 ], [ 101.51623483706895, 3.29484584347296 ], [ 101.516242163201539, 3.294844821838365 ] ] ] } },
{ "type": "Feature", "properties": { "Tarikh_Moh": null, "Daerah": "MPS", "UPI": null, "sts_warta": "Belum Warta", "no_lot": "LOT 1383", "no_pt": null, "nama": null, "gtn1": "Tanah Lapang dan Rekreasi", "gtn2": "Tanah Lapang", "gtn3": "Tanah Lapang Lain", "kod_gtn": "TLR107", "no_warta": null, "trkh_warta": "1899-12-30T00:00:00", "serah_PTD": "1899-12-30T00:00:00", "luas_h": 0.0039, "selenggara": null, "catatan": "Komited Jul-Dis 2025", "tahun_data": 2025, "PBT": "MPS" }, "geometry": { "type": "Polygon", "coordinates": [ [ [ 101.515766107022401, 3.295940324366621 ], [ 101.515766115904952, 3.295940368703002 ], [ 101.515771440138977, 3.295957599667169 ], [ 101.515775736584459, 3.295956258067934 ], [ 101.515770412350321, 3.295939027103767 ], [ 101.515770395360221, 3.295938986363433 ], [ 101.515856326934241, 3.295912166137077 ], [ 101.515840329252143, 3.295860389075843 ], [ 101.515836036411116, 3.295861728876308 ], [ 101.515849366180632, 3.295904869640441 ], [ 101.51584938317076, 3.295904910380736 ], [ 101.515827891946998, 3.295911618355285 ], [ 101.51580640882824, 3.295918323637552 ], [ 101.5157849257116, 3.295925028014834 ], [ 101.515763443492162, 3.2959317332982 ], [ 101.515763434607251, 3.295931689866175 ], [ 101.515750104842311, 3.295888549101305 ], [ 101.515735062337896, 3.295893243780932 ], [ 101.515748405488281, 3.295936427085454 ], [ 101.515688252576496, 3.295955200420361 ], [ 101.515674910326723, 3.295912018022035 ], [ 101.515664177773374, 3.295915367519619 ], [ 101.515680175444359, 3.295967144582659 ], [ 101.515766107022401, 3.295940324366621 ] ] ] } },
{ "type": "Feature", "properties": { "Tarikh_Moh": null, "Daerah": "MPS", "UPI": null, "sts_warta": "Belum Warta", "no_lot": "LOT 1383", "no_pt": null, "nama": null, "gtn1": "Tanah Lapang dan Rekreasi", "gtn2": "Tanah Lapang", "gtn3": "Tanah Lapang Lain", "kod_gtn": "TLR107", "no_warta": null, "trkh_warta": "1899-12-30T00:00:00", "serah_PTD": "1899-12-30T00:00:00", "luas_h": 0.0021, "selenggara": null, "catatan": "Komited Jul-Dis 2025", "tahun_data": 2025, "PBT": "MPS" }, "geometry": { "type": "Polygon", "coordinates": [ [ [ 101.516640765739979, 3.293978222547645 ], [ 101.516576901515506, 3.293976523559586 ], [ 101.516587904238776, 3.294012134920166 ], [ 101.516608071303764, 3.294006310599387 ], [ 101.516626637252259, 3.294013765113877 ], [ 101.516640765739979, 3.293978222547645 ] ] ] } },
{ "type": "Feature", "properties": { "Tarikh_Moh": null, "Daerah": "MPS", "UPI": null, "sts_warta": "Belum Warta", "no_lot": "LOT 1383", "no_pt": null, "nama": null, "gtn1": "Tanah Lapang dan Rekreasi", "gtn2": "Tanah Lapang", "gtn3": "Tanah Lapang Lain", "kod_gtn": "TLR107", "no_warta": null, "trkh_warta": "1899-12-30T00:00:00", "serah_PTD": "1899-12-30T00:00:00", "luas_h": 0.0006, "selenggara": null, "catatan": "Komited Jul-Dis 2025", "tahun_data": 2025, "PBT": "MPS" }, "geometry": { "type": "Polygon", "coordinates": [ [ [ 101.515818587751156, 3.294012101210833 ], [ 101.515817906045996, 3.294009896429245 ], [ 101.51577040362298, 3.294008603060758 ], [ 101.515775623420396, 3.294025509986099 ], [ 101.515818587751156, 3.294012101210833 ] ] ] } },
{ "type": "Feature", "properties": { "Tarikh_Moh": null, "Daerah": "MPS", "UPI": null, "sts_warta": "Belum Warta", "no_lot": "LOT 1383", "no_pt": null, "nama": null, "gtn1": "Tanah Lapang dan Rekreasi", "gtn2": "Tanah Lapang", "gtn3": "Tanah Lapang Lain", "kod_gtn": "TLR107", "no_warta": null, "trkh_warta": "1899-12-30T00:00:00", "serah_PTD": "1899-12-30T00:00:00", "luas_h": 0.0106, "selenggara": null, "catatan": "Komited Jul-Dis 2025", "tahun_data": 2025, "PBT": "MPS" }, "geometry": { "type": "Polygon", "coordinates": [ [ [ 101.516359737487392, 3.294036047242948 ], [ 101.516381219658683, 3.294029340126657 ], [ 101.516402701829747, 3.294022633009789 ], [ 101.51642418400057, 3.294015925892279 ], [ 101.516531591310866, 3.29398236767758 ], [ 101.516552393583297, 3.293975871290057 ], [ 101.516323244105465, 3.293969774795802 ], [ 101.516351000285525, 3.294059607820516 ], [ 101.516353177411204, 3.294064250131691 ], [ 101.516356073657164, 3.294068477430161 ], [ 101.516359611930781, 3.294072178278538 ], [ 101.516363699805268, 3.294075255668623 ], [ 101.516368229519699, 3.294077627021481 ], [ 101.516373080661964, 3.294079230524835 ], [ 101.516359737487392, 3.294036047242948 ] ] ] } },
{ "type": "Feature", "properties": { "Tarikh_Moh": null, "Daerah": "MPS", "UPI": null, "sts_warta": "Belum Warta", "no_lot": "LOT 1383", "no_pt": null, "nama": null, "gtn1": "Tanah Lapang dan Rekreasi", "gtn2": "Tanah Lapang", "gtn3": "Tanah Lapang Lain", "kod_gtn": "TLR107", "no_warta": null, "trkh_warta": "1899-12-30T00:00:00", "serah_PTD": "1899-12-30T00:00:00", "luas_h": 0.0004, "selenggara": null, "catatan": "Komited Jul-Dis 2025", "tahun_data": 2025, "PBT": "MPS" }, "geometry": { "type": "Polygon", "coordinates": [ [ [ 101.515634877793147, 3.294088377086346 ], [ 101.515629556265367, 3.294071146136724 ], [ 101.515624216850213, 3.294053873540161 ], [ 101.515619794740374, 3.294087233200665 ], [ 101.515621443671691, 3.29409256956599 ], [ 101.515634877793147, 3.294088377086346 ] ] ] } },
{ "type": "Feature", "properties": { "Tarikh_Moh": null, "Daerah": "MPS", "UPI": null, "sts_warta": "Belum Warta", "no_lot": "LOT 1383", "no_pt": null, "nama": null, "gtn1": "Tanah Lapang dan Rekreasi", "gtn2": "Tanah Lapang", "gtn3": "Tanah Lapang Lain", "kod_gtn": "TLR107", "no_warta": null, "trkh_warta": "1899-12-30T00:00:00", "serah_PTD": "1899-12-30T00:00:00", "luas_h": 0.0572, "selenggara": null, "catatan": "Komited Jul-Dis 2025", "tahun_data": 2025, "PBT": "MPS" }, "geometry": { "type": "Polygon", "coordinates": [ [ [ 101.517037718560402, 3.294109569036221 ], [ 101.51703238091649, 3.294092295542876 ], [ 101.517040974683297, 3.294089613234143 ], [ 101.517049567547986, 3.294086931827295 ], [ 101.517058160414933, 3.294084249516039 ], [ 101.517066754181627, 3.294081567207025 ], [ 101.517075348848095, 3.294078884900277 ], [ 101.517075336361629, 3.294078842363141 ], [ 101.517079636397739, 3.294077499860291 ], [ 101.517079649784023, 3.294077542399809 ], [ 101.517088236345259, 3.294074862784663 ], [ 101.517096830111825, 3.294072180475289 ], [ 101.51710542297856, 3.29406949816347 ], [ 101.517114015842921, 3.294066816755902 ], [ 101.517122609609402, 3.294064134446246 ], [ 101.517131202476023, 3.29406145213413 ], [ 101.51713979534027, 3.294058770726256 ], [ 101.517148389106652, 3.294056088416304 ], [ 101.517156981973159, 3.294053406103894 ], [ 101.517165574837293, 3.294050724695711 ], [ 101.517174168603532, 3.29404804238549 ], [ 101.517179505350626, 3.294065315875948 ], [ 101.517196691983571, 3.29405995125278 ], [ 101.517275064282998, 3.294035490305609 ], [ 101.517982235859961, 3.294054757621115 ], [ 101.517983333625011, 3.294013940086175 ], [ 101.516981088541584, 3.293987276350958 ], [ 101.517005854756945, 3.294067431326543 ], [ 101.51701444852354, 3.294064749018065 ], [ 101.517023041387958, 3.294062067611497 ], [ 101.517031634254664, 3.294059385300444 ], [ 101.517040228021145, 3.294056702991684 ], [ 101.517048820885435, 3.294054021584808 ], [ 101.517057413752042, 3.294051339273485 ], [ 101.517066007518409, 3.294048656964418 ], [ 101.517071344263172, 3.294065930455144 ], [ 101.517062751396409, 3.294068612766594 ], [ 101.517054157632174, 3.29407129417124 ], [ 101.517045564765354, 3.294073976482496 ], [ 101.517036971898492, 3.294076658793651 ], [ 101.517028378134142, 3.294079340198003 ], [ 101.517019785267195, 3.294082022508976 ], [ 101.517011192400233, 3.294084704819835 ], [ 101.517020531928395, 3.294114932751439 ], [ 101.517037718560402, 3.294109569036221 ] ], [ [ 101.51707030395049, 3.294047316260825 ], [ 101.517078896817011, 3.294044633949234 ], [ 101.517087489681131, 3.294041952541935 ], [ 101.517096083447356, 3.29403927023252 ], [ 101.51710467631375, 3.294036587920647 ], [ 101.51711326917777, 3.294033906513026 ], [ 101.517121862943839, 3.294031224203341 ], [ 101.517130455810161, 3.294028541891159 ], [ 101.517139048674039, 3.294025860483257 ], [ 101.517147642440023, 3.294023178173252 ], [ 101.517156235306189, 3.294020495860788 ], [ 101.517164828169996, 3.29401781445259 ], [ 101.517173421935851, 3.294015132142289 ], [ 101.517182014801904, 3.294012449829543 ], [ 101.517187351549111, 3.294029723319864 ], [ 101.51717875868286, 3.294032405632622 ], [ 101.517170165818939, 3.294035087040985 ], [ 101.517161572052871, 3.294037769351207 ], [ 101.517152979186505, 3.294040451663696 ], [ 101.517144386322443, 3.294043133071739 ], [ 101.51713579255626, 3.294045815381665 ], [ 101.517127199689796, 3.294048497693872 ], [ 101.517118606825647, 3.294051179101606 ], [ 101.517110013059309, 3.294053861411237 ], [ 101.517101420192731, 3.294056543723122 ], [ 101.517092827328483, 3.294059225130588 ], [ 101.517084233562016, 3.294061907439937 ], [ 101.517075640695325, 3.294064589751528 ], [ 101.51707030395049, 3.294047316260825 ] ] ] } },
{ "type": "Feature", "properties": { "Tarikh_Moh": null, "Daerah": "MPS", "UPI": null, "sts_warta": "Belum Warta", "no_lot": "LOT 1383", "no_pt": null, "nama": null, "gtn1": "Tanah Lapang dan Rekreasi", "gtn2": "Tanah Lapang", "gtn3": "Tanah Lapang Lain", "kod_gtn": "TLR107", "no_warta": null, "trkh_warta": "1899-12-30T00:00:00", "serah_PTD": "1899-12-30T00:00:00", "luas_h": 0.003, "selenggara": null, "catatan": "Komited Jul-Dis 2025", "tahun_data": 2025, "PBT": "MPS" }, "geometry": { "type": "Polygon", "coordinates": [ [ [ 101.51661353610298, 3.294081543110222 ], [ 101.516609679142491, 3.294080322048014 ], [ 101.516605683869173, 3.294079693873577 ], [ 101.516601639327206, 3.294079672386281 ], [ 101.516597638192962, 3.294080258734187 ], [ 101.516610910880843, 3.294123217551932 ], [ 101.516632393946608, 3.294116513144528 ], [ 101.516653877014434, 3.294109807832182 ], [ 101.516667194323233, 3.294152909654057 ], [ 101.516666234124344, 3.294153298711441 ], [ 101.516667219305575, 3.294152991110948 ], [ 101.51666792843389, 3.29415261224551 ], [ 101.516668703979803, 3.294152297763378 ], [ 101.516669990944337, 3.294151509843892 ], [ 101.516671227188567, 3.294150849303968 ], [ 101.516671817748986, 3.294150391448602 ], [ 101.516672481058507, 3.294149985332293 ], [ 101.516673672378403, 3.294148953892059 ], [ 101.516674821942928, 3.294148062515747 ], [ 101.516675289363519, 3.294147553693136 ], [ 101.516675831365745, 3.294147083953631 ], [ 101.516676882023063, 3.294145819726289 ], [ 101.516677900785098, 3.294144710058447 ], [ 101.51667824589498, 3.29414417740125 ], [ 101.516678665619452, 3.294143671166322 ], [ 101.516679530575132, 3.294142193024892 ], [ 101.51668037708771, 3.294140886660903 ], [ 101.516680605217431, 3.294140356409131 ], [ 101.516680907994669, 3.294139839918889 ], [ 101.51668154578995, 3.294138173980332 ], [ 101.516682181284224, 3.29413670066162 ], [ 101.51668230407455, 3.294136194550275 ], [ 101.516682497041742, 3.294135691336458 ], [ 101.516682870693259, 3.294133872773119 ], [ 101.516683261780415, 3.294132269490157 ], [ 101.516683294476081, 3.294131807454895 ], [ 101.516683391075929, 3.294131338352873 ], [ 101.516683467190163, 3.294129405963849 ], [ 101.516683587656104, 3.294127718769439 ], [ 101.516683549115072, 3.294127315329375 ], [ 101.516683565501509, 3.294126896659905 ], [ 101.516683316962229, 3.294124897399853 ], [ 101.516683151376327, 3.294123177801123 ], [ 101.516683060470754, 3.294122842049438 ], [ 101.516683016406247, 3.294122486525239 ], [ 101.516682420593852, 3.29412046826521 ], [ 101.516681963404309, 3.29411877503014 ], [ 101.516681842617274, 3.294118511547592 ], [ 101.516681757883163, 3.294118224646844 ], [ 101.516680796669988, 3.294116237982479 ], [ 101.516680058511952, 3.294114633538949 ], [ 101.516679927638847, 3.294114442377654 ], [ 101.516679823823111, 3.294114226870135 ], [ 101.516678478191096, 3.294112318777469 ], [ 101.516677490378399, 3.294110871938237 ], [ 101.516677369231147, 3.294110746819823 ], [ 101.516677266133925, 3.294110600948891 ], [ 101.516675497302529, 3.294108805691173 ], [ 101.516674330711652, 3.294107596225024 ], [ 101.516674237312088, 3.294107527249073 ], [ 101.516674153850246, 3.294107442925391 ], [ 101.516670667442028, 3.294104902491344 ], [ 101.516670567722656, 3.294104841637927 ], [ 101.516666611074498, 3.294102856140698 ], [ 101.51661353610298, 3.294081543110222 ] ] ] } },
{ "type": "Feature", "properties": { "Tarikh_Moh": null, "Daerah": "MPS", "UPI": null, "sts_warta": "Belum Warta", "no_lot": "LOT 1383", "no_pt": null, "nama": null, "gtn1": "Tanah Lapang dan Rekreasi", "gtn2": "Tanah Lapang", "gtn3": "Tanah Lapang Lain", "kod_gtn": "TLR107", "no_warta": null, "trkh_warta": "1899-12-30T00:00:00", "serah_PTD": "1899-12-30T00:00:00", "luas_h": 0.0026, "selenggara": null, "catatan": "Komited Jul-Dis 2025", "tahun_data": 2025, "PBT": "MPS" }, "geometry": { "type": "Polygon", "coordinates": [ [ [ 101.516386700474001, 3.29417514156885 ], [ 101.516397156237986, 3.294208976260867 ], [ 101.516397170526361, 3.294209017898381 ], [ 101.516398936343023, 3.294213353458859 ], [ 101.516398947025195, 3.294213397799923 ], [ 101.516401457851401, 3.294217397093854 ], [ 101.516404622332047, 3.294220897098661 ], [ 101.516408342662757, 3.294223792652896 ], [ 101.516412506602506, 3.294225993930972 ], [ 101.516416988349704, 3.294227435489216 ], [ 101.516421650349031, 3.294228073557113 ], [ 101.516426352284427, 3.294227887870061 ], [ 101.516430952874302, 3.294226883482625 ], [ 101.516430940387849, 3.294226840945496 ], [ 101.516417612395202, 3.294183700206625 ], [ 101.516417570467482, 3.294183560826964 ], [ 101.516404269217659, 3.294140516923836 ], [ 101.516400115798092, 3.294142224260268 ], [ 101.516399910423942, 3.294142308728754 ], [ 101.516398848706558, 3.294142982388107 ], [ 101.516396691227925, 3.294144272643326 ], [ 101.516396303471637, 3.294144596284147 ], [ 101.516395931237881, 3.294144833148454 ], [ 101.516394954435768, 3.294145724074333 ], [ 101.516393434064852, 3.29414699520504 ], [ 101.516392931377979, 3.294147570856323 ], [ 101.516392447935232, 3.29414801271496 ], [ 101.516391706692943, 3.294148975703657 ], [ 101.516390641753887, 3.294150195579918 ], [ 101.516390092398268, 3.294151070447275 ], [ 101.516389567840889, 3.294151751849618 ], [ 101.516389079522853, 3.294152683851328 ], [ 101.516388381082223, 3.294153796169792 ], [ 101.516387864147831, 3.29415500573071 ], [ 101.516387376731942, 3.294155936830428 ], [ 101.516387115451408, 3.294156758194533 ], [ 101.516386708967474, 3.294157708498395 ], [ 101.516386311658934, 3.294159281921273 ], [ 101.51638594242246, 3.294160441227204 ], [ 101.516385854347135, 3.294161092125226 ], [ 101.516385667056838, 3.294161834101457 ], [ 101.516385485541335, 3.294163814143513 ], [ 101.516385307562913, 3.294165126786985 ], [ 101.516385325304938, 3.294165569963538 ], [ 101.516385279003885, 3.294166073562942 ], [ 101.516385443410087, 3.294168591696702 ], [ 101.516385493215878, 3.294169852487092 ], [ 101.516385540335179, 3.29417007146296 ], [ 101.516385556779056, 3.294170322010241 ], [ 101.516386466755279, 3.294174362311651 ], [ 101.516386494359296, 3.294174473618872 ], [ 101.516386700474001, 3.29417514156885 ] ] ] } },
{ "type": "Feature", "properties": { "Tarikh_Moh": null, "Daerah": "MPS", "UPI": null, "sts_warta": "Belum Warta", "no_lot": "LOT 1383", "no_pt": null, "nama": null, "gtn1": "Tanah Lapang dan Rekreasi", "gtn2": "Tanah Lapang", "gtn3": "Tanah Lapang Lain", "kod_gtn": "TLR107", "no_warta": null, "trkh_warta": "1899-12-30T00:00:00", "serah_PTD": "1899-12-30T00:00:00", "luas_h": 0.0015, "selenggara": null, "catatan": "Komited Jul-Dis 2025", "tahun_data": 2025, "PBT": "MPS" }, "geometry": { "type": "Polygon", "coordinates": [ [ [ 101.516329100094708, 3.294211324934843 ], [ 101.516299761689808, 3.294220482063244 ], [ 101.516305368280769, 3.294238631385332 ], [ 101.516313088774112, 3.294263623705147 ], [ 101.516313100360762, 3.294263666239917 ], [ 101.516313471379334, 3.29426355055493 ], [ 101.516317872860412, 3.294262297853536 ], [ 101.5163220053755, 3.294260325489083 ], [ 101.516323222330783, 3.294259470464437 ], [ 101.516323405257239, 3.294259367849973 ], [ 101.516323867769415, 3.294259016371093 ], [ 101.516325753605045, 3.29425768922776 ], [ 101.516326215490551, 3.294257232843016 ], [ 101.516326384088558, 3.294257103964832 ], [ 101.516329018399944, 3.294254454826262 ], [ 101.516331590315943, 3.294250887611573 ], [ 101.516331647233628, 3.29425079913527 ], [ 101.516331685201536, 3.294250731409153 ], [ 101.51633229033466, 3.294249514845434 ], [ 101.516333571976531, 3.294246969766796 ], [ 101.51633360463984, 3.294246865852803 ], [ 101.516333651673975, 3.294246771924431 ], [ 101.516333677087104, 3.294246687886995 ], [ 101.516333715078559, 3.294246611117451 ], [ 101.516334199806124, 3.294244984568028 ], [ 101.516334900189008, 3.294242780708129 ], [ 101.51633492400272, 3.294242619797023 ], [ 101.51633497028773, 3.294242467988498 ], [ 101.516334988634412, 3.294242333289072 ], [ 101.516335026757702, 3.29424220587644 ], [ 101.516335248255515, 3.294240421278404 ], [ 101.516335547669996, 3.294238431598593 ], [ 101.516335545533352, 3.294238215454089 ], [ 101.516335573973166, 3.294238005720438 ], [ 101.51633556815257, 3.294237822122724 ], [ 101.516335590213771, 3.294237643120056 ], [ 101.516335512193436, 3.294235814325719 ], [ 101.516335497928949, 3.2942340354381 ], [ 101.516335451834252, 3.294233768534562 ], [ 101.516335444423589, 3.294233504445814 ], [ 101.516335400027259, 3.294233276433682 ], [ 101.516335389820696, 3.294233049415798 ], [ 101.516335011172913, 3.294231256909075 ], [ 101.516334751576025, 3.294229703462948 ], [ 101.516334580421457, 3.294229086248352 ], [ 101.516334436823769, 3.294228598427815 ], [ 101.516334425237105, 3.294228555893012 ], [ 101.516329100094708, 3.294211324934843 ] ] ] } },
{ "type": "Feature", "properties": { "Tarikh_Moh": null, "Daerah": "MPS", "UPI": null, "sts_warta": "Belum Warta", "no_lot": "LOT 1383", "no_pt": null, "nama": null, "gtn1": "Tanah Lapang dan Rekreasi", "gtn2": "Tanah Lapang", "gtn3": "Tanah Lapang Lain", "kod_gtn": "TLR107", "no_warta": null, "trkh_warta": "1899-12-30T00:00:00", "serah_PTD": "1899-12-30T00:00:00", "luas_h": 0.0142, "selenggara": null, "catatan": "Komited Jul-Dis 2025", "tahun_data": 2025, "PBT": "MPS" }, "geometry": { "type": "Polygon", "coordinates": [ [ [ 101.517906049893583, 3.294358054495566 ], [ 101.517936716010595, 3.294350085491944 ], [ 101.517965796174735, 3.29433746849675 ], [ 101.517992598555821, 3.294320504648266 ], [ 101.51801648504312, 3.294299598321728 ], [ 101.517949998574977, 3.294232253218335 ], [ 101.517949074114071, 3.294263522208372 ], [ 101.51790972648682, 3.294300983575289 ], [ 101.517854883971367, 3.294299491066197 ], [ 101.517854885026466, 3.294299431382062 ], [ 101.517800063167243, 3.29429795429764 ], [ 101.517745231413571, 3.294296476279302 ], [ 101.517690399639676, 3.294295006396462 ], [ 101.517635562512623, 3.294293519313404 ], [ 101.51756701701845, 3.294291655256975 ], [ 101.517565477412489, 3.294348731787816 ], [ 101.517568906307289, 3.294348824904656 ], [ 101.517570125275881, 3.29430362432087 ], [ 101.51759304155307, 3.294304247961917 ], [ 101.517615098581686, 3.294304848543968 ], [ 101.517637585683488, 3.294305461107862 ], [ 101.517660071885715, 3.294306073668937 ], [ 101.517682558987872, 3.294306686231692 ], [ 101.517705045190397, 3.294307298791542 ], [ 101.517727532292852, 3.294307911353124 ], [ 101.51775001939545, 3.294308523914111 ], [ 101.517772505598487, 3.294309136472143 ], [ 101.517794992703742, 3.29430974812762 ], [ 101.517817478907062, 3.294310360684428 ], [ 101.517839966010314, 3.294310973243051 ], [ 101.517862455813102, 3.294311585808141 ], [ 101.51786255429451, 3.294307972295878 ], [ 101.517884141663117, 3.294308559880017 ], [ 101.517894935796207, 3.294308854125292 ], [ 101.517893619256213, 3.294357670940932 ], [ 101.517906049893583, 3.294358054495566 ] ] ] } },
{ "type": "Feature", "properties": { "Tarikh_Moh": null, "Daerah": "MPS", "UPI": null, "sts_warta": "Belum Warta", "no_lot": "LOT 1383", "no_pt": null, "nama": null, "gtn1": "Tanah Lapang dan Rekreasi", "gtn2": "Tanah Lapang", "gtn3": "Tanah Lapang Lain", "kod_gtn": "TLR107", "no_warta": null, "trkh_warta": "1899-12-30T00:00:00", "serah_PTD": "1899-12-30T00:00:00", "luas_h": 0.0096, "selenggara": null, "catatan": "Komited Jul-Dis 2025", "tahun_data": 2025, "PBT": "MPS" }, "geometry": { "type": "Polygon", "coordinates": [ [ [ 101.515807161150036, 3.294370439314509 ], [ 101.515817473135016, 3.294367220740102 ], [ 101.5158185278123, 3.294370632901425 ], [ 101.515818540298724, 3.294370675438563 ], [ 101.515840023375588, 3.294363970149515 ], [ 101.51586150644988, 3.294357265764163 ], [ 101.515882989526233, 3.294350560473935 ], [ 101.515904472602415, 3.294343855183034 ], [ 101.515925954776222, 3.294337150793468 ], [ 101.515947437851878, 3.294330445501387 ], [ 101.515968920927307, 3.294323740208649 ], [ 101.515990404000163, 3.294317035819692 ], [ 101.516011887075166, 3.294310330525673 ], [ 101.516033375553334, 3.294303623436643 ], [ 101.516046703523415, 3.294346765083167 ], [ 101.516055295494454, 3.294344082780915 ], [ 101.516041965719637, 3.294300942938383 ], [ 101.516063445192486, 3.294294238537861 ], [ 101.516084928266665, 3.294287533241791 ], [ 101.516106411338228, 3.29428082884945 ], [ 101.516127894411895, 3.294274123552182 ], [ 101.516149377485348, 3.294267418254326 ], [ 101.516170860556187, 3.294260713860149 ], [ 101.516192342729369, 3.294254008558617 ], [ 101.516213825802069, 3.294247303258874 ], [ 101.516235308872211, 3.29424059886286 ], [ 101.516256791944471, 3.294233893561886 ], [ 101.516278275016504, 3.29422718826034 ], [ 101.516299761689808, 3.294220482063244 ], [ 101.516329100094708, 3.294211324934843 ], [ 101.516325338243021, 3.294199147960252 ], [ 101.516325323956949, 3.294199105418417 ], [ 101.515763206047851, 3.294374546987459 ], [ 101.515763224837528, 3.294374587732521 ], [ 101.515766988478134, 3.294386765617472 ], [ 101.515787607045155, 3.294380330264122 ], [ 101.515787594558716, 3.294380287726984 ], [ 101.515786538081997, 3.294376875560918 ], [ 101.515807161150036, 3.294370439314509 ] ] ] } },
{ "type": "Feature", "properties": { "Tarikh_Moh": null, "Daerah": "MPS", "UPI": null, "sts_warta": "Belum Warta", "no_lot": "LOT 1383", "no_pt": null, "nama": null, "gtn1": "Tanah Lapang dan Rekreasi", "gtn2": "Tanah Lapang", "gtn3": "Tanah Lapang Lain", "kod_gtn": "TLR107", "no_warta": null, "trkh_warta": "1899-12-30T00:00:00", "serah_PTD": "1899-12-30T00:00:00", "luas_h": 0.001, "selenggara": null, "catatan": "Komited Jul-Dis 2025", "tahun_data": 2025, "PBT": "MPS" }, "geometry": { "type": "Polygon", "coordinates": [ [ [ 101.515787607045155, 3.294380330264122 ], [ 101.515766988478134, 3.294386765617472 ], [ 101.515772310909341, 3.294403996570507 ], [ 101.515772326099821, 3.294404037306023 ], [ 101.515774052534269, 3.294408291372554 ], [ 101.515774099895978, 3.294408417201355 ], [ 101.515776495142774, 3.294412225375654 ], [ 101.515776610719215, 3.294412416496846 ], [ 101.515779568847762, 3.294415684448152 ], [ 101.515779774297542, 3.294415916501332 ], [ 101.51578318393365, 3.294418567067269 ], [ 101.515783494626291, 3.29441881205816 ], [ 101.515787234446265, 3.294420787945637 ], [ 101.515787658562274, 3.294421014243646 ], [ 101.515791555928146, 3.294422267972579 ], [ 101.515791601777565, 3.294422283467086 ], [ 101.515792139408873, 3.294422455802852 ], [ 101.515795963095044, 3.294422978625826 ], [ 101.515796159172282, 3.29442300898503 ], [ 101.515796801408044, 3.294423093874355 ], [ 101.515800772627003, 3.294422938825425 ], [ 101.515787607045155, 3.294380330264122 ] ] ] } },
{ "type": "Feature", "properties": { "Tarikh_Moh": null, "Daerah": "MPS", "UPI": null, "sts_warta": "Belum Warta", "no_lot": "LOT 1383", "no_pt": null, "nama": null, "gtn1": "Tanah Lapang dan Rekreasi", "gtn2": "Tanah Lapang", "gtn3": "Tanah Lapang Lain", "kod_gtn": "TLR107", "no_warta": null, "trkh_warta": "1899-12-30T00:00:00", "serah_PTD": "1899-12-30T00:00:00", "luas_h": 0.0177, "selenggara": null, "catatan": "Komited Jul-Dis 2025", "tahun_data": 2025, "PBT": "MPS" }, "geometry": { "type": "Polygon", "coordinates": [ [ [ 101.517037934657779, 3.294384709923002 ], [ 101.51705941772947, 3.294378005505032 ], [ 101.517080900803236, 3.294371300182152 ], [ 101.517102382977029, 3.29436459485624 ], [ 101.517123866047967, 3.294357890436467 ], [ 101.517123805375064, 3.294357693129355 ], [ 101.517145288448148, 3.294350987804591 ], [ 101.517166771518646, 3.29434428338359 ], [ 101.51718825369143, 3.294337578055219 ], [ 101.517209736763775, 3.294330872728652 ], [ 101.517231219833548, 3.294324168305764 ], [ 101.517252702905438, 3.294317462977967 ], [ 101.517274185977058, 3.294310757649513 ], [ 101.517295672650022, 3.294304051425607 ], [ 101.51730902037346, 3.29434723562149 ], [ 101.517309144641473, 3.294347198869916 ], [ 101.517314182616374, 3.294346163070853 ], [ 101.517307922263541, 3.294301385054955 ], [ 101.517330197806558, 3.294298234083122 ], [ 101.517336468958149, 3.294343012127415 ], [ 101.517339650017192, 3.294342563794168 ], [ 101.517339724707099, 3.294342561277483 ], [ 101.517344945856323, 3.29434271065428 ], [ 101.517346163889925, 3.294297528157827 ], [ 101.517368650987507, 3.294298141633244 ], [ 101.517391137187872, 3.294298754201422 ], [ 101.517413624288139, 3.294299366771347 ], [ 101.517436110488774, 3.294299979338335 ], [ 101.517458597589382, 3.29430059190707 ], [ 101.517481083790344, 3.294301204472851 ], [ 101.517503570891236, 3.294301817040362 ], [ 101.517502352936575, 3.294346972408583 ], [ 101.517510610713089, 3.294347197592163 ], [ 101.517512144822746, 3.294290159934649 ], [ 101.517512144940383, 3.29429011471763 ], [ 101.51744361012166, 3.294288298609701 ], [ 101.517388778414059, 3.294286805194454 ], [ 101.517333946705023, 3.29428531268 ], [ 101.517279751251309, 3.294293810347102 ], [ 101.517227368248314, 3.294310162506785 ], [ 101.517174985243884, 3.294326514662888 ], [ 101.517122599559855, 3.294342858669088 ], [ 101.517070220566396, 3.294359224393632 ], [ 101.517017839786007, 3.294375584683675 ], [ 101.516969860925599, 3.294350248062835 ], [ 101.516924134503654, 3.294202786216436 ], [ 101.516871715606769, 3.294219102085147 ], [ 101.516877149533073, 3.29423671857998 ], [ 101.516920124556293, 3.294223352278657 ], [ 101.516926796159197, 3.294244943919046 ], [ 101.51693346686254, 3.29426653555721 ], [ 101.516940138468243, 3.294288126293435 ], [ 101.516946810071843, 3.294309717934065 ], [ 101.516953480775882, 3.294331309572522 ], [ 101.51696015237998, 3.294352901213358 ], [ 101.516966823984276, 3.294374492854313 ], [ 101.516973494691399, 3.294396083588692 ], [ 101.516930529441481, 3.294409494230144 ], [ 101.516933703948865, 3.294417440029561 ], [ 101.516938100174727, 3.294424774989522 ], [ 101.516943607038897, 3.294431308905085 ], [ 101.51695008190967, 3.29443687409713 ], [ 101.516957357792677, 3.294441329048427 ], [ 101.516965249631653, 3.294444557515916 ], [ 101.516973552487912, 3.294446476665236 ], [ 101.516982054134786, 3.294447038008073 ], [ 101.516990535060316, 3.294446226497668 ], [ 101.516998778357674, 3.294444063268044 ], [ 101.516984387790316, 3.294397419009321 ], [ 101.516994699774202, 3.294394200419545 ], [ 101.517015323741759, 3.294387763239546 ], [ 101.517016390910683, 3.294391217937516 ], [ 101.517037873982588, 3.294384513520187 ], [ 101.517037934657779, 3.294384709923002 ] ] ] } },
{ "type": "Feature", "properties": { "Tarikh_Moh": null, "Daerah": "MPS", "UPI": null, "sts_warta": "Belum Warta", "no_lot": "LOT 1383", "no_pt": null, "nama": null, "gtn1": "Tanah Lapang dan Rekreasi", "gtn2": "Tanah Lapang", "gtn3": "Tanah Lapang Lain", "kod_gtn": "TLR107", "no_warta": null, "trkh_warta": "1899-12-30T00:00:00", "serah_PTD": "1899-12-30T00:00:00", "luas_h": 0.0027, "selenggara": null, "catatan": "Komited Jul-Dis 2025", "tahun_data": 2025, "PBT": "MPS" }, "geometry": { "type": "Polygon", "coordinates": [ [ [ 101.515670702717955, 3.294464166763869 ], [ 101.515657360476979, 3.294420984380942 ], [ 101.515678351868146, 3.294414431541957 ], [ 101.515678843555648, 3.294414279096536 ], [ 101.515692184905035, 3.294457458763869 ], [ 101.515696475429976, 3.294455623374965 ], [ 101.515700388095652, 3.294453075271208 ], [ 101.515703806633141, 3.29444988920744 ], [ 101.515706628221196, 3.294446158965308 ], [ 101.515708768886896, 3.294441996462872 ], [ 101.515710165322091, 3.294437525429119 ], [ 101.515710775787696, 3.294432879597532 ], [ 101.515710581927578, 3.294428197284835 ], [ 101.51570958877312, 3.294423619582426 ], [ 101.515700493778652, 3.294394182685847 ], [ 101.515644840714884, 3.29441163757883 ], [ 101.515661993684944, 3.29446688221459 ], [ 101.515670702717955, 3.294464166763869 ] ] ] } },
{ "type": "Feature", "properties": { "Tarikh_Moh": null, "Daerah": "MPS", "UPI": null, "sts_warta": "Belum Warta", "no_lot": "LOT 1383", "no_pt": null, "nama": null, "gtn1": "Tanah Lapang dan Rekreasi", "gtn2": "Tanah Lapang", "gtn3": "Tanah Lapang Lain", "kod_gtn": "TLR107", "no_warta": null, "trkh_warta": "1899-12-30T00:00:00", "serah_PTD": "1899-12-30T00:00:00", "luas_h": 0.0057, "selenggara": null, "catatan": "Komited Jul-Dis 2025", "tahun_data": 2025, "PBT": "MPS" }, "geometry": { "type": "Polygon", "coordinates": [ [ [ 101.516847146308166, 3.294656157186327 ], [ 101.516854469431763, 3.294653871260968 ], [ 101.516861025918672, 3.294651242380998 ], [ 101.516867092817066, 3.294647613814642 ], [ 101.516872520523421, 3.294643076507589 ], [ 101.516877175576411, 3.294637742247981 ], [ 101.516880942463374, 3.294631740958088 ], [ 101.516883729017025, 3.294625221612808 ], [ 101.516885466433976, 3.294618345005048 ], [ 101.516886111986196, 3.294611279230954 ], [ 101.51688565082263, 3.294604198790496 ], [ 101.516884092386746, 3.29459727824745 ], [ 101.516881122239766, 3.294589983210371 ], [ 101.516876937523151, 3.294583318022682 ], [ 101.516871664585224, 3.29457748378164 ], [ 101.516865464027717, 3.294572658161439 ], [ 101.51685852352378, 3.29456898906414 ], [ 101.516851054242551, 3.294566585566481 ], [ 101.516843283636319, 3.294565523327353 ], [ 101.516835447373424, 3.294565832809823 ], [ 101.51682778392265, 3.294567505597409 ], [ 101.516820461702011, 3.294569790620712 ], [ 101.516812742345039, 3.294572200303906 ], [ 101.516826084649594, 3.294615382682252 ], [ 101.516839426957475, 3.294658564156641 ], [ 101.516847146308166, 3.294656157186327 ] ] ] } },
{ "type": "Feature", "properties": { "Tarikh_Moh": null, "Daerah": "MPS", "UPI": null, "sts_warta": "Belum Warta", "no_lot": "LOT 1383", "no_pt": null, "nama": null, "gtn1": "Tanah Lapang dan Rekreasi", "gtn2": "Tanah Lapang", "gtn3": "Tanah Lapang Lain", "kod_gtn": "TLR107", "no_warta": null, "trkh_warta": "1899-12-30T00:00:00", "serah_PTD": "1899-12-30T00:00:00", "luas_h": 0.0318, "selenggara": null, "catatan": "Komited Jul-Dis 2025", "tahun_data": 2025, "PBT": "MPS" }, "geometry": { "type": "Polygon", "coordinates": [ [ [ 101.51615427137429, 3.294706694056968 ], [ 101.51614092010314, 3.294663513459096 ], [ 101.516139852035778, 3.294660059662511 ], [ 101.516170782597158, 3.294650405721999 ], [ 101.516171853364042, 3.294653859525666 ], [ 101.516193340951332, 3.294647152431336 ], [ 101.516214824032303, 3.294640448037546 ], [ 101.516236306215646, 3.294633742736415 ], [ 101.516257789298535, 3.294627037437088 ], [ 101.516279272378796, 3.294620333041451 ], [ 101.516300755461202, 3.294613627740854 ], [ 101.516322238543367, 3.294606922439681 ], [ 101.516343720723142, 3.294600218039825 ], [ 101.516365203804838, 3.294593512737432 ], [ 101.516386686886293, 3.294586807434372 ], [ 101.516408169965175, 3.294580103035038 ], [ 101.51642965304616, 3.294573397730797 ], [ 101.516451136126889, 3.294566692425888 ], [ 101.51647261830523, 3.294559988022363 ], [ 101.516494101385504, 3.294553282716262 ], [ 101.516515584465509, 3.294546577409556 ], [ 101.516528926751448, 3.294589760693543 ], [ 101.516537524125738, 3.294587077496295 ], [ 101.516524174633915, 3.294543896906443 ], [ 101.516545660415332, 3.294537190701605 ], [ 101.516567143494782, 3.294530485393386 ], [ 101.516588626571661, 3.294523780988907 ], [ 101.516610108750825, 3.294517075677124 ], [ 101.516631591829565, 3.294510370367095 ], [ 101.516653074905719, 3.294503665960756 ], [ 101.51667455798399, 3.294496960649469 ], [ 101.516696041062005, 3.29449025533758 ], [ 101.516717523237645, 3.294483550927048 ], [ 101.516739006315191, 3.294476845613902 ], [ 101.51676048939251, 3.294470140300191 ], [ 101.516781976071115, 3.294463434090958 ], [ 101.51678091160494, 3.294459978495595 ], [ 101.51680153737432, 3.294453541326167 ], [ 101.516811840354137, 3.29445032542829 ], [ 101.516826250723597, 3.294496963410218 ], [ 101.516834859443691, 3.294494760447591 ], [ 101.516842966246074, 3.294491109210132 ], [ 101.516850332405227, 3.294486116687359 ], [ 101.516856738880549, 3.294479932425046 ], [ 101.516861998044092, 3.294472736799209 ], [ 101.516865386893286, 3.29446609062044 ], [ 101.516867737612998, 3.294459006721253 ], [ 101.516868998491361, 3.294451647748134 ], [ 101.51686913849754, 3.294444181828079 ], [ 101.516868155387115, 3.294436779876669 ], [ 101.516866077515701, 3.294429610177089 ], [ 101.516823114967465, 3.294443019010837 ], [ 101.516823098879485, 3.294442977368592 ], [ 101.516816441564956, 3.294421428268773 ], [ 101.516809770864398, 3.294399836629526 ], [ 101.516803099264266, 3.294378244988012 ], [ 101.516796427664403, 3.2943566533466 ], [ 101.516789756962197, 3.294335062612003 ], [ 101.516783085362817, 3.294313470970772 ], [ 101.516776413763637, 3.294291879329631 ], [ 101.516769743064501, 3.294270287690962 ], [ 101.51676307056367, 3.294248696952012 ], [ 101.516763051773935, 3.294248656207015 ], [ 101.516806036705589, 3.294235286320689 ], [ 101.516803225841073, 3.294227293547198 ], [ 101.516799112326524, 3.294219892408887 ], [ 101.51679380987315, 3.294213299343645 ], [ 101.516787472751119, 3.294207704669885 ], [ 101.516780284096882, 3.294203270747259 ], [ 101.516772450531022, 3.294200125631861 ], [ 101.516764200363241, 3.294198361263023 ], [ 101.516755771909274, 3.29419802800644 ], [ 101.516747415292755, 3.294199133754475 ], [ 101.51676076029355, 3.294242315232086 ], [ 101.516739278122202, 3.294249020549131 ], [ 101.516717795050809, 3.29425572586324 ], [ 101.516696311981534, 3.294262430272365 ], [ 101.516674828909728, 3.294269135585205 ], [ 101.516653345837597, 3.294275840897429 ], [ 101.516631862767611, 3.294282545304719 ], [ 101.516610380594827, 3.294289250618118 ], [ 101.516588897522013, 3.294295955928494 ], [ 101.516567414451302, 3.294302660333937 ], [ 101.516545931378005, 3.294309365643119 ], [ 101.51652444830448, 3.294316070951659 ], [ 101.516502966132862, 3.294322775357623 ], [ 101.516481483058854, 3.29432948066492 ], [ 101.51646000448828, 3.294336184174799 ], [ 101.516446661305281, 3.294293001795041 ], [ 101.516438063934089, 3.294295684991785 ], [ 101.516451404414923, 3.294338868268889 ], [ 101.516429924042058, 3.294345572677488 ], [ 101.516408440967268, 3.294352277982692 ], [ 101.516386957894568, 3.294358982382975 ], [ 101.516365475719041, 3.29436568768933 ], [ 101.516343992643542, 3.294372392992738 ], [ 101.516322509570131, 3.294379097391174 ], [ 101.516301026494119, 3.294385802693311 ], [ 101.516279543417866, 3.294392507994871 ], [ 101.516258060343731, 3.294399212391471 ], [ 101.516236578166811, 3.29440591769413 ], [ 101.516215095089848, 3.294412622993842 ], [ 101.516193612015016, 3.294419327388556 ], [ 101.516172128937555, 3.29442603268705 ], [ 101.516150645859923, 3.294432737984888 ], [ 101.516129163684155, 3.29443944238015 ], [ 101.516107680605984, 3.294446147676781 ], [ 101.516086202031275, 3.294452851175933 ], [ 101.516072858867972, 3.294409668792967 ], [ 101.516059944346466, 3.294413699863502 ], [ 101.516076326654044, 3.294466703306825 ], [ 101.516141809697899, 3.294446265476521 ], [ 101.516141850744603, 3.294446397619082 ], [ 101.516194232870873, 3.294430042817658 ], [ 101.516246615002771, 3.294413685299534 ], [ 101.516299000725368, 3.294397330500272 ], [ 101.516299044462045, 3.294397466267327 ], [ 101.516351431071286, 3.294381115988467 ], [ 101.516351445350224, 3.294381161243357 ], [ 101.51640382927043, 3.294364806432042 ], [ 101.51645621320101, 3.294348447095355 ], [ 101.516508597134802, 3.294332085946337 ], [ 101.51656097925823, 3.294315728406296 ], [ 101.516613362277681, 3.294299371769309 ], [ 101.516665748883099, 3.294283019659845 ], [ 101.516754807795579, 3.294255229932379 ], [ 101.516800312654226, 3.294402761740312 ], [ 101.516775078256657, 3.294450970331843 ], [ 101.516722694347337, 3.294467319740974 ], [ 101.516670308615772, 3.294483677280783 ], [ 101.516617926477309, 3.294500036635085 ], [ 101.516565542537791, 3.294516395980991 ], [ 101.516513160398844, 3.294532754423623 ], [ 101.516460777363378, 3.294549111051542 ], [ 101.516408391631799, 3.294565465860035 ], [ 101.516408377350459, 3.294565421509488 ], [ 101.516355993431233, 3.294581770893018 ], [ 101.516355949696859, 3.294581634221647 ], [ 101.516303563060333, 3.294597989924826 ], [ 101.516251179114704, 3.294614348344432 ], [ 101.516198796976653, 3.294630703147761 ], [ 101.516198755932294, 3.294630570100844 ], [ 101.516133276442289, 3.294651019699443 ], [ 101.516150807028097, 3.294707775587332 ], [ 101.51615427137429, 3.294706694056968 ] ] ] } },
{ "type": "Feature", "properties": { "Tarikh_Moh": null, "Daerah": "MPS", "UPI": null, "sts_warta": "Belum Warta", "no_lot": "LOT 1383", "no_pt": null, "nama": null, "gtn1": "Tanah Lapang dan Rekreasi", "gtn2": "Tanah Lapang", "gtn3": "Tanah Lapang Lain", "kod_gtn": "TLR107", "no_warta": null, "trkh_warta": "1899-12-30T00:00:00", "serah_PTD": "1899-12-30T00:00:00", "luas_h": 0.001, "selenggara": null, "catatan": "Komited Jul-Dis 2025", "tahun_data": 2025, "PBT": "MPS" }, "geometry": { "type": "Polygon", "coordinates": [ [ [ 101.516646071240515, 3.294718862210431 ], [ 101.516632744119235, 3.294675726895998 ], [ 101.516619400927411, 3.294632543609268 ], [ 101.516610807154265, 3.294635225912479 ], [ 101.516624148546043, 3.294678409194545 ], [ 101.516637477471136, 3.294721542705104 ], [ 101.516646071240515, 3.294718862210431 ] ] ] } },
{ "type": "Feature", "properties": { "Tarikh_Moh": null, "Daerah": "MPS", "UPI": null, "sts_warta": "Belum Warta", "no_lot": "LOT 1383", "no_pt": null, "nama": null, "gtn1": "Tanah Lapang dan Rekreasi", "gtn2": "Tanah Lapang", "gtn3": "Tanah Lapang Lain", "kod_gtn": "TLR107", "no_warta": null, "trkh_warta": "1899-12-30T00:00:00", "serah_PTD": "1899-12-30T00:00:00", "luas_h": 0.0023, "selenggara": null, "catatan": "Komited Jul-Dis 2025", "tahun_data": 2025, "PBT": "MPS" }, "geometry": { "type": "Polygon", "coordinates": [ [ [ 101.517852991832513, 3.294715142129586 ], [ 101.517853015739192, 3.294715164097088 ], [ 101.517887835960877, 3.294743745963039 ], [ 101.517890686654098, 3.29474023916181 ], [ 101.517892295264943, 3.294737907460645 ], [ 101.51789236764138, 3.294737756624881 ], [ 101.517892451644585, 3.294737632950069 ], [ 101.517892795563952, 3.294736866063207 ], [ 101.517893522046762, 3.294735350477855 ], [ 101.517893619164738, 3.294735027881202 ], [ 101.517893739538493, 3.294734758702049 ], [ 101.517893955920016, 3.294733901949621 ], [ 101.517894335337417, 3.294732633243307 ], [ 101.517894404139568, 3.294732126989691 ], [ 101.517894511421176, 3.294731702228469 ], [ 101.517894571113786, 3.294730892994616 ], [ 101.51789471607178, 3.29472982081978 ], [ 101.517894701668382, 3.294729131669432 ], [ 101.5178947436508, 3.294728558423635 ], [ 101.517894673483724, 3.294727860083212 ], [ 101.517894654170945, 3.294726982815614 ], [ 101.517894498951591, 3.294726119660476 ], [ 101.517894428784501, 3.294725421320051 ], [ 101.51789427365793, 3.294724868356227 ], [ 101.517894151248626, 3.294724190678487 ], [ 101.517893796686764, 3.294723168738678 ], [ 101.517893577370273, 3.294722386806297 ], [ 101.517893387637429, 3.294721992916656 ], [ 101.517893220627656, 3.294721511365021 ], [ 101.517892596506371, 3.294720343116879 ], [ 101.517892214360103, 3.294719548095729 ], [ 101.517892042223124, 3.294719307991347 ], [ 101.517891883731309, 3.294719010948888 ], [ 101.517890870441533, 3.294717671660757 ], [ 101.51789038092565, 3.294716989400791 ], [ 101.517890275020491, 3.294716885122523 ], [ 101.517890173689665, 3.294716751917167 ], [ 101.517888133549263, 3.294714789548124 ], [ 101.517846321861995, 3.294680462781289 ], [ 101.517843728754087, 3.294678688871819 ], [ 101.517840868957578, 3.294677394469786 ], [ 101.51783782875151, 3.294676618688875 ], [ 101.517834699853651, 3.294676385283168 ], [ 101.517831579422975, 3.294676701742707 ], [ 101.517828560166393, 3.294677557459081 ], [ 101.517825734826346, 3.294678928258729 ], [ 101.51782318899852, 3.294680770053381 ], [ 101.517821000206354, 3.294683028786128 ], [ 101.517818149510816, 3.294686536491399 ], [ 101.517818172846646, 3.294686559161413 ], [ 101.517852991832513, 3.294715142129586 ] ] ] } },
{ "type": "Feature", "properties": { "Tarikh_Moh": null, "Daerah": "MPS", "UPI": null, "sts_warta": "Belum Warta", "no_lot": "LOT 1383", "no_pt": null, "nama": null, "gtn1": "Tanah Lapang dan Rekreasi", "gtn2": "Tanah Lapang", "gtn3": "Tanah Lapang Lain", "kod_gtn": "TLR107", "no_warta": null, "trkh_warta": "1899-12-30T00:00:00", "serah_PTD": "1899-12-30T00:00:00", "luas_h": 0.001, "selenggara": null, "catatan": "Komited Jul-Dis 2025", "tahun_data": 2025, "PBT": "MPS" }, "geometry": { "type": "Polygon", "coordinates": [ [ [ 101.51644411723035, 3.294781842503724 ], [ 101.516430805296139, 3.294738753349148 ], [ 101.516417461212839, 3.29469557096267 ], [ 101.516408868338587, 3.294698253265941 ], [ 101.516422208819918, 3.294741436547371 ], [ 101.516435523462491, 3.294784522091757 ], [ 101.51644411723035, 3.294781842503724 ] ] ] } },
{ "type": "Feature", "properties": { "Tarikh_Moh": null, "Daerah": "MPS", "UPI": null, "sts_warta": "Belum Warta", "no_lot": "LOT 1383", "no_pt": null, "nama": null, "gtn1": "Tanah Lapang dan Rekreasi", "gtn2": "Tanah Lapang", "gtn3": "Tanah Lapang Lain", "kod_gtn": "TLR107", "no_warta": null, "trkh_warta": "1899-12-30T00:00:00", "serah_PTD": "1899-12-30T00:00:00", "luas_h": 0.0228, "selenggara": null, "catatan": "Komited Jul-Dis 2025", "tahun_data": 2025, "PBT": "MPS" }, "geometry": { "type": "Polygon", "coordinates": [ [ [ 101.516015497920364, 3.294688042249097 ], [ 101.515963114880876, 3.294704395224926 ], [ 101.515910729138199, 3.294720749094327 ], [ 101.515858345193735, 3.294737102964868 ], [ 101.515805962142906, 3.294753458642743 ], [ 101.515753571034907, 3.294769798017535 ], [ 101.515701187995418, 3.294786148262096 ], [ 101.515613676093977, 3.294813467149202 ], [ 101.515580376826577, 3.294787008793285 ], [ 101.51558037872509, 3.294786970815709 ], [ 101.515591850729166, 3.294618200167661 ], [ 101.515644241875293, 3.294601842715267 ], [ 101.515696624907733, 3.294585490663938 ], [ 101.51569664989232, 3.294585571216502 ], [ 101.515749034734739, 3.294569214644581 ], [ 101.515801417778505, 3.294552857159886 ], [ 101.515853800827898, 3.294536496958568 ], [ 101.515906183868779, 3.294520139466576 ], [ 101.515958504763674, 3.294503804416168 ], [ 101.515958565111035, 3.29450378106191 ], [ 101.51602400855856, 3.294483346755082 ], [ 101.516023979114991, 3.294483250816858 ], [ 101.516007542425001, 3.294430054604101 ], [ 101.516005049755236, 3.294430832116257 ], [ 101.516018375953109, 3.29447396290744 ], [ 101.51599689287373, 3.294480668200904 ], [ 101.515975409796468, 3.29448737258939 ], [ 101.515953927616408, 3.294494077883951 ], [ 101.515932444536318, 3.294500783175611 ], [ 101.515910961458346, 3.294507487562244 ], [ 101.515889478377787, 3.29451419285264 ], [ 101.515867995297015, 3.294520898142397 ], [ 101.515846513118092, 3.294527602529571 ], [ 101.515833193230193, 3.294484470849135 ], [ 101.515824593156907, 3.294487154031787 ], [ 101.515837919345287, 3.29453028482449 ], [ 101.515837935404974, 3.294530337318835 ], [ 101.515816453223366, 3.294537042609491 ], [ 101.515794970144114, 3.294543746992825 ], [ 101.51577348706229, 3.294550452279905 ], [ 101.515752003980182, 3.294557157566329 ], [ 101.515730520900206, 3.294563861947827 ], [ 101.515709038717446, 3.294570567235398 ], [ 101.515687555634642, 3.294577272519985 ], [ 101.515666072553955, 3.294583976899663 ], [ 101.515644589470682, 3.294590682183002 ], [ 101.51562311269042, 3.294597385673678 ], [ 101.515623096630733, 3.294597333179278 ], [ 101.515609764150426, 3.294554204176861 ], [ 101.515609748090725, 3.294554151682495 ], [ 101.515593574479439, 3.294560260498769 ], [ 101.515578639363369, 3.294568990656517 ], [ 101.515565359085386, 3.294580098173232 ], [ 101.515554105165833, 3.294593274739868 ], [ 101.515545192598267, 3.294608150403098 ], [ 101.515538869007258, 3.294624310719361 ], [ 101.515538904094484, 3.294624312620349 ], [ 101.515538885066945, 3.294624363213678 ], [ 101.515583735815994, 3.294627382354629 ], [ 101.515582974232288, 3.294638918910131 ], [ 101.515581463204882, 3.294661476575561 ], [ 101.515579959373213, 3.294684035164327 ], [ 101.515578456443507, 3.294706592851193 ], [ 101.515576952613785, 3.294729150535771 ], [ 101.515575448781519, 3.294751709124744 ], [ 101.515573945851216, 3.294774266811799 ], [ 101.515572442018524, 3.294796825400903 ], [ 101.515570938188006, 3.294819383085728 ], [ 101.515569731691556, 3.294837641384321 ], [ 101.515569745951609, 3.294837693873965 ], [ 101.515600038043118, 3.294828239946497 ], [ 101.515601089146386, 3.29483164215109 ], [ 101.515601106105819, 3.294831694647785 ], [ 101.515622588295983, 3.294824989364261 ], [ 101.515644071385609, 3.294818284082475 ], [ 101.515665554472719, 3.294811579704418 ], [ 101.515687037561904, 3.294804874421386 ], [ 101.515708520650875, 3.29479816913778 ], [ 101.515730002837444, 3.294791464755475 ], [ 101.515751485925918, 3.294784759470605 ], [ 101.515772969014179, 3.294778054185146 ], [ 101.515794452099854, 3.294771349803399 ], [ 101.51581593518759, 3.294764644516675 ], [ 101.515837416473161, 3.294757940128959 ], [ 101.515850742666061, 3.294801070020094 ], [ 101.515859334661016, 3.294798380486001 ], [ 101.515846011148255, 3.294755257836798 ], [ 101.515867494235479, 3.294748552548577 ], [ 101.515888976422644, 3.294741847257457 ], [ 101.515910459509342, 3.294735141968008 ], [ 101.515931942593483, 3.294728437582304 ], [ 101.515953425679712, 3.294721732291709 ], [ 101.515974908765742, 3.294715027000455 ], [ 101.515996390949368, 3.294708322610571 ], [ 101.516017874034873, 3.294701617318038 ], [ 101.516039357120192, 3.294694912024982 ], [ 101.516060840202911, 3.294688207635588 ], [ 101.516082323287691, 3.294681502341218 ], [ 101.516095643187825, 3.294724634926721 ], [ 101.51609830425879, 3.294723804500884 ], [ 101.516080940487512, 3.294667606128816 ], [ 101.516015497920364, 3.294688042249097 ] ] ] } },
{ "type": "Feature", "properties": { "Tarikh_Moh": null, "Daerah": "MPS", "UPI": null, "sts_warta": "Belum Warta", "no_lot": "LOT 1383", "no_pt": null, "nama": null, "gtn1": "Tanah Lapang dan Rekreasi", "gtn2": "Tanah Lapang", "gtn3": "Tanah Lapang Lain", "kod_gtn": "TLR107", "no_warta": null, "trkh_warta": "1899-12-30T00:00:00", "serah_PTD": "1899-12-30T00:00:00", "luas_h": 0.0035, "selenggara": null, "catatan": "Komited Jul-Dis 2025", "tahun_data": 2025, "PBT": "MPS" }, "geometry": { "type": "Polygon", "coordinates": [ [ [ 101.516242163201539, 3.294844821838365 ], [ 101.516228865549877, 3.294801780649976 ], [ 101.516215566097202, 3.294758740361575 ], [ 101.516208616733849, 3.294762276166845 ], [ 101.516202383317591, 3.294766961471242 ], [ 101.516197045272335, 3.294772656572861 ], [ 101.516192765005982, 3.294779190977396 ], [ 101.516189668998351, 3.294786369678611 ], [ 101.516187850490908, 3.294793976782884 ], [ 101.516187364962192, 3.294801785445014 ], [ 101.516188224719457, 3.294809561471646 ], [ 101.516190001325413, 3.29481597344172 ], [ 101.516192692983779, 3.294822056827585 ], [ 101.516196239754478, 3.294827678532629 ], [ 101.516201122846297, 3.294833254917669 ], [ 101.516206848636742, 3.294837953589673 ], [ 101.516213262695715, 3.294841645725182 ], [ 101.516220191617222, 3.294844233198625 ], [ 101.516227448427799, 3.294845644979208 ], [ 101.51623483706895, 3.29484584347296 ], [ 101.516242163201539, 3.294844821838365 ] ] ] } },
{ "type": "Feature", "properties": { "Tarikh_Moh": null, "Daerah": "MPS", "UPI": null, "sts_warta": "Belum Warta", "no_lot": "LOT 1383", "no_pt": null, "nama": null, "gtn1": "Tanah Lapang dan Rekreasi", "gtn2": "Tanah Lapang", "gtn3": "Tanah Lapang Lain", "kod_gtn": "TLR107", "no_warta": null, "trkh_warta": "1899-12-30T00:00:00", "serah_PTD": "1899-12-30T00:00:00", "luas_h": 0.0021, "selenggara": null, "catatan": "Komited Jul-Dis 2025", "tahun_data": 2025, "PBT": "MPS" }, "geometry": { "type": "Polygon", "coordinates": [ [ [ 101.515583496310512, 3.294884480252651 ], [ 101.515570356624636, 3.294841951336115 ], [ 101.515569461346374, 3.294841942650269 ], [ 101.51552458269741, 3.294838921624092 ], [ 101.515524589810965, 3.294838954199304 ], [ 101.515526757937437, 3.29484774110988 ], [ 101.515526779367619, 3.294847804470559 ], [ 101.51553038749384, 3.29485612310078 ], [ 101.515530416143562, 3.29485617834134 ], [ 101.5155353641522, 3.294863775210723 ], [ 101.515535401828117, 3.294863819622834 ], [ 101.515541541799664, 3.294870484533756 ], [ 101.515541578608776, 3.294870516282724 ], [ 101.515548747266024, 3.294876062510173 ], [ 101.515548780506563, 3.294876082493257 ], [ 101.515556780307108, 3.294880351256778 ], [ 101.515556807272645, 3.294880362179859 ], [ 101.515565421679383, 3.294883232631594 ], [ 101.515574405265326, 3.294884620925974 ], [ 101.515583496310512, 3.294884480252651 ] ] ] } },
{ "type": "Feature", "properties": { "Tarikh_Moh": null, "Daerah": "MPS", "UPI": null, "sts_warta": "Belum Warta", "no_lot": "LOT 1383", "no_pt": null, "nama": null, "gtn1": "Tanah Lapang dan Rekreasi", "gtn2": "Tanah Lapang", "gtn3": "Tanah Lapang Lain", "kod_gtn": "TLR107", "no_warta": null, "trkh_warta": "1899-12-30T00:00:00", "serah_PTD": "1899-12-30T00:00:00", "luas_h": 0.004, "selenggara": null, "catatan": "Komited Jul-Dis 2025", "tahun_data": 2025, "PBT": "MPS" }, "geometry": { "type": "Polygon", "coordinates": [ [ [ 101.516101454205852, 3.294888042166346 ], [ 101.516107615308769, 3.294884520567078 ], [ 101.516113138209761, 3.294880055864046 ], [ 101.516117882237197, 3.294874764348088 ], [ 101.516121725570329, 3.294868779542003 ], [ 101.516124570628847, 3.294862255832478 ], [ 101.516126344096108, 3.294855359426592 ], [ 101.516127001420728, 3.294848267459051 ], [ 101.516126525035673, 3.294841160753066 ], [ 101.51612492706478, 3.294834221114266 ], [ 101.516122336857066, 3.294827533891434 ], [ 101.516118725883089, 3.294821343183178 ], [ 101.516114187316489, 3.294815804782191 ], [ 101.516108833271161, 3.294811057348425 ], [ 101.5161027993028, 3.294807221516507 ], [ 101.51609623812908, 3.294804392644575 ], [ 101.516089314226249, 3.294802642608598 ], [ 101.516082202038874, 3.294802016180435 ], [ 101.51607508059061, 3.29480252739608 ], [ 101.516068128968598, 3.294804165874515 ], [ 101.516081471233932, 3.294847348259228 ], [ 101.516094814397661, 3.294890531551051 ], [ 101.516101454205852, 3.294888042166346 ] ] ] } },
{ "type": "Feature", "properties": { "Tarikh_Moh": null, "Daerah": "MPS", "UPI": null, "sts_warta": "Belum Warta", "no_lot": "LOT 1383", "no_pt": null, "nama": null, "gtn1": "Tanah Lapang dan Rekreasi", "gtn2": "Tanah Lapang", "gtn3": "Tanah Lapang Lain", "kod_gtn": "TLR107", "no_warta": null, "trkh_warta": "1899-12-30T00:00:00", "serah_PTD": "1899-12-30T00:00:00", "luas_h": 0.0009, "selenggara": null, "catatan": "Komited Jul-Dis 2025", "tahun_data": 2025, "PBT": "MPS" }, "geometry": { "type": "Polygon", "coordinates": [ [ [ 101.515837079782997, 3.294971186921949 ], [ 101.515837023609365, 3.294970989626572 ], [ 101.515823682258855, 3.294927806337276 ], [ 101.515810398884781, 3.294884819444138 ], [ 101.515805698998378, 3.294886290209096 ], [ 101.515802718693166, 3.294887391098038 ], [ 101.515802727578091, 3.294887434530078 ], [ 101.515816068027476, 3.294930617816667 ], [ 101.515829352301864, 3.294973604712646 ], [ 101.515837079782997, 3.294971186921949 ] ] ] } },
{ "type": "Feature", "properties": { "Tarikh_Moh": null, "Daerah": "MPS", "UPI": null, "sts_warta": "Belum Warta", "no_lot": "LOT 1383", "no_pt": null, "nama": null, "gtn1": "Tanah Lapang dan Rekreasi", "gtn2": "Tanah Lapang", "gtn3": "Tanah Lapang Lain", "kod_gtn": "TLR107", "no_warta": null, "trkh_warta": "1899-12-30T00:00:00", "serah_PTD": "1899-12-30T00:00:00", "luas_h": 0.0039, "selenggara": null, "catatan": "Komited Jul-Dis 2025", "tahun_data": 2025, "PBT": "MPS" }, "geometry": { "type": "Polygon", "coordinates": [ [ [ 101.515564359242504, 3.2950558804763 ], [ 101.515571613148055, 3.295054261789207 ], [ 101.515558270011951, 3.295011078492899 ], [ 101.515544927774187, 3.294967896103689 ], [ 101.515538037920834, 3.294970692303573 ], [ 101.515531699476242, 3.294974589639695 ], [ 101.51552608637617, 3.294979482761204 ], [ 101.515521351034408, 3.294985238225795 ], [ 101.515517622533636, 3.294991698112389 ], [ 101.515515003009952, 3.294998686342159 ], [ 101.515513564041683, 3.295006013190613 ], [ 101.515513343943155, 3.295013477993598 ], [ 101.51551434954294, 3.295020877291111 ], [ 101.515516553472679, 3.295028009341808 ], [ 101.515519895052918, 3.29503467955149 ], [ 101.515524282978106, 3.295040705906234 ], [ 101.51552959890185, 3.295045924407852 ], [ 101.515535696529852, 3.295050191784736 ], [ 101.515542409699364, 3.295053392747604 ], [ 101.515549555078593, 3.295055439996795 ], [ 101.515556939360181, 3.295056276049841 ], [ 101.515564359242504, 3.2950558804763 ] ] ] } },
{ "type": "Feature", "properties": { "Tarikh_Moh": null, "Daerah": "MPS", "UPI": null, "sts_warta": "Belum Warta", "no_lot": "LOT 1383", "no_pt": null, "nama": null, "gtn1": "Tanah Lapang dan Rekreasi", "gtn2": "Tanah Lapang", "gtn3": "Tanah Lapang Lain", "kod_gtn": "TLR107", "no_warta": null, "trkh_warta": "1899-12-30T00:00:00", "serah_PTD": "1899-12-30T00:00:00", "luas_h": 0.0023, "selenggara": null, "catatan": "Komited Jul-Dis 2025", "tahun_data": 2025, "PBT": "MPS" }, "geometry": { "type": "Polygon", "coordinates": [ [ [ 101.517539847305613, 3.295163486598562 ], [ 101.517542626305627, 3.295162981138716 ], [ 101.517545292151922, 3.295162044912161 ], [ 101.517547779098308, 3.295160701259092 ], [ 101.517550026771488, 3.295158983481654 ], [ 101.517551979275936, 3.29515693303295 ], [ 101.517554819141552, 3.295153438865622 ], [ 101.517519976817539, 3.295124833211297 ], [ 101.517485129985232, 3.295096232066025 ], [ 101.517482293728179, 3.295099722625145 ], [ 101.517480611839105, 3.29510220515866 ], [ 101.517480184815696, 3.29510309572245 ], [ 101.517479361213574, 3.295104933903897 ], [ 101.517479023557712, 3.295106059832851 ], [ 101.517478575336952, 3.295107834792401 ], [ 101.517478408361995, 3.295109068787356 ], [ 101.517478278706136, 3.295110830114805 ], [ 101.517478305990267, 3.295112101698618 ], [ 101.517478480523749, 3.295113841216995 ], [ 101.517478705816799, 3.29511509252135 ], [ 101.517479183684571, 3.295116793045821 ], [ 101.517479591833578, 3.295117968865698 ], [ 101.517480383866115, 3.295119617763869 ], [ 101.517480937246802, 3.295120653791688 ], [ 101.517482109930029, 3.29512228922095 ], [ 101.51748270535083, 3.295123075759469 ], [ 101.51748484591954, 3.295125172237015 ], [ 101.517526657609054, 3.295159498121583 ], [ 101.517528977584547, 3.295161115766661 ], [ 101.517531521711675, 3.295162348749075 ], [ 101.517534226184964, 3.295163166153274 ], [ 101.517537023569233, 3.295163548810672 ], [ 101.517539847305613, 3.295163486598562 ] ] ] } },
{ "type": "Feature", "properties": { "Tarikh_Moh": null, "Daerah": "MPS", "UPI": null, "sts_warta": "Belum Warta", "no_lot": "LOT 1383", "no_pt": null, "nama": null, "gtn1": "Tanah Lapang dan Rekreasi", "gtn2": "Tanah Lapang", "gtn3": "Tanah Lapang Lain", "kod_gtn": "TLR107", "no_warta": null, "trkh_warta": "1899-12-30T00:00:00", "serah_PTD": "1899-12-30T00:00:00", "luas_h": 0.0278, "selenggara": null, "catatan": "Komited Jul-Dis 2025", "tahun_data": 2025, "PBT": "MPS" }, "geometry": { "type": "Polygon", "coordinates": [ [ [ 101.517841127350877, 3.295271468069048 ], [ 101.518105969317617, 3.295057042499823 ], [ 101.518118879286462, 3.294572266716792 ], [ 101.518110979772118, 3.294579249223195 ], [ 101.518104173404794, 3.294587311679597 ], [ 101.518098885575526, 3.294595844769596 ], [ 101.518094678991261, 3.29460553645664 ], [ 101.51809192784188, 3.294615743828817 ], [ 101.518090685794022, 3.294626244557823 ], [ 101.518087321182563, 3.294752588397534 ], [ 101.518086421475275, 3.294760853575629 ], [ 101.518086312237884, 3.29476479714685 ], [ 101.51807888708484, 3.295043566189167 ], [ 101.517830480409003, 3.295244685876331 ], [ 101.517800636052002, 3.295247015712064 ], [ 101.51780056520748, 3.295274242708507 ], [ 101.517841127350877, 3.295271468069048 ] ] ] } },
{ "type": "Feature", "properties": { "Tarikh_Moh": null, "Daerah": "MPS", "UPI": null, "sts_warta": "Belum Warta", "no_lot": "LOT 1383", "no_pt": null, "nama": null, "gtn1": "Tanah Lapang dan Rekreasi", "gtn2": "Tanah Lapang", "gtn3": "Tanah Lapang Lain", "kod_gtn": "TLR107", "no_warta": null, "trkh_warta": "1899-12-30T00:00:00", "serah_PTD": "1899-12-30T00:00:00", "luas_h": 0.0298, "selenggara": null, "catatan": "Komited Jul-Dis 2025", "tahun_data": 2025, "PBT": "MPS" }, "geometry": { "type": "Polygon", "coordinates": [ [ [ 101.515690551147884, 3.295670009831109 ], [ 101.515698562050034, 3.295667946388066 ], [ 101.515711438890634, 3.295663880862241 ], [ 101.515697028580021, 3.295617242860816 ], [ 101.515727964581501, 3.295607588053362 ], [ 101.515729031745337, 3.295611042752896 ], [ 101.515750514855966, 3.29560433747147 ], [ 101.515771997966368, 3.29559763218948 ], [ 101.515793480174423, 3.295590927808809 ], [ 101.515814963284356, 3.295584222525523 ], [ 101.515836446394033, 3.295577517241671 ], [ 101.515857929501152, 3.295570812861535 ], [ 101.515879412610374, 3.295564107576414 ], [ 101.515892759370757, 3.295607289077562 ], [ 101.515901370142956, 3.29560464842846 ], [ 101.515901356756714, 3.295604605888955 ], [ 101.515888014499552, 3.295561422591068 ], [ 101.515909488601082, 3.295554720898803 ], [ 101.515930971709736, 3.295548015612218 ], [ 101.515952453918345, 3.295541310322675 ], [ 101.515973937024171, 3.295534605939214 ], [ 101.515995420132114, 3.29552790065077 ], [ 101.516016903239787, 3.295521195361747 ], [ 101.516038386344889, 3.295514490976439 ], [ 101.516059868552347, 3.295507785683828 ], [ 101.516081351659295, 3.295501080392932 ], [ 101.516102834763686, 3.295494376005776 ], [ 101.516124322373898, 3.295487668916848 ], [ 101.516137664643509, 3.295530852212695 ], [ 101.516146253923168, 3.295528171713021 ], [ 101.516132910753285, 3.295484988414866 ], [ 101.516154393857107, 3.295478284026221 ], [ 101.516175876963047, 3.295471578732657 ], [ 101.516197360068759, 3.295464873438436 ], [ 101.516218842272053, 3.295458169045613 ], [ 101.516240325377282, 3.295451463750187 ], [ 101.51626180848227, 3.295444758454133 ], [ 101.516260740425821, 3.295441300135266 ], [ 101.516271052419427, 3.295438083365738 ], [ 101.516291676408912, 3.295431648921918 ], [ 101.516306086755719, 3.295478286013532 ], [ 101.516322372764662, 3.295473250036209 ], [ 101.516248850658428, 3.295235266773072 ], [ 101.516230671861663, 3.295240499440487 ], [ 101.516230795887566, 3.295240901296718 ], [ 101.516287619027281, 3.295424806813367 ], [ 101.516222138610374, 3.295445241937445 ], [ 101.516222076479835, 3.295445258956603 ], [ 101.516169692498991, 3.295461609223125 ], [ 101.516117308521473, 3.295477957677253 ], [ 101.516064924535442, 3.295494308840791 ], [ 101.51580300907132, 3.29557606913708 ], [ 101.515750844810398, 3.295592350317732 ], [ 101.515705785376724, 3.295568555970107 ], [ 101.515659476491408, 3.295419215100333 ], [ 101.515659450616454, 3.295419130927998 ], [ 101.515573944927226, 3.29544586363552 ], [ 101.515574765051994, 3.295448471216415 ], [ 101.515617690979241, 3.295434981875874 ], [ 101.515617719494756, 3.29543508866384 ], [ 101.515624389265824, 3.295456680309264 ], [ 101.515631060836768, 3.295478271959478 ], [ 101.515637731508136, 3.295499863607439 ], [ 101.51564440307952, 3.295521455257872 ], [ 101.515651073751357, 3.295543046906038 ], [ 101.515657744423436, 3.295564638554282 ], [ 101.515664415995516, 3.295586230204997 ], [ 101.515671086670437, 3.29560782094909 ], [ 101.515677757343255, 3.295629412597643 ], [ 101.515634811831717, 3.295642816879699 ], [ 101.515639260336059, 3.295649768541457 ], [ 101.515644761750949, 3.295655974174263 ], [ 101.515651157304987, 3.295661244351876 ], [ 101.515658291670604, 3.295665449344053 ], [ 101.515665989651581, 3.295668487402907 ], [ 101.515674063384026, 3.295670283877751 ], [ 101.515682318622922, 3.295670795753197 ], [ 101.515690551147884, 3.295670009831109 ] ] ] } },
{ "type": "Feature", "properties": { "Tarikh_Moh": null, "Daerah": "MPS", "UPI": null, "sts_warta": "Belum Warta", "no_lot": "LOT 1383", "no_pt": null, "nama": null, "gtn1": "Tanah Lapang dan Rekreasi", "gtn2": "Tanah Lapang", "gtn3": "Tanah Lapang Lain", "kod_gtn": "TLR107", "no_warta": null, "trkh_warta": "1899-12-30T00:00:00", "serah_PTD": "1899-12-30T00:00:00", "luas_h": 0.003, "selenggara": null, "catatan": "Komited Jul-Dis 2025", "tahun_data": 2025, "PBT": "MPS" }, "geometry": { "type": "Polygon", "coordinates": [ [ [ 101.516069564141574, 3.295717776125699 ], [ 101.516073919342901, 3.295715985218756 ], [ 101.516077898535613, 3.295713461706013 ], [ 101.516081381849204, 3.295710281237301 ], [ 101.516084261951406, 3.295706542104082 ], [ 101.51608645306726, 3.29570235712413 ], [ 101.516087887382568, 3.295697852727612 ], [ 101.516088527647753, 3.295693166277338 ], [ 101.516088344584219, 3.29568848399167 ], [ 101.51608833839633, 3.295688441471108 ], [ 101.516087347039203, 3.295683863772171 ], [ 101.516087335452568, 3.295683821237406 ], [ 101.516087141826787, 3.295683194919977 ], [ 101.516076677187399, 3.295649315878296 ], [ 101.516076662898982, 3.295649274240752 ], [ 101.516075109234208, 3.295645361566412 ], [ 101.516075090439813, 3.295645322630064 ], [ 101.516072946648819, 3.295641700507434 ], [ 101.51607292244384, 3.295641666078558 ], [ 101.516070233266817, 3.29563843048611 ], [ 101.516067048084068, 3.29563562315373 ], [ 101.516063465592794, 3.295633351958252 ], [ 101.516059573831569, 3.295631671392105 ], [ 101.516055468970109, 3.295630623308238 ], [ 101.516051250817299, 3.295630234195253 ], [ 101.516047023728078, 3.295630512466722 ], [ 101.516042892095157, 3.295631452066912 ], [ 101.516039653779359, 3.295632462747307 ], [ 101.516052996944936, 3.295675646047508 ], [ 101.516066328527174, 3.29571878590896 ], [ 101.516069564141574, 3.295717776125699 ] ] ] } },
{ "type": "Feature", "properties": { "Tarikh_Moh": null, "Daerah": "MPS", "UPI": null, "sts_warta": "Belum Warta", "no_lot": "LOT 1383", "no_pt": null, "nama": null, "gtn1": "Tanah Lapang dan Rekreasi", "gtn2": "Tanah Lapang", "gtn3": "Tanah Lapang Lain", "kod_gtn": "TLR107", "no_warta": null, "trkh_warta": "1899-12-30T00:00:00", "serah_PTD": "1899-12-30T00:00:00", "luas_h": 0.0182, "selenggara": null, "catatan": "Komited Jul-Dis 2025", "tahun_data": 2025, "PBT": "MPS" }, "geometry": { "type": "Polygon", "coordinates": [ [ [ 101.516332391909557, 3.295663366504427 ], [ 101.516334677900772, 3.295662138987763 ], [ 101.516334799139983, 3.295653589610242 ], [ 101.516333849482095, 3.295645091676884 ], [ 101.5163318438658, 3.295636782687708 ], [ 101.516324941173593, 3.295614443440048 ], [ 101.516320486858191, 3.295603500882394 ], [ 101.516314209788064, 3.295593502190469 ], [ 101.516306299930918, 3.295584750820189 ], [ 101.516296998639248, 3.295577513284315 ], [ 101.516286587881069, 3.295572008271984 ], [ 101.516275384845883, 3.29556840482605 ], [ 101.516263728478378, 3.295566810550859 ], [ 101.516251974070158, 3.295567275215689 ], [ 101.516240480681631, 3.295569783486684 ], [ 101.516253824759929, 3.295612965883164 ], [ 101.516232341650365, 3.295619671178291 ], [ 101.516210858542962, 3.295626375568448 ], [ 101.51618937543293, 3.295633080862356 ], [ 101.516176033157578, 3.295589898470049 ], [ 101.516157173302716, 3.295595784090228 ], [ 101.516153085699116, 3.295597438240908 ], [ 101.516149321239965, 3.295599738945265 ], [ 101.516145978165326, 3.295602624061795 ], [ 101.516143147554672, 3.295606016960568 ], [ 101.516140903424315, 3.295609828305984 ], [ 101.51613930632891, 3.295613955161738 ], [ 101.51613839794399, 3.295618288211521 ], [ 101.516138203765266, 3.295622711765957 ], [ 101.516138727695719, 3.295627109174585 ], [ 101.516181564239062, 3.29561373894344 ], [ 101.516188235825524, 3.295635330593012 ], [ 101.516194906512439, 3.295656922240319 ], [ 101.516201578099412, 3.295678513890047 ], [ 101.516208249686599, 3.295700105539915 ], [ 101.516214920376584, 3.295721696283175 ], [ 101.516217957704029, 3.295731525480549 ], [ 101.516332391909557, 3.295663366504427 ] ] ] } },
{ "type": "Feature", "properties": { "Tarikh_Moh": null, "Daerah": "MPS", "UPI": null, "sts_warta": "Belum Warta", "no_lot": "LOT 1383", "no_pt": null, "nama": null, "gtn1": "Tanah Lapang dan Rekreasi", "gtn2": "Tanah Lapang", "gtn3": "Tanah Lapang Lain", "kod_gtn": "TLR107", "no_warta": null, "trkh_warta": "1899-12-30T00:00:00", "serah_PTD": "1899-12-30T00:00:00", "luas_h": 0.0029, "selenggara": null, "catatan": "Komited Jul-Dis 2025", "tahun_data": 2025, "PBT": "MPS" }, "geometry": { "type": "Polygon", "coordinates": [ [ [ 101.515709274342754, 3.295782924292236 ], [ 101.515695927607894, 3.295739736457961 ], [ 101.515691604275744, 3.295741037290583 ], [ 101.51568754816843, 3.295743035173373 ], [ 101.515683876388948, 3.295745680675262 ], [ 101.515680691706933, 3.295748899910292 ], [ 101.515678079836107, 3.295752603573593 ], [ 101.515676108527259, 3.295756689652246 ], [ 101.515674843750375, 3.295761048893822 ], [ 101.515674313721874, 3.295765557477049 ], [ 101.515674533158759, 3.295770092449556 ], [ 101.515675482703699, 3.295774485551815 ], [ 101.515675495468571, 3.29577452800247 ], [ 101.51567570130436, 3.295775196039231 ], [ 101.515686156140148, 3.295809032553584 ], [ 101.515686171330671, 3.29580907328915 ], [ 101.515687829711396, 3.295813200569703 ], [ 101.515687865477062, 3.295813287481121 ], [ 101.515690161001984, 3.295817036612369 ], [ 101.515690234469545, 3.295817157988149 ], [ 101.515693088201786, 3.295820434710302 ], [ 101.515693210197014, 3.295820579726784 ], [ 101.515696531464457, 3.295823304218683 ], [ 101.515696710125582, 3.295823457523336 ], [ 101.515700397416424, 3.295825566213737 ], [ 101.515700637289441, 3.295825709731631 ], [ 101.515704580044257, 3.2958271580166 ], [ 101.515704882968919, 3.295827276378644 ], [ 101.51570896698216, 3.295828037731541 ], [ 101.515709327611418, 3.295828111028157 ], [ 101.515713438623152, 3.295828179722393 ], [ 101.515713847999194, 3.295828192555951 ], [ 101.515717871702506, 3.295827580951624 ], [ 101.515718319965202, 3.295827518826708 ], [ 101.515722147400183, 3.295826259193581 ], [ 101.515722613889622, 3.295826108490622 ], [ 101.515709274342754, 3.295782924292236 ] ] ] } },
{ "type": "Feature", "properties": { "Tarikh_Moh": null, "Daerah": "MPS", "UPI": null, "sts_warta": "Belum Warta", "no_lot": "LOT 3451,*", "no_pt": null, "nama": null, "gtn1": "Tanah Lapang dan Rekreasi", "gtn2": "Tanah Lapang", "gtn3": "Tanah Lapang Lain", "kod_gtn": "TLR107", "no_warta": null, "trkh_warta": "1899-12-30T00:00:00", "serah_PTD": "1899-12-30T00:00:00", "luas_h": 0.0749, "selenggara": null, "catatan": "Komited Jul-Dis 2025", "tahun_data": 2025, "PBT": "MPS" }, "geometry": { "type": "Polygon", "coordinates": [ [ [ 101.515052356826004, 3.29805389265566 ], [ 101.515048931454146, 3.298069925883547 ], [ 101.514917208812136, 3.298686490222887 ], [ 101.514999367485643, 3.29870422113217 ], [ 101.515021758160671, 3.298589955223348 ], [ 101.51506523177207, 3.29836809766319 ], [ 101.515108706251326, 3.29814623920224 ], [ 101.515150960540922, 3.297930604864599 ], [ 101.515081627782735, 3.297916881577615 ], [ 101.515052356826004, 3.29805389265566 ] ] ] } },
{ "type": "Feature", "properties": { "Tarikh_Moh": null, "Daerah": "MPS", "UPI": null, "sts_warta": "Belum Warta", "no_lot": "LOT 3451,*", "no_pt": null, "nama": null, "gtn1": "Tanah Lapang dan Rekreasi", "gtn2": "Tanah Lapang", "gtn3": "Tanah Lapang Lain", "kod_gtn": "TLR107", "no_warta": null, "trkh_warta": "1899-12-30T00:00:00", "serah_PTD": "1899-12-30T00:00:00", "luas_h": 0.1309, "selenggara": null, "catatan": "Komited Jul-Dis 2025", "tahun_data": 2025, "PBT": "MPS" }, "geometry": { "type": "Polygon", "coordinates": [ [ [ 101.517961608887248, 3.295716896334404 ], [ 101.51784203751167, 3.295627131257453 ], [ 101.517716806856797, 3.295633325149301 ], [ 101.51759197378486, 3.295645101698478 ], [ 101.51746778399621, 3.295662438941894 ], [ 101.517344482324347, 3.295685302253474 ], [ 101.517222313631066, 3.29571364615534 ], [ 101.517101516505519, 3.295747415205318 ], [ 101.516982331367089, 3.295786542209876 ], [ 101.516864993260043, 3.295830950917869 ], [ 101.516749732762875, 3.295880552405889 ], [ 101.516741938756581, 3.29588432654996 ], [ 101.516779447936742, 3.295966561612873 ], [ 101.516786993284839, 3.29596290799716 ], [ 101.516898577585678, 3.295914888489277 ], [ 101.517012174243035, 3.295871896095513 ], [ 101.517127558984015, 3.29583401704295 ], [ 101.517244503069804, 3.295801324886131 ], [ 101.51736277598323, 3.295773885036098 ], [ 101.517482145438237, 3.295751751142882 ], [ 101.517602374678077, 3.29573496599259 ], [ 101.517723226964932, 3.295723565136943 ], [ 101.517846460717379, 3.295717469998034 ], [ 101.517961608887248, 3.295716896334404 ] ] ] } },
{ "type": "Feature", "properties": { "Tarikh_Moh": null, "Daerah": "MPS", "UPI": null, "sts_warta": "Belum Warta", "no_lot": "LOT 3451,*", "no_pt": null, "nama": null, "gtn1": "Tanah Lapang dan Rekreasi", "gtn2": "Tanah Lapang", "gtn3": "Tanah Lapang Lain", "kod_gtn": "TLR107", "no_warta": null, "trkh_warta": "1899-12-30T00:00:00", "serah_PTD": "1899-12-30T00:00:00", "luas_h": 0.4329, "selenggara": null, "catatan": "Komited Jul-Dis 2025", "tahun_data": 2025, "PBT": "MPS" }, "geometry": { "type": "Polygon", "coordinates": [ [ [ 101.515606070266273, 3.29683565532408 ], [ 101.515680257232077, 3.296734065373097 ], [ 101.515758859619538, 3.296635886471538 ], [ 101.515828544076157, 3.296556353436803 ], [ 101.515217982557445, 3.296444174127403 ], [ 101.515192615247628, 3.297397376746467 ], [ 101.515081627782735, 3.297916881577622 ], [ 101.515150960540907, 3.297930604864557 ], [ 101.515187153198056, 3.297745906755273 ], [ 101.515221531902185, 3.297624721590486 ], [ 101.515261232219018, 3.297505189107662 ], [ 101.515306175242415, 3.29738754784551 ], [ 101.515356271292603, 3.297272027270741 ], [ 101.515411422589366, 3.297158857733126 ], [ 101.515471520576483, 3.29704826141493 ], [ 101.515536445912161, 3.296940455948224 ], [ 101.515606070266273, 3.29683565532408 ] ] ] } },
{ "type": "Feature", "properties": { "Tarikh_Moh": null, "Daerah": "MPS", "UPI": null, "sts_warta": "Belum Warta", "no_lot": "LOT 3451,*", "no_pt": null, "nama": null, "gtn1": "Tanah Lapang dan Rekreasi", "gtn2": "Tanah Lapang", "gtn3": "Tanah Lapang Lain", "kod_gtn": "TLR107", "no_warta": null, "trkh_warta": "1899-12-30T00:00:00", "serah_PTD": "1899-12-30T00:00:00", "luas_h": 2.0624, "selenggara": null, "catatan": "Komited Jul-Dis 2025", "tahun_data": 2025, "PBT": "MPS" }, "geometry": { "type": "Polygon", "coordinates": [ [ [ 101.515574595728552, 3.297703087315224 ], [ 101.51576944164519, 3.297617123662442 ], [ 101.515842038766991, 3.297618803243599 ], [ 101.515911525744656, 3.297679025689628 ], [ 101.51611124478481, 3.297683646051056 ], [ 101.516121371006733, 3.297241497551238 ], [ 101.516236593240308, 3.297119260726189 ], [ 101.516312927084698, 3.297117187099169 ], [ 101.516378556111732, 3.29717967649742 ], [ 101.516816287315365, 3.297189802587217 ], [ 101.516858368269922, 3.297149412064087 ], [ 101.516880388311478, 3.296187864876383 ], [ 101.516981728832064, 3.296090596613653 ], [ 101.517925636817068, 3.296112431156346 ], [ 101.518054492122914, 3.296041847288962 ], [ 101.518147301970572, 3.29606924605132 ], [ 101.518249894475389, 3.296257810765848 ], [ 101.518245160893969, 3.296464520409964 ], [ 101.518396340166206, 3.296468016912316 ], [ 101.518315451578289, 3.29621933214327 ], [ 101.518214192286962, 3.29603260405198 ], [ 101.518098869128238, 3.295819941205155 ], [ 101.517961608887248, 3.295716896334404 ], [ 101.517846460717379, 3.295717469998034 ], [ 101.517723226964932, 3.295723565136943 ], [ 101.517602374678077, 3.29573496599259 ], [ 101.517482145438237, 3.295751751142882 ], [ 101.51736277598323, 3.295773885036098 ], [ 101.517244503069804, 3.295801324886131 ], [ 101.517127558984015, 3.29583401704295 ], [ 101.517012174243035, 3.295871896095513 ], [ 101.516898577585678, 3.295914888489277 ], [ 101.516786993284839, 3.29596290799716 ], [ 101.516779447936742, 3.295966561612873 ], [ 101.516741938756581, 3.29588432654996 ], [ 101.516636776875956, 3.295935249602013 ], [ 101.516526349929023, 3.295994934575309 ], [ 101.516452259809455, 3.296039352055876 ], [ 101.516418669079243, 3.296059489428414 ], [ 101.516313947011, 3.296128786304345 ], [ 101.516212391029057, 3.296202690097503 ], [ 101.516114199473208, 3.296281053017859 ], [ 101.5160195680008, 3.296363720938004 ], [ 101.515928682392698, 3.296450531565581 ], [ 101.515841722155074, 3.296541313548288 ], [ 101.515828544076157, 3.296556353436803 ], [ 101.515758859619538, 3.296635886471538 ], [ 101.515680257232077, 3.296734065373097 ], [ 101.515606070266273, 3.29683565532408 ], [ 101.515536445912161, 3.296940455948224 ], [ 101.515471520576483, 3.29704826141493 ], [ 101.515411422589366, 3.297158857733126 ], [ 101.515356271292603, 3.297272027270741 ], [ 101.515306175242415, 3.29738754784551 ], [ 101.515261232219018, 3.297505189107662 ], [ 101.515221531902185, 3.297624721590486 ], [ 101.515187153198056, 3.297745906755273 ], [ 101.515150960540907, 3.297930604864557 ], [ 101.515108706251311, 3.298146239202225 ], [ 101.515065231772084, 3.298368097663214 ], [ 101.515021758160657, 3.298589955223331 ], [ 101.514999367485643, 3.298704221132148 ], [ 101.515051770487219, 3.298715529579648 ], [ 101.515060986666725, 3.298657029919005 ], [ 101.515070171758794, 3.298603552920822 ], [ 101.515080094343631, 3.298550208090111 ], [ 101.515090754388169, 3.298497008087618 ], [ 101.515102148269506, 3.298443961947183 ], [ 101.515114274161974, 3.29839107961185 ], [ 101.51512713023763, 3.298338371928804 ], [ 101.515140713771032, 3.298285848838695 ], [ 101.515155022036723, 3.298233520282086 ], [ 101.515170052306985, 3.29818139710388 ], [ 101.515185800958875, 3.298129488337953 ], [ 101.515202266164493, 3.298077804831594 ], [ 101.515219445200714, 3.298026355621006 ], [ 101.51523733263808, 3.297975152448354 ], [ 101.515255926655726, 3.297924203447912 ], [ 101.515275222728548, 3.297873518555463 ], [ 101.515295218131186, 3.297823107711632 ], [ 101.515309953263241, 3.297787208645326 ], [ 101.515446969433853, 3.297449260244065 ], [ 101.515434391965201, 3.297422331862468 ], [ 101.515429762249525, 3.297383048407833 ], [ 101.515439460325211, 3.297344710624277 ], [ 101.51551102689146, 3.297201078842382 ], [ 101.515625234351404, 3.297000034648193 ], [ 101.51570977224408, 3.296869932547597 ], [ 101.515803689369591, 3.296746499351275 ], [ 101.515920946124538, 3.296612817990419 ], [ 101.516061741308292, 3.29647339624137 ], [ 101.516285862664148, 3.296286256020269 ], [ 101.516376012009914, 3.296214371465685 ], [ 101.516439860862917, 3.296173312029147 ], [ 101.516513251020797, 3.296151675926688 ], [ 101.516587325953822, 3.296170808681689 ], [ 101.516641242284336, 3.296225327970157 ], [ 101.516659828810631, 3.296299891439679 ], [ 101.516648124932956, 3.296812114558625 ], [ 101.516640014571735, 3.296857210206351 ], [ 101.516618532718482, 3.296897632288009 ], [ 101.516585750965859, 3.296929483992611 ], [ 101.516544829315876, 3.296949695232375 ], [ 101.516499712176071, 3.296956318469509 ], [ 101.516456081672871, 3.296950784857627 ], [ 101.516423717332657, 3.296938095839812 ], [ 101.51637821687018, 3.296921571295813 ], [ 101.516242535588262, 3.296921263215452 ], [ 101.516124813159763, 3.296969786460497 ], [ 101.516067602471466, 3.297021747144663 ], [ 101.515990906970714, 3.297129859925586 ], [ 101.51595418184597, 3.29728346975818 ], [ 101.515947946523255, 3.297331369281938 ], [ 101.51592338622676, 3.29737289377831 ], [ 101.515884499286599, 3.297401284727034 ], [ 101.51583761435289, 3.297411922190245 ], [ 101.51578317305389, 3.29741592808582 ], [ 101.515729481231844, 3.297425828675682 ], [ 101.515677169953889, 3.297441506246598 ], [ 101.515595170450837, 3.297481758190851 ], [ 101.515558637007274, 3.297496477065174 ], [ 101.515519281747927, 3.297497048140697 ], [ 101.515474183745752, 3.297478010517711 ], [ 101.515343259703585, 3.297800932955145 ], [ 101.515328577090543, 3.297836705552013 ], [ 101.515308753781682, 3.297886682763453 ], [ 101.515289636195561, 3.297936897866398 ], [ 101.51527121437087, 3.297987375252077 ], [ 101.515253491935184, 3.298038104078022 ], [ 101.515236473408777, 3.298089076216992 ], [ 101.515220160617289, 3.298140281726042 ], [ 101.515204557190586, 3.298191708858346 ], [ 101.515189665849405, 3.298243349481988 ], [ 101.515175490218979, 3.298295193658778 ], [ 101.515162033029398, 3.298347229639403 ], [ 101.515149296101612, 3.298399449289643 ], [ 101.51513728216338, 3.298451841764556 ], [ 101.515125993940131, 3.298504397123569 ], [ 101.515115433259865, 3.298557104519367 ], [ 101.515105601948235, 3.298609954009008 ], [ 101.515096502728298, 3.298662936556299 ], [ 101.515087018477232, 3.298723136589204 ], [ 101.515298939901257, 3.298768871098247 ], [ 101.515299602897514, 3.298739926497559 ], [ 101.515411961408816, 3.29862597424414 ], [ 101.515421947940965, 3.298189964102298 ], [ 101.515534163207846, 3.298082256868986 ], [ 101.515541717950327, 3.297752429693686 ], [ 101.515574595728552, 3.297703087315224 ] ] ] } },
{ "type": "Feature", "properties": { "Tarikh_Moh": null, "Daerah": "MPS", "UPI": null, "sts_warta": "Belum Warta", "no_lot": "LOT 3451,*", "no_pt": null, "nama": null, "gtn1": "Tanah Lapang dan Rekreasi", "gtn2": "Tanah Lapang", "gtn3": "Tanah Lapang Lain", "kod_gtn": "TLR107", "no_warta": null, "trkh_warta": "1899-12-30T00:00:00", "serah_PTD": "1899-12-30T00:00:00", "luas_h": 0.0623, "selenggara": null, "catatan": "Komited Jul-Dis 2025", "tahun_data": 2025, "PBT": "MPS" }, "geometry": { "type": "Polygon", "coordinates": [ [ [ 101.51859498047925, 3.297803112841638 ], [ 101.518678345135541, 3.297696031053995 ], [ 101.518677246813539, 3.297687946011389 ], [ 101.518434616782173, 3.29768233445661 ], [ 101.518435746737438, 3.297638143760758 ], [ 101.518439238868226, 3.297501540361496 ], [ 101.518440761514867, 3.29744198673558 ], [ 101.51835190216832, 3.297363204270574 ], [ 101.518343382007572, 3.29773528116844 ], [ 101.518453549128083, 3.297737829775099 ], [ 101.518544446670688, 3.297809312279266 ], [ 101.51859498047925, 3.297803112841638 ] ] ] } },
{ "type": "Feature", "properties": { "Tarikh_Moh": null, "Daerah": "MPS", "UPI": null, "sts_warta": "Belum Warta", "no_lot": "LOT 3451,*", "no_pt": null, "nama": null, "gtn1": "Tanah Lapang dan Rekreasi", "gtn2": "Tanah Lapang", "gtn3": "Tanah Lapang Lain", "kod_gtn": "TLR107", "no_warta": null, "trkh_warta": "1899-12-30T00:00:00", "serah_PTD": "1899-12-30T00:00:00", "luas_h": 0.0606, "selenggara": null, "catatan": "Komited Jul-Dis 2025", "tahun_data": 2025, "PBT": "MPS" }, "geometry": { "type": "Polygon", "coordinates": [ [ [ 101.517158157463555, 3.298728171081071 ], [ 101.517166678243242, 3.298356094244975 ], [ 101.517070699234537, 3.298353873967325 ], [ 101.517028618218504, 3.298394263594414 ], [ 101.517021990797403, 3.298683657280849 ], [ 101.517062177513239, 3.298725950791213 ], [ 101.517158157463555, 3.298728171081071 ] ] ] } },
{ "type": "Feature", "properties": { "Tarikh_Moh": null, "Daerah": "MPS", "UPI": null, "sts_warta": "Belum Warta", "no_lot": "LOT 3451,*", "no_pt": null, "nama": null, "gtn1": "Tanah Lapang dan Rekreasi", "gtn2": "Tanah Lapang", "gtn3": "Tanah Lapang Lain", "kod_gtn": "TLR107", "no_warta": null, "trkh_warta": "1899-12-30T00:00:00", "serah_PTD": "1899-12-30T00:00:00", "luas_h": 0.1087, "selenggara": null, "catatan": "Komited Jul-Dis 2025", "tahun_data": 2025, "PBT": "MPS" }, "geometry": { "type": "Polygon", "coordinates": [ [ [ 101.51843899637116, 3.298610764810958 ], [ 101.518442004243298, 3.298479425231054 ], [ 101.518453324257194, 3.297985067919004 ], [ 101.518466098272384, 3.297968660449069 ], [ 101.518459930889861, 3.297917872346046 ], [ 101.518404883753306, 3.297874583045024 ], [ 101.51839314247961, 3.298387321008972 ], [ 101.518337918532609, 3.298440327091472 ], [ 101.518227412119401, 3.29843777032399 ], [ 101.518220199362716, 3.298752738429017 ], [ 101.518307996116718, 3.29875476886825 ], [ 101.51843899637116, 3.298610764810958 ] ] ] } },
{ "type": "Feature", "properties": { "Tarikh_Moh": null, "Daerah": "MPS", "UPI": null, "sts_warta": "Belum Warta", "no_lot": "LOT 3451,*", "no_pt": null, "nama": null, "gtn1": "Tanah Lapang dan Rekreasi", "gtn2": "Tanah Lapang", "gtn3": "Tanah Lapang Lain", "kod_gtn": "TLR107", "no_warta": null, "trkh_warta": "1899-12-30T00:00:00", "serah_PTD": "1899-12-30T00:00:00", "luas_h": 0.101, "selenggara": null, "catatan": "Komited Jul-Dis 2025", "tahun_data": 2025, "PBT": "MPS" }, "geometry": { "type": "Polygon", "coordinates": [ [ [ 101.51863901738686, 3.299163449221356 ], [ 101.518659857793821, 3.299044132771856 ], [ 101.518674475963451, 3.298946979104114 ], [ 101.518507811528025, 3.298943124432369 ], [ 101.518367869347273, 3.298894033043235 ], [ 101.518364081847636, 3.29905940119263 ], [ 101.518441671862078, 3.29906119589058 ], [ 101.518438241551678, 3.299211019244797 ], [ 101.518479434852438, 3.299211972183566 ], [ 101.518533463269677, 3.299268831284975 ], [ 101.518531539586562, 3.299352821167607 ], [ 101.518598122076099, 3.299354360836613 ], [ 101.51863901738686, 3.299163449221356 ] ] ] } },
{ "type": "Feature", "properties": { "Tarikh_Moh": null, "Daerah": "MPS", "UPI": null, "sts_warta": "Belum Warta", "no_lot": "LOT 3451,*", "no_pt": null, "nama": null, "gtn1": "Tanah Lapang dan Rekreasi", "gtn2": "Tanah Lapang", "gtn3": "Tanah Lapang Lain", "kod_gtn": "TLR107", "no_warta": null, "trkh_warta": "1899-12-30T00:00:00", "serah_PTD": "1899-12-30T00:00:00", "luas_h": 0.1129, "selenggara": null, "catatan": "Komited Jul-Dis 2025", "tahun_data": 2025, "PBT": "MPS" }, "geometry": { "type": "Polygon", "coordinates": [ [ [ 101.518451940815979, 3.2998553046492 ], [ 101.518498426114007, 3.299713718213237 ], [ 101.518528473593378, 3.299614721343529 ], [ 101.518365170507622, 3.299610943277725 ], [ 101.518358408442822, 3.299906227693618 ], [ 101.518294959399796, 3.299967127901902 ], [ 101.518214514394003, 3.299965266884742 ], [ 101.518161589706011, 3.299909569123082 ], [ 101.51813798112336, 3.299909022324022 ], [ 101.518133736522245, 3.300094407031854 ], [ 101.518082446525014, 3.300128344398632 ], [ 101.518044584964429, 3.300127468921533 ], [ 101.518042494758291, 3.300218714855403 ], [ 101.518175805682191, 3.300130504358185 ], [ 101.518347760874732, 3.300134482479317 ], [ 101.518401706684102, 3.299995593436142 ], [ 101.518451940815979, 3.2998553046492 ] ] ] } },
{ "type": "Feature", "properties": { "Tarikh_Moh": null, "Daerah": "MPS", "UPI": null, "sts_warta": "Belum Warta", "no_lot": "LOT 3451,*", "no_pt": null, "nama": null, "gtn1": "Tanah Lapang dan Rekreasi", "gtn2": "Tanah Lapang", "gtn3": "Tanah Lapang Lain", "kod_gtn": "TLR107", "no_warta": null, "trkh_warta": "1899-12-30T00:00:00", "serah_PTD": "1899-12-30T00:00:00", "luas_h": 0.8225, "selenggara": null, "catatan": "Komited Jul-Dis 2025", "tahun_data": 2025, "PBT": "MPS" }, "geometry": { "type": "Polygon", "coordinates": [ [ [ 101.515321758433572, 3.299773865396609 ], [ 101.515329663787668, 3.299428709482748 ], [ 101.515238464959126, 3.299332730686121 ], [ 101.515240346415482, 3.299250567548671 ], [ 101.515288976511229, 3.299203891970816 ], [ 101.515297885067412, 3.298814897786829 ], [ 101.515080664967428, 3.298768019796646 ], [ 101.515073609602538, 3.298822573149743 ], [ 101.515067452523397, 3.298875982155568 ], [ 101.515062033974232, 3.298929470879719 ], [ 101.515057355778339, 3.298983030283558 ], [ 101.515053417961795, 3.299036650419388 ], [ 101.51505022235493, 3.299090319535544 ], [ 101.515047768981532, 3.29914402858866 ], [ 101.51504605786991, 3.299197766726674 ], [ 101.515045089946, 3.299251524004235 ], [ 101.515044865238238, 3.299305289569292 ], [ 101.515045383775004, 3.299359052569797 ], [ 101.515046645582373, 3.299412803058003 ], [ 101.515048650686452, 3.299466531086229 ], [ 101.515051397316014, 3.299520225797596 ], [ 101.515054886399369, 3.299573876342439 ], [ 101.515059117060346, 3.299627473674985 ], [ 101.515064088427607, 3.299681006940813 ], [ 101.515069798729996, 3.299734465283099 ], [ 101.515076247993534, 3.299787838754058 ], [ 101.51508343444479, 3.299841117401271 ], [ 101.515091357212327, 3.299894290370242 ], [ 101.515097763161577, 3.299933556814605 ], [ 101.515139113045279, 3.299922073751839 ], [ 101.515185653827302, 3.299922013598884 ], [ 101.515232143834183, 3.299933150034569 ], [ 101.515297646213284, 3.299967271672353 ], [ 101.515354664495177, 3.300015142375019 ], [ 101.515399867936594, 3.300068346563299 ], [ 101.515448602702349, 3.300135867727596 ], [ 101.515493369461112, 3.300177788125764 ], [ 101.515554844077954, 3.300209593966673 ], [ 101.51559858470803, 3.300228862277278 ], [ 101.515637821118631, 3.300250123668718 ], [ 101.515666955255327, 3.30027627992767 ], [ 101.515683964763809, 3.300307173801679 ], [ 101.515690187447504, 3.300355315939217 ], [ 101.515678377671676, 3.30039565040713 ], [ 101.515654164744035, 3.300421914040689 ], [ 101.515622974375418, 3.300435533711193 ], [ 101.515589586713034, 3.300438436504331 ], [ 101.515551468753785, 3.300430641978477 ], [ 101.515480833193067, 3.300401601025567 ], [ 101.515409164840065, 3.300369383993721 ], [ 101.515328321600222, 3.300340456332897 ], [ 101.515245714728152, 3.300325691529554 ], [ 101.515166515504902, 3.300319181529901 ], [ 101.51509445136054, 3.300304187634109 ], [ 101.515034018444425, 3.300267315636534 ], [ 101.515003924480155, 3.300230710715913 ], [ 101.514828808403095, 3.300347548005964 ], [ 101.514819277876185, 3.300384054926426 ], [ 101.514829591704455, 3.30039879943337 ], [ 101.514869949902263, 3.30041118221736 ], [ 101.51527267782258, 3.300534751786214 ], [ 101.515389916555506, 3.300541188286254 ], [ 101.515507330739382, 3.300541415981894 ], [ 101.515624592842158, 3.300535434914748 ], [ 101.515737138468225, 3.300523811852906 ], [ 101.515848952161917, 3.300506467754645 ], [ 101.515959747662038, 3.300483448892513 ], [ 101.516076845529199, 3.30046003512224 ], [ 101.516115447001411, 3.30045493309159 ], [ 101.516123964336359, 3.300083038927066 ], [ 101.515534488680188, 3.300069400892117 ], [ 101.515538175359779, 3.299908421375062 ], [ 101.515447622616676, 3.299906326392984 ], [ 101.515321758433572, 3.299773865396609 ] ] ] } },
{ "type": "Feature", "properties": { "Tarikh_Moh": null, "Daerah": "MPS", "UPI": null, "sts_warta": "Belum Warta", "no_lot": "LOT 3451,*", "no_pt": null, "nama": null, "gtn1": "Tanah Lapang dan Rekreasi", "gtn2": "Tanah Lapang", "gtn3": "Tanah Lapang Lain", "kod_gtn": "TLR107", "no_warta": null, "trkh_warta": "1899-12-30T00:00:00", "serah_PTD": "1899-12-30T00:00:00", "luas_h": 0.8698, "selenggara": null, "catatan": "Komited Jul-Dis 2025", "tahun_data": 2025, "PBT": "MPS" }, "geometry": { "type": "Polygon", "coordinates": [ [ [ 101.518009607303767, 3.300336761560621 ], [ 101.518042494758291, 3.300218714855403 ], [ 101.518044584964429, 3.300127468921533 ], [ 101.516998490394883, 3.30010326941174 ], [ 101.517003540205479, 3.299882780098108 ], [ 101.51684841317487, 3.299879191441875 ], [ 101.51684336332184, 3.300099681650408 ], [ 101.516168949208065, 3.300084078835144 ], [ 101.516160592313028, 3.300448967445146 ], [ 101.516195219771646, 3.300444391230887 ], [ 101.516314360024879, 3.300436585510337 ], [ 101.516433752417015, 3.300436650974018 ], [ 101.516552884060786, 3.300444588081742 ], [ 101.51667124125845, 3.300460362926252 ], [ 101.51678831310339, 3.300483906338421 ], [ 101.516911627895027, 3.300505345463269 ], [ 101.517036061403459, 3.300518742435496 ], [ 101.517161096386303, 3.300524039823727 ], [ 101.517286210105581, 3.300521217260739 ], [ 101.517410882440302, 3.300510286038619 ], [ 101.517534592279901, 3.300491291812497 ], [ 101.517656825627768, 3.300464312813145 ], [ 101.517777071092326, 3.300429463452311 ], [ 101.517894828906805, 3.300386886207634 ], [ 101.518009607303767, 3.300336761560621 ] ] ] } },
{ "type": "Feature", "properties": { "Tarikh_Moh": null, "Daerah": "MPS", "UPI": null, "sts_warta": "Belum Warta", "no_lot": "LOT 3451,*", "no_pt": null, "nama": null, "gtn1": "Tanah Lapang dan Rekreasi", "gtn2": "Tanah Lapang", "gtn3": "Tanah Lapang Lain", "kod_gtn": "TLR107", "no_warta": null, "trkh_warta": "1899-12-30T00:00:00", "serah_PTD": "1899-12-30T00:00:00", "luas_h": 1.1808, "selenggara": null, "catatan": "Komited Jul-Dis 2025", "tahun_data": 2025, "PBT": "MPS" }, "geometry": { "type": "Polygon", "coordinates": [ [ [ 101.514951756871213, 3.298740200949147 ], [ 101.514907762310301, 3.298730706143524 ], [ 101.514526584487925, 3.300514906489494 ], [ 101.514101733608456, 3.302339951507865 ], [ 101.513972784796607, 3.302819157418183 ], [ 101.513730207522357, 3.303611711528675 ], [ 101.513618673948159, 3.304017816042511 ], [ 101.513576948370783, 3.304199070280749 ], [ 101.513622949939702, 3.304199870685206 ], [ 101.513647318527475, 3.304094014093275 ], [ 101.513786232419122, 3.30388173729996 ], [ 101.513764767176724, 3.303854948217062 ], [ 101.513751926791471, 3.303815326561196 ], [ 101.513755379719868, 3.303773799878181 ], [ 101.513777861273439, 3.303701436251425 ], [ 101.513882205757241, 3.303415513226343 ], [ 101.514002712672806, 3.303136082579327 ], [ 101.51409158573982, 3.302923616897382 ], [ 101.514163392649138, 3.302704728784434 ], [ 101.514217678999017, 3.302480801606916 ], [ 101.514254101887204, 3.302253248867738 ], [ 101.514272430826949, 3.302023507877747 ], [ 101.514288396753528, 3.301935963881913 ], [ 101.514327973645706, 3.301856343573054 ], [ 101.514388034457994, 3.301790939298486 ], [ 101.514434294498216, 3.301768141364608 ], [ 101.514454670779401, 3.301765322827074 ], [ 101.514560208634506, 3.301055638309534 ], [ 101.514758299439919, 3.3002968834832 ], [ 101.514979979537443, 3.300148979677708 ], [ 101.514981854515185, 3.300106946931908 ], [ 101.514995101873623, 3.300055347194384 ], [ 101.515007405834908, 3.300025994630672 ], [ 101.51503692275088, 3.299979848437815 ], [ 101.515064530995176, 3.299953449973175 ], [ 101.515055793097162, 3.299899896840414 ], [ 101.515047796944984, 3.299846226287285 ], [ 101.51504054340775, 3.299792450072522 ], [ 101.515034034261276, 3.299738577244263 ], [ 101.515028270374614, 3.299684619561476 ], [ 101.515023252623791, 3.299630586069662 ], [ 101.515018981880203, 3.299576487623417 ], [ 101.515015460817168, 3.299522334177587 ], [ 101.515012687604312, 3.299468137483843 ], [ 101.515010664015108, 3.299413907494636 ], [ 101.51500939002355, 3.299359654157651 ], [ 101.515008867400809, 3.299305388329769 ], [ 101.51500909341901, 3.299251120855943 ], [ 101.515010070751472, 3.299196861690907 ], [ 101.515011797572541, 3.299142620777738 ], [ 101.515014273851477, 3.299088409872837 ], [ 101.515017500464324, 3.299034238021858 ], [ 101.515021474680921, 3.298980116974199 ], [ 101.515026196475191, 3.298926056677485 ], [ 101.515031665821098, 3.298872067079472 ], [ 101.515037879988427, 3.298818159929367 ], [ 101.515045349526247, 3.298760399043653 ], [ 101.514990671299515, 3.298748598970988 ], [ 101.514951756871213, 3.298740200949147 ] ] ] } },
{ "type": "Feature", "properties": { "Tarikh_Moh": null, "Daerah": "MPS", "UPI": null, "sts_warta": "Belum Warta", "no_lot": "LOT 3451,*", "no_pt": null, "nama": null, "gtn1": "Tanah Lapang dan Rekreasi", "gtn2": "Tanah Lapang", "gtn3": "Tanah Lapang Lain", "kod_gtn": "TLR107", "no_warta": null, "trkh_warta": "1899-12-30T00:00:00", "serah_PTD": "1899-12-30T00:00:00", "luas_h": 1.0954, "selenggara": null, "catatan": "Komited Jul-Dis 2025", "tahun_data": 2025, "PBT": "MPS" }, "geometry": { "type": "Polygon", "coordinates": [ [ [ 101.516110640557613, 3.300664798736399 ], [ 101.516115447001411, 3.30045493309159 ], [ 101.516076845529199, 3.30046003512224 ], [ 101.515959747662038, 3.300483448892513 ], [ 101.515848952161917, 3.300506467754645 ], [ 101.515737138468225, 3.300523811852906 ], [ 101.515624592842158, 3.300535434914748 ], [ 101.515507330739382, 3.300541415981894 ], [ 101.515389916555506, 3.300541188286254 ], [ 101.51527267782258, 3.300534751786214 ], [ 101.514869949902263, 3.30041118221736 ], [ 101.514657471799637, 3.301086890967702 ], [ 101.514567514110752, 3.301763815868187 ], [ 101.514661170519915, 3.301945345330569 ], [ 101.514660105466803, 3.302745488495536 ], [ 101.514910221576585, 3.302980840860104 ], [ 101.514992492587297, 3.302898116180034 ], [ 101.514992412267517, 3.302554802051568 ], [ 101.514951380998752, 3.302554811560595 ], [ 101.514897372011291, 3.302500555871414 ], [ 101.514897351693733, 3.302414820040086 ], [ 101.514951335912457, 3.302360538565501 ], [ 101.5149923671718, 3.302360529054527 ], [ 101.514992280393599, 3.301989646806041 ], [ 101.514951211360597, 3.301989656221229 ], [ 101.514897202401883, 3.30193540054457 ], [ 101.514897182072602, 3.301849664721176 ], [ 101.514951165347938, 3.301795383241747 ], [ 101.514992235271265, 3.30179537382702 ], [ 101.514992148442261, 3.301424491612896 ], [ 101.514928765114504, 3.301424506482726 ], [ 101.514874756186188, 3.301370250817424 ], [ 101.514874735847471, 3.301284515002438 ], [ 101.514928719080373, 3.301230233522352 ], [ 101.514992103293366, 3.301230218651843 ], [ 101.514992016413586, 3.300859336472106 ], [ 101.514928633128221, 3.300859351350749 ], [ 101.514874624228639, 3.300805095697943 ], [ 101.514874603878141, 3.300719359890918 ], [ 101.514928587067473, 3.300665078408382 ], [ 101.516110640557613, 3.300664798736399 ] ] ] } },
{ "type": "Feature", "properties": { "Tarikh_Moh": null, "Daerah": "MPS", "UPI": null, "sts_warta": "Belum Warta", "no_lot": "LOT 3451,*", "no_pt": null, "nama": null, "gtn1": "Tanah Lapang dan Rekreasi", "gtn2": "Tanah Lapang", "gtn3": "Tanah Lapang Lain", "kod_gtn": "TLR107", "no_warta": null, "trkh_warta": "1899-12-30T00:00:00", "serah_PTD": "1899-12-30T00:00:00", "luas_h": 0.5997, "selenggara": null, "catatan": "Komited Jul-Dis 2025", "tahun_data": 2025, "PBT": "MPS" }, "geometry": { "type": "Polygon", "coordinates": [ [ [ 101.518134643773124, 3.300599726566889 ], [ 101.518204164186116, 3.300459886418089 ], [ 101.518269759171758, 3.300318143141415 ], [ 101.518347760874732, 3.300134482479317 ], [ 101.518175805682191, 3.300130504358185 ], [ 101.518042494758291, 3.300218714855403 ], [ 101.518009607303767, 3.300336761560621 ], [ 101.517894828906805, 3.300386886207634 ], [ 101.517777071092326, 3.300429463452311 ], [ 101.517656825627768, 3.300464312813145 ], [ 101.517534592279901, 3.300491291812497 ], [ 101.517410882440302, 3.300510286038619 ], [ 101.517286210105581, 3.300521217260739 ], [ 101.517161096386303, 3.300524039823727 ], [ 101.517036061403459, 3.300518742435496 ], [ 101.516911627895027, 3.300505345463269 ], [ 101.51678831310339, 3.300483906338421 ], [ 101.51667124125845, 3.300460362926252 ], [ 101.516552884060786, 3.300444588081742 ], [ 101.516433752417015, 3.300436650974018 ], [ 101.516314360024879, 3.300436585510337 ], [ 101.516195219771646, 3.300444391230887 ], [ 101.516160592313028, 3.300448967445146 ], [ 101.516155649792921, 3.300664787863718 ], [ 101.517797681423673, 3.300664396729982 ], [ 101.517994022099572, 3.300760770299711 ], [ 101.518061252202244, 3.300737555207274 ], [ 101.518134643773124, 3.300599726566889 ] ] ] } },
{ "type": "Feature", "properties": { "Tarikh_Moh": null, "Daerah": "MPS", "UPI": null, "sts_warta": "Belum Warta", "no_lot": "LOT 3451,*", "no_pt": null, "nama": null, "gtn1": "Tanah Lapang dan Rekreasi", "gtn2": "Tanah Lapang", "gtn3": "Tanah Lapang Lain", "kod_gtn": "TLR107", "no_warta": null, "trkh_warta": "1899-12-30T00:00:00", "serah_PTD": "1899-12-30T00:00:00", "luas_h": 0.546, "selenggara": null, "catatan": "Komited Jul-Dis 2025", "tahun_data": 2025, "PBT": "MPS" }, "geometry": { "type": "Polygon", "coordinates": [ [ [ 101.514657471799637, 3.301086890967702 ], [ 101.514869949902263, 3.30041118221736 ], [ 101.514829591704455, 3.30039879943337 ], [ 101.514819277876185, 3.300384054926426 ], [ 101.514639664678427, 3.301072032669884 ], [ 101.514532651433896, 3.301791634923138 ], [ 101.514563424432126, 3.301832165629637 ], [ 101.514573575053987, 3.301882933495351 ], [ 101.514560390127073, 3.301932991482471 ], [ 101.514528911346218, 3.302014402040558 ], [ 101.514504231669875, 3.302147509446547 ], [ 101.514498202069547, 3.302282773107616 ], [ 101.514510941879607, 3.302417566210756 ], [ 101.514534757089493, 3.302561804557922 ], [ 101.514567934035966, 3.302662169629548 ], [ 101.514592085507601, 3.30276510550344 ], [ 101.514607620362099, 3.302818373613125 ], [ 101.514633192385475, 3.302867575083631 ], [ 101.514667818515761, 3.302910820855586 ], [ 101.514710171366872, 3.30294645066656 ], [ 101.514758623156041, 3.302973095567216 ], [ 101.514805721964152, 3.303004791301849 ], [ 101.51483253318942, 3.303039441462313 ], [ 101.514849394400599, 3.303079932824773 ], [ 101.514855130598818, 3.303123446156074 ], [ 101.51484934386356, 3.303166953556068 ], [ 101.51483243620838, 3.303207425613603 ], [ 101.514805584732514, 3.303242043862943 ], [ 101.514770658325403, 3.30326839771244 ], [ 101.514730090351222, 3.303284654127103 ], [ 101.514686703763786, 3.303289681063851 ], [ 101.514615669352494, 3.303291373188863 ], [ 101.514545015525925, 3.303298944570548 ], [ 101.51447522291619, 3.303312343118335 ], [ 101.514413754553217, 3.30332983677111 ], [ 101.514354142301983, 3.303352924177476 ], [ 101.514296889660329, 3.303381411325035 ], [ 101.514242478653685, 3.303415057118995 ], [ 101.514191368918759, 3.303453579709968 ], [ 101.51414399141683, 3.303496651955816 ], [ 101.514100744810762, 3.303543910455559 ], [ 101.514061996355679, 3.303594959168991 ], [ 101.514028070213058, 3.303649364864075 ], [ 101.513999254618682, 3.303706668892544 ], [ 101.513975791080185, 3.30376638896981 ], [ 101.513957878871352, 3.303828020995693 ], [ 101.513940317803005, 3.303865769219869 ], [ 101.513909565895943, 3.303893719346811 ], [ 101.513870435943829, 3.303907497066865 ], [ 101.513825557329781, 3.303903944995513 ], [ 101.513689341032261, 3.304112097846569 ], [ 101.513664972443792, 3.304217956249702 ], [ 101.513606873422191, 3.304516308404475 ], [ 101.513561671469418, 3.304814946867892 ], [ 101.513463315441641, 3.305571651127402 ], [ 101.513476817381644, 3.305670157538261 ], [ 101.513517150146967, 3.305748566816495 ], [ 101.513698084340561, 3.304283901730685 ], [ 101.51389984603864, 3.304041045433529 ], [ 101.514091607233127, 3.303656720030919 ], [ 101.514384517992923, 3.303392965516402 ], [ 101.514910300366495, 3.303320919245297 ], [ 101.514910221576585, 3.302980840860104 ], [ 101.514660105466803, 3.302745488495536 ], [ 101.514661170519915, 3.301945345330569 ], [ 101.514567514110752, 3.301763815868187 ], [ 101.514657471799637, 3.301086890967702 ] ] ] } },
{ "type": "Feature", "properties": { "Tarikh_Moh": null, "Daerah": "MPS", "UPI": null, "sts_warta": "Belum Warta", "no_lot": "LOT 3451,*", "no_pt": null, "nama": null, "gtn1": "Tanah Lapang dan Rekreasi", "gtn2": "Tanah Lapang", "gtn3": "Tanah Lapang Lain", "kod_gtn": "TLR107", "no_warta": null, "trkh_warta": "1899-12-30T00:00:00", "serah_PTD": "1899-12-30T00:00:00", "luas_h": 0.068, "selenggara": null, "catatan": "Komited Jul-Dis 2025", "tahun_data": 2025, "PBT": "MPS" }, "geometry": { "type": "Polygon", "coordinates": [ [ [ 101.513562531214546, 3.304508561552657 ], [ 101.513601577039623, 3.304308053015463 ], [ 101.513555881386424, 3.304307257936606 ], [ 101.51351818901054, 3.304500813794383 ], [ 101.513472558523006, 3.304802286246586 ], [ 101.513383366535905, 3.305488484550111 ], [ 101.513419592693467, 3.305558908462489 ], [ 101.513517114995665, 3.304808616558348 ], [ 101.513562531214546, 3.304508561552657 ] ] ] } },
{ "type": "Feature", "properties": { "Tarikh_Moh": null, "Daerah": "MPS", "UPI": null, "sts_warta": "Belum Warta", "no_lot": "LOT 3451,*", "no_pt": null, "nama": null, "gtn1": "Tanah Lapang dan Rekreasi", "gtn2": "Tanah Lapang", "gtn3": "Tanah Lapang Lain", "kod_gtn": "TLR107", "no_warta": null, "trkh_warta": "1899-12-30T00:00:00", "serah_PTD": "1899-12-30T00:00:00", "luas_h": 0.1057, "selenggara": null, "catatan": "Komited Jul-Dis 2025", "tahun_data": 2025, "PBT": "MPS" }, "geometry": { "type": "Polygon", "coordinates": [ [ [ 101.517584961432661, 3.301873374861943 ], [ 101.517618223125879, 3.301760258754155 ], [ 101.51765487701033, 3.301648206941383 ], [ 101.517531480021717, 3.301648235988498 ], [ 101.517531548509922, 3.301937084067033 ], [ 101.517477845930856, 3.301991083423754 ], [ 101.517366980528138, 3.301991110129446 ], [ 101.517367062018678, 3.30233609113986 ], [ 101.517440370179173, 3.302409734239077 ], [ 101.51744039106417, 3.302496733498973 ], [ 101.517465598314089, 3.30249672745943 ], [ 101.517483919075929, 3.302351004663045 ], [ 101.517505819267669, 3.302218065202281 ], [ 101.517528733583688, 3.302102383373714 ], [ 101.517555122795713, 3.301987451346567 ], [ 101.517584961432661, 3.301873374861943 ] ] ] } },
{ "type": "Feature", "properties": { "Tarikh_Moh": null, "Daerah": "MPS", "UPI": null, "sts_warta": "Belum Warta", "no_lot": "LOT 3451,*", "no_pt": null, "nama": null, "gtn1": "Tanah Lapang dan Rekreasi", "gtn2": "Tanah Lapang", "gtn3": "Tanah Lapang Lain", "kod_gtn": "TLR107", "no_warta": null, "trkh_warta": "1899-12-30T00:00:00", "serah_PTD": "1899-12-30T00:00:00", "luas_h": 0.1202, "selenggara": null, "catatan": "Komited Jul-Dis 2025", "tahun_data": 2025, "PBT": "MPS" }, "geometry": { "type": "Polygon", "coordinates": [ [ [ 101.517764296675097, 3.301366055026709 ], [ 101.517940005758348, 3.300995831121901 ], [ 101.517915238126648, 3.300923416334602 ], [ 101.51766842967902, 3.300802270149229 ], [ 101.517668530981894, 3.301229583020652 ], [ 101.517701042540097, 3.301262866239187 ], [ 101.517701066274881, 3.301366070509912 ], [ 101.517764296675097, 3.301366055026709 ] ] ] } },
{ "type": "Feature", "properties": { "Tarikh_Moh": null, "Daerah": "MPS", "UPI": null, "sts_warta": "Belum Warta", "no_lot": "LOT 3451,*", "no_pt": null, "nama": null, "gtn1": "Tanah Lapang dan Rekreasi", "gtn2": "Tanah Lapang", "gtn3": "Tanah Lapang Lain", "kod_gtn": "TLR107", "no_warta": null, "trkh_warta": "1899-12-30T00:00:00", "serah_PTD": "1899-12-30T00:00:00", "luas_h": 0.3312, "selenggara": null, "catatan": "Komited Jul-Dis 2025", "tahun_data": 2025, "PBT": "MPS" }, "geometry": { "type": "Polygon", "coordinates": [ [ [ 101.517461196406686, 3.303802061327991 ], [ 101.517449550679416, 3.303395224931079 ], [ 101.51744197513888, 3.303087057342669 ], [ 101.517448062362504, 3.302778856981822 ], [ 101.517312305432682, 3.302778889622652 ], [ 101.517312338094086, 3.302914219096694 ], [ 101.51738357765322, 3.30298577948698 ], [ 101.517383695176292, 3.303486183769173 ], [ 101.517297356384617, 3.303573000150825 ], [ 101.51635135011044, 3.303573224647839 ], [ 101.516287348635714, 3.303633589635131 ], [ 101.516179585594699, 3.303633615261825 ], [ 101.516126513423401, 3.303579258078249 ], [ 101.516126479713066, 3.303435434988029 ], [ 101.516091480714124, 3.303435443240664 ], [ 101.516091515221959, 3.3035841371507 ], [ 101.516175197074574, 3.303668201356634 ], [ 101.516629700126956, 3.303668091760083 ], [ 101.516741915051128, 3.303675123569424 ], [ 101.516852382050558, 3.303696162736848 ], [ 101.51695937705037, 3.303730880970811 ], [ 101.517372232683101, 3.303894118745084 ], [ 101.517461196406686, 3.303802061327991 ] ] ] } },
{ "type": "Feature", "properties": { "Tarikh_Moh": null, "Daerah": "MPS", "UPI": null, "sts_warta": "Belum Warta", "no_lot": "LOT 3451,*", "no_pt": null, "nama": null, "gtn1": "Tanah Lapang dan Rekreasi", "gtn2": "Tanah Lapang", "gtn3": "Tanah Lapang Lain", "kod_gtn": "TLR107", "no_warta": null, "trkh_warta": "1899-12-30T00:00:00", "serah_PTD": "1899-12-30T00:00:00", "luas_h": 0.0113, "selenggara": null, "catatan": "Komited Jul-Dis 2025", "tahun_data": 2025, "PBT": "MPS" }, "geometry": { "type": "Polygon", "coordinates": [ [ [ 101.515847768138528, 3.303691329934469 ], [ 101.515954364485737, 3.303584137840597 ], [ 101.515954329019749, 3.303435475585155 ], [ 101.515919329122482, 3.303435483828223 ], [ 101.515919360224359, 3.303569591493026 ], [ 101.515856203550896, 3.303633100370245 ], [ 101.515847768138528, 3.303691329934469 ] ] ] } },
{ "type": "Feature", "properties": { "Tarikh_Moh": null, "Daerah": "MPS", "UPI": null, "sts_warta": "Belum Warta", "no_lot": "LOT 3451,*", "no_pt": null, "nama": null, "gtn1": "Tanah Lapang dan Rekreasi", "gtn2": "Tanah Lapang", "gtn3": "Tanah Lapang Lain", "kod_gtn": "TLR107", "no_warta": null, "trkh_warta": "1899-12-30T00:00:00", "serah_PTD": "1899-12-30T00:00:00", "luas_h": 1.1455, "selenggara": null, "catatan": "Komited Jul-Dis 2025", "tahun_data": 2025, "PBT": "MPS" }, "geometry": { "type": "Polygon", "coordinates": [ [ [ 101.515847768138528, 3.303691329934469 ], [ 101.515856203550896, 3.303633100370245 ], [ 101.515744215008112, 3.303633129285813 ], [ 101.515688455694175, 3.303573381421557 ], [ 101.514996718888526, 3.303573544002415 ], [ 101.514910339425754, 3.303486769504958 ], [ 101.514910300366495, 3.303320919245297 ], [ 101.514384517992923, 3.303392965516402 ], [ 101.514091607233127, 3.303656720030919 ], [ 101.51389984603864, 3.304041045433529 ], [ 101.513698084340561, 3.304283901730685 ], [ 101.513517150146967, 3.305748566816495 ], [ 101.513571372707759, 3.305771690130764 ], [ 101.513592715882424, 3.30572113456083 ], [ 101.513561595247268, 3.305651049672869 ], [ 101.513591267324585, 3.305573155013248 ], [ 101.51366100693572, 3.30554186481737 ], [ 101.513735596551584, 3.30557056646291 ], [ 101.513848745357976, 3.305273530469643 ], [ 101.513776283471373, 3.305245649265406 ], [ 101.513745162826666, 3.305175565294546 ], [ 101.513775210834524, 3.305096693114047 ], [ 101.513873420400017, 3.305052642517916 ], [ 101.513997931394428, 3.304725776692469 ], [ 101.513926125746835, 3.304698147745989 ], [ 101.513894979031051, 3.304628053772064 ], [ 101.513925030592901, 3.304549182500166 ], [ 101.513994746658113, 3.304517912095457 ], [ 101.51406658285768, 3.304545552869556 ], [ 101.514198982327869, 3.304197978336769 ], [ 101.514127183003083, 3.304170352147521 ], [ 101.514096029988025, 3.304100255458126 ], [ 101.514126069777916, 3.304021394999288 ], [ 101.514224286416592, 3.303977336219908 ], [ 101.514421070531526, 3.303460739576373 ], [ 101.514490819823877, 3.303429452923037 ], [ 101.514576568344268, 3.303462446942352 ], [ 101.514605267712113, 3.303542511198168 ], [ 101.515676704343974, 3.303954771931731 ], [ 101.51575840610495, 3.303929937510977 ], [ 101.515816078767841, 3.303848363417778 ], [ 101.515847768138528, 3.303691329934469 ] ] ] } },
{ "type": "Feature", "properties": { "Tarikh_Moh": null, "Daerah": "MPS", "UPI": null, "sts_warta": "Belum Warta", "no_lot": "LOT 3451,*", "no_pt": null, "nama": null, "gtn1": "Tanah Lapang dan Rekreasi", "gtn2": "Tanah Lapang", "gtn3": "Tanah Lapang Lain", "kod_gtn": "TLR107", "no_warta": null, "trkh_warta": "1899-12-30T00:00:00", "serah_PTD": "1899-12-30T00:00:00", "luas_h": 0.6526, "selenggara": null, "catatan": "Komited Jul-Dis 2025", "tahun_data": 2025, "PBT": "MPS" }, "geometry": { "type": "Polygon", "coordinates": [ [ [ 101.516886883477, 3.306213802365872 ], [ 101.516965902352226, 3.306071158525649 ], [ 101.516817562282611, 3.306014081704212 ], [ 101.516758884539854, 3.306168123217445 ], [ 101.516796871250591, 3.306253666972254 ], [ 101.516764574696239, 3.306338452368841 ], [ 101.516694841404671, 3.306369731098144 ], [ 101.516627361054148, 3.306343765960692 ], [ 101.516492676120819, 3.306697341802947 ], [ 101.516297924646594, 3.306950917566147 ], [ 101.516199391435194, 3.306960964080921 ], [ 101.515707210904367, 3.306534738126738 ], [ 101.513832408961264, 3.305813362316714 ], [ 101.513807486730173, 3.305872392150838 ], [ 101.514028258109676, 3.305966551420196 ], [ 101.514255544474409, 3.306050941860533 ], [ 101.514434577709238, 3.30612149066358 ], [ 101.514610694266992, 3.306199101039937 ], [ 101.514783619130753, 3.306283649276521 ], [ 101.514977685525849, 3.306386672043057 ], [ 101.515166626918798, 3.30649890562855 ], [ 101.515335191411268, 3.306610029231029 ], [ 101.515497812819788, 3.306728004779266 ], [ 101.515655041912439, 3.306853145728222 ], [ 101.515806567100256, 3.30698520437402 ], [ 101.515952085829525, 3.307123918566851 ], [ 101.516219075988815, 3.307127594221093 ], [ 101.516646607205985, 3.306570929321184 ], [ 101.516772325570656, 3.306396158460093 ], [ 101.516886883477, 3.306213802365872 ] ] ] } },
{ "type": "Feature", "properties": { "Tarikh_Moh": null, "Daerah": "MPS", "UPI": null, "sts_warta": "Belum Warta", "no_lot": "LOT 3451,*", "no_pt": null, "nama": null, "gtn1": "Tanah Lapang dan Rekreasi", "gtn2": "Tanah Lapang", "gtn3": "Tanah Lapang Lain", "kod_gtn": "TLR107", "no_warta": null, "trkh_warta": "1899-12-30T00:00:00", "serah_PTD": "1899-12-30T00:00:00", "luas_h": 0.1111, "selenggara": null, "catatan": "Komited Jul-Dis 2025", "tahun_data": 2025, "PBT": "MPS" }, "geometry": { "type": "Polygon", "coordinates": [ [ [ 101.517306514588157, 3.305138564529429 ], [ 101.517335413345123, 3.305015778482937 ], [ 101.517174435634445, 3.304953838388742 ], [ 101.517135717404486, 3.30505548475813 ], [ 101.517210739542122, 3.305084350931594 ], [ 101.517241861396585, 3.305154435737771 ], [ 101.517209564948018, 3.30523922115424 ], [ 101.51713983176451, 3.305270499937206 ], [ 101.517126296874466, 3.305265291445176 ], [ 101.516996156025215, 3.305606941940576 ], [ 101.517112726746802, 3.305651795131447 ], [ 101.517161571920298, 3.305622172413754 ], [ 101.517202161868141, 3.30550219258223 ], [ 101.517239869767479, 3.30538184342524 ], [ 101.517274660967686, 3.305260610277899 ], [ 101.517306514588157, 3.305138564529429 ] ] ] } },
{ "type": "Feature", "properties": { "Tarikh_Moh": null, "Daerah": "MPS", "UPI": null, "sts_warta": "Belum Warta", "no_lot": "LOT 3451,*", "no_pt": null, "nama": null, "gtn1": "Tanah Lapang dan Rekreasi", "gtn2": "Tanah Lapang", "gtn3": "Tanah Lapang Lain", "kod_gtn": "TLR107", "no_warta": null, "trkh_warta": "1899-12-30T00:00:00", "serah_PTD": "1899-12-30T00:00:00", "luas_h": 0.0153, "selenggara": null, "catatan": "Komited Jul-Dis 2025", "tahun_data": 2025, "PBT": "MPS" }, "geometry": { "type": "Polygon", "coordinates": [ [ [ 101.513790358912345, 3.305797182127455 ], [ 101.513592715882424, 3.30572113456083 ], [ 101.513571372707759, 3.305771690130764 ], [ 101.513766064126045, 3.305854725961073 ], [ 101.513790358912345, 3.305797182127455 ] ] ] } },
{ "type": "Feature", "properties": { "Tarikh_Moh": null, "Daerah": "MPS", "UPI": null, "sts_warta": "Belum Warta", "no_lot": "LOT 3451,*", "no_pt": null, "nama": null, "gtn1": "Tanah Lapang dan Rekreasi", "gtn2": "Tanah Lapang", "gtn3": "Tanah Lapang Lain", "kod_gtn": "TLR107", "no_warta": null, "trkh_warta": "1899-12-30T00:00:00", "serah_PTD": "1899-12-30T00:00:00", "luas_h": 0.0924, "selenggara": null, "catatan": "Komited Jul-Dis 2025", "tahun_data": 2025, "PBT": "MPS" }, "geometry": { "type": "Polygon", "coordinates": [ [ [ 101.512335742682041, 3.30810472241101 ], [ 101.512433982994779, 3.307928808248839 ], [ 101.512447044546391, 3.307907841934815 ], [ 101.512408470114991, 3.307884542752023 ], [ 101.512395272118283, 3.30790572846184 ], [ 101.512295975881727, 3.308083533536756 ], [ 101.51220527435494, 3.308265917376146 ], [ 101.512123374690418, 3.308452461817498 ], [ 101.512050466973349, 3.308642737800958 ], [ 101.511986717918205, 3.308836307161433 ], [ 101.511932274463277, 3.309032724446574 ], [ 101.511887261063976, 3.30923153962284 ], [ 101.511851781501946, 3.309432294462642 ], [ 101.511888257683097, 3.309484496541704 ], [ 101.511931376209844, 3.309240516835653 ], [ 101.511975910773117, 3.30904381656561 ], [ 101.512029775582846, 3.308849487696764 ], [ 101.51209284618848, 3.308657978454167 ], [ 101.512164978370194, 3.308469727062531 ], [ 101.512246006327587, 3.30828516626348 ], [ 101.512335742682041, 3.30810472241101 ] ] ] } },
{ "type": "Feature", "properties": { "Tarikh_Moh": null, "Daerah": "MPS", "UPI": null, "sts_warta": "Belum Warta", "no_lot": "LOT 3451,*", "no_pt": null, "nama": null, "gtn1": "Tanah Lapang dan Rekreasi", "gtn2": "Tanah Lapang", "gtn3": "Tanah Lapang Lain", "kod_gtn": "TLR107", "no_warta": null, "trkh_warta": "1899-12-30T00:00:00", "serah_PTD": "1899-12-30T00:00:00", "luas_h": 0.2571, "selenggara": null, "catatan": "Komited Jul-Dis 2025", "tahun_data": 2025, "PBT": "MPS" }, "geometry": { "type": "Polygon", "coordinates": [ [ [ 101.516192992976087, 3.303902507836758 ], [ 101.516575402359535, 3.304049648307558 ], [ 101.516619446518021, 3.304066595259357 ], [ 101.517021474017881, 3.304221284390072 ], [ 101.517398256368281, 3.304366258926647 ], [ 101.517325103637617, 3.304558302009909 ], [ 101.517411640778022, 3.304591599013401 ], [ 101.517445145786468, 3.304277706399573 ], [ 101.51738930270146, 3.304173014982151 ], [ 101.51721401843966, 3.304103710264517 ], [ 101.516578648867949, 3.303978082835939 ], [ 101.516366787101418, 3.303867140459512 ], [ 101.516172922087563, 3.303867187232326 ], [ 101.51607728245267, 3.303949616400757 ], [ 101.515927881674287, 3.303928202418403 ], [ 101.515890674146576, 3.30398083067011 ], [ 101.515909825389755, 3.304044471233962 ], [ 101.516109631150059, 3.304121351365814 ], [ 101.516192992976087, 3.303902507836758 ] ] ] } },
{ "type": "Feature", "properties": { "Tarikh_Moh": null, "Daerah": "MPS", "UPI": null, "sts_warta": "Belum Warta", "no_lot": "LOT 3451,*", "no_pt": null, "nama": null, "gtn1": "Tanah Lapang dan Rekreasi", "gtn2": "Tanah Lapang", "gtn3": "Tanah Lapang Lain", "kod_gtn": "TLR107", "no_warta": null, "trkh_warta": "1899-12-30T00:00:00", "serah_PTD": "1899-12-30T00:00:00", "luas_h": 0.5082, "selenggara": null, "catatan": "Komited Jul-Dis 2025", "tahun_data": 2025, "PBT": "MPS" }, "geometry": { "type": "Polygon", "coordinates": [ [ [ 101.513812762066479, 3.307371082625484 ], [ 101.514266753338717, 3.306446235730627 ], [ 101.514126710216757, 3.306391050508041 ], [ 101.513902610532853, 3.306307843159099 ], [ 101.51355430589642, 3.306235482476728 ], [ 101.513580221928535, 3.30642456042383 ], [ 101.5136128483921, 3.306398973799407 ], [ 101.513654609368942, 3.306376288887492 ], [ 101.513699715240847, 3.30636142093072 ], [ 101.513746731377552, 3.306354841834265 ], [ 101.513794162646477, 3.306356761083263 ], [ 101.513840500226038, 3.306367116822706 ], [ 101.513884271080684, 3.306385581413982 ], [ 101.513924082041541, 3.306411565168279 ], [ 101.513958668322886, 3.30644424450917 ], [ 101.513986927674409, 3.30648257743632 ], [ 101.514007963458681, 3.306525347047799 ], [ 101.514021105269066, 3.30657119143756 ], [ 101.51402593579644, 3.306618652601134 ], [ 101.5140223015092, 3.306666221681181 ], [ 101.514010317032231, 3.306712385100573 ], [ 101.513990365014905, 3.306755675205853 ], [ 101.513963078919289, 3.306794714534972 ], [ 101.513915413397555, 3.306858763250722 ], [ 101.513891115876461, 3.306934926709893 ], [ 101.513881747750659, 3.306985683877337 ], [ 101.513868459663513, 3.307035550781465 ], [ 101.513851335196648, 3.307084221068196 ], [ 101.513830477703934, 3.307131397479078 ], [ 101.513806015712674, 3.307176790961079 ], [ 101.513778098417575, 3.307220123367797 ], [ 101.513746896570979, 3.307261131079282 ], [ 101.513712600690539, 3.307299562284163 ], [ 101.513675421946985, 3.307335181503759 ], [ 101.513635585860996, 3.307367771384321 ], [ 101.513593337701849, 3.307397132711127 ], [ 101.513548936186524, 3.30742308529623 ], [ 101.513502651675282, 3.30744546978253 ], [ 101.513454767062086, 3.307464151263365 ], [ 101.513364844996488, 3.307503168311236 ], [ 101.513281877951954, 3.307555485846915 ], [ 101.513207801901657, 3.307619886298563 ], [ 101.513144340307548, 3.307694867569489 ], [ 101.513115606071068, 3.307731252399852 ], [ 101.513083904682233, 3.307765058342887 ], [ 101.513049466229205, 3.307796041830986 ], [ 101.51301253874469, 3.307823979239545 ], [ 101.512973387298729, 3.307848669597666 ], [ 101.51293131057102, 3.307866117454422 ], [ 101.512886226982445, 3.307872415810828 ], [ 101.512841011590481, 3.307867161675198 ], [ 101.512798547421042, 3.307850690929977 ], [ 101.512770975777869, 3.307832260851848 ], [ 101.512477169406623, 3.307944704847641 ], [ 101.512472693871246, 3.307951888938885 ], [ 101.512443293565923, 3.308004533968169 ], [ 101.512838071157717, 3.308109028138064 ], [ 101.513812762066479, 3.307371082625484 ] ] ] } },
{ "type": "Feature", "properties": { "Tarikh_Moh": null, "Daerah": "MPS", "UPI": null, "sts_warta": "Belum Warta", "no_lot": "LOT 3451,*", "no_pt": null, "nama": null, "gtn1": "Tanah Lapang dan Rekreasi", "gtn2": "Tanah Lapang", "gtn3": "Tanah Lapang Lain", "kod_gtn": "TLR107", "no_warta": null, "trkh_warta": "1899-12-30T00:00:00", "serah_PTD": "1899-12-30T00:00:00", "luas_h": 0.3601, "selenggara": null, "catatan": "Komited Jul-Dis 2025", "tahun_data": 2025, "PBT": "MPS" }, "geometry": { "type": "Polygon", "coordinates": [ [ [ 101.512707166859599, 3.307657033396135 ], [ 101.512746279933012, 3.307567085199813 ], [ 101.512775795373912, 3.307523401644393 ], [ 101.512809586335266, 3.307482967833481 ], [ 101.512883291388022, 3.307414540286765 ], [ 101.512941555578863, 3.30734441434309 ], [ 101.512990307175144, 3.307267305255909 ], [ 101.513028729369609, 3.307184506804215 ], [ 101.513056175164422, 3.307097410884293 ], [ 101.513072183640816, 3.307007479517655 ], [ 101.513081208306374, 3.306962152977243 ], [ 101.513097756862734, 3.306919023945886 ], [ 101.513121350042155, 3.306879343681007 ], [ 101.513151302776649, 3.306844265227805 ], [ 101.513186745892696, 3.306814805493928 ], [ 101.513226649569773, 3.306791820893837 ], [ 101.513269856713507, 3.306775976689411 ], [ 101.513315112682022, 3.306767734407203 ], [ 101.513389358929814, 3.306744616968124 ], [ 101.513448136693341, 3.306693501727588 ], [ 101.513481567908869, 3.306622978371107 ], [ 101.513497542832354, 3.306568289344759 ], [ 101.513518591684843, 3.306515365416172 ], [ 101.513541124367961, 3.306470699382648 ], [ 101.513507551839808, 3.306225769521641 ], [ 101.51337323601075, 3.306197865379452 ], [ 101.513264295999946, 3.306259510629705 ], [ 101.513244334087105, 3.306311410978522 ], [ 101.51345418683421, 3.306392939541202 ], [ 101.513373066315395, 3.306603850233809 ], [ 101.513163214434186, 3.306522320736754 ], [ 101.513113091214848, 3.306671964870607 ], [ 101.512991372311902, 3.306963048332968 ], [ 101.512854362819425, 3.307218967480534 ], [ 101.512618714062555, 3.307565479045038 ], [ 101.512502934341143, 3.307732911213497 ], [ 101.512408470114991, 3.307884542752023 ], [ 101.512447044546391, 3.307907841934815 ], [ 101.512737552495182, 3.307796659857949 ], [ 101.512712853814676, 3.307747614324202 ], [ 101.512704274430476, 3.307702687201366 ], [ 101.512707166859599, 3.307657033396135 ] ] ] } },
{ "type": "Feature", "properties": { "Tarikh_Moh": null, "Daerah": "MPS", "UPI": null, "sts_warta": "Belum Warta", "no_lot": "LOT 3451,*", "no_pt": null, "nama": null, "gtn1": "Tanah Lapang dan Rekreasi", "gtn2": "Tanah Lapang", "gtn3": "Tanah Lapang Lain", "kod_gtn": "TLR107", "no_warta": null, "trkh_warta": "1899-12-30T00:00:00", "serah_PTD": "1899-12-30T00:00:00", "luas_h": 0.6962, "selenggara": null, "catatan": "Komited Jul-Dis 2025", "tahun_data": 2025, "PBT": "MPS" }, "geometry": { "type": "Polygon", "coordinates": [ [ [ 101.515803093790268, 3.296074889019993 ], [ 101.515652107647341, 3.296066404196499 ], [ 101.5156084715871, 3.296016392044391 ], [ 101.515523693865234, 3.295909407212932 ], [ 101.515449360994737, 3.295794845210445 ], [ 101.515386138848058, 3.295673733321081 ], [ 101.515334594173225, 3.295547154636963 ], [ 101.515295189202121, 3.295416245331273 ], [ 101.515268276294407, 3.2952821783655 ], [ 101.515254097064229, 3.295146153539386 ], [ 101.515253679311257, 3.29510284371569 ], [ 101.515245038157744, 3.295427554253239 ], [ 101.515219443816321, 3.296389274171576 ], [ 101.515808700971917, 3.296497539473792 ], [ 101.515890615797503, 3.296412024703076 ], [ 101.515983240547683, 3.296323552848282 ], [ 101.51607968293979, 3.296239302567455 ], [ 101.516179752682319, 3.296159440662859 ], [ 101.516283252313656, 3.296084123065731 ], [ 101.516389978088156, 3.296013500264859 ], [ 101.516425324370402, 3.295992310329134 ], [ 101.516274926612468, 3.295729644457212 ], [ 101.516224168087831, 3.295759876815483 ], [ 101.516105806219713, 3.295837714614963 ], [ 101.515990999385764, 3.295920758123967 ], [ 101.515879975658791, 3.296008844257124 ], [ 101.515803093790268, 3.296074889019993 ] ] ] } },
{ "type": "Feature", "properties": { "Tarikh_Moh": null, "Daerah": "MPS", "UPI": null, "sts_warta": "Belum Warta", "no_lot": "LOT 1383", "no_pt": null, "nama": null, "gtn1": "Tanah Lapang dan Rekreasi", "gtn2": "Tanah Lapang", "gtn3": "Tanah Lapang Lain", "kod_gtn": "TLR107", "no_warta": null, "trkh_warta": "1899-12-30T00:00:00", "serah_PTD": "1899-12-30T00:00:00", "luas_h": 0.1689, "selenggara": null, "catatan": "Komited Jul-Dis 2025", "tahun_data": 2025, "PBT": "MPS" }, "geometry": { "type": "Polygon", "coordinates": [ [ [ 101.515803093790268, 3.296074889019993 ], [ 101.515879975658791, 3.296008844257124 ], [ 101.515990999385764, 3.295920758123967 ], [ 101.516105806219713, 3.295837714614963 ], [ 101.516224168087831, 3.295759876815483 ], [ 101.516312765832225, 3.295707106981976 ], [ 101.516334677900787, 3.295662138987786 ], [ 101.516332391909572, 3.295663366504423 ], [ 101.516217957704015, 3.295731525480581 ], [ 101.516221591964239, 3.295743287933196 ], [ 101.516179140844244, 3.295756537092471 ], [ 101.516178626639828, 3.295756697618026 ], [ 101.516111547742426, 3.295777634053993 ], [ 101.516117544758103, 3.295797044453959 ], [ 101.516124890015234, 3.295820816448584 ], [ 101.516103407799548, 3.2958275217417 ], [ 101.516081924683803, 3.295834227031782 ], [ 101.516060441570133, 3.295840931416971 ], [ 101.516049804474207, 3.295844251327617 ], [ 101.515974479698841, 3.29589873722633 ], [ 101.515862557017613, 3.295987535426295 ], [ 101.515793636406997, 3.296046741661727 ], [ 101.515661718763184, 3.29603932892093 ], [ 101.515545962832107, 3.295893251772856 ], [ 101.515473050442409, 3.295780878411894 ], [ 101.51541103609658, 3.295662080308218 ], [ 101.515360475797124, 3.295537920630014 ], [ 101.515321823739228, 3.295409512016259 ], [ 101.515295425141105, 3.29527800570517 ], [ 101.515281517174571, 3.29514457978045 ], [ 101.515280227728667, 3.295010913949954 ], [ 101.515358180169471, 3.294413718769229 ], [ 101.515358820287943, 3.294408814806633 ], [ 101.51539404438887, 3.294138962072495 ], [ 101.515575990773641, 3.294143874757449 ], [ 101.515601594979344, 3.293950575632727 ], [ 101.51616504608505, 3.29396556592058 ], [ 101.516185996934482, 3.293959027429141 ], [ 101.516188208008828, 3.29396618210488 ], [ 101.516323244105465, 3.293969774795824 ], [ 101.516552393583297, 3.293975871290098 ], [ 101.516553078886091, 3.293975657857585 ], [ 101.51657456195035, 3.293968952546799 ], [ 101.516576901515521, 3.293976523559606 ], [ 101.516640765739965, 3.293978222547641 ], [ 101.516643328955112, 3.293971774964286 ], [ 101.516660705708347, 3.293978753377597 ], [ 101.516974962231416, 3.293987113740541 ], [ 101.516981088541598, 3.293987276350967 ], [ 101.517983333625025, 3.294013940086177 ], [ 101.517982235859961, 3.294054757621114 ], [ 101.518006850191398, 3.294055427828359 ], [ 101.518008502509147, 3.29398673382984 ], [ 101.517143763580208, 3.293977817691529 ], [ 101.515572671545357, 3.293928922739757 ], [ 101.515549394702333, 3.294108560594498 ], [ 101.515367408278635, 3.294104168703681 ], [ 101.515268629345144, 3.294866511723975 ], [ 101.515252614718648, 3.295003294518426 ], [ 101.515253800656936, 3.295098283881539 ], [ 101.515253679311257, 3.29510284371569 ], [ 101.515254097064229, 3.295146153539386 ], [ 101.515268276294407, 3.2952821783655 ], [ 101.515295189202121, 3.295416245331273 ], [ 101.515334594173225, 3.295547154636963 ], [ 101.515386138848058, 3.295673733321081 ], [ 101.515449360994737, 3.295794845210445 ], [ 101.515523693865234, 3.295909407212932 ], [ 101.5156084715871, 3.296016392044391 ], [ 101.515652107647341, 3.296066404196499 ], [ 101.515803093790268, 3.296074889019993 ] ] ] } },
{ "type": "Feature", "properties": { "Tarikh_Moh": null, "Daerah": "MPS", "UPI": null, "sts_warta": "Belum Warta", "no_lot": "LOT 1383", "no_pt": null, "nama": null, "gtn1": "Tanah Lapang dan Rekreasi", "gtn2": "Tanah Lapang", "gtn3": "Tanah Lapang Lain", "kod_gtn": "TLR107", "no_warta": null, "trkh_warta": "1899-12-30T00:00:00", "serah_PTD": "1899-12-30T00:00:00", "luas_h": 0.0317, "selenggara": null, "catatan": "Komited Jul-Dis 2025", "tahun_data": 2025, "PBT": "MPS" }, "geometry": { "type": "Polygon", "coordinates": [ [ [ 101.515595365368824, 3.295219320535334 ], [ 101.515605641761013, 3.295199716012842 ], [ 101.515620652154695, 3.295171070529644 ], [ 101.515620685593092, 3.295171014548131 ], [ 101.515620680974038, 3.295171060657681 ], [ 101.5156730640159, 3.295154719465804 ], [ 101.515725449762755, 3.295138375564372 ], [ 101.515777835505901, 3.295122032563643 ], [ 101.515830221247583, 3.295105689559247 ], [ 101.515882606987887, 3.295089346551169 ], [ 101.515934990055669, 3.295072992680292 ], [ 101.51598736865364, 3.295056627037458 ], [ 101.516039752606602, 3.295040277683307 ], [ 101.516039764207378, 3.295040314792064 ], [ 101.516092150839441, 3.295023972676119 ], [ 101.516157633900818, 3.295003545703668 ], [ 101.516157692436906, 3.295003526866356 ], [ 101.516192347539459, 3.295115759741811 ], [ 101.516195773005592, 3.2951268460965 ], [ 101.516214535206203, 3.29518748759103 ], [ 101.516214584890577, 3.295187758121406 ], [ 101.516214601828892, 3.295187818757196 ], [ 101.516232599857361, 3.295182204884479 ], [ 101.516158310979066, 3.294942216490199 ], [ 101.516142041864853, 3.29494733390142 ], [ 101.516156447698819, 3.294993971880919 ], [ 101.516125518023784, 3.295003625821159 ], [ 101.516124420460926, 3.29500009598158 ], [ 101.516102934665895, 3.295006802172963 ], [ 101.516081451574692, 3.295013506562182 ], [ 101.516059968483233, 3.295020210950763 ], [ 101.516038485389188, 3.295026916243056 ], [ 101.516017003197064, 3.295033620632767 ], [ 101.515995529109944, 3.295040322330145 ], [ 101.515982192225835, 3.294997148096183 ], [ 101.515973593070498, 3.294999822238615 ], [ 101.515986931730168, 3.295043005520752 ], [ 101.515965443234208, 3.295049711701078 ], [ 101.515943960139126, 3.295056416990677 ], [ 101.515922477945963, 3.295063121377679 ], [ 101.515900994850412, 3.295069826666048 ], [ 101.515879511754605, 3.295076531953795 ], [ 101.515858028660929, 3.295083236336598 ], [ 101.515836546464456, 3.295089941625508 ], [ 101.515815063367938, 3.2950966469114 ], [ 101.515793580271179, 3.295103352196703 ], [ 101.515772097176537, 3.295110056577045 ], [ 101.515750614079323, 3.295116761861101 ], [ 101.515729131881628, 3.295123467146927 ], [ 101.515707648783945, 3.295130172429753 ], [ 101.515686165688379, 3.295136876807635 ], [ 101.51566468259017, 3.295143582089263 ], [ 101.515643199491777, 3.295150287370201 ], [ 101.515621723598542, 3.295156989956516 ], [ 101.515622930821053, 3.295160908954055 ], [ 101.515602304130482, 3.295167346087365 ], [ 101.515592001139836, 3.295170561967977 ], [ 101.515577594372232, 3.295123949302394 ], [ 101.515564725737249, 3.295127976866425 ], [ 101.515550658140782, 3.295135968644807 ], [ 101.515537971749154, 3.295146028680555 ], [ 101.515526965913367, 3.295157919918057 ], [ 101.515517896907511, 3.295171361779857 ], [ 101.515510980602102, 3.295186040121387 ], [ 101.515506377165252, 3.295201608094945 ], [ 101.515504191922489, 3.295217701525971 ], [ 101.515547152717645, 3.295204293670391 ], [ 101.515553822486211, 3.295225885314788 ], [ 101.515560493154794, 3.295247476961649 ], [ 101.515567164723421, 3.295269068610974 ], [ 101.515573836292305, 3.295290660260369 ], [ 101.515580506961655, 3.295312251907522 ], [ 101.515587178533323, 3.295333842652804 ], [ 101.515593849203114, 3.295355434300113 ], [ 101.515600521672724, 3.295377025952298 ], [ 101.515557567291935, 3.295390385895911 ], [ 101.515558364003155, 3.295393000649935 ], [ 101.515641042010316, 3.295367152189662 ], [ 101.515640925091191, 3.29536678562159 ], [ 101.515595365368824, 3.295219320535334 ] ] ] } },
{ "type": "Feature", "properties": { "Tarikh_Moh": null, "Daerah": "MPS", "UPI": null, "sts_warta": "Belum Warta", "no_lot": "LOT 1383", "no_pt": null, "nama": null, "gtn1": "Tanah Lapang dan Rekreasi", "gtn2": "Tanah Lapang", "gtn3": "Tanah Lapang Lain", "kod_gtn": "TLR107", "no_warta": null, "trkh_warta": "1899-12-30T00:00:00", "serah_PTD": "1899-12-30T00:00:00", "luas_h": 0.0186, "selenggara": null, "catatan": "Komited Jul-Dis 2025", "tahun_data": 2025, "PBT": "MPS" }, "geometry": { "type": "Polygon", "coordinates": [ [ [ 101.516258242184122, 3.29497251178242 ], [ 101.516323719881186, 3.29495206940751 ], [ 101.516376105610533, 3.294935725460661 ], [ 101.51642849134079, 3.294919380605843 ], [ 101.516480878871604, 3.294903034847762 ], [ 101.516480854793755, 3.29490295158454 ], [ 101.51653323693381, 3.294886602191219 ], [ 101.516585619070085, 3.294870253698603 ], [ 101.516585644073643, 3.294870327016435 ], [ 101.516638028010433, 3.29485397762052 ], [ 101.516690411945845, 3.294837628221025 ], [ 101.516690296858798, 3.294837248997033 ], [ 101.51674267628907, 3.294820901390647 ], [ 101.516742795879765, 3.294821278817829 ], [ 101.516795177112954, 3.294804929403872 ], [ 101.516847561044116, 3.294788579993363 ], [ 101.516847444152717, 3.294788202573359 ], [ 101.516899828084775, 3.294771852254823 ], [ 101.516899732609502, 3.294771543621463 ], [ 101.516965191558654, 3.294751036028365 ], [ 101.516948083791718, 3.294695673951798 ], [ 101.516946512363816, 3.294696164497933 ], [ 101.516960898455153, 3.294742799704985 ], [ 101.516929972396852, 3.294752451879114 ], [ 101.516928904328395, 3.294748997178433 ], [ 101.516907420353618, 3.294755698875893 ], [ 101.516885936378586, 3.294762400572714 ], [ 101.51686445396976, 3.294769105438272 ], [ 101.516842964859293, 3.294775792198607 ], [ 101.516821479990824, 3.294782491178223 ], [ 101.516799996021874, 3.294789190159608 ], [ 101.51677851115295, 3.294795889137943 ], [ 101.516757026283784, 3.294802588115721 ], [ 101.516735541414363, 3.294809287092876 ], [ 101.516714056547059, 3.294815985165038 ], [ 101.516692571677197, 3.294822684140895 ], [ 101.516671086807051, 3.294829383116196 ], [ 101.516649607340128, 3.294836080296364 ], [ 101.516636290031059, 3.294792977563017 ], [ 101.516636259642894, 3.294792898804973 ], [ 101.516627659543573, 3.294795591039247 ], [ 101.516640980430168, 3.294838701921203 ], [ 101.516619497342589, 3.294845407230131 ], [ 101.516598014254782, 3.294852112538486 ], [ 101.516576531169065, 3.29485881694183 ], [ 101.516555048080761, 3.294865522248905 ], [ 101.516533565892018, 3.29487222755775 ], [ 101.516512082805576, 3.294878931959275 ], [ 101.516490599716548, 3.294885637264512 ], [ 101.516469116627292, 3.294892342569127 ], [ 101.516447633540153, 3.294899046968798 ], [ 101.516426151350203, 3.294905752274577 ], [ 101.516404668260222, 3.294912457577388 ], [ 101.516391370775992, 3.294869348563613 ], [ 101.516391344008227, 3.294869261675912 ], [ 101.516382520622358, 3.294872005772275 ], [ 101.516382545607001, 3.294872086324903 ], [ 101.516395862902741, 3.294915189060407 ], [ 101.516374378924439, 3.294921889838249 ], [ 101.516352894948241, 3.294928589711149 ], [ 101.516331410069625, 3.294935290485384 ], [ 101.516309926090557, 3.294941991261373 ], [ 101.516288442111318, 3.294948692036789 ], [ 101.516266957231977, 3.294955392809187 ], [ 101.5162454732546, 3.294962092679003 ], [ 101.516232168573282, 3.29491898635796 ], [ 101.516232141805546, 3.294918899470254 ], [ 101.51622267631484, 3.294921853493113 ], [ 101.516222704828024, 3.294921961185353 ], [ 101.516296895358025, 3.295162060552561 ], [ 101.516315057289574, 3.295156392848064 ], [ 101.516315118527373, 3.295156373113506 ], [ 101.516286716655301, 3.295064669081496 ], [ 101.516258180946309, 3.294972531516991 ], [ 101.516258242184122, 3.29497251178242 ] ] ] } },
{ "type": "Feature", "properties": { "Tarikh_Moh": null, "Daerah": "MPS", "UPI": null, "sts_warta": "Belum Warta", "no_lot": "LOT 1383", "no_pt": null, "nama": null, "gtn1": "Tanah Lapang dan Rekreasi", "gtn2": "Tanah Lapang", "gtn3": "Tanah Lapang Lain", "kod_gtn": "TLR107", "no_warta": null, "trkh_warta": "1899-12-30T00:00:00", "serah_PTD": "1899-12-30T00:00:00", "luas_h": 0.0384, "selenggara": null, "catatan": "Komited Jul-Dis 2025", "tahun_data": 2025, "PBT": "MPS" }, "geometry": { "type": "Polygon", "coordinates": [ [ [ 101.517284430450289, 3.295125588614845 ], [ 101.5173059153433, 3.295118883293668 ], [ 101.517319193471309, 3.295161843036874 ], [ 101.517319262178873, 3.29516206478253 ], [ 101.517333562984064, 3.295157464885811 ], [ 101.51734695805176, 3.295150651479034 ], [ 101.51735911221121, 3.295141795506999 ], [ 101.517369720750438, 3.295131119542554 ], [ 101.517332171749459, 3.295100126524964 ], [ 101.517352583399273, 3.295075012203954 ], [ 101.517355370423047, 3.295077301198383 ], [ 101.517369601346573, 3.295059791561847 ], [ 101.517383832269545, 3.295042281925053 ], [ 101.517398062292088, 3.295024772285557 ], [ 101.517412293213795, 3.295007262648062 ], [ 101.517426524134905, 3.294989753010274 ], [ 101.517440755053045, 3.294972244276514 ], [ 101.517454985972904, 3.294954734638126 ], [ 101.517469215992364, 3.294937224997035 ], [ 101.517483446911001, 3.294919715358064 ], [ 101.51749767782907, 3.294902205718648 ], [ 101.517511908746471, 3.294884696078992 ], [ 101.517526139663303, 3.29486718643901 ], [ 101.517540370577123, 3.294849677703072 ], [ 101.517554600592916, 3.294832168060113 ], [ 101.517568831507859, 3.294814658419138 ], [ 101.517583062422233, 3.294797148777938 ], [ 101.517617905637508, 3.294825754428088 ], [ 101.517623598004946, 3.294818749847766 ], [ 101.517623448056995, 3.294818627366743 ], [ 101.51762352929731, 3.294818528102097 ], [ 101.517588835127839, 3.294790045835225 ], [ 101.517602985700819, 3.294772635460542 ], [ 101.517617216613672, 3.294755125818565 ], [ 101.51763144662614, 3.294737616173902 ], [ 101.517645677537772, 3.294720106531307 ], [ 101.517659908446475, 3.294702597792722 ], [ 101.51767413935687, 3.294685088149493 ], [ 101.517688370266669, 3.294667578505921 ], [ 101.517702600276081, 3.294650068859699 ], [ 101.517716831184671, 3.294632559215543 ], [ 101.517731062092608, 3.294615049571029 ], [ 101.517745292997574, 3.294597540830542 ], [ 101.517765784964823, 3.294572326325081 ], [ 101.517800453200309, 3.294600747019282 ], [ 101.517805253662431, 3.294596586073679 ], [ 101.517809318187588, 3.294591695194476 ], [ 101.517812535757571, 3.294586206124456 ], [ 101.517815039407765, 3.294580170761201 ], [ 101.517816507356457, 3.294573801684855 ], [ 101.517816899553907, 3.294567275137913 ], [ 101.51781690556831, 3.294567052120533 ], [ 101.517816830846243, 3.294567053392258 ], [ 101.517773177439409, 3.294565864298204 ], [ 101.517773454346383, 3.294543474295222 ], [ 101.517773734521967, 3.294520865448892 ], [ 101.517774014697423, 3.29449825660262 ], [ 101.517774233686225, 3.294480489470163 ], [ 101.517774365054336, 3.294475648845249 ], [ 101.517819338369421, 3.294476873963661 ], [ 101.517819307422329, 3.294468363975786 ], [ 101.517817871570003, 3.294459975999909 ], [ 101.517815070693828, 3.294451944366697 ], [ 101.517810982497025, 3.294444491749808 ], [ 101.517805719817289, 3.294437824636882 ], [ 101.517799428840974, 3.294432127898914 ], [ 101.517792284620811, 3.294427558448065 ], [ 101.517784484777323, 3.294424245220875 ], [ 101.517778815959673, 3.294422891888487 ], [ 101.517776172147151, 3.294422277218803 ], [ 101.517774980753558, 3.294467258122126 ], [ 101.517752553028259, 3.294466647525639 ], [ 101.517730065923814, 3.294466034059504 ], [ 101.517707579716941, 3.294465421499454 ], [ 101.517685092610421, 3.294464808936433 ], [ 101.517662606403874, 3.294464196375209 ], [ 101.517640119297667, 3.294463583810997 ], [ 101.517617633091419, 3.294462971248584 ], [ 101.517595158582679, 3.294462358716233 ], [ 101.517596355266804, 3.294417423046423 ], [ 101.517596284187789, 3.294417421050953 ], [ 101.517585039859981, 3.294416894105474 ], [ 101.517583467449754, 3.294474474272782 ], [ 101.517583565322582, 3.294474553208238 ], [ 101.517583549626025, 3.294474706905982 ], [ 101.517704887852062, 3.29457318818346 ], [ 101.5177099747265, 3.294623906488135 ], [ 101.517669786953974, 3.29467335727524 ], [ 101.517635088437572, 3.294716053449665 ], [ 101.517600389017716, 3.294758749619839 ], [ 101.517565687787538, 3.294801448496426 ], [ 101.517530990164687, 3.294844142858931 ], [ 101.517496289829367, 3.294886840829841 ], [ 101.517461591294719, 3.294929536994924 ], [ 101.517426894563016, 3.294972230449826 ], [ 101.51739219331462, 3.29501492931707 ], [ 101.517321013408974, 3.295102513606516 ], [ 101.517320946767711, 3.295102535135632 ], [ 101.517213528606732, 3.295136405406303 ], [ 101.517148114309222, 3.295157031602078 ], [ 101.517148127695521, 3.295157074141624 ], [ 101.51716451897255, 3.295210118306263 ], [ 101.517168814511052, 3.295208777600783 ], [ 101.517155533689149, 3.295165818753523 ], [ 101.517177015881856, 3.295159114333241 ], [ 101.517198498976455, 3.295152409010393 ], [ 101.517219982070785, 3.295145703686939 ], [ 101.51724146516257, 3.295138999267181 ], [ 101.517262948256445, 3.29513229394253 ], [ 101.517284430450289, 3.295125588614845 ] ] ] } },
{ "type": "Feature", "properties": { "Tarikh_Moh": null, "Daerah": "MPS", "UPI": null, "sts_warta": "Belum Warta", "no_lot": "LOT 1383", "no_pt": null, "nama": null, "gtn1": "Tanah Lapang dan Rekreasi", "gtn2": "Tanah Lapang", "gtn3": "Tanah Lapang Lain", "kod_gtn": "TLR107", "no_warta": null, "trkh_warta": "1899-12-30T00:00:00", "serah_PTD": "1899-12-30T00:00:00", "luas_h": 0.3019, "selenggara": null, "catatan": "Komited Jul-Dis 2025", "tahun_data": 2025, "PBT": "MPS" }, "geometry": { "type": "Polygon", "coordinates": [ [ [ 101.515793636406997, 3.296046741661727 ], [ 101.515862557017613, 3.295987535426295 ], [ 101.515974479698841, 3.29589873722633 ], [ 101.516049804474207, 3.295844251327617 ], [ 101.51603895845389, 3.295847636705856 ], [ 101.516017475337435, 3.2958543419941 ], [ 101.515995992223111, 3.295861046377435 ], [ 101.515974510005933, 3.295867751666843 ], [ 101.515953026888738, 3.295874456953284 ], [ 101.515931543773704, 3.295881161334765 ], [ 101.51591006065604, 3.295887866619925 ], [ 101.515888577538149, 3.295894571904511 ], [ 101.515867096221939, 3.29590127628886 ], [ 101.515870564507324, 3.295912503836878 ], [ 101.515887750280825, 3.295907140150405 ], [ 101.515890419093409, 3.295915776449924 ], [ 101.515893087903692, 3.295924413653702 ], [ 101.51589575581653, 3.295933049950857 ], [ 101.515898424629242, 3.29594168625038 ], [ 101.515901093439624, 3.295950323454261 ], [ 101.515883906765382, 3.295955687138508 ], [ 101.515871016534106, 3.295959710126882 ], [ 101.515862423645586, 3.29596239242206 ], [ 101.515853830759397, 3.295965073812829 ], [ 101.51584523697106, 3.295967756105399 ], [ 101.515836644082427, 3.295970438400308 ], [ 101.51582805119611, 3.29597311979074 ], [ 101.515819457407659, 3.295975802083058 ], [ 101.515810864518912, 3.295978484377629 ], [ 101.515802271632509, 3.295981165767793 ], [ 101.515793677843902, 3.295983848059808 ], [ 101.515785084955056, 3.295986530354095 ], [ 101.515780788511805, 3.295987871049059 ], [ 101.515772195622901, 3.295990553343186 ], [ 101.515763601836511, 3.295993234730493 ], [ 101.515755008947536, 3.29599591702444 ], [ 101.515746416058533, 3.295998599318297 ], [ 101.51573782227203, 3.296001280705318 ], [ 101.515729229382927, 3.296003962998945 ], [ 101.515720636493796, 3.296006645292517 ], [ 101.515712042707179, 3.296009326679318 ], [ 101.515703449817977, 3.29601200897261 ], [ 101.515694856928732, 3.296014691265879 ], [ 101.515680418678912, 3.296019197621107 ], [ 101.515648006638443, 3.295914296729735 ], [ 101.515605041299395, 3.295927707286145 ], [ 101.515598369728025, 3.295906115633451 ], [ 101.51559169815684, 3.295884523980944 ], [ 101.515585027485756, 3.295862932330818 ], [ 101.51557835591268, 3.29584134158282 ], [ 101.515571684342277, 3.295819749930556 ], [ 101.515565013671846, 3.295798158280721 ], [ 101.515541725887445, 3.295805426737636 ], [ 101.515524539215633, 3.295810790414554 ], [ 101.515521871306902, 3.295802154117236 ], [ 101.515519202500798, 3.295793516913295 ], [ 101.51551653369242, 3.295784880613662 ], [ 101.515513865783817, 3.295776244316414 ], [ 101.51551119697784, 3.295767607112509 ], [ 101.515508528169562, 3.295758970812929 ], [ 101.515505860261072, 3.295750334515717 ], [ 101.515503191455224, 3.295741697311847 ], [ 101.515500522647017, 3.295733061012303 ], [ 101.515497854738712, 3.295724424715195 ], [ 101.515496519884721, 3.295720106564259 ], [ 101.515493851978775, 3.295711469362764 ], [ 101.515491183170738, 3.295702833063319 ], [ 101.515488514362744, 3.295694196763863 ], [ 101.515485846456883, 3.295685559562438 ], [ 101.515483177648946, 3.295676923263012 ], [ 101.51548050884108, 3.295668286963609 ], [ 101.515477840935333, 3.295659649762187 ], [ 101.515475172127523, 3.295651013462846 ], [ 101.515472503319728, 3.295642377163446 ], [ 101.515469835414137, 3.295633739962127 ], [ 101.515468500560388, 3.29562942181127 ], [ 101.515465832652509, 3.295620785514306 ], [ 101.515463163844871, 3.295612149214986 ], [ 101.515460495039605, 3.295603512011336 ], [ 101.515457827131797, 3.295594875714425 ], [ 101.515455158324244, 3.295586239415158 ], [ 101.515452489519177, 3.295577602211595 ], [ 101.51544982161144, 3.295568965914685 ], [ 101.515447152804043, 3.295560329615471 ], [ 101.515444483998991, 3.295551692411911 ], [ 101.515443150045257, 3.295547374263502 ], [ 101.515440481237903, 3.295538737964345 ], [ 101.515437813330408, 3.295530101667506 ], [ 101.515435144525526, 3.295521464463994 ], [ 101.515432475718313, 3.29551282816489 ], [ 101.515429807810904, 3.295504191868104 ], [ 101.515427139006192, 3.295495554664678 ], [ 101.515424470199051, 3.295486918365578 ], [ 101.515421802291769, 3.295478282068879 ], [ 101.5154191334871, 3.29546964486542 ], [ 101.515416464680158, 3.295461008566406 ], [ 101.515413796772961, 3.295452372269726 ], [ 101.51543098253984, 3.295447007687399 ], [ 101.515454956517985, 3.295439525803117 ], [ 101.515448284951972, 3.295417934152606 ], [ 101.515441614285947, 3.295396342504576 ], [ 101.515434942718059, 3.29537475175859 ], [ 101.515428271152729, 3.295353160108372 ], [ 101.515421599587683, 3.295331568458239 ], [ 101.515414928922624, 3.295309976810589 ], [ 101.51540825735799, 3.295288385160662 ], [ 101.515401585793654, 3.295266793510772 ], [ 101.515394915126961, 3.295245202767783 ], [ 101.515437880430213, 3.295231792217141 ], [ 101.515434026453192, 3.29520593494301 ], [ 101.515389061391957, 3.295207410089974 ], [ 101.515388326627289, 3.295184813958434 ], [ 101.515433292589492, 3.295183337909315 ], [ 101.515388407783917, 3.295180256264584 ], [ 101.515389940410543, 3.295157700464363 ], [ 101.515391473936816, 3.295135144666527 ], [ 101.515393007465178, 3.295112587964446 ], [ 101.515394540991011, 3.295090032166758 ], [ 101.515396073616841, 3.295067476366767 ], [ 101.515397607142248, 3.295044920569178 ], [ 101.5153991406698, 3.295022363867377 ], [ 101.515400673295034, 3.294999808067591 ], [ 101.515445558988773, 3.295002890616243 ], [ 101.515446111022328, 3.294994770131044 ], [ 101.515401225329015, 3.294991687582522 ], [ 101.51540275615433, 3.29496913177805 ], [ 101.515404286079686, 3.294946575971324 ], [ 101.515405817806808, 3.294924019265044 ], [ 101.515407358526886, 3.294901464391176 ], [ 101.515408892053131, 3.294878907689717 ], [ 101.515410424677057, 3.294856351890339 ], [ 101.515411958200545, 3.294833796093382 ], [ 101.515413491723862, 3.294811240296498 ], [ 101.51541502434948, 3.294788683592991 ], [ 101.515416557872399, 3.294766127796155 ], [ 101.51546144355413, 3.294769210341339 ], [ 101.515461995586946, 3.294761089856389 ], [ 101.515417109905599, 3.294758007311334 ], [ 101.51541864342822, 3.294735451514704 ], [ 101.51542017605081, 3.294712895715668 ], [ 101.515421709573005, 3.294690339919136 ], [ 101.515423243094972, 3.294667784122678 ], [ 101.515424775719339, 3.294645227419529 ], [ 101.515426305486258, 3.294622731300155 ], [ 101.515426307363583, 3.294622701461636 ], [ 101.515426309240894, 3.294622671623119 ], [ 101.515427809319164, 3.294600173617079 ], [ 101.515429312254426, 3.294577615027331 ], [ 101.515430816086919, 3.294555057344354 ], [ 101.515432319919199, 3.294532499661417 ], [ 101.515477208446129, 3.294535521619321 ], [ 101.515479934124286, 3.294523704458337 ], [ 101.515466590995914, 3.294480521167057 ], [ 101.515488074074341, 3.294473816792394 ], [ 101.515509557154871, 3.294467111512838 ], [ 101.515531040235174, 3.294460406232625 ], [ 101.515552523312891, 3.294453701856125 ], [ 101.515574005492908, 3.294446996572372 ], [ 101.515595488572487, 3.294440291290321 ], [ 101.515591761378474, 3.294428285326676 ], [ 101.515537472621872, 3.2944453124275 ], [ 101.515497265823882, 3.294315819065305 ], [ 101.515660466159744, 3.294264633729777 ], [ 101.515657925835882, 3.294256414675321 ], [ 101.515649332965594, 3.294259096970996 ], [ 101.515640740097609, 3.294261778362294 ], [ 101.515632146327405, 3.294264460655412 ], [ 101.515623553457019, 3.294267142950801 ], [ 101.515614960586561, 3.294269825246117 ], [ 101.515606367718419, 3.29427250663699 ], [ 101.515597773948073, 3.294275188929698 ], [ 101.515589181077516, 3.294277871224712 ], [ 101.515580588209261, 3.294280552615282 ], [ 101.515571994438815, 3.294283234907739 ], [ 101.515563401568144, 3.294285917202449 ], [ 101.515554808699775, 3.294288598592684 ], [ 101.515546214929216, 3.294291280884871 ], [ 101.515537622058432, 3.294293963179262 ], [ 101.51553332562419, 3.294295303874296 ], [ 101.515509309069103, 3.294217574500502 ], [ 101.515513605502917, 3.294216233805564 ], [ 101.515522198372892, 3.294213551511298 ], [ 101.515530792142613, 3.294210869219255 ], [ 101.515539385010214, 3.294208187829129 ], [ 101.515547977880075, 3.294205505534511 ], [ 101.515556571649668, 3.294202823242215 ], [ 101.515565164517128, 3.294200141851788 ], [ 101.515573757386889, 3.294197459556917 ], [ 101.515582351156368, 3.294194777264318 ], [ 101.515590944023685, 3.294192095873588 ], [ 101.515599536893333, 3.294189413578415 ], [ 101.515608129762967, 3.294186731283135 ], [ 101.515616723529931, 3.294184049894497 ], [ 101.515625316399465, 3.294181367599021 ], [ 101.515633909268942, 3.294178685303456 ], [ 101.515606212062778, 3.294089041431621 ], [ 101.515614874676032, 3.294023645596734 ], [ 101.515623467541459, 3.294020964205334 ], [ 101.515632060409231, 3.294018281909527 ], [ 101.515640653276932, 3.294015599613612 ], [ 101.515649247042063, 3.294012918224305 ], [ 101.515657839909693, 3.294010235928194 ], [ 101.515666432777294, 3.294007553631995 ], [ 101.515675026542297, 3.294004872242419 ], [ 101.515683619409813, 3.294002189946022 ], [ 101.515692212277315, 3.293999507649503 ], [ 101.515700806042219, 3.293996826259624 ], [ 101.515709398909607, 3.293994143962926 ], [ 101.515717991776995, 3.293991461666121 ], [ 101.515726585541756, 3.293988780275956 ], [ 101.515735178409045, 3.293986097978955 ], [ 101.515743771276306, 3.293983415681847 ], [ 101.515752365040939, 3.29398073429138 ], [ 101.515760957908157, 3.293978051994126 ], [ 101.515766294624385, 3.29399532548728 ], [ 101.515767486927459, 3.293994953319771 ], [ 101.515767974911398, 3.29397687309722 ], [ 101.515776969563646, 3.293977118322313 ], [ 101.515785964218182, 3.293977362642903 ], [ 101.515794958870458, 3.293977607867799 ], [ 101.51580395352272, 3.293977853092562 ], [ 101.515812948174997, 3.293978098317194 ], [ 101.515821942827344, 3.293978343541809 ], [ 101.51583093748205, 3.293978587861908 ], [ 101.515839932134398, 3.29397883308631 ], [ 101.515848926786816, 3.29397907831058 ], [ 101.515857921439249, 3.293979323534786 ], [ 101.515866916091682, 3.293979568758893 ], [ 101.515875910744171, 3.293979813982884 ], [ 101.515884905399005, 3.293980058302458 ], [ 101.515893900051537, 3.293980303526253 ], [ 101.515902894704084, 3.293980548749949 ], [ 101.515902406722958, 3.293998628973211 ], [ 101.51590902533006, 3.294017064306002 ], [ 101.515914362951719, 3.294034336897072 ], [ 101.5159057691843, 3.294037019193546 ], [ 101.515897176316628, 3.294039701492291 ], [ 101.5158885834513, 3.294042382886695 ], [ 101.515879989683768, 3.294045065182882 ], [ 101.515871396815967, 3.294047747481359 ], [ 101.515862803950512, 3.294050428875409 ], [ 101.515854210182852, 3.294053111171294 ], [ 101.515845617314952, 3.294055793469485 ], [ 101.515837024449397, 3.294058474863249 ], [ 101.515828430681609, 3.294061157158832 ], [ 101.515819837813581, 3.29406383945677 ], [ 101.515811244947912, 3.294066520850182 ], [ 101.51580694761293, 3.294067862448836 ], [ 101.515798354747133, 3.294070543842172 ], [ 101.515789761878992, 3.294073226139653 ], [ 101.515781169010822, 3.294075908437095 ], [ 101.51577257524518, 3.294078589827768 ], [ 101.515763982376896, 3.294081272125014 ], [ 101.515755389508598, 3.294083954422171 ], [ 101.515746795742857, 3.29408663581249 ], [ 101.515738202874473, 3.29408931810945 ], [ 101.515729610006048, 3.294092000406304 ], [ 101.515721016240192, 3.294094681796337 ], [ 101.515716719804772, 3.294096023396852 ], [ 101.51570812693862, 3.294098704789155 ], [ 101.515699533170263, 3.294101387083258 ], [ 101.515690940301681, 3.294104069379683 ], [ 101.515682347435416, 3.294106750771649 ], [ 101.515673754566791, 3.294109433067861 ], [ 101.515665160798264, 3.294112115361589 ], [ 101.515656567931885, 3.294114796753287 ], [ 101.515647975063146, 3.294117479049247 ], [ 101.515639381294505, 3.294120161342672 ], [ 101.515630788428027, 3.294122842734033 ], [ 101.515633457233562, 3.294131479934443 ], [ 101.515654939404641, 3.294124774647061 ], [ 101.515676422475337, 3.294118069361482 ], [ 101.515697905543377, 3.294111364979583 ], [ 101.515719388613576, 3.294104659692775 ], [ 101.515740871683491, 3.294097954405311 ], [ 101.515762353851059, 3.294091250019214 ], [ 101.515783836920534, 3.294084544730519 ], [ 101.515805319989724, 3.29407783944125 ], [ 101.515826803056385, 3.294071135055695 ], [ 101.51584828612512, 3.294064429765181 ], [ 101.515856019886513, 3.294062015606864 ], [ 101.515877502952563, 3.294055311219831 ], [ 101.515898985121012, 3.294048605925511 ], [ 101.515920468188938, 3.294041900632878 ], [ 101.515941951254263, 3.294035196244042 ], [ 101.515963434321748, 3.294028490950213 ], [ 101.515984917388991, 3.294021785655777 ], [ 101.516006399553831, 3.29401508126271 ], [ 101.516027882620619, 3.294008375967079 ], [ 101.516049365687138, 3.294001670670756 ], [ 101.51607084875107, 3.293994966278247 ], [ 101.516078582511554, 3.293992552117576 ], [ 101.516100065577518, 3.293985846819861 ], [ 101.516121547741093, 3.293979142423479 ], [ 101.516143030806575, 3.293972437124568 ], [ 101.5161645138718, 3.293965731824998 ], [ 101.51616504608505, 3.29396556592058 ], [ 101.515601594979344, 3.293950575632727 ], [ 101.515575990773641, 3.294143874757449 ], [ 101.51539404438887, 3.294138962072495 ], [ 101.515280227728667, 3.295010913949954 ], [ 101.515281517174571, 3.29514457978045 ], [ 101.515295425141105, 3.29527800570517 ], [ 101.515321823739228, 3.295409512016259 ], [ 101.515360475797124, 3.295537920630014 ], [ 101.51541103609658, 3.295662080308218 ], [ 101.515473050442409, 3.295780878411894 ], [ 101.515545962832107, 3.295893251772856 ], [ 101.515661718763184, 3.29603932892093 ], [ 101.515793636406997, 3.296046741661727 ] ] ] } },
{ "type": "Feature", "properties": { "Tarikh_Moh": null, "Daerah": "MPS", "UPI": null, "sts_warta": "Belum Warta", "no_lot": "LOT 1383", "no_pt": null, "nama": null, "gtn1": "Tanah Lapang dan Rekreasi", "gtn2": "Tanah Lapang", "gtn3": "Tanah Lapang Lain", "kod_gtn": "TLR107", "no_warta": null, "trkh_warta": "1899-12-30T00:00:00", "serah_PTD": "1899-12-30T00:00:00", "luas_h": 0.0161, "selenggara": null, "catatan": "Komited Jul-Dis 2025", "tahun_data": 2025, "PBT": "MPS" }, "geometry": { "type": "Polygon", "coordinates": [ [ [ 101.516422603962553, 3.295394573208516 ], [ 101.516444086165691, 3.295387867904947 ], [ 101.51646556926606, 3.295381163507366 ], [ 101.516487052368547, 3.295374458204893 ], [ 101.516508535470805, 3.295367752901798 ], [ 101.516530018570435, 3.295361048502413 ], [ 101.516551500772422, 3.295354343195709 ], [ 101.516572983873957, 3.295347637890726 ], [ 101.516594466972876, 3.295340933489539 ], [ 101.516615950073913, 3.295334228183375 ], [ 101.516629292369487, 3.295377411474997 ], [ 101.516638294991679, 3.295374601830767 ], [ 101.516624956299552, 3.295331416739912 ], [ 101.5166464348966, 3.295324713229754 ], [ 101.516667917994724, 3.295318008826405 ], [ 101.516689401094965, 3.295311303518113 ], [ 101.516710883295161, 3.295304598206871 ], [ 101.516732366392574, 3.295297893801719 ], [ 101.516753849492076, 3.29529118849159 ], [ 101.516775332591379, 3.295284483180839 ], [ 101.516796815688068, 3.295277778773833 ], [ 101.516818298786902, 3.29527107346185 ], [ 101.516839780985677, 3.295264368146868 ], [ 101.516853127796665, 3.295307549639826 ], [ 101.516862130417863, 3.295304739992851 ], [ 101.516848788107666, 3.29526155760749 ], [ 101.516870266702213, 3.295254854090907 ], [ 101.516891748900463, 3.29524814877447 ], [ 101.516913231998231, 3.295241443459786 ], [ 101.516934715093356, 3.295234739048815 ], [ 101.516956198190627, 3.295228033732919 ], [ 101.516977681287685, 3.295221328416381 ], [ 101.516999163484698, 3.295214623096878 ], [ 101.517020646578914, 3.295207918683446 ], [ 101.517042129675247, 3.295201213365106 ], [ 101.517063612771352, 3.295194508046076 ], [ 101.517062545599515, 3.295191054251813 ], [ 101.51709348068178, 3.295181398481399 ], [ 101.517107891071888, 3.295228036469918 ], [ 101.517112161397478, 3.295226702933201 ], [ 101.517095738312648, 3.29517343531064 ], [ 101.517095705894178, 3.295173445173189 ], [ 101.51703022728293, 3.295193888511546 ], [ 101.51703010950105, 3.295193507471768 ], [ 101.516977725544407, 3.295209856890239 ], [ 101.516925341586315, 3.295226206305182 ], [ 101.516872957626859, 3.295242555716391 ], [ 101.516820573665925, 3.295258905123984 ], [ 101.516768189703626, 3.295275254527862 ], [ 101.516715805739878, 3.295291603928142 ], [ 101.516715932441869, 3.295292014834839 ], [ 101.516663550264497, 3.295308368757894 ], [ 101.516663421774737, 3.295307953324722 ], [ 101.516611037808147, 3.29532430271767 ], [ 101.516558653837777, 3.295340653011322 ], [ 101.516506269868415, 3.295357002396939 ], [ 101.516454015251711, 3.295373780779594 ], [ 101.516388542010517, 3.29539422678916 ], [ 101.516331530015819, 3.295209927388562 ], [ 101.516331560632366, 3.295209918425653 ], [ 101.516331415190336, 3.295209447782726 ], [ 101.516313277561451, 3.295215111933879 ], [ 101.516386808691408, 3.295453092504645 ], [ 101.516392984545021, 3.295451164401709 ], [ 101.516379637758249, 3.295407982904845 ], [ 101.516401120859314, 3.295401278509152 ], [ 101.516422603962553, 3.295394573208516 ] ] ] } },
{ "type": "Feature", "properties": { "Tarikh_Moh": null, "Daerah": "MPS", "UPI": null, "sts_warta": "Belum Warta", "no_lot": "LOT 1383", "no_pt": null, "nama": null, "gtn1": "Tanah Lapang dan Rekreasi", "gtn2": "Tanah Lapang", "gtn3": "Tanah Lapang Lain", "kod_gtn": "TLR107", "no_warta": null, "trkh_warta": "1899-12-30T00:00:00", "serah_PTD": "1899-12-30T00:00:00", "luas_h": 0.1856, "selenggara": null, "catatan": "Komited Jul-Dis 2025", "tahun_data": 2025, "PBT": "MPS" }, "geometry": { "type": "Polygon", "coordinates": [ [ [ 101.516483334367976, 3.295614311997419 ], [ 101.51659822526841, 3.295559083629208 ], [ 101.516728413697237, 3.29550349936661 ], [ 101.516860929925215, 3.295453780466429 ], [ 101.516995511855967, 3.295410025716925 ], [ 101.517131894729133, 3.295372320334393 ], [ 101.517269808409253, 3.295340740477667 ], [ 101.517408982801101, 3.29531534693209 ], [ 101.517549140639261, 3.295296189612134 ], [ 101.517690007386093, 3.295283307587549 ], [ 101.517746434563406, 3.295278901611437 ], [ 101.517746458884517, 3.295250881380609 ], [ 101.517746368883834, 3.295250889283132 ], [ 101.517746654476781, 3.295141132123885 ], [ 101.517747461264577, 3.295131923468024 ], [ 101.517749812305354, 3.295122985653509 ], [ 101.517753639436762, 3.295114578953107 ], [ 101.517753832734016, 3.295114294591778 ], [ 101.517753909656562, 3.295114125681017 ], [ 101.517759100668741, 3.295106493973557 ], [ 101.518021195885993, 3.29478401161254 ], [ 101.518026040827706, 3.294776934262633 ], [ 101.518029719047036, 3.294769042647185 ], [ 101.518032116859388, 3.294760455841212 ], [ 101.518033082014782, 3.294751590348734 ], [ 101.51803641173241, 3.294626556818342 ], [ 101.518038853402871, 3.294604915875814 ], [ 101.518044948135369, 3.29458401524576 ], [ 101.518054517061074, 3.294564473031452 ], [ 101.518054666061133, 3.294564268136235 ], [ 101.518054788180322, 3.294564019761645 ], [ 101.518067548153113, 3.294546415809802 ], [ 101.518083120804235, 3.294531270029872 ], [ 101.518101046969292, 3.294519030675707 ], [ 101.518120531769213, 3.294510180388395 ], [ 101.518124163606217, 3.294368617995754 ], [ 101.518106944879989, 3.294364526699707 ], [ 101.518089296817735, 3.294363253125351 ], [ 101.518071673725672, 3.294364832831538 ], [ 101.518054528315261, 3.294369222694878 ], [ 101.518038300879525, 3.294376310829098 ], [ 101.518022464700863, 3.294387955187854 ], [ 101.518023428194354, 3.294387337337615 ], [ 101.51801999969814, 3.294389857786981 ], [ 101.518016052839613, 3.294392062161309 ], [ 101.517994184734221, 3.294404270354691 ], [ 101.517989462923623, 3.294406906778968 ], [ 101.517984025111332, 3.294409105426321 ], [ 101.517963453838775, 3.294417423812144 ], [ 101.517957054027875, 3.294420011513497 ], [ 101.517949615650437, 3.294421983338133 ], [ 101.517923360269833, 3.294428945638323 ], [ 101.51791658260521, 3.29443185519827 ], [ 101.517915396233306, 3.29443236846269 ], [ 101.517909500901382, 3.294436112340733 ], [ 101.517907909112736, 3.294437166243644 ], [ 101.517902761139695, 3.294441745893778 ], [ 101.51790135218431, 3.294443078816055 ], [ 101.517896979581451, 3.294448449094536 ], [ 101.517895846378082, 3.294449969037078 ], [ 101.517892355605738, 3.294456020797719 ], [ 101.517891532553577, 3.294457648268282 ], [ 101.517889022032804, 3.294464249735076 ], [ 101.517888570978982, 3.294465730774697 ], [ 101.517886740447594, 3.294476236286487 ], [ 101.517886527004904, 3.294478384454391 ], [ 101.517883567274453, 3.294588129151494 ], [ 101.517883229076546, 3.294592922207026 ], [ 101.517885319309229, 3.294605719691051 ], [ 101.517889272406308, 3.29461806447123 ], [ 101.517895002695781, 3.294629684113896 ], [ 101.517902382173133, 3.294640322352364 ], [ 101.517933943969197, 3.294667835053372 ], [ 101.51793380447053, 3.29466784644324 ], [ 101.517946382828953, 3.294682352672253 ], [ 101.517957650923904, 3.294710752561159 ], [ 101.517958931046877, 3.294741300252167 ], [ 101.517954216584471, 3.294769125478087 ], [ 101.51795429469955, 3.294769189892022 ], [ 101.517989059814525, 3.294797731115037 ], [ 101.51797488938864, 3.294815165863034 ], [ 101.517960659380449, 3.294832675514981 ], [ 101.517946428474218, 3.294850184259873 ], [ 101.517932197564988, 3.29486769390881 ], [ 101.51791796665519, 3.294885203557438 ], [ 101.517903735744753, 3.294902713205774 ], [ 101.517889505733478, 3.29492022285611 ], [ 101.51787527482179, 3.294937732503813 ], [ 101.517861043911864, 3.294955241246837 ], [ 101.517846812998997, 3.294972750893871 ], [ 101.517832582085461, 3.294990260540597 ], [ 101.5177978169705, 3.294961719309649 ], [ 101.517797756488989, 3.294961794211521 ], [ 101.517797678371579, 3.29496173070186 ], [ 101.517791966147485, 3.294968758744564 ], [ 101.517792044262507, 3.294968823158511 ], [ 101.517826809377482, 3.294997364389737 ], [ 101.517812638944633, 3.295014799134188 ], [ 101.517798408031993, 3.29503230787585 ], [ 101.517784178016186, 3.295049817523865 ], [ 101.517769947099978, 3.295067327169229 ], [ 101.517755716183146, 3.295084836814284 ], [ 101.517741485265688, 3.29510234645898 ], [ 101.517727254347633, 3.295119856103419 ], [ 101.517713023428954, 3.295137365747531 ], [ 101.51769879341181, 3.295154874489308 ], [ 101.517684562491965, 3.29517238413282 ], [ 101.517670331571409, 3.295189893776007 ], [ 101.517656100650285, 3.295207403418834 ], [ 101.517641869728564, 3.295224913061403 ], [ 101.517641809246996, 3.295224987963234 ], [ 101.517606966017055, 3.295196382308577 ], [ 101.517592225143346, 3.295202736391349 ], [ 101.517575460250043, 3.295207157085191 ], [ 101.517556113635621, 3.295210268732315 ], [ 101.51753655877215, 3.295209037156388 ], [ 101.517519375308922, 3.295204184477133 ], [ 101.51750580500655, 3.295197425888179 ], [ 101.517495735047902, 3.295190275874601 ], [ 101.517460931279786, 3.295161722771242 ], [ 101.517456575975586, 3.295159751601969 ], [ 101.517451949618291, 3.295158553841359 ], [ 101.517447187985113, 3.295158165115788 ], [ 101.517442430515914, 3.295158596644005 ], [ 101.517437814914544, 3.295159835222799 ], [ 101.517433477141779, 3.295161845940016 ], [ 101.517429542424281, 3.295164569437991 ], [ 101.517414323930836, 3.295181229106359 ], [ 101.517397295418277, 3.295196013826191 ], [ 101.517388203736971, 3.295202619694659 ], [ 101.517368828604504, 3.295214269203805 ], [ 101.517359010390095, 3.295220680536033 ], [ 101.517372353627565, 3.295263862920547 ], [ 101.517350870530464, 3.295270568247683 ], [ 101.517329858411614, 3.295277126499438 ], [ 101.51732938743541, 3.29527727266986 ], [ 101.517308376216135, 3.295283830923394 ], [ 101.517307904337784, 3.295283977995765 ], [ 101.517286893118268, 3.295290536248686 ], [ 101.517286422139733, 3.295290683323373 ], [ 101.517265410020173, 3.295297241573355 ], [ 101.517264939043983, 3.29529738774373 ], [ 101.517243926924209, 3.295303945993098 ], [ 101.517243455945618, 3.295304093067781 ], [ 101.517222443825602, 3.295310651316537 ], [ 101.517221972847054, 3.295310798391244 ], [ 101.517200960726839, 3.295317356639402 ], [ 101.51720048974822, 3.295317503714066 ], [ 101.517179007551306, 3.295324208134288 ], [ 101.517157524452031, 3.295330913455913 ], [ 101.517136041352501, 3.295337618776882 ], [ 101.517136032432219, 3.295337588909959 ], [ 101.517114549334821, 3.295344293325985 ], [ 101.517093066234793, 3.295350998645722 ], [ 101.517093075155103, 3.295351028512663 ], [ 101.517071592954622, 3.295357733834155 ], [ 101.51705010985647, 3.295364438248378 ], [ 101.517028626755774, 3.29537114356628 ], [ 101.517028617835493, 3.295371113699356 ], [ 101.517007134734556, 3.295377819016667 ], [ 101.516996540871517, 3.295381125489507 ], [ 101.516997453027301, 3.295380872862026 ], [ 101.516996679470481, 3.29538111409744 ], [ 101.51698566055596, 3.295384553295927 ], [ 101.516964177454525, 3.295391258611942 ], [ 101.516962906803812, 3.295391654992328 ], [ 101.516960269144377, 3.295392478247563 ], [ 101.516942695252638, 3.295397963929777 ], [ 101.516942685432596, 3.295397934060492 ], [ 101.516934092553655, 3.295400615464006 ], [ 101.516934101473908, 3.295400645330881 ], [ 101.516912619271693, 3.29540735064786 ], [ 101.516891136169448, 3.295414055961839 ], [ 101.516869653069321, 3.295420760370875 ], [ 101.516848169966593, 3.295427465683624 ], [ 101.516826686863652, 3.295434170995748 ], [ 101.516805204662589, 3.295440875405275 ], [ 101.516783721559136, 3.29544758071617 ], [ 101.516762238455485, 3.295454286026459 ], [ 101.516740755353922, 3.295460990431804 ], [ 101.516719272249787, 3.295467695740846 ], [ 101.516697790045185, 3.295474401051658 ], [ 101.516676306942884, 3.295481105455116 ], [ 101.516654823838039, 3.295487810762355 ], [ 101.516633340732909, 3.295494516068902 ], [ 101.516611857629911, 3.295501220470591 ], [ 101.51659037542413, 3.295507925778285 ], [ 101.516568892318318, 3.295514631083063 ], [ 101.51654740921461, 3.295521335482865 ], [ 101.516525926108329, 3.295528040786379 ], [ 101.516504443001807, 3.29553474608932 ], [ 101.516504434081526, 3.29553471622239 ], [ 101.516504304405174, 3.295534756576949 ], [ 101.516491086139254, 3.2954919760436 ], [ 101.516481260816164, 3.295497312980847 ], [ 101.51647244641849, 3.295504205340482 ], [ 101.516464882786096, 3.295512463840414 ], [ 101.516458778357787, 3.295521863846558 ], [ 101.516454300271349, 3.29553214625092 ], [ 101.516451570729032, 3.295543031027333 ], [ 101.516450664295775, 3.295554218128784 ], [ 101.516451606059604, 3.295565402856248 ], [ 101.516454370724801, 3.295576278569671 ], [ 101.516456325261558, 3.295582434174134 ], [ 101.516459017486042, 3.295588301423338 ], [ 101.516462408040454, 3.295593790683454 ], [ 101.516462547536875, 3.295593780198207 ], [ 101.516468466742936, 3.295601607515359 ], [ 101.516475444752174, 3.295608498904955 ], [ 101.516483334367976, 3.295614311997419 ] ] ] } },
{ "type": "Feature", "properties": { "Tarikh_Moh": null, "Daerah": "MPKL", "UPI": "10020600077340", "sts_warta": "Dalam Proses", "no_lot": "77340", "no_pt": null, "nama": "Taman Langat Utama 3, Jalan Selasih 4", "gtn1": "Tanah Lapang dan Rekreasi", "gtn2": "Tanah Lapang", "gtn3": "Tanah Lapang Lain", "kod_gtn": "TLR107", "no_warta": null, "trkh_warta": "1899-12-30T00:00:00", "serah_PTD": "2025-12-16T00:00:00", "luas_h": 0.2451, "selenggara": null, "catatan": null, "tahun_data": 2025, "PBT": "MPKL" }, "geometry": { "type": "Polygon", "coordinates": [ [ [ 101.659635038480758, 2.809677227589451 ], [ 101.660075080300288, 2.80931194998771 ], [ 101.659883130444541, 2.809087399767326 ], [ 101.659872734679212, 2.80909638135583 ], [ 101.660035045272068, 2.809286253523648 ], [ 101.659913092571855, 2.809387520715538 ], [ 101.659711211704575, 2.809151350232025 ], [ 101.659720357568872, 2.809143445097409 ], [ 101.659634551658911, 2.809043065509173 ], [ 101.65934501680745, 2.809293371188406 ], [ 101.659635038480758, 2.809677227589451 ] ] ] } },
{ "type": "Feature", "properties": { "Tarikh_Moh": null, "Daerah": "MPKL", "UPI": "10020700024649", "sts_warta": "Dalam Proses", "no_lot": "24649", "no_pt": null, "nama": "Taman Langat Utama 3, Jalan Selasih 4", "gtn1": "Tanah Lapang dan Rekreasi", "gtn2": "Tanah Lapang", "gtn3": "Tanah Lapang Lain", "kod_gtn": "TLR107", "no_warta": null, "trkh_warta": "1899-12-30T00:00:00", "serah_PTD": "1899-12-30T00:00:00", "luas_h": 0.0445, "selenggara": null, "catatan": null, "tahun_data": 2025, "PBT": "MPKL" }, "geometry": { "type": "Polygon", "coordinates": [ [ [ 101.465133543802622, 2.90056137047883 ], [ 101.465021170495987, 2.900167460563425 ], [ 101.464989284603959, 2.900166726574919 ], [ 101.464980410544257, 2.90055826352767 ], [ 101.465133543802622, 2.90056137047883 ] ] ] } },
{ "type": "Feature", "properties": { "Tarikh_Moh": null, "Daerah": "MPKL", "UPI": "1002850011", "sts_warta": "Dalam Proses", "no_lot": "1", "no_pt": null, "nama": "Taman Utama 58, Taman Jaya Utama", "gtn1": "Tanah Lapang dan Rekreasi", "gtn2": "Tanah Lapang", "gtn3": "Tanah Lapang Lain", "kod_gtn": "TLR107", "no_warta": null, "trkh_warta": "1899-12-30T00:00:00", "serah_PTD": "1899-12-30T00:00:00", "luas_h": 0.0729, "selenggara": null, "catatan": "PA76044", "tahun_data": 2025, "PBT": "MPKL" }, "geometry": { "type": "Polygon", "coordinates": [ [ [ 101.471496511132528, 2.906953189571312 ], [ 101.471460034500723, 2.907068582168992 ], [ 101.471722503725843, 2.907203537323685 ], [ 101.471823724239599, 2.907056693159384 ], [ 101.471807967611696, 2.907010037342868 ], [ 101.471548159163902, 2.906926377374668 ], [ 101.471496511132528, 2.906953189571312 ] ] ] } },
{ "type": "Feature", "properties": { "Tarikh_Moh": null, "Daerah": "MPKL", "UPI": "100285001229", "sts_warta": "Dalam Proses", "no_lot": "229", "no_pt": null, "nama": "Taman Langat Utama 3, Jalan Selasih 4", "gtn1": "Tanah Lapang dan Rekreasi", "gtn2": "Tanah Lapang", "gtn3": "Tanah Lapang Lain", "kod_gtn": "TLR107", "no_warta": null, "trkh_warta": "1899-12-30T00:00:00", "serah_PTD": "1899-12-30T00:00:00", "luas_h": 0.1569, "selenggara": null, "catatan": "PA85113", "tahun_data": 2025, "PBT": "MPKL" }, "geometry": { "type": "Polygon", "coordinates": [ [ [ 101.476607147841662, 2.912610202998196 ], [ 101.476654538988299, 2.912690438211745 ], [ 101.476710773129582, 2.912704745983968 ], [ 101.477465052724824, 2.91225121840642 ], [ 101.477479356159591, 2.912194489529002 ], [ 101.477432081917911, 2.912114389993286 ], [ 101.476607147841662, 2.912610202998196 ] ] ] } },
{ "type": "Feature", "properties": { "Tarikh_Moh": null, "Daerah": "MPKL", "UPI": "10020600077339", "sts_warta": "Dalam Proses", "no_lot": "28249", "no_pt": null, "nama": "Jalan Balam 3/4, Taman Bentara", "gtn1": "Tanah Lapang dan Rekreasi", "gtn2": "Tanah Lapang", "gtn3": "Tanah Lapang Lain", "kod_gtn": "TLR107", "no_warta": null, "trkh_warta": "1899-12-30T00:00:00", "serah_PTD": "1899-12-30T00:00:00", "luas_h": 0.0619, "selenggara": null, "catatan": "PA242889", "tahun_data": 2025, "PBT": "MPKL" }, "geometry": { "type": "Polygon", "coordinates": [ [ [ 101.659913092571855, 2.809387520715538 ], [ 101.660035045272068, 2.809286253523648 ], [ 101.659872734679212, 2.80909638135583 ], [ 101.659883130444541, 2.809087399767326 ], [ 101.659841518004939, 2.809038724445534 ], [ 101.659720357568872, 2.809143445097409 ], [ 101.659711211704575, 2.809151350232025 ], [ 101.659913092571855, 2.809387520715538 ] ] ] } },
{ "type": "Feature", "properties": { "Tarikh_Moh": null, "Daerah": "MPKL", "UPI": "10020700029121", "sts_warta": "Dalam Proses", "no_lot": "29121", "no_pt": null, "nama": "Jalan Helang 1/34, Taman Bentara", "gtn1": "Tanah Lapang dan Rekreasi", "gtn2": "Tanah Lapang", "gtn3": "Tanah Lapang Lain", "kod_gtn": "TLR107", "no_warta": null, "trkh_warta": "1899-12-30T00:00:00", "serah_PTD": "1899-12-30T00:00:00", "luas_h": 0.034, "selenggara": null, "catatan": "PA242085", "tahun_data": 2025, "PBT": "MPKL" }, "geometry": { "type": "Polygon", "coordinates": [ [ [ 101.492945107249767, 2.923918103321969 ], [ 101.492994896545483, 2.923717818069389 ], [ 101.492882561099933, 2.923673205445082 ], [ 101.492806867002074, 2.923865812501571 ], [ 101.492945107249767, 2.923918103321969 ] ] ] } },
{ "type": "Feature", "properties": { "Tarikh_Moh": "31/12/25", "Daerah": "MPS", "UPI": null, "sts_warta": "Dalam Proses", "no_lot": "1327", "no_pt": null, "nama": "Taman Pinggiran Indah", "gtn1": "Tanah Lapang dan Rekreasi", "gtn2": "Tanah Lapang", "gtn3": "Lot Permainan", "kod_gtn": "TLR106", "no_warta": null, "trkh_warta": null, "serah_PTD": "2025-12-31T00:00:00", "luas_h": 0.1698, "selenggara": null, "catatan": null, "tahun_data": 2025, "PBT": "MPS" }, "geometry": { "type": "Polygon", "coordinates": [ [ [ 101.691973042255427, 3.251808486277763 ], [ 101.691971392648284, 3.251811244264767 ], [ 101.692012590528847, 3.251852658353395 ], [ 101.69212686992266, 3.25185281927843 ], [ 101.692168052702925, 3.251811660966185 ], [ 101.692168049473707, 3.251810554111317 ], [ 101.692166074214825, 3.2511335360564 ], [ 101.691972310059697, 3.251134019006688 ], [ 101.691973042255427, 3.251808486277763 ] ] ] } },
{ "type": "Feature", "properties": { "Tarikh_Moh": "29/12/25", "Daerah": "MPS", "UPI": null, "sts_warta": "Dalam Proses", "no_lot": "1874", "no_pt": null, "nama": "Taman Desa Jaya", "gtn1": "Tanah Lapang dan Rekreasi", "gtn2": "Tanah Lapang", "gtn3": "Lot Permainan", "kod_gtn": "TLR106", "no_warta": null, "trkh_warta": null, "serah_PTD": "2025-12-29T00:00:00", "luas_h": 0.1708, "selenggara": null, "catatan": null, "tahun_data": 2025, "PBT": "MPS" }, "geometry": { "type": "Polygon", "coordinates": [ [ [ 101.625904781294778, 3.218486249680248 ], [ 101.626435162384382, 3.218031451261296 ], [ 101.625884885410571, 3.218024476051123 ], [ 101.625844952350747, 3.218063734680619 ], [ 101.62584403683519, 3.218135888465174 ], [ 101.625904781294778, 3.218486249680248 ] ] ] } },
{ "type": "Feature", "properties": { "Tarikh_Moh": "31/12/25", "Daerah": "MPS", "UPI": null, "sts_warta": "Dalam Proses", "no_lot": "2047", "no_pt": null, "nama": "Bandar Baru Selayang (Fasa 2b)", "gtn1": "Tanah Lapang dan Rekreasi", "gtn2": "Tanah Lapang", "gtn3": "Tanah Lapang Lain", "kod_gtn": "TLR107", "no_warta": null, "trkh_warta": null, "serah_PTD": "2025-12-31T00:00:00", "luas_h": 0.8883, "selenggara": null, "catatan": null, "tahun_data": 2025, "PBT": "MPS" }, "geometry": { "type": "Polygon", "coordinates": [ [ [ 101.670732227450898, 3.266474294347964 ], [ 101.670779928141272, 3.26651435251644 ], [ 101.670779854095343, 3.266510154212993 ], [ 101.670764616591228, 3.265646212849858 ], [ 101.670689967353013, 3.265581016022735 ], [ 101.670684654048756, 3.265273427876673 ], [ 101.670686421394706, 3.265273396560302 ], [ 101.670686375556059, 3.265270743372445 ], [ 101.671324983557383, 3.265259425484742 ], [ 101.671381056079511, 3.265313595101258 ], [ 101.671386998232762, 3.265666402672779 ], [ 101.672043879768538, 3.26565471921224 ], [ 101.67250103260541, 3.265869170106938 ], [ 101.672509159666532, 3.266320830433815 ], [ 101.672481005295538, 3.266481634760383 ], [ 101.672479744870685, 3.266481657139645 ], [ 101.672479277473968, 3.266484326488796 ], [ 101.67212117181856, 3.266490683820615 ], [ 101.672123007133933, 3.26659827237509 ], [ 101.672559570287618, 3.266590452283078 ], [ 101.672562891452685, 3.2664475034974 ], [ 101.67264904301139, 3.266153835945279 ], [ 101.672731266032031, 3.265873556221323 ], [ 101.672735193594733, 3.265860168383711 ], [ 101.67163270581058, 3.265349504183623 ], [ 101.671501601193896, 3.265288777465944 ], [ 101.670981006416525, 3.26504764058468 ], [ 101.670749673028979, 3.264934439694517 ], [ 101.670472274611114, 3.26479869706938 ], [ 101.670483684384095, 3.264871640199149 ], [ 101.670732227450898, 3.266474294347964 ] ] ] } },
{ "type": "Feature", "properties": { "Tarikh_Moh": "29/12/25", "Daerah": "MPS", "UPI": null, "sts_warta": "Dalam Proses", "no_lot": "3548", "no_pt": null, "nama": "Taman Ehsan", "gtn1": "Tanah Lapang dan Rekreasi", "gtn2": "Tanah Lapang", "gtn3": "Lot Permainan", "kod_gtn": "TLR106", "no_warta": null, "trkh_warta": null, "serah_PTD": "2025-12-29T00:00:00", "luas_h": 0.6488, "selenggara": null, "catatan": null, "tahun_data": 2025, "PBT": "MPS" }, "geometry": { "type": "Polygon", "coordinates": [ [ [ 101.625588552639272, 3.221191486994717 ], [ 101.625922701646815, 3.221125427669554 ], [ 101.625928049548506, 3.221117817197398 ], [ 101.625989274588562, 3.221030683145675 ], [ 101.626055847514721, 3.220935938615108 ], [ 101.626457798679809, 3.220669543618476 ], [ 101.626798552138268, 3.220445059180326 ], [ 101.626817946952286, 3.220432281688341 ], [ 101.626856960958321, 3.220406587083926 ], [ 101.62685730102055, 3.22040493441811 ], [ 101.626868722493384, 3.2203494272769 ], [ 101.626749162118813, 3.220166476996115 ], [ 101.626570748993714, 3.219893999152224 ], [ 101.62652398628758, 3.219893008562633 ], [ 101.626242521885445, 3.220283291643903 ], [ 101.625590362293622, 3.221188973853309 ], [ 101.625588552639272, 3.221191486994717 ] ] ] } },
{ "type": "Feature", "properties": { "Tarikh_Moh": "31/12/25", "Daerah": "MPS", "UPI": null, "sts_warta": "Dalam Proses", "no_lot": "4426", "no_pt": null, "nama": "Taman Indah Gemilang", "gtn1": "Tanah Lapang dan Rekreasi", "gtn2": "Tanah Lapang", "gtn3": "Lot Permainan", "kod_gtn": "TLR106", "no_warta": null, "trkh_warta": null, "serah_PTD": "2025-12-31T00:00:00", "luas_h": 0.409, "selenggara": null, "catatan": null, "tahun_data": 2025, "PBT": "MPS" }, "geometry": { "type": "Polygon", "coordinates": [ [ [ 101.694393887281379, 3.257067861769006 ], [ 101.694443369254202, 3.257067721543711 ], [ 101.694457299162252, 3.257067681965262 ], [ 101.694484877407135, 3.257067603607647 ], [ 101.694521534253255, 3.257067499453775 ], [ 101.694797573168984, 3.257066716260958 ], [ 101.694951545694892, 3.257066278987021 ], [ 101.694972721664229, 3.257066218803387 ], [ 101.694972718221393, 3.25706345114784 ], [ 101.694974392005747, 3.257063446388493 ], [ 101.694973665818338, 3.256493398611652 ], [ 101.694394526922139, 3.256494230591508 ], [ 101.694394531823178, 3.256496996985194 ], [ 101.694392855689287, 3.2564969993852 ], [ 101.694393200282519, 3.256689999978033 ], [ 101.694393867609492, 3.256956619562802 ], [ 101.694393887281379, 3.257067861769006 ] ] ] } },
{ "type": "Feature", "properties": { "Tarikh_Moh": "29/12/25", "Daerah": "MPS", "UPI": null, "sts_warta": "Dalam Proses", "no_lot": "4848", "no_pt": null, "nama": "Taman Usaha Jaya", "gtn1": "Tanah Lapang dan Rekreasi", "gtn2": "Tanah Lapang", "gtn3": "Lot Permainan", "kod_gtn": "TLR106", "no_warta": null, "trkh_warta": null, "serah_PTD": "2025-12-29T00:00:00", "luas_h": 0.2526, "selenggara": null, "catatan": null, "tahun_data": 2025, "PBT": "MPS" }, "geometry": { "type": "Polygon", "coordinates": [ [ [ 101.616936440727969, 3.215618702795027 ], [ 101.616945626716785, 3.215616718442559 ], [ 101.617427926316026, 3.215644265816868 ], [ 101.617429480031831, 3.215644354559593 ], [ 101.617430064119134, 3.215304296053369 ], [ 101.617388870086998, 3.215263243217437 ], [ 101.616824618813098, 3.215265927457587 ], [ 101.616823063404794, 3.215268345059209 ], [ 101.616800159974247, 3.215304002321817 ], [ 101.616938003245039, 3.215616283012631 ], [ 101.616936440727969, 3.215618702795027 ] ] ] } },
{ "type": "Feature", "properties": { "Tarikh_Moh": "29/12/25", "Daerah": "MPS", "UPI": null, "sts_warta": "Dalam Proses", "no_lot": "9903", "no_pt": null, "nama": "Taman Harmonis", "gtn1": "Tanah Lapang dan Rekreasi", "gtn2": "Tanah Lapang", "gtn3": "Lot Permainan", "kod_gtn": "TLR106", "no_warta": null, "trkh_warta": null, "serah_PTD": "2025-12-29T00:00:00", "luas_h": 0.0449, "selenggara": null, "catatan": null, "tahun_data": 2025, "PBT": "MPS" }, "geometry": { "type": "Polygon", "coordinates": [ [ [ 101.716835089346517, 3.231639569325471 ], [ 101.717217564827394, 3.231654867396118 ], [ 101.717214251046528, 3.231651823257792 ], [ 101.717219115554315, 3.231652017769181 ], [ 101.717033573129868, 3.231481580892239 ], [ 101.716975351481651, 3.231484215151832 ], [ 101.716836643662916, 3.231636724229821 ], [ 101.716835089346517, 3.231639569325471 ] ] ] } },
{ "type": "Feature", "properties": { "Tarikh_Moh": "31/12/25", "Daerah": "MPS", "UPI": null, "sts_warta": "Dalam Proses", "no_lot": "20310", "no_pt": null, "nama": "Taman Kristal Heights", "gtn1": "Tanah Lapang dan Rekreasi", "gtn2": "Tanah Lapang", "gtn3": "Tanah Lapang Lain", "kod_gtn": "TLR107", "no_warta": null, "trkh_warta": null, "serah_PTD": "2025-12-31T00:00:00", "luas_h": 0.0938, "selenggara": null, "catatan": null, "tahun_data": 2025, "PBT": "MPS" }, "geometry": { "type": "Polygon", "coordinates": [ [ [ 101.704482201463776, 3.254131178861265 ], [ 101.704482510996144, 3.254131177795177 ], [ 101.705389007861939, 3.254130008793695 ], [ 101.705388997439982, 3.254127199574782 ], [ 101.705388681392478, 3.254042010015592 ], [ 101.705329837702394, 3.254042654798501 ], [ 101.705329807538959, 3.254039860256064 ], [ 101.705106644088787, 3.254042327489578 ], [ 101.705104965130076, 3.254042346059206 ], [ 101.705104995283861, 3.254045139774349 ], [ 101.704880151975189, 3.254047624689155 ], [ 101.704743264326311, 3.254049097832805 ], [ 101.70448324453163, 3.254052023746555 ], [ 101.704483858355886, 3.254128372023788 ], [ 101.704484164289028, 3.254128370949003 ], [ 101.704482201463776, 3.254131178861265 ] ] ] } },
{ "type": "Feature", "properties": { "Tarikh_Moh": "31/12/25", "Daerah": "MPS", "UPI": null, "sts_warta": "Dalam Proses", "no_lot": "20335", "no_pt": null, "nama": "Taman Kristal Heights", "gtn1": "Tanah Lapang dan Rekreasi", "gtn2": "Tanah Lapang", "gtn3": "Tanah Lapang Lain", "kod_gtn": "TLR107", "no_warta": null, "trkh_warta": null, "serah_PTD": "2025-12-31T00:00:00", "luas_h": 0.1004, "selenggara": null, "catatan": null, "tahun_data": 2025, "PBT": "MPS" }, "geometry": { "type": "Polygon", "coordinates": [ [ [ 101.705390660263234, 3.254127197421229 ], [ 101.705389007861939, 3.254130008793695 ], [ 101.706260197605317, 3.254129298636729 ], [ 101.70626024199457, 3.254126484057287 ], [ 101.706261849115052, 3.254126482738047 ], [ 101.706263377807161, 3.254029438257767 ], [ 101.70626176687216, 3.254029456564382 ], [ 101.706044728647527, 3.254031922951814 ], [ 101.706043054817343, 3.254031940940125 ], [ 101.705907533235973, 3.254033397351859 ], [ 101.705905849775789, 3.254033416405004 ], [ 101.705905881727588, 3.254036212345293 ], [ 101.705686303991328, 3.25403869743473 ], [ 101.705467035111454, 3.254041090961902 ], [ 101.70539034677536, 3.254041990481451 ], [ 101.705390660263234, 3.254127197421229 ] ] ] } },
{ "type": "Feature", "properties": { "Tarikh_Moh": "31/12/25", "Daerah": "MPS", "UPI": null, "sts_warta": "Dalam Proses", "no_lot": "20995", "no_pt": null, "nama": "Desa Gemilang Fasa 2", "gtn1": "Tanah Lapang dan Rekreasi", "gtn2": "Tanah Lapang", "gtn3": "Tanah Lapang Lain", "kod_gtn": "TLR107", "no_warta": null, "trkh_warta": null, "serah_PTD": "2025-12-31T00:00:00", "luas_h": 0.1191, "selenggara": null, "catatan": null, "tahun_data": 2025, "PBT": "MPS" }, "geometry": { "type": "Polygon", "coordinates": [ [ [ 101.755374112223691, 3.257157644984945 ], [ 101.75537248106103, 3.257160669063479 ], [ 101.755432301833892, 3.257359984708362 ], [ 101.755810448489697, 3.257359893168263 ], [ 101.755963642562932, 3.25716150931569 ], [ 101.755963703934029, 3.257161429872993 ], [ 101.755962997882506, 3.257161428965127 ], [ 101.755755309776106, 3.257161161876803 ], [ 101.755532617713129, 3.257160874830143 ], [ 101.755534927545696, 3.2571578768977 ], [ 101.755534224521853, 3.257157876017076 ], [ 101.755374112223691, 3.257157644984945 ] ] ] } },
{ "type": "Feature", "properties": { "Tarikh_Moh": "29/12/25", "Daerah": "MPS", "UPI": null, "sts_warta": "Dalam Proses", "no_lot": "24484", "no_pt": null, "nama": "Taman Desa Minang", "gtn1": "Tanah Lapang dan Rekreasi", "gtn2": "Tanah Lapang", "gtn3": "Lot Permainan", "kod_gtn": "TLR106", "no_warta": null, "trkh_warta": null, "serah_PTD": "2025-12-29T00:00:00", "luas_h": 0.0825, "selenggara": null, "catatan": null, "tahun_data": 2025, "PBT": "MPS" }, "geometry": { "type": "Polygon", "coordinates": [ [ [ 101.704270535041786, 3.235325776292557 ], [ 101.704353155128643, 3.235487523415514 ], [ 101.704681190375396, 3.235320452801507 ], [ 101.70468040803523, 3.235318862210151 ], [ 101.704600949073352, 3.235157312584767 ], [ 101.704270535041786, 3.235325776292557 ] ] ] } },
{ "type": "Feature", "properties": { "Tarikh_Moh": "31/12/25", "Daerah": "MPS", "UPI": null, "sts_warta": "Dalam Proses", "no_lot": "24451", "no_pt": null, "nama": "Taman Desa Minang", "gtn1": "Tanah Lapang dan Rekreasi", "gtn2": "Tanah Lapang", "gtn3": "Lot Permainan", "kod_gtn": "TLR106", "no_warta": null, "trkh_warta": null, "serah_PTD": "2025-12-31T00:00:00", "luas_h": 0.0107, "selenggara": null, "catatan": null, "tahun_data": 2025, "PBT": "MPS" }, "geometry": { "type": "Polygon", "coordinates": [ [ [ 101.704600949073352, 3.235157312584767 ], [ 101.70468040803523, 3.235318862210177 ], [ 101.704681190375396, 3.235320452801507 ], [ 101.704693268051273, 3.235314390745164 ], [ 101.704694068179379, 3.235311986319595 ], [ 101.704694844786061, 3.235311596377322 ], [ 101.704713413516217, 3.235255786491617 ], [ 101.70466942634387, 3.235166890258287 ], [ 101.70461429555202, 3.235148543148865 ], [ 101.704602527618292, 3.235154513699597 ], [ 101.704600949073352, 3.235157312584767 ] ] ] } },
{ "type": "Feature", "properties": { "Tarikh_Moh": "31/12/25", "Daerah": "MPS", "UPI": null, "sts_warta": "Dalam Proses", "no_lot": "46927", "no_pt": null, "nama": "Taman Berlian", "gtn1": "Tanah Lapang dan Rekreasi", "gtn2": "Tanah Lapang", "gtn3": "Lot Permainan", "kod_gtn": "TLR106", "no_warta": null, "trkh_warta": null, "serah_PTD": "2025-12-31T00:00:00", "luas_h": 0.0446, "selenggara": null, "catatan": null, "tahun_data": 2025, "PBT": "MPS" }, "geometry": { "type": "Polygon", "coordinates": [ [ [ 101.707776955945135, 3.237953376668438 ], [ 101.70775479803649, 3.237905745544987 ], [ 101.707594020023492, 3.237981423371338 ], [ 101.707775053511156, 3.238345186304334 ], [ 101.707831604490792, 3.238317882835225 ], [ 101.707699069628845, 3.237993754774048 ], [ 101.707701346483603, 3.237992633840905 ], [ 101.707777725600693, 3.237955031136801 ], [ 101.707776955945135, 3.237953376668438 ] ] ] } },
{ "type": "Feature", "properties": { "Tarikh_Moh": "31/12/25", "Daerah": "MPS", "UPI": null, "sts_warta": "Dalam Proses", "no_lot": "48965", "no_pt": null, "nama": "Taman Ehsan", "gtn1": "Tanah Lapang dan Rekreasi", "gtn2": "Tanah Lapang", "gtn3": "Lot Permainan", "kod_gtn": "TLR106", "no_warta": null, "trkh_warta": null, "serah_PTD": "2025-12-31T00:00:00", "luas_h": 0.1876, "selenggara": null, "catatan": null, "tahun_data": 2025, "PBT": "MPS" }, "geometry": { "type": "Polygon", "coordinates": [ [ [ 101.631526886009269, 3.218486525703596 ], [ 101.631528823872785, 3.218484389123251 ], [ 101.63158298654551, 3.218534019638821 ], [ 101.631585451291613, 3.218536277032573 ], [ 101.631805964642268, 3.21873823912967 ], [ 101.631978038342183, 3.21854916038732 ], [ 101.631979984069034, 3.218547022374827 ], [ 101.632032266031032, 3.218488657486282 ], [ 101.632029505912897, 3.218431027782082 ], [ 101.631918160552374, 3.218329023338521 ], [ 101.631903736517842, 3.218315809343028 ], [ 101.631806814320925, 3.218227017980929 ], [ 101.631787051665569, 3.218199771788934 ], [ 101.631760045267242, 3.218162538858841 ], [ 101.631728921484253, 3.21819962787419 ], [ 101.631700593807693, 3.218233384872785 ], [ 101.631686457875517, 3.218250230206237 ], [ 101.631670558106364, 3.218269177446011 ], [ 101.631623957126578, 3.218335476491782 ], [ 101.631577357041152, 3.218401774632145 ], [ 101.631526886009269, 3.218486525703596 ] ] ] } },
{ "type": "Feature", "properties": { "Tarikh_Moh": "31/12/25", "Daerah": "MPS", "UPI": null, "sts_warta": "Dalam Proses", "no_lot": "57759", "no_pt": null, "nama": "Taman Wangsa Permai", "gtn1": "Tanah Lapang dan Rekreasi", "gtn2": "Tanah Lapang", "gtn3": "Lot Permainan", "kod_gtn": "TLR106", "no_warta": null, "trkh_warta": null, "serah_PTD": "2025-12-31T00:00:00", "luas_h": 0.0929, "selenggara": null, "catatan": null, "tahun_data": 2025, "PBT": "MPS" }, "geometry": { "type": "Polygon", "coordinates": [ [ [ 101.611794169067579, 3.207560139255347 ], [ 101.61179264171129, 3.207562532886696 ], [ 101.611794459629593, 3.207560442124416 ], [ 101.611946867383438, 3.207719305246033 ], [ 101.612176505297995, 3.207496636153149 ], [ 101.612178485295161, 3.207494716242007 ], [ 101.612006594064269, 3.207315837195907 ], [ 101.611794169067579, 3.207560139255347 ] ] ] } },
{ "type": "Feature", "properties": { "Tarikh_Moh": "27/3/26", "Daerah": "MPS", "UPI": null, "sts_warta": "Dalam Proses", "no_lot": "58133", "no_pt": null, "nama": "Taman Wangsa Permai", "gtn1": "Tanah Lapang dan Rekreasi", "gtn2": "Tanah Lapang", "gtn3": "Tanah Lapang Lain", "kod_gtn": "TLR107", "no_warta": null, "trkh_warta": null, "serah_PTD": "2026-03-27T00:00:00", "luas_h": 0.0428, "selenggara": null, "catatan": null, "tahun_data": 2025, "PBT": "MPS" }, "geometry": { "type": "Polygon", "coordinates": [ [ [ 101.612462026172821, 3.209105123298642 ], [ 101.612805178355174, 3.209289679609844 ], [ 101.612806426678702, 3.209287154053188 ], [ 101.612830257730664, 3.209238940047257 ], [ 101.61281136176801, 3.209183501134941 ], [ 101.612499488337107, 3.209028487605326 ], [ 101.612499181317219, 3.209028335004105 ], [ 101.612462026172821, 3.209105123298642 ] ] ] } },
{ "type": "Feature", "properties": { "Tarikh_Moh": "29/12/25", "Daerah": "MPS", "UPI": null, "sts_warta": "Dalam Proses", "no_lot": "67079", "no_pt": null, "nama": "Sierramas West", "gtn1": "Tanah Lapang dan Rekreasi", "gtn2": "Tanah Lapang", "gtn3": "Tanah Lapang Lain", "kod_gtn": "TLR107", "no_warta": null, "trkh_warta": null, "serah_PTD": "2025-12-29T00:00:00", "luas_h": 0.0245, "selenggara": null, "catatan": null, "tahun_data": 2025, "PBT": "MPS" }, "geometry": { "type": "Polygon", "coordinates": [ [ [ 101.580438983103022, 3.212820017915065 ], [ 101.580693866476622, 3.212951502290392 ], [ 101.580693244312968, 3.212948103016892 ], [ 101.580662266509876, 3.212778851674531 ], [ 101.580438983103022, 3.212820017915065 ] ] ] } },
{ "type": "Feature", "properties": { "Tarikh_Moh": "29/12/25", "Daerah": "MPS", "UPI": null, "sts_warta": "Dalam Proses", "no_lot": "67094", "no_pt": null, "nama": "Sierramas West", "gtn1": "Tanah Lapang dan Rekreasi", "gtn2": "Tanah Lapang", "gtn3": "Tanah Lapang Lain", "kod_gtn": "TLR107", "no_warta": null, "trkh_warta": null, "serah_PTD": "2025-12-29T00:00:00", "luas_h": 0.0339, "selenggara": null, "catatan": null, "tahun_data": 2025, "PBT": "MPS" }, "geometry": { "type": "Polygon", "coordinates": [ [ [ 101.580954663398131, 3.213073122485618 ], [ 101.580954160405568, 3.213075190637848 ], [ 101.580946613294614, 3.213106222056202 ], [ 101.581085672559027, 3.213216369577586 ], [ 101.581134608705526, 3.213204576372596 ], [ 101.581198357197479, 3.213064610508063 ], [ 101.581175129087271, 3.213034404285802 ], [ 101.580954663398131, 3.213073122485618 ] ] ] } },
{ "type": "Feature", "properties": { "Tarikh_Moh": "29/12/25", "Daerah": "MPS", "UPI": null, "sts_warta": "Dalam Proses", "no_lot": "67117", "no_pt": null, "nama": "Sierramas West", "gtn1": "Tanah Lapang dan Rekreasi", "gtn2": "Tanah Lapang", "gtn3": "Tanah Lapang Lain", "kod_gtn": "TLR107", "no_warta": null, "trkh_warta": null, "serah_PTD": "2025-12-29T00:00:00", "luas_h": 0.0462, "selenggara": null, "catatan": null, "tahun_data": 2025, "PBT": "MPS" }, "geometry": { "type": "Polygon", "coordinates": [ [ [ 101.579883105049163, 3.213020562676248 ], [ 101.580180100828244, 3.213089006908114 ], [ 101.580170874277272, 3.213084253767423 ], [ 101.580136743196476, 3.213066670833139 ], [ 101.580196815420237, 3.212949002744009 ], [ 101.58015252995915, 3.212957235825919 ], [ 101.579974692534179, 3.21285708436734 ], [ 101.579974451945631, 3.212856948876748 ], [ 101.579883105049163, 3.213020562676248 ] ] ] } },
{ "type": "Feature", "properties": { "Tarikh_Moh": "31/12/25", "Daerah": "MPS", "UPI": null, "sts_warta": "Dalam Proses", "no_lot": "67421", "no_pt": null, "nama": "Taman Astana Gemilang Pinggiran", "gtn1": "Tanah Lapang dan Rekreasi", "gtn2": "Tanah Lapang", "gtn3": "Tanah Lapang Lain", "kod_gtn": "TLR107", "no_warta": null, "trkh_warta": null, "serah_PTD": "2025-12-31T00:00:00", "luas_h": 0.0895, "selenggara": null, "catatan": null, "tahun_data": 2025, "PBT": "MPS" }, "geometry": { "type": "Polygon", "coordinates": [ [ [ 101.694739765957749, 3.258589435036884 ], [ 101.694737760259045, 3.258552045542003 ], [ 101.69473530375258, 3.25850625225863 ], [ 101.694729979020707, 3.258406990596066 ], [ 101.694728151871573, 3.258407117114804 ], [ 101.694592470684327, 3.258416512183558 ], [ 101.694585766991992, 3.258281631280395 ], [ 101.694583953748122, 3.258281723858224 ], [ 101.694106721512568, 3.258393233033114 ], [ 101.694095090339403, 3.25840800984398 ], [ 101.694095096528244, 3.258443554455233 ], [ 101.694113059213635, 3.258461637424368 ], [ 101.694546512015819, 3.258461196455203 ], [ 101.694548192003907, 3.258461194745632 ], [ 101.694548190188669, 3.258450220070148 ], [ 101.694683398802496, 3.258450106658702 ], [ 101.694683732699232, 3.258588028823318 ], [ 101.694710058120975, 3.258588023577327 ], [ 101.694739765957749, 3.258589435036884 ] ] ] } },
{ "type": "Feature", "properties": { "Tarikh_Moh": "31/12/25", "Daerah": "MPS", "UPI": null, "sts_warta": "Dalam Proses", "no_lot": "69057", "no_pt": null, "nama": "Taman Gombak Permai", "gtn1": "Tanah Lapang dan Rekreasi", "gtn2": "Tanah Lapang", "gtn3": "Tanah Lapang Lain", "kod_gtn": "TLR107", "no_warta": null, "trkh_warta": null, "serah_PTD": "2025-12-31T00:00:00", "luas_h": 0.6039, "selenggara": null, "catatan": null, "tahun_data": 2025, "PBT": "MPS" }, "geometry": { "type": "Polygon", "coordinates": [ [ [ 101.687118620053909, 3.249045221065427 ], [ 101.686966930248346, 3.248357678903167 ], [ 101.686964793243817, 3.248358189921313 ], [ 101.686719520712828, 3.248415571731524 ], [ 101.686350825495836, 3.248426669205179 ], [ 101.685982954579117, 3.248437742582574 ], [ 101.685958746381118, 3.248517898214163 ], [ 101.685960800878206, 3.248518530821865 ], [ 101.686054354682241, 3.248547335448652 ], [ 101.686093735398089, 3.248559459829344 ], [ 101.6860541156897, 3.248690703735517 ], [ 101.686038334019557, 3.248743429541278 ], [ 101.687144592715796, 3.249083107860208 ], [ 101.68711697499522, 3.24904795553742 ], [ 101.687116477073502, 3.249045698702087 ], [ 101.687118620053909, 3.249045221065427 ] ] ] } },
{ "type": "Feature", "properties": { "Tarikh_Moh": "29/12/25", "Daerah": "MPS", "UPI": null, "sts_warta": "Dalam Proses", "no_lot": "69828", "no_pt": null, "nama": "Taman Sunway Batu Caves", "gtn1": "Tanah Lapang dan Rekreasi", "gtn2": "Tanah Lapang", "gtn3": "Tanah Lapang Lain", "kod_gtn": "TLR107", "no_warta": null, "trkh_warta": null, "serah_PTD": "2025-12-29T00:00:00", "luas_h": 0.8084, "selenggara": null, "catatan": null, "tahun_data": 2025, "PBT": "MPS" }, "geometry": { "type": "Polygon", "coordinates": [ [ [ 101.691428777220963, 3.239096321099193 ], [ 101.69142717759199, 3.239096321409209 ], [ 101.691427178063606, 3.239099065640322 ], [ 101.691374270954739, 3.239099075013505 ], [ 101.691374331095275, 3.239427165014182 ], [ 101.691374360287298, 3.239592485831727 ], [ 101.69233808456697, 3.23959239941491 ], [ 101.692339686929799, 3.239592399270314 ], [ 101.692339580176267, 3.239008062900933 ], [ 101.692337981430043, 3.239008063198731 ], [ 101.692188756629889, 3.239008090979241 ], [ 101.692188741511558, 3.238878524986216 ], [ 101.692187136626714, 3.238878526227164 ], [ 101.691428738014579, 3.238878571484772 ], [ 101.69142714016067, 3.23887857157938 ], [ 101.691428777220963, 3.239096321099193 ] ] ] } },
{ "type": "Feature", "properties": { "Tarikh_Moh": "29/12/25", "Daerah": "MPS", "UPI": null, "sts_warta": "Dalam Proses", "no_lot": "83158", "no_pt": null, "nama": "Taman Samudera", "gtn1": "Tanah Lapang dan Rekreasi", "gtn2": "Tanah Lapang", "gtn3": "Tanah Lapang Lain", "kod_gtn": "TLR107", "no_warta": null, "trkh_warta": null, "serah_PTD": "2025-12-29T00:00:00", "luas_h": 0.1615, "selenggara": null, "catatan": null, "tahun_data": 2025, "PBT": "MPS" }, "geometry": { "type": "Polygon", "coordinates": [ [ [ 101.691979181664095, 3.230892520196306 ], [ 101.692068107315706, 3.230892592994275 ], [ 101.692068660506891, 3.23086783829543 ], [ 101.692068660038359, 3.230867657419402 ], [ 101.692068659925653, 3.230867327322438 ], [ 101.692068659419434, 3.230865275295478 ], [ 101.692068655113033, 3.230840468060069 ], [ 101.692068642014334, 3.230765019010187 ], [ 101.69206864166749, 3.230762854788332 ], [ 101.692068638330824, 3.230742033419364 ], [ 101.692068634312136, 3.230716169203825 ], [ 101.69206863384359, 3.23071598832777 ], [ 101.692068651190169, 3.230707580399997 ], [ 101.692068921534855, 3.230578336895354 ], [ 101.692068919266774, 3.230578156015047 ], [ 101.692068919575092, 3.2305780266902 ], [ 101.692068932785276, 3.23057097621872 ], [ 101.692068953300563, 3.230559729467295 ], [ 101.692069202152112, 3.230426667644783 ], [ 101.692069202583326, 3.230426486770956 ], [ 101.692069197733659, 3.230399083309305 ], [ 101.692069197265127, 3.230398902433287 ], [ 101.692069196992136, 3.230398262135543 ], [ 101.692069193797295, 3.230379849794664 ], [ 101.692069193695815, 3.230379264838177 ], [ 101.692069189633713, 3.230356814637357 ], [ 101.692069185835336, 3.230333498950971 ], [ 101.692069175857156, 3.230271970000892 ], [ 101.692069173456986, 3.230257170623938 ], [ 101.692069171523286, 3.230247414228077 ], [ 101.692069171054726, 3.230247233352032 ], [ 101.692069266451639, 3.230201180123439 ], [ 101.692069357273581, 3.230158513526365 ], [ 101.692069363941485, 3.230155381029322 ], [ 101.692069459631355, 3.230109581931166 ], [ 101.692069456463557, 3.230109401048705 ], [ 101.692069456625248, 3.230109333220972 ], [ 101.692069530428427, 3.230065543590347 ], [ 101.692069535076357, 3.230062800805642 ], [ 101.692069736115968, 3.229944165286114 ], [ 101.692069736547182, 3.229943984412284 ], [ 101.692069731694573, 3.229916580952553 ], [ 101.692069732125759, 3.229916400078684 ], [ 101.692069730767557, 3.229915837554596 ], [ 101.692069715308591, 3.229907225160147 ], [ 101.692069714183134, 3.229906564964177 ], [ 101.692069694875073, 3.229895792914511 ], [ 101.692069673142925, 3.229883395698242 ], [ 101.692069589692323, 3.229836122040282 ], [ 101.692069564895618, 3.229822368255263 ], [ 101.692069388307203, 3.229723580305788 ], [ 101.692069686688214, 3.229661447793736 ], [ 101.692069985970221, 3.229599314379992 ], [ 101.692069725079563, 3.22956608251691 ], [ 101.692069664914229, 3.229558483818863 ], [ 101.692069354342564, 3.229518916694137 ], [ 101.691980476927199, 3.229517261874689 ], [ 101.691978920863249, 3.229517232901955 ], [ 101.691968081837373, 3.229517031347847 ], [ 101.691979181664095, 3.230892520196306 ] ] ] } },
{ "type": "Feature", "properties": { "Tarikh_Moh": "31/12/25", "Daerah": "MPS", "UPI": null, "sts_warta": "Dalam Proses", "no_lot": "83665", "no_pt": null, "nama": "Taman Indah Gemilang", "gtn1": "Tanah Lapang dan Rekreasi", "gtn2": "Tanah Lapang", "gtn3": "Lot Permainan", "kod_gtn": "TLR106", "no_warta": null, "trkh_warta": null, "serah_PTD": "2025-12-31T00:00:00", "luas_h": 0.2302, "selenggara": null, "catatan": null, "tahun_data": 2025, "PBT": "MPS" }, "geometry": { "type": "Polygon", "coordinates": [ [ [ 101.695692213678868, 3.257362371839922 ], [ 101.69568106266523, 3.257066993885554 ], [ 101.695681011014358, 3.257065637193054 ], [ 101.695187211356782, 3.2570659897922 ], [ 101.695028893576875, 3.257066102812973 ], [ 101.695007645731891, 3.257066117605823 ], [ 101.695000833718865, 3.25706612282301 ], [ 101.695021547803876, 3.257495835837206 ], [ 101.695043307338992, 3.257494996210363 ], [ 101.695038121534125, 3.257359958550951 ], [ 101.695032832362728, 3.257224298061173 ], [ 101.69503461277256, 3.257224229471717 ], [ 101.695186134128491, 3.25721839216489 ], [ 101.695191423326264, 3.257354051753725 ], [ 101.695192357388052, 3.257381546210171 ], [ 101.695692213678868, 3.257362371839922 ] ] ] } },
{ "type": "Feature", "properties": { "Tarikh_Moh": "29/12/25", "Daerah": "MPS", "UPI": null, "sts_warta": "Dalam Proses", "no_lot": "88394", "no_pt": null, "nama": "Taman Hijauan Selayang", "gtn1": "Tanah Lapang dan Rekreasi", "gtn2": "Tanah Lapang", "gtn3": "Lot Permainan", "kod_gtn": "TLR106", "no_warta": null, "trkh_warta": null, "serah_PTD": "2025-12-29T00:00:00", "luas_h": 1.2093, "selenggara": null, "catatan": null, "tahun_data": 2025, "PBT": "MPS" }, "geometry": { "type": "Polygon", "coordinates": [ [ [ 101.663970409371274, 3.273169383268481 ], [ 101.66421011712761, 3.273165366481627 ], [ 101.664354440372421, 3.273162992507551 ], [ 101.664359168228401, 3.273452478066633 ], [ 101.664361008870017, 3.27356518039511 ], [ 101.664754336644975, 3.27356928311663 ], [ 101.664752160405158, 3.273453440872432 ], [ 101.664748401863861, 3.273253372289038 ], [ 101.664748712333065, 3.273253357675217 ], [ 101.664738713256966, 3.272691735494413 ], [ 101.664735603843994, 3.272516987044885 ], [ 101.664723717958069, 3.271849005234927 ], [ 101.664723417411295, 3.271849009925037 ], [ 101.664360129984615, 3.271855121682141 ], [ 101.664367004190609, 3.272263012321773 ], [ 101.664092601493209, 3.272267577251825 ], [ 101.664095417067514, 3.272432997859517 ], [ 101.663958219964897, 3.272435190311996 ], [ 101.663960089920408, 3.27253973153868 ], [ 101.663970409371274, 3.273169383268481 ] ] ] } },
{ "type": "Feature", "properties": { "Tarikh_Moh": "31/12/25", "Daerah": "MPS", "UPI": null, "sts_warta": "Dalam Proses", "no_lot": "89781", "no_pt": null, "nama": "Taman Selayang Permata", "gtn1": "Tanah Lapang dan Rekreasi", "gtn2": "Tanah Lapang", "gtn3": "Tanah Lapang Lain", "kod_gtn": "TLR107", "no_warta": null, "trkh_warta": null, "serah_PTD": "2025-12-31T00:00:00", "luas_h": 0.162, "selenggara": null, "catatan": null, "tahun_data": 2025, "PBT": "MPS" }, "geometry": { "type": "Polygon", "coordinates": [ [ [ 101.677795893250121, 3.272261816371505 ], [ 101.677769874505842, 3.272226280651324 ], [ 101.677667965708565, 3.272116864309467 ], [ 101.677639464623255, 3.272084222882367 ], [ 101.677589901210979, 3.27200735316932 ], [ 101.677578729850111, 3.271982065151857 ], [ 101.677564490645423, 3.271949832617124 ], [ 101.677545899871475, 3.271888522144514 ], [ 101.677533811758849, 3.271809024201957 ], [ 101.677534419892595, 3.271734778137088 ], [ 101.677544609925889, 3.271602725010977 ], [ 101.677543076699521, 3.271602776400475 ], [ 101.677254417038071, 3.271612451417035 ], [ 101.677227686520126, 3.271583799927441 ], [ 101.677147865216739, 3.271498242303553 ], [ 101.677106549490688, 3.271313314459604 ], [ 101.677075394830823, 3.271173867189615 ], [ 101.677075027782919, 3.271172224294783 ], [ 101.677264416436827, 3.271076914748754 ], [ 101.677225013459591, 3.271013829726941 ], [ 101.677130512856394, 3.271035131052962 ], [ 101.677036012252643, 3.271056431463485 ], [ 101.676994358739378, 3.271065820295838 ], [ 101.67704951265172, 3.271313175583252 ], [ 101.677096733100512, 3.271524950667827 ], [ 101.67717829059643, 3.271612317510954 ], [ 101.677784745141039, 3.272261969205541 ], [ 101.677795893250121, 3.272261816371505 ] ] ] } },
{ "type": "Feature", "properties": { "Tarikh_Moh": "31/12/25", "Daerah": "MPS", "UPI": null, "sts_warta": "Dalam Proses", "no_lot": "89785", "no_pt": null, "nama": "Taman Selayang Permata", "gtn1": "Tanah Lapang dan Rekreasi", "gtn2": "Tanah Lapang", "gtn3": "Tanah Lapang Lain", "kod_gtn": "TLR107", "no_warta": null, "trkh_warta": null, "serah_PTD": "2025-12-31T00:00:00", "luas_h": 0.2307, "selenggara": null, "catatan": null, "tahun_data": 2025, "PBT": "MPS" }, "geometry": { "type": "Polygon", "coordinates": [ [ [ 101.677620646094553, 3.27067605756817 ], [ 101.67761890562447, 3.270678771888695 ], [ 101.677619148516797, 3.270675940311004 ], [ 101.677480037151895, 3.270665048177486 ], [ 101.677492484330713, 3.270505626980887 ], [ 101.677492705097578, 3.270502799438169 ], [ 101.677633053264572, 3.270513781049823 ], [ 101.677634556432821, 3.270513898665813 ], [ 101.677649085220452, 3.270340788363131 ], [ 101.677245868529866, 3.270489909882255 ], [ 101.677246294900229, 3.270491815416376 ], [ 101.677347836084337, 3.270945623099244 ], [ 101.67745161688994, 3.271111560307328 ], [ 101.677532154997479, 3.271164639805344 ], [ 101.677581318789436, 3.271127066190807 ], [ 101.677582941031119, 3.271125826386353 ], [ 101.677620646094553, 3.27067605756817 ] ] ] } },
{ "type": "Feature", "properties": { "Tarikh_Moh": "29/12/25", "Daerah": "MPS", "UPI": null, "sts_warta": "Dalam Proses", "no_lot": "20027", "no_pt": null, "nama": "Taman Sri Gombak Townvilla", "gtn1": "Tanah Lapang dan Rekreasi", "gtn2": "Tanah Lapang", "gtn3": "Lot Permainan", "kod_gtn": "TLR106", "no_warta": null, "trkh_warta": null, "serah_PTD": "2025-12-29T00:00:00", "luas_h": 0.0275, "selenggara": null, "catatan": null, "tahun_data": 2025, "PBT": "MPS" }, "geometry": { "type": "Polygon", "coordinates": [ [ [ 101.710231524375757, 3.247886575740853 ], [ 101.710247030491189, 3.248014844847064 ], [ 101.710247344250689, 3.248017440316999 ], [ 101.710125016086437, 3.248032567464172 ], [ 101.710122534171745, 3.248011405361398 ], [ 101.709989445811743, 3.248027744726764 ], [ 101.709997817139381, 3.248097954728604 ], [ 101.710290392761223, 3.248061960306556 ], [ 101.710268378267457, 3.247883040922395 ], [ 101.710268315545193, 3.247880370376357 ], [ 101.710233148905559, 3.247883742584733 ], [ 101.710231524375757, 3.247886575740853 ] ] ] } },
{ "type": "Feature", "properties": { "Tarikh_Moh": "31/12/25", "Daerah": "MPS", "UPI": null, "sts_warta": "Dalam Proses", "no_lot": "71992", "no_pt": null, "nama": "Taman Suria Selayang", "gtn1": "Tanah Lapang dan Rekreasi", "gtn2": "Tanah Lapang", "gtn3": "Lot Permainan", "kod_gtn": "TLR106", "no_warta": null, "trkh_warta": null, "serah_PTD": "2025-12-31T00:00:00", "luas_h": 0.0386, "selenggara": null, "catatan": null, "tahun_data": 2025, "PBT": "MPS" }, "geometry": { "type": "Polygon", "coordinates": [ [ [ 101.676661830518825, 3.243431890274791 ], [ 101.676664440081055, 3.243440506061371 ], [ 101.67669157770186, 3.243530104206253 ], [ 101.677123278911068, 3.243414268901557 ], [ 101.67687595753894, 3.243402771841927 ], [ 101.676690936407653, 3.243394170844774 ], [ 101.676661830518825, 3.243431890274791 ] ] ] } },
{ "type": "Feature", "properties": { "Tarikh_Moh": "31/12/25", "Daerah": "MPS", "UPI": null, "sts_warta": "Dalam Proses", "no_lot": "71995", "no_pt": null, "nama": "Taman Suria Selayang", "gtn1": "Tanah Lapang dan Rekreasi", "gtn2": "Tanah Lapang", "gtn3": "Lot Permainan", "kod_gtn": "TLR106", "no_warta": null, "trkh_warta": null, "serah_PTD": "2025-12-31T00:00:00", "luas_h": 0.0895, "selenggara": null, "catatan": null, "tahun_data": 2025, "PBT": "MPS" }, "geometry": { "type": "Polygon", "coordinates": [ [ [ 101.677303205937278, 3.243366396066325 ], [ 101.67774591934517, 3.243247594572511 ], [ 101.678087947261261, 3.243155811697599 ], [ 101.678087636892371, 3.243155803509295 ], [ 101.677977891258777, 3.243150727831754 ], [ 101.677566642495009, 3.243131676255698 ], [ 101.677564243049773, 3.243131565522158 ], [ 101.677541478468427, 3.24313051091358 ], [ 101.677500957820172, 3.243128633619063 ], [ 101.677451510359006, 3.243126342058501 ], [ 101.677443796590865, 3.243291488198484 ], [ 101.677306908512719, 3.243285179680302 ], [ 101.677304891911604, 3.243329414045946 ], [ 101.677303205937278, 3.243366396066325 ] ] ] } },
{ "type": "Feature", "properties": { "Tarikh_Moh": null, "Daerah": "MPSp", "UPI": null, "sts_warta": "Warta", "no_lot": null, "no_pt": null, "nama": null, "gtn1": "Tanah Lapang dan Rekreasi", "gtn2": "Tanah Lapang", "gtn3": "Tanah Lapang Lain", "kod_gtn": "TLR107", "no_warta": "WKNS 2163", "trkh_warta": "2025-06-12T00:00:00", "serah_PTD": null, "luas_h": 0.1072, "selenggara": null, "catatan": null, "tahun_data": 2025, "PBT": "MPSp" }, "geometry": { "type": "Polygon", "coordinates": [ [ [ 101.628811135147956, 2.978822459142251 ], [ 101.628658179690234, 2.978980320159028 ], [ 101.628523182688156, 2.979174805050111 ], [ 101.627971019557521, 2.978845622075741 ], [ 101.627642445527471, 2.978631012533805 ], [ 101.626889924398967, 2.978228309874748 ], [ 101.626896111788554, 2.978216100567184 ], [ 101.626992709678646, 2.978033647835614 ], [ 101.626852115245384, 2.977958403808592 ], [ 101.626805672511537, 2.97803764742208 ], [ 101.626922733908145, 2.978098605412966 ], [ 101.626853071497464, 2.97823310692661 ], [ 101.627547991819952, 2.978595654084293 ], [ 101.6281893521966, 2.979014556317938 ], [ 101.628503682049057, 2.97926598306614 ], [ 101.628811135147956, 2.978822459142251 ] ] ] } },
{ "type": "Feature", "properties": { "Tarikh_Moh": null, "Daerah": "MPSp", "UPI": null, "sts_warta": "Warta", "no_lot": null, "no_pt": null, "nama": null, "gtn1": "Tanah Lapang dan Rekreasi", "gtn2": "Tanah Lapang", "gtn3": "Tanah Lapang Lain", "kod_gtn": "TLR107", "no_warta": "WKNS 3867", "trkh_warta": "2025-10-16T00:00:00", "serah_PTD": null, "luas_h": 0.3666, "selenggara": null, "catatan": null, "tahun_data": 2025, "PBT": "MPSp" }, "geometry": { "type": "Polygon", "coordinates": [ [ [ 101.599396915708198, 2.94196443556573 ], [ 101.599351282662042, 2.942052016079343 ], [ 101.599676361603912, 2.942078531442211 ], [ 101.600003429817988, 2.942121632217896 ], [ 101.600250490544028, 2.942085428633934 ], [ 101.600729034507921, 2.942141728906402 ], [ 101.601160893929688, 2.942187316459381 ], [ 101.601360843144988, 2.942198070188988 ], [ 101.60164641826546, 2.94224617503456 ], [ 101.602004362818633, 2.942355407277148 ], [ 101.602274675874526, 2.942430164293727 ], [ 101.602487393920541, 2.942077189447998 ], [ 101.602390247461742, 2.942062873002147 ], [ 101.602232750481235, 2.942324233008014 ], [ 101.60205427785138, 2.94227483496218 ], [ 101.602029487239605, 2.942267982159022 ], [ 101.601868473809546, 2.942218835801474 ], [ 101.601682777668941, 2.942162167384998 ], [ 101.601667117091083, 2.942157384741786 ], [ 101.60149376433327, 2.942128198262039 ], [ 101.601370774909853, 2.942107481172678 ], [ 101.601303357605204, 2.942103851448683 ], [ 101.601168028273804, 2.942096564900093 ], [ 101.601111323734074, 2.942090582958611 ], [ 101.600920296722478, 2.942070432289466 ], [ 101.600739011312456, 2.942051311715639 ], [ 101.600729296697978, 2.942050227324285 ], [ 101.600538593326476, 2.942027788570439 ], [ 101.600347898957551, 2.942005349782832 ], [ 101.600249223619528, 2.941993737266964 ], [ 101.600153563714883, 2.942007735520815 ], [ 101.600002792546547, 2.942029796102113 ], [ 101.599957241726983, 2.942023795078176 ], [ 101.599766924940894, 2.941998742603512 ], [ 101.599685933718803, 2.941988087161637 ], [ 101.599396915708198, 2.94196443556573 ] ] ] } },
{ "type": "Feature", "properties": { "Tarikh_Moh": null, "Daerah": "MPSp", "UPI": null, "sts_warta": "Warta", "no_lot": null, "no_pt": null, "nama": null, "gtn1": "Tanah Lapang dan Rekreasi", "gtn2": "Tanah Lapang", "gtn3": "Tanah Lapang Lain", "kod_gtn": "TLR107", "no_warta": "WKNS 3878", "trkh_warta": "2025-10-16T00:00:00", "serah_PTD": null, "luas_h": 0.2074, "selenggara": null, "catatan": null, "tahun_data": 2025, "PBT": "MPSp" }, "geometry": { "type": "Polygon", "coordinates": [ [ [ 101.70397276212833, 2.897102660970213 ], [ 101.704002240662504, 2.897173845531396 ], [ 101.704139354764308, 2.897230632236392 ], [ 101.704187277733524, 2.897229963678443 ], [ 101.704227827001191, 2.897188040377848 ], [ 101.704223400309758, 2.896868600815878 ], [ 101.704374132388892, 2.896200103706498 ], [ 101.704179607405138, 2.896202823658876 ], [ 101.704172510158514, 2.896615367139759 ], [ 101.70397276212833, 2.897102660970213 ] ] ] } },
{ "type": "Feature", "properties": { "Tarikh_Moh": null, "Daerah": "MPSp", "UPI": null, "sts_warta": "Warta", "no_lot": null, "no_pt": null, "nama": null, "gtn1": "Tanah Lapang dan Rekreasi", "gtn2": "Tanah Lapang", "gtn3": "Tanah Lapang Lain", "kod_gtn": "TLR107", "no_warta": "WKNS 3874", "trkh_warta": "2025-10-16T00:00:00", "serah_PTD": null, "luas_h": 0.1069, "selenggara": null, "catatan": null, "tahun_data": 2025, "PBT": "MPSp" }, "geometry": { "type": "Polygon", "coordinates": [ [ [ 101.704265409822483, 2.903483195653773 ], [ 101.70480276415627, 2.903521083520688 ], [ 101.704837367819167, 2.903425524784518 ], [ 101.704398635269186, 2.903259420263304 ], [ 101.704384516624771, 2.903276171134325 ], [ 101.704265409822483, 2.903483195653773 ] ] ] } },
{ "type": "Feature", "properties": { "Tarikh_Moh": "12/09/2013", "Daerah": "MPSp", "UPI": null, "sts_warta": "Warta", "no_lot": null, "no_pt": null, "nama": null, "gtn1": "Tanah Lapang dan Rekreasi", "gtn2": "Tanah Lapang", "gtn3": "Tanah Lapang Lain", "kod_gtn": "TLR107", "no_warta": "WKNS 3875", "trkh_warta": "2025-10-16T00:00:00", "serah_PTD": null, "luas_h": 0.024, "selenggara": null, "catatan": null, "tahun_data": 2025, "PBT": "MPSp" }, "geometry": { "type": "Polygon", "coordinates": [ [ [ 101.712403854498532, 2.912537249586561 ], [ 101.712566649147234, 2.912535483397555 ], [ 101.71263207611905, 2.912483553221743 ], [ 101.712651116745747, 2.912378194095389 ], [ 101.712625563039012, 2.912329834671696 ], [ 101.712539406365977, 2.912448183393216 ], [ 101.712403854498532, 2.912537249586561 ] ] ] } },
{ "type": "Feature", "properties": { "Tarikh_Moh": "12/09/2013", "Daerah": "MPSp", "UPI": null, "sts_warta": "Warta", "no_lot": null, "no_pt": null, "nama": null, "gtn1": "Tanah Lapang dan Rekreasi", "gtn2": "Tanah Lapang", "gtn3": "Tanah Lapang Lain", "kod_gtn": "TLR107", "no_warta": "WKNS 3875", "trkh_warta": "2025-10-16T00:00:00", "serah_PTD": null, "luas_h": 0.0923, "selenggara": null, "catatan": null, "tahun_data": 2025, "PBT": "MPSp" }, "geometry": { "type": "Polygon", "coordinates": [ [ [ 101.711629677466831, 2.911670246508066 ], [ 101.71161132576691, 2.911705998428948 ], [ 101.711663851044179, 2.911785109567296 ], [ 101.711702552495495, 2.911819991945996 ], [ 101.711736987417311, 2.911838000113586 ], [ 101.711824673186484, 2.911868668355761 ], [ 101.711912354908691, 2.911876936083782 ], [ 101.711979300044291, 2.911864036992954 ], [ 101.712010710685092, 2.91182089421832 ], [ 101.712074992140373, 2.911701717545438 ], [ 101.712076637220335, 2.911696481114476 ], [ 101.712047766308274, 2.911658024806744 ], [ 101.711629677466831, 2.911670246508066 ] ] ] } },
{ "type": "Feature", "properties": { "Tarikh_Moh": null, "Daerah": "MPSp", "UPI": null, "sts_warta": "Warta", "no_lot": null, "no_pt": null, "nama": null, "gtn1": "Tanah Lapang dan Rekreasi", "gtn2": "Tanah Lapang", "gtn3": "Tanah Lapang Lain", "kod_gtn": "TLR107", "no_warta": "WKNS 3877", "trkh_warta": "2025-10-16T00:00:00", "serah_PTD": null, "luas_h": 0.2383, "selenggara": null, "catatan": null, "tahun_data": 2025, "PBT": "MPSp" }, "geometry": { "type": "Polygon", "coordinates": [ [ [ 101.706302261186693, 2.897021882421827 ], [ 101.706250857940859, 2.896923246022193 ], [ 101.706117589809665, 2.896742772206943 ], [ 101.705920784427946, 2.89661569283157 ], [ 101.705857010400862, 2.896601153246882 ], [ 101.705823657371468, 2.896749000771206 ], [ 101.705811533081032, 2.896802747885983 ], [ 101.705759173607703, 2.89679081078342 ], [ 101.705740227710251, 2.896874782171544 ], [ 101.705847087526379, 2.896899533208054 ], [ 101.705792919193811, 2.897139780907017 ], [ 101.705686032370693, 2.897115020828293 ], [ 101.705668209917832, 2.897194018142781 ], [ 101.705699260417632, 2.897201093654087 ], [ 101.705755864234561, 2.897309704042278 ], [ 101.705836798958444, 2.897267077217739 ], [ 101.705785935582071, 2.897169399301261 ], [ 101.706002963630155, 2.897055070386417 ], [ 101.70605382701936, 2.89715274829236 ], [ 101.706120128900466, 2.897117829018372 ], [ 101.706168695113362, 2.897092236630576 ], [ 101.706302261186693, 2.897021882421827 ] ] ] } },
{ "type": "Feature", "properties": { "Tarikh_Moh": "12/09/2013", "Daerah": "MPSp", "UPI": null, "sts_warta": "Warta", "no_lot": null, "no_pt": null, "nama": null, "gtn1": "Tanah Lapang dan Rekreasi", "gtn2": "Tanah Lapang", "gtn3": "Tanah Lapang Lain", "kod_gtn": "TLR107", "no_warta": "WKNS 3879", "trkh_warta": "2025-10-16T00:00:00", "serah_PTD": null, "luas_h": 0.8915, "selenggara": null, "catatan": null, "tahun_data": 2025, "PBT": "MPSp" }, "geometry": { "type": "Polygon", "coordinates": [ [ [ 101.706261481417414, 2.905089567521108 ], [ 101.70653637336892, 2.905180061309086 ], [ 101.706599554841432, 2.905197983158519 ], [ 101.706678342788422, 2.905220333499051 ], [ 101.706758485773648, 2.905224750518141 ], [ 101.706958598078018, 2.905171621073766 ], [ 101.70693041528196, 2.905463330201411 ], [ 101.706937714830559, 2.905542214534123 ], [ 101.706949141783781, 2.905665718297754 ], [ 101.706977393764689, 2.905971045787949 ], [ 101.707119236516405, 2.90651660920096 ], [ 101.707316836438096, 2.907159406374384 ], [ 101.707348510004522, 2.907229595636461 ], [ 101.707365746591975, 2.907551248411702 ], [ 101.707351894689822, 2.907754221080051 ], [ 101.707287569405523, 2.907983473850754 ], [ 101.70731598354314, 2.908034482629803 ], [ 101.707574053244244, 2.908107724289383 ], [ 101.707604341336193, 2.908023389119726 ], [ 101.707620563424015, 2.907897492972907 ], [ 101.707613583833478, 2.907797257114821 ], [ 101.707592692809897, 2.907715671245075 ], [ 101.70756019951132, 2.907638762888698 ], [ 101.707472008706276, 2.907445276896514 ], [ 101.707398619505057, 2.907231259721298 ], [ 101.707358964559631, 2.907143401070825 ], [ 101.707162543566866, 2.906504293405513 ], [ 101.707021897883592, 2.9059632695758 ], [ 101.70697568532745, 2.90546351205347 ], [ 101.707006364101417, 2.905146146337677 ], [ 101.707066246201734, 2.904918196620569 ], [ 101.707107995130627, 2.9047924948817 ], [ 101.707114267507009, 2.904759141682331 ], [ 101.707115033299104, 2.904715181548341 ], [ 101.707100609840168, 2.904635394144357 ], [ 101.70708736381917, 2.904601773119132 ], [ 101.706370809759349, 2.904517751608681 ], [ 101.706358877996763, 2.904746135917326 ], [ 101.706261481417414, 2.905089567521108 ] ] ] } },
{ "type": "Feature", "properties": { "Tarikh_Moh": "01/03/2023", "Daerah": "MPSp", "UPI": null, "sts_warta": "Warta", "no_lot": null, "no_pt": null, "nama": null, "gtn1": "Tanah Lapang dan Rekreasi", "gtn2": "Tanah Lapang", "gtn3": "Padang Permainan", "kod_gtn": "TLR107", "no_warta": "WKNS 3853", "trkh_warta": "2025-10-16T00:00:00", "serah_PTD": null, "luas_h": 0.2186, "selenggara": null, "catatan": null, "tahun_data": 2025, "PBT": "MPSp" }, "geometry": { "type": "Polygon", "coordinates": [ [ [ 101.75205648717855, 2.779962429205614 ], [ 101.752191274854795, 2.780047553695848 ], [ 101.752362932405546, 2.780155948168594 ], [ 101.752403843813866, 2.779195069540975 ], [ 101.752368616646734, 2.779199915120734 ], [ 101.75231393539039, 2.779244411021128 ], [ 101.75205648717855, 2.779962429205614 ] ] ] } },
{ "type": "Feature", "properties": { "Tarikh_Moh": "12/09/2013", "Daerah": "MPSp", "UPI": null, "sts_warta": "Warta", "no_lot": null, "no_pt": null, "nama": null, "gtn1": "Tanah Lapang dan Rekreasi", "gtn2": "Tanah Lapang", "gtn3": "Tanah Lapang Lain", "kod_gtn": "TLR107", "no_warta": "WKNS 3873", "trkh_warta": "2025-10-16T00:00:00", "serah_PTD": null, "luas_h": 0.1629, "selenggara": null, "catatan": null, "tahun_data": 2025, "PBT": "MPSp" }, "geometry": { "type": "Polygon", "coordinates": [ [ [ 101.710510356357702, 2.911296116723731 ], [ 101.710532884431402, 2.911326091515136 ], [ 101.710908952255167, 2.911876196673605 ], [ 101.711153533236882, 2.911712032471268 ], [ 101.711153939388012, 2.911569996712191 ], [ 101.711120002582092, 2.911570807756066 ], [ 101.710735984978996, 2.911579378425809 ], [ 101.710712505474717, 2.911160383739374 ], [ 101.710510356357702, 2.911296116723731 ] ] ] } },
{ "type": "Feature", "properties": { "Tarikh_Moh": null, "Daerah": "MPSp", "UPI": "10100100031683", "sts_warta": "Dalam Proses", "no_lot": "31683", "no_pt": null, "nama": "Taman Lestari Permai", "gtn1": "Tanah Lapang dan Rekreasi", "gtn2": "Kawasan Hijau", "gtn3": "Zon Penampan", "kod_gtn": "TLR401", "no_warta": null, "trkh_warta": "1899-12-30T00:00:00", "serah_PTD": "2025-08-06T00:00:00", "luas_h": 0.0347, "selenggara": null, "catatan": null, "tahun_data": 2025, "PBT": "MPSp" }, "geometry": { "type": "Polygon", "coordinates": [ [ [ 101.673952275038118, 2.977102799581065 ], [ 101.674179866491698, 2.977067007240699 ], [ 101.67416241684117, 2.976954808299557 ], [ 101.674023174278688, 2.976976705539002 ], [ 101.674026649797838, 2.976999042235183 ], [ 101.673848908633204, 2.977026986318 ], [ 101.673952275038118, 2.977102799581065 ] ] ] } },
{ "type": "Feature", "properties": { "Tarikh_Moh": null, "Daerah": "MPSp", "UPI": "10104500044002", "sts_warta": "Dalam Proses", "no_lot": "44002", "no_pt": null, "nama": "Cyberjaya", "gtn1": "Tanah Lapang dan Rekreasi", "gtn2": "Tanah Lapang", "gtn3": "Tanah Lapang Lain", "kod_gtn": "TLR107", "no_warta": null, "trkh_warta": "1899-12-30T00:00:00", "serah_PTD": "2025-08-06T00:00:00", "luas_h": 8.9454, "selenggara": null, "catatan": null, "tahun_data": 2025, "PBT": "MPSp" }, "geometry": { "type": "Polygon", "coordinates": [ [ [ 101.661928552445644, 2.920531562693263 ], [ 101.661744963614538, 2.920751560432405 ], [ 101.661567865503329, 2.920946515999748 ], [ 101.661431963021144, 2.921139105511695 ], [ 101.66135457353495, 2.921347060746884 ], [ 101.661336029436768, 2.921567135079928 ], [ 101.661376931330878, 2.921784126429881 ], [ 101.661474497662951, 2.921981928831992 ], [ 101.661621602617871, 2.922146082819535 ], [ 101.661807100004395, 2.922264363207093 ], [ 101.662017352522241, 2.922327927400013 ], [ 101.662239065259811, 2.922332327869478 ], [ 101.662475008459765, 2.922276750316461 ], [ 101.662748105716446, 2.922197121064518 ], [ 101.662882180493952, 2.922187878058408 ], [ 101.663083349400992, 2.921478610293226 ], [ 101.663848725155887, 2.920976493493456 ], [ 101.664351601320362, 2.921019930675997 ], [ 101.664360261882848, 2.920945402592831 ], [ 101.664387757181942, 2.920546140560238 ], [ 101.664492388251446, 2.920317191516175 ], [ 101.664700711683949, 2.919836856798508 ], [ 101.664779907371852, 2.919299476275901 ], [ 101.664234773607021, 2.918149817254969 ], [ 101.664429074052137, 2.917023928688101 ], [ 101.664281625792157, 2.916652825341729 ], [ 101.664018773385052, 2.916915447174985 ], [ 101.663771727598416, 2.917264539971502 ], [ 101.66359404564858, 2.917653956685778 ], [ 101.663392856883007, 2.918213429238966 ], [ 101.663012996686973, 2.918775368439525 ], [ 101.662785445089341, 2.919017637379712 ], [ 101.66255570818538, 2.919198302765727 ], [ 101.662530632960326, 2.919213770513813 ], [ 101.662483620633267, 2.919629222991918 ], [ 101.662795754011285, 2.919676666543188 ], [ 101.66285674952411, 2.919691941426124 ], [ 101.662916828124551, 2.919711204584249 ], [ 101.662975351170871, 2.919734347585723 ], [ 101.663032642377189, 2.919760664998351 ], [ 101.663089618843657, 2.919787516013956 ], [ 101.663145048629389, 2.919817360616475 ], [ 101.663198311245651, 2.91985127506046 ], [ 101.663248795012194, 2.919888988128987 ], [ 101.663296481913434, 2.919930309912983 ], [ 101.663587895704666, 2.920202711336436 ], [ 101.663621345580324, 2.920255900074198 ], [ 101.663633739914147, 2.920317583539323 ], [ 101.663630028015163, 2.920338745674562 ], [ 101.663925436227103, 2.920356257505054 ], [ 101.66393284863679, 2.920232063108247 ], [ 101.664340655108447, 2.920248283912803 ], [ 101.664314398402439, 2.92069295280821 ], [ 101.663906591770427, 2.920676732002917 ], [ 101.663922340565108, 2.92041043709902 ], [ 101.663615481915159, 2.920392212443287 ], [ 101.663590716087299, 2.920433544367961 ], [ 101.663541484156454, 2.920472266171092 ], [ 101.663481419702308, 2.920490551348859 ], [ 101.663418869497562, 2.9204857670939 ], [ 101.66320117936101, 2.920427811111957 ], [ 101.663288508809046, 2.920488136630715 ], [ 101.662314867263376, 2.921897057261221 ], [ 101.661718430579157, 2.921484497597165 ], [ 101.662685262888289, 2.920071056690849 ], [ 101.662937337932021, 2.920245225040295 ], [ 101.663437122961753, 2.920378301516215 ], [ 101.663469324527256, 2.920380738731151 ], [ 101.663491000987392, 2.920374224428683 ], [ 101.663508646793858, 2.920360475950369 ], [ 101.66352010342942, 2.920341112371946 ], [ 101.663523815192576, 2.92031895546021 ], [ 101.663519476660682, 2.920296881067221 ], [ 101.663504299149196, 2.920272646814089 ], [ 101.663224346188386, 2.920011186311273 ], [ 101.663181301127736, 2.919973833939169 ], [ 101.663137015395478, 2.919940831626236 ], [ 101.663090562391716, 2.919911166638149 ], [ 101.663041330424292, 2.919884486366507 ], [ 101.662987133544689, 2.919859172342956 ], [ 101.662932945723455, 2.919834301443237 ], [ 101.662880611386399, 2.919813508867078 ], [ 101.662827351103417, 2.919796424221972 ], [ 101.662774397178694, 2.919783219161102 ], [ 101.662465672770139, 2.919735684696927 ], [ 101.662286385064704, 2.919704238506456 ], [ 101.662205303058386, 2.920007349231661 ], [ 101.662086124111767, 2.920280531501774 ], [ 101.661928552445644, 2.920531562693263 ] ] ] } }
]
}
